Corriendo 5 repetición(es) por (tarea, backend) — timeout 180s por intento.
-> ollama:qwen2.5:3b :: read_file_basic (rep 1/5)
[2m2026-07-11T11:40:22.522022Z[0m [32m INFO[0m [1mturn[0m[1m{[0m[3msession[0m[2m=[0mc3dbaa24-106c-4c43-a5c7-bae1ea7b2c0d[1m}[0m[2m:[0m [2mbraze_engine::hooks[0m[2m:[0m prompt budget breakdown (PromptBudgetAuditHook) [3msystem_tokens_est[0m[2m=[0m269 [3mtools_tokens_est[0m[2m=[0m850 [3mhistory_tokens_est[0m[2m=[0m19 [3mtotal_tokens_est[0m[2m=[0m1139 [3mmessage_count[0m[2m=[0m1
[2m2026-07-11T11:40:27.077771Z[0m [32m INFO[0m [1mturn[0m[1m{[0m[3msession[0m[2m=[0mc3dbaa24-106c-4c43-a5c7-bae1ea7b2c0d[1m}[0m[2m:[0m [2mbraze_engine::hooks[0m[2m:[0m prompt budget breakdown (PromptBudgetAuditHook) [3msystem_tokens_est[0m[2m=[0m269 [3mtools_tokens_est[0m[2m=[0m850 [3mhistory_tokens_est[0m[2m=[0m34 [3mtotal_tokens_est[0m[2m=[0m1154 [3mmessage_count[0m[2m=[0m3
-> ollama:qwen2.5:3b :: read_file_basic (rep 2/5)
[2m2026-07-11T11:40:27.617404Z[0m [32m INFO[0m [1mturn[0m[1m{[0m[3msession[0m[2m=[0m50f791b9-a2ee-4aa3-85f6-795e478fdb31[1m}[0m[2m:[0m [2mbraze_engine::hooks[0m[2m:[0m prompt budget breakdown (PromptBudgetAuditHook) [3msystem_tokens_est[0m[2m=[0m269 [3mtools_tokens_est[0m[2m=[0m850 [3mhistory_tokens_est[0m[2m=[0m19 [3mtotal_tokens_est[0m[2m=[0m1139 [3mmessage_count[0m[2m=[0m1
[2m2026-07-11T11:40:28.920184Z[0m [32m INFO[0m [1mturn[0m[1m{[0m[3msession[0m[2m=[0m50f791b9-a2ee-4aa3-85f6-795e478fdb31[1m}[0m[2m:[0m [2mbraze_engine::hooks[0m[2m:[0m prompt budget breakdown (PromptBudgetAuditHook) [3msystem_tokens_est[0m[2m=[0m269 [3mtools_tokens_est[0m[2m=[0m850 [3mhistory_tokens_est[0m[2m=[0m34 [3mtotal_tokens_est[0m[2m=[0m1154 [3mmessage_count[0m[2m=[0m3
-> ollama:qwen2.5:3b :: read_file_basic (rep 3/5)
[2m2026-07-11T11:40:29.401782Z[0m [32m INFO[0m [1mturn[0m[1m{[0m[3msession[0m[2m=[0m603f3450-9c06-4124-bdc1-75bb14c11550[1m}[0m[2m:[0m [2mbraze_engine::hooks[0m[2m:[0m prompt budget breakdown (PromptBudgetAuditHook) [3msystem_tokens_est[0m[2m=[0m269 [3mtools_tokens_est[0m[2m=[0m850 [3mhistory_tokens_est[0m[2m=[0m19 [3mtotal_tokens_est[0m[2m=[0m1139 [3mmessage_count[0m[2m=[0m1
[2m2026-07-11T11:40:30.806200Z[0m [32m INFO[0m [1mturn[0m[1m{[0m[3msession[0m[2m=[0m603f3450-9c06-4124-bdc1-75bb14c11550[1m}[0m[2m:[0m [2mbraze_engine::hooks[0m[2m:[0m prompt budget breakdown (PromptBudgetAuditHook) [3msystem_tokens_est[0m[2m=[0m269 [3mtools_tokens_est[0m[2m=[0m850 [3mhistory_tokens_est[0m[2m=[0m34 [3mtotal_tokens_est[0m[2m=[0m1154 [3mmessage_count[0m[2m=[0m3
-> ollama:qwen2.5:3b :: read_file_basic (rep 4/5)
[2m2026-07-11T11:40:31.296577Z[0m [32m INFO[0m [1mturn[0m[1m{[0m[3msession[0m[2m=[0m49fde479-ab7a-41ba-91dc-77dcb162896d[1m}[0m[2m:[0m [2mbraze_engine::hooks[0m[2m:[0m prompt budget breakdown (PromptBudgetAuditHook) [3msystem_tokens_est[0m[2m=[0m269 [3mtools_tokens_est[0m[2m=[0m850 [3mhistory_tokens_est[0m[2m=[0m19 [3mtotal_tokens_est[0m[2m=[0m1139 [3mmessage_count[0m[2m=[0m1
[2m2026-07-11T11:40:32.332937Z[0m [32m INFO[0m [1mturn[0m[1m{[0m[3msession[0m[2m=[0m49fde479-ab7a-41ba-91dc-77dcb162896d[1m}[0m[2m:[0m [2mbraze_engine::hooks[0m[2m:[0m prompt budget breakdown (PromptBudgetAuditHook) [3msystem_tokens_est[0m[2m=[0m269 [3mtools_tokens_est[0m[2m=[0m850 [3mhistory_tokens_est[0m[2m=[0m34 [3mtotal_tokens_est[0m[2m=[0m1154 [3mmessage_count[0m[2m=[0m3
-> ollama:qwen2.5:3b :: read_file_basic (rep 5/5)
[2m2026-07-11T11:40:32.804079Z[0m [32m INFO[0m [1mturn[0m[1m{[0m[3msession[0m[2m=[0m8d45e891-aee3-4123-ab17-e34a5affc4ce[1m}[0m[2m:[0m [2mbraze_engine::hooks[0m[2m:[0m prompt budget breakdown (PromptBudgetAuditHook) [3msystem_tokens_est[0m[2m=[0m269 [3mtools_tokens_est[0m[2m=[0m850 [3mhistory_tokens_est[0m[2m=[0m19 [3mtotal_tokens_est[0m[2m=[0m1139 [3mmessage_count[0m[2m=[0m1
[2m2026-07-11T11:40:34.015938Z[0m [32m INFO[0m [1mturn[0m[1m{[0m[3msession[0m[2m=[0m8d45e891-aee3-4123-ab17-e34a5affc4ce[1m}[0m[2m:[0m [2mbraze_engine::hooks[0m[2m:[0m prompt budget breakdown (PromptBudgetAuditHook) [3msystem_tokens_est[0m[2m=[0m269 [3mtools_tokens_est[0m[2m=[0m850 [3mhistory_tokens_est[0m[2m=[0m34 [3mtotal_tokens_est[0m[2m=[0m1154 [3mmessage_count[0m[2m=[0m3
-> ollama:qwen2.5:3b :: grep_basic (rep 1/5)
[2m2026-07-11T11:40:34.423189Z[0m [32m INFO[0m [1mturn[0m[1m{[0m[3msession[0m[2m=[0mfe7b7336-8245-4a09-94d6-e4c9e10b1211[1m}[0m[2m:[0m [2mbraze_engine::hooks[0m[2m:[0m prompt budget breakdown (PromptBudgetAuditHook) [3msystem_tokens_est[0m[2m=[0m268 [3mtools_tokens_est[0m[2m=[0m850 [3mhistory_tokens_est[0m[2m=[0m19 [3mtotal_tokens_est[0m[2m=[0m1138 [3mmessage_count[0m[2m=[0m1
[2m2026-07-11T11:40:35.568861Z[0m [32m INFO[0m [1mturn[0m[1m{[0m[3msession[0m[2m=[0mfe7b7336-8245-4a09-94d6-e4c9e10b1211[1m}[0m[2m:[0m [2mbraze_engine::hooks[0m[2m:[0m prompt budget breakdown (PromptBudgetAuditHook) [3msystem_tokens_est[0m[2m=[0m268 [3mtools_tokens_est[0m[2m=[0m850 [3mhistory_tokens_est[0m[2m=[0m49 [3mtotal_tokens_est[0m[2m=[0m1168 [3mmessage_count[0m[2m=[0m3
-> ollama:qwen2.5:3b :: grep_basic (rep 2/5)
[2m2026-07-11T11:40:36.500974Z[0m [32m INFO[0m [1mturn[0m[1m{[0m[3msession[0m[2m=[0m9c23baa5-a37c-4d37-ab43-29d68c3397d2[1m}[0m[2m:[0m [2mbraze_engine::hooks[0m[2m:[0m prompt budget breakdown (PromptBudgetAuditHook) [3msystem_tokens_est[0m[2m=[0m268 [3mtools_tokens_est[0m[2m=[0m850 [3mhistory_tokens_est[0m[2m=[0m19 [3mtotal_tokens_est[0m[2m=[0m1138 [3mmessage_count[0m[2m=[0m1
[2m2026-07-11T11:40:37.815724Z[0m [32m INFO[0m [1mturn[0m[1m{[0m[3msession[0m[2m=[0m9c23baa5-a37c-4d37-ab43-29d68c3397d2[1m}[0m[2m:[0m [2mbraze_engine::hooks[0m[2m:[0m prompt budget breakdown (PromptBudgetAuditHook) [3msystem_tokens_est[0m[2m=[0m268 [3mtools_tokens_est[0m[2m=[0m850 [3mhistory_tokens_est[0m[2m=[0m49 [3mtotal_tokens_est[0m[2m=[0m1168 [3mmessage_count[0m[2m=[0m3
-> ollama:qwen2.5:3b :: grep_basic (rep 3/5)
[2m2026-07-11T11:40:38.710523Z[0m [32m INFO[0m [1mturn[0m[1m{[0m[3msession[0m[2m=[0mfc726d37-ea1b-455e-a1f1-9eda2204e734[1m}[0m[2m:[0m [2mbraze_engine::hooks[0m[2m:[0m prompt budget breakdown (PromptBudgetAuditHook) [3msystem_tokens_est[0m[2m=[0m268 [3mtools_tokens_est[0m[2m=[0m850 [3mhistory_tokens_est[0m[2m=[0m19 [3mtotal_tokens_est[0m[2m=[0m1138 [3mmessage_count[0m[2m=[0m1
[2m2026-07-11T11:40:40.006831Z[0m [32m INFO[0m [1mturn[0m[1m{[0m[3msession[0m[2m=[0mfc726d37-ea1b-455e-a1f1-9eda2204e734[1m}[0m[2m:[0m [2mbraze_engine::hooks[0m[2m:[0m prompt budget breakdown (PromptBudgetAuditHook) [3msystem_tokens_est[0m[2m=[0m268 [3mtools_tokens_est[0m[2m=[0m850 [3mhistory_tokens_est[0m[2m=[0m49 [3mtotal_tokens_est[0m[2m=[0m1168 [3mmessage_count[0m[2m=[0m3
-> ollama:qwen2.5:3b :: grep_basic (rep 4/5)
[2m2026-07-11T11:40:40.884376Z[0m [32m INFO[0m [1mturn[0m[1m{[0m[3msession[0m[2m=[0m76870a8d-c046-4fa6-b9a3-2029fa284a4a[1m}[0m[2m:[0m [2mbraze_engine::hooks[0m[2m:[0m prompt budget breakdown (PromptBudgetAuditHook) [3msystem_tokens_est[0m[2m=[0m268 [3mtools_tokens_est[0m[2m=[0m850 [3mhistory_tokens_est[0m[2m=[0m19 [3mtotal_tokens_est[0m[2m=[0m1138 [3mmessage_count[0m[2m=[0m1
[2m2026-07-11T11:40:42.202816Z[0m [32m INFO[0m [1mturn[0m[1m{[0m[3msession[0m[2m=[0m76870a8d-c046-4fa6-b9a3-2029fa284a4a[1m}[0m[2m:[0m [2mbraze_engine::hooks[0m[2m:[0m prompt budget breakdown (PromptBudgetAuditHook) [3msystem_tokens_est[0m[2m=[0m268 [3mtools_tokens_est[0m[2m=[0m850 [3mhistory_tokens_est[0m[2m=[0m49 [3mtotal_tokens_est[0m[2m=[0m1168 [3mmessage_count[0m[2m=[0m3
-> ollama:qwen2.5:3b :: grep_basic (rep 5/5)
[2m2026-07-11T11:40:43.300088Z[0m [32m INFO[0m [1mturn[0m[1m{[0m[3msession[0m[2m=[0m9ae5306f-aaee-4db0-9b49-92955bf110be[1m}[0m[2m:[0m [2mbraze_engine::hooks[0m[2m:[0m prompt budget breakdown (PromptBudgetAuditHook) [3msystem_tokens_est[0m[2m=[0m268 [3mtools_tokens_est[0m[2m=[0m850 [3mhistory_tokens_est[0m[2m=[0m19 [3mtotal_tokens_est[0m[2m=[0m1138 [3mmessage_count[0m[2m=[0m1
[2m2026-07-11T11:40:44.770677Z[0m [32m INFO[0m [1mturn[0m[1m{[0m[3msession[0m[2m=[0m9ae5306f-aaee-4db0-9b49-92955bf110be[1m}[0m[2m:[0m [2mbraze_engine::hooks[0m[2m:[0m prompt budget breakdown (PromptBudgetAuditHook) [3msystem_tokens_est[0m[2m=[0m268 [3mtools_tokens_est[0m[2m=[0m850 [3mhistory_tokens_est[0m[2m=[0m36 [3mtotal_tokens_est[0m[2m=[0m1155 [3mmessage_count[0m[2m=[0m3
-> ollama:qwen2.5:3b :: glob_basic (rep 1/5)
[2m2026-07-11T11:40:45.846652Z[0m [32m INFO[0m [1mturn[0m[1m{[0m[3msession[0m[2m=[0m87c84cda-d467-4951-87f2-6f48d265af64[1m}[0m[2m:[0m [2mbraze_engine::hooks[0m[2m:[0m prompt budget breakdown (PromptBudgetAuditHook) [3msystem_tokens_est[0m[2m=[0m268 [3mtools_tokens_est[0m[2m=[0m850 [3mhistory_tokens_est[0m[2m=[0m17 [3mtotal_tokens_est[0m[2m=[0m1136 [3mmessage_count[0m[2m=[0m1
[2m2026-07-11T11:40:47.082123Z[0m [32m INFO[0m [1mturn[0m[1m{[0m[3msession[0m[2m=[0m87c84cda-d467-4951-87f2-6f48d265af64[1m}[0m[2m:[0m [2mbraze_engine::hooks[0m[2m:[0m prompt budget breakdown (PromptBudgetAuditHook) [3msystem_tokens_est[0m[2m=[0m268 [3mtools_tokens_est[0m[2m=[0m850 [3mhistory_tokens_est[0m[2m=[0m49 [3mtotal_tokens_est[0m[2m=[0m1168 [3mmessage_count[0m[2m=[0m3
-> ollama:qwen2.5:3b :: glob_basic (rep 2/5)
[2m2026-07-11T11:40:48.028181Z[0m [32m INFO[0m [1mturn[0m[1m{[0m[3msession[0m[2m=[0ma6612738-1076-4ef9-80b8-d306b827d18f[1m}[0m[2m:[0m [2mbraze_engine::hooks[0m[2m:[0m prompt budget breakdown (PromptBudgetAuditHook) [3msystem_tokens_est[0m[2m=[0m268 [3mtools_tokens_est[0m[2m=[0m850 [3mhistory_tokens_est[0m[2m=[0m17 [3mtotal_tokens_est[0m[2m=[0m1136 [3mmessage_count[0m[2m=[0m1
[2m2026-07-11T11:40:49.306577Z[0m [32m INFO[0m [1mturn[0m[1m{[0m[3msession[0m[2m=[0ma6612738-1076-4ef9-80b8-d306b827d18f[1m}[0m[2m:[0m [2mbraze_engine::hooks[0m[2m:[0m prompt budget breakdown (PromptBudgetAuditHook) [3msystem_tokens_est[0m[2m=[0m268 [3mtools_tokens_est[0m[2m=[0m850 [3mhistory_tokens_est[0m[2m=[0m49 [3mtotal_tokens_est[0m[2m=[0m1168 [3mmessage_count[0m[2m=[0m3
-> ollama:qwen2.5:3b :: glob_basic (rep 3/5)
[2m2026-07-11T11:40:50.159830Z[0m [32m INFO[0m [1mturn[0m[1m{[0m[3msession[0m[2m=[0m77589e4c-bf7f-4eb2-88b6-7bb5cfcccdd9[1m}[0m[2m:[0m [2mbraze_engine::hooks[0m[2m:[0m prompt budget breakdown (PromptBudgetAuditHook) [3msystem_tokens_est[0m[2m=[0m268 [3mtools_tokens_est[0m[2m=[0m850 [3mhistory_tokens_est[0m[2m=[0m17 [3mtotal_tokens_est[0m[2m=[0m1136 [3mmessage_count[0m[2m=[0m1
[2m2026-07-11T11:40:51.496826Z[0m [32m INFO[0m [1mturn[0m[1m{[0m[3msession[0m[2m=[0m77589e4c-bf7f-4eb2-88b6-7bb5cfcccdd9[1m}[0m[2m:[0m [2mbraze_engine::hooks[0m[2m:[0m prompt budget breakdown (PromptBudgetAuditHook) [3msystem_tokens_est[0m[2m=[0m268 [3mtools_tokens_est[0m[2m=[0m850 [3mhistory_tokens_est[0m[2m=[0m52 [3mtotal_tokens_est[0m[2m=[0m1171 [3mmessage_count[0m[2m=[0m3
-> ollama:qwen2.5:3b :: glob_basic (rep 4/5)
[2m2026-07-11T11:40:52.253905Z[0m [32m INFO[0m [1mturn[0m[1m{[0m[3msession[0m[2m=[0mc3fab3f2-abce-4eef-8a42-a9327177c4b8[1m}[0m[2m:[0m [2mbraze_engine::hooks[0m[2m:[0m prompt budget breakdown (PromptBudgetAuditHook) [3msystem_tokens_est[0m[2m=[0m268 [3mtools_tokens_est[0m[2m=[0m850 [3mhistory_tokens_est[0m[2m=[0m17 [3mtotal_tokens_est[0m[2m=[0m1136 [3mmessage_count[0m[2m=[0m1
[2m2026-07-11T11:40:53.461880Z[0m [32m INFO[0m [1mturn[0m[1m{[0m[3msession[0m[2m=[0mc3fab3f2-abce-4eef-8a42-a9327177c4b8[1m}[0m[2m:[0m [2mbraze_engine::hooks[0m[2m:[0m prompt budget breakdown (PromptBudgetAuditHook) [3msystem_tokens_est[0m[2m=[0m268 [3mtools_tokens_est[0m[2m=[0m850 [3mhistory_tokens_est[0m[2m=[0m49 [3mtotal_tokens_est[0m[2m=[0m1168 [3mmessage_count[0m[2m=[0m3
-> ollama:qwen2.5:3b :: glob_basic (rep 5/5)
[2m2026-07-11T11:40:54.341973Z[0m [32m INFO[0m [1mturn[0m[1m{[0m[3msession[0m[2m=[0ma5d93a04-bb03-4380-9ee6-f205b33c99e5[1m}[0m[2m:[0m [2mbraze_engine::hooks[0m[2m:[0m prompt budget breakdown (PromptBudgetAuditHook) [3msystem_tokens_est[0m[2m=[0m268 [3mtools_tokens_est[0m[2m=[0m850 [3mhistory_tokens_est[0m[2m=[0m17 [3mtotal_tokens_est[0m[2m=[0m1136 [3mmessage_count[0m[2m=[0m1
[2m2026-07-11T11:40:55.605734Z[0m [32m INFO[0m [1mturn[0m[1m{[0m[3msession[0m[2m=[0ma5d93a04-bb03-4380-9ee6-f205b33c99e5[1m}[0m[2m:[0m [2mbraze_engine::hooks[0m[2m:[0m prompt budget breakdown (PromptBudgetAuditHook) [3msystem_tokens_est[0m[2m=[0m268 [3mtools_tokens_est[0m[2m=[0m850 [3mhistory_tokens_est[0m[2m=[0m49 [3mtotal_tokens_est[0m[2m=[0m1168 [3mmessage_count[0m[2m=[0m3
-> ollama:qwen2.5:3b :: write_file_basic (rep 1/5)
[2m2026-07-11T11:40:56.516860Z[0m [32m INFO[0m [1mturn[0m[1m{[0m[3msession[0m[2m=[0m8be4c8f0-1ff3-445f-a8e0-6e039aa2ca08[1m}[0m[2m:[0m [2mbraze_engine::hooks[0m[2m:[0m prompt budget breakdown (PromptBudgetAuditHook) [3msystem_tokens_est[0m[2m=[0m270 [3mtools_tokens_est[0m[2m=[0m850 [3mhistory_tokens_est[0m[2m=[0m22 [3mtotal_tokens_est[0m[2m=[0m1143 [3mmessage_count[0m[2m=[0m1
[2m2026-07-11T11:40:57.937730Z[0m [32m INFO[0m [1mturn[0m[1m{[0m[3msession[0m[2m=[0m8be4c8f0-1ff3-445f-a8e0-6e039aa2ca08[1m}[0m[2m:[0m [2mbraze_engine::hooks[0m[2m:[0m prompt budget breakdown (PromptBudgetAuditHook) [3msystem_tokens_est[0m[2m=[0m270 [3mtools_tokens_est[0m[2m=[0m850 [3mhistory_tokens_est[0m[2m=[0m56 [3mtotal_tokens_est[0m[2m=[0m1176 [3mmessage_count[0m[2m=[0m3
-> ollama:qwen2.5:3b :: write_file_basic (rep 2/5)
[2m2026-07-11T11:40:58.820313Z[0m [32m INFO[0m [1mturn[0m[1m{[0m[3msession[0m[2m=[0m6381f394-ad70-4b5b-9cef-9d39b89ce6bd[1m}[0m[2m:[0m [2mbraze_engine::hooks[0m[2m:[0m prompt budget breakdown (PromptBudgetAuditHook) [3msystem_tokens_est[0m[2m=[0m270 [3mtools_tokens_est[0m[2m=[0m850 [3mhistory_tokens_est[0m[2m=[0m22 [3mtotal_tokens_est[0m[2m=[0m1143 [3mmessage_count[0m[2m=[0m1
[2m2026-07-11T11:41:00.197635Z[0m [32m INFO[0m [1mturn[0m[1m{[0m[3msession[0m[2m=[0m6381f394-ad70-4b5b-9cef-9d39b89ce6bd[1m}[0m[2m:[0m [2mbraze_engine::hooks[0m[2m:[0m prompt budget breakdown (PromptBudgetAuditHook) [3msystem_tokens_est[0m[2m=[0m270 [3mtools_tokens_est[0m[2m=[0m850 [3mhistory_tokens_est[0m[2m=[0m56 [3mtotal_tokens_est[0m[2m=[0m1176 [3mmessage_count[0m[2m=[0m3
-> ollama:qwen2.5:3b :: write_file_basic (rep 3/5)
[2m2026-07-11T11:41:00.986117Z[0m [32m INFO[0m [1mturn[0m[1m{[0m[3msession[0m[2m=[0mefa31401-e4d1-4391-93c2-12e43ba9c510[1m}[0m[2m:[0m [2mbraze_engine::hooks[0m[2m:[0m prompt budget breakdown (PromptBudgetAuditHook) [3msystem_tokens_est[0m[2m=[0m270 [3mtools_tokens_est[0m[2m=[0m850 [3mhistory_tokens_est[0m[2m=[0m22 [3mtotal_tokens_est[0m[2m=[0m1143 [3mmessage_count[0m[2m=[0m1
[2m2026-07-11T11:41:02.335023Z[0m [32m INFO[0m [1mturn[0m[1m{[0m[3msession[0m[2m=[0mefa31401-e4d1-4391-93c2-12e43ba9c510[1m}[0m[2m:[0m [2mbraze_engine::hooks[0m[2m:[0m prompt budget breakdown (PromptBudgetAuditHook) [3msystem_tokens_est[0m[2m=[0m270 [3mtools_tokens_est[0m[2m=[0m850 [3mhistory_tokens_est[0m[2m=[0m56 [3mtotal_tokens_est[0m[2m=[0m1176 [3mmessage_count[0m[2m=[0m3
-> ollama:qwen2.5:3b :: write_file_basic (rep 4/5)
[2m2026-07-11T11:41:03.030016Z[0m [32m INFO[0m [1mturn[0m[1m{[0m[3msession[0m[2m=[0m09f8a115-78fb-40ff-a67c-4c19efdaacb1[1m}[0m[2m:[0m [2mbraze_engine::hooks[0m[2m:[0m prompt budget breakdown (PromptBudgetAuditHook) [3msystem_tokens_est[0m[2m=[0m270 [3mtools_tokens_est[0m[2m=[0m850 [3mhistory_tokens_est[0m[2m=[0m22 [3mtotal_tokens_est[0m[2m=[0m1143 [3mmessage_count[0m[2m=[0m1
[2m2026-07-11T11:41:04.415111Z[0m [32m INFO[0m [1mturn[0m[1m{[0m[3msession[0m[2m=[0m09f8a115-78fb-40ff-a67c-4c19efdaacb1[1m}[0m[2m:[0m [2mbraze_engine::hooks[0m[2m:[0m prompt budget breakdown (PromptBudgetAuditHook) [3msystem_tokens_est[0m[2m=[0m270 [3mtools_tokens_est[0m[2m=[0m850 [3mhistory_tokens_est[0m[2m=[0m56 [3mtotal_tokens_est[0m[2m=[0m1176 [3mmessage_count[0m[2m=[0m3
-> ollama:qwen2.5:3b :: write_file_basic (rep 5/5)
[2m2026-07-11T11:41:05.342338Z[0m [32m INFO[0m [1mturn[0m[1m{[0m[3msession[0m[2m=[0ma6ace588-95e8-49f0-a759-5583317dda2b[1m}[0m[2m:[0m [2mbraze_engine::hooks[0m[2m:[0m prompt budget breakdown (PromptBudgetAuditHook) [3msystem_tokens_est[0m[2m=[0m270 [3mtools_tokens_est[0m[2m=[0m850 [3mhistory_tokens_est[0m[2m=[0m22 [3mtotal_tokens_est[0m[2m=[0m1143 [3mmessage_count[0m[2m=[0m1
[2m2026-07-11T11:41:06.784283Z[0m [32m INFO[0m [1mturn[0m[1m{[0m[3msession[0m[2m=[0ma6ace588-95e8-49f0-a759-5583317dda2b[1m}[0m[2m:[0m [2mbraze_engine::hooks[0m[2m:[0m prompt budget breakdown (PromptBudgetAuditHook) [3msystem_tokens_est[0m[2m=[0m270 [3mtools_tokens_est[0m[2m=[0m850 [3mhistory_tokens_est[0m[2m=[0m56 [3mtotal_tokens_est[0m[2m=[0m1176 [3mmessage_count[0m[2m=[0m3
-> ollama:qwen2.5:3b :: edit_file_basic (rep 1/5)
[2m2026-07-11T11:41:07.598007Z[0m [32m INFO[0m [1mturn[0m[1m{[0m[3msession[0m[2m=[0m294deff9-b007-453c-9b50-941fd6c14830[1m}[0m[2m:[0m [2mbraze_engine::hooks[0m[2m:[0m prompt budget breakdown (PromptBudgetAuditHook) [3msystem_tokens_est[0m[2m=[0m269 [3mtools_tokens_est[0m[2m=[0m850 [3mhistory_tokens_est[0m[2m=[0m21 [3mtotal_tokens_est[0m[2m=[0m1142 [3mmessage_count[0m[2m=[0m1
[2m2026-07-11T11:41:09.285717Z[0m [32m INFO[0m [1mturn[0m[1m{[0m[3msession[0m[2m=[0m294deff9-b007-453c-9b50-941fd6c14830[1m}[0m[2m:[0m [2mbraze_engine::hooks[0m[2m:[0m prompt budget breakdown (PromptBudgetAuditHook) [3msystem_tokens_est[0m[2m=[0m269 [3mtools_tokens_est[0m[2m=[0m850 [3mhistory_tokens_est[0m[2m=[0m59 [3mtotal_tokens_est[0m[2m=[0m1179 [3mmessage_count[0m[2m=[0m3
-> ollama:qwen2.5:3b :: edit_file_basic (rep 2/5)
[2m2026-07-11T11:41:10.382339Z[0m [32m INFO[0m [1mturn[0m[1m{[0m[3msession[0m[2m=[0m5407ea21-daca-46a3-a15f-1baffa639591[1m}[0m[2m:[0m [2mbraze_engine::hooks[0m[2m:[0m prompt budget breakdown (PromptBudgetAuditHook) [3msystem_tokens_est[0m[2m=[0m269 [3mtools_tokens_est[0m[2m=[0m850 [3mhistory_tokens_est[0m[2m=[0m21 [3mtotal_tokens_est[0m[2m=[0m1142 [3mmessage_count[0m[2m=[0m1
[2m2026-07-11T11:41:12.014997Z[0m [32m INFO[0m [1mturn[0m[1m{[0m[3msession[0m[2m=[0m5407ea21-daca-46a3-a15f-1baffa639591[1m}[0m[2m:[0m [2mbraze_engine::hooks[0m[2m:[0m prompt budget breakdown (PromptBudgetAuditHook) [3msystem_tokens_est[0m[2m=[0m269 [3mtools_tokens_est[0m[2m=[0m850 [3mhistory_tokens_est[0m[2m=[0m59 [3mtotal_tokens_est[0m[2m=[0m1179 [3mmessage_count[0m[2m=[0m3
-> ollama:qwen2.5:3b :: edit_file_basic (rep 3/5)
[2m2026-07-11T11:41:13.043297Z[0m [32m INFO[0m [1mturn[0m[1m{[0m[3msession[0m[2m=[0m4b66f757-8660-413d-a22f-9cec993697e5[1m}[0m[2m:[0m [2mbraze_engine::hooks[0m[2m:[0m prompt budget breakdown (PromptBudgetAuditHook) [3msystem_tokens_est[0m[2m=[0m269 [3mtools_tokens_est[0m[2m=[0m850 [3mhistory_tokens_est[0m[2m=[0m21 [3mtotal_tokens_est[0m[2m=[0m1142 [3mmessage_count[0m[2m=[0m1
[2m2026-07-11T11:41:14.423862Z[0m [32m INFO[0m [1mturn[0m[1m{[0m[3msession[0m[2m=[0m4b66f757-8660-413d-a22f-9cec993697e5[1m}[0m[2m:[0m [2mbraze_engine::hooks[0m[2m:[0m prompt budget breakdown (PromptBudgetAuditHook) [3msystem_tokens_est[0m[2m=[0m269 [3mtools_tokens_est[0m[2m=[0m850 [3mhistory_tokens_est[0m[2m=[0m59 [3mtotal_tokens_est[0m[2m=[0m1179 [3mmessage_count[0m[2m=[0m3
-> ollama:qwen2.5:3b :: edit_file_basic (rep 4/5)
[2m2026-07-11T11:41:15.475571Z[0m [32m INFO[0m [1mturn[0m[1m{[0m[3msession[0m[2m=[0m0e207ada-84e4-43f5-b657-9628d583d05e[1m}[0m[2m:[0m [2mbraze_engine::hooks[0m[2m:[0m prompt budget breakdown (PromptBudgetAuditHook) [3msystem_tokens_est[0m[2m=[0m269 [3mtools_tokens_est[0m[2m=[0m850 [3mhistory_tokens_est[0m[2m=[0m21 [3mtotal_tokens_est[0m[2m=[0m1142 [3mmessage_count[0m[2m=[0m1
[2m2026-07-11T11:41:17.072638Z[0m [32m INFO[0m [1mturn[0m[1m{[0m[3msession[0m[2m=[0m0e207ada-84e4-43f5-b657-9628d583d05e[1m}[0m[2m:[0m [2mbraze_engine::hooks[0m[2m:[0m prompt budget breakdown (PromptBudgetAuditHook) [3msystem_tokens_est[0m[2m=[0m269 [3mtools_tokens_est[0m[2m=[0m850 [3mhistory_tokens_est[0m[2m=[0m59 [3mtotal_tokens_est[0m[2m=[0m1179 [3mmessage_count[0m[2m=[0m3
-> ollama:qwen2.5:3b :: edit_file_basic (rep 5/5)
[2m2026-07-11T11:41:18.073235Z[0m [32m INFO[0m [1mturn[0m[1m{[0m[3msession[0m[2m=[0mab0473c6-f575-4876-b204-d05170563355[1m}[0m[2m:[0m [2mbraze_engine::hooks[0m[2m:[0m prompt budget breakdown (PromptBudgetAuditHook) [3msystem_tokens_est[0m[2m=[0m269 [3mtools_tokens_est[0m[2m=[0m850 [3mhistory_tokens_est[0m[2m=[0m21 [3mtotal_tokens_est[0m[2m=[0m1142 [3mmessage_count[0m[2m=[0m1
[2m2026-07-11T11:41:19.643739Z[0m [32m INFO[0m [1mturn[0m[1m{[0m[3msession[0m[2m=[0mab0473c6-f575-4876-b204-d05170563355[1m}[0m[2m:[0m [2mbraze_engine::hooks[0m[2m:[0m prompt budget breakdown (PromptBudgetAuditHook) [3msystem_tokens_est[0m[2m=[0m269 [3mtools_tokens_est[0m[2m=[0m850 [3mhistory_tokens_est[0m[2m=[0m59 [3mtotal_tokens_est[0m[2m=[0m1179 [3mmessage_count[0m[2m=[0m3
-> ollama:qwen2.5:3b :: shell_exec_basic (rep 1/5)
[2m2026-07-11T11:41:20.659167Z[0m [32m INFO[0m [1mturn[0m[1m{[0m[3msession[0m[2m=[0ma609aa43-0eb7-467c-8727-93f498861095[1m}[0m[2m:[0m [2mbraze_engine::hooks[0m[2m:[0m prompt budget breakdown (PromptBudgetAuditHook) [3msystem_tokens_est[0m[2m=[0m270 [3mtools_tokens_est[0m[2m=[0m850 [3mhistory_tokens_est[0m[2m=[0m18 [3mtotal_tokens_est[0m[2m=[0m1139 [3mmessage_count[0m[2m=[0m1
-> ollama:qwen2.5:3b :: shell_exec_basic (rep 2/5)
[2m2026-07-11T11:41:21.838089Z[0m [32m INFO[0m [1mturn[0m[1m{[0m[3msession[0m[2m=[0m92a3f32f-49cb-44a3-98e7-93f155477003[1m}[0m[2m:[0m [2mbraze_engine::hooks[0m[2m:[0m prompt budget breakdown (PromptBudgetAuditHook) [3msystem_tokens_est[0m[2m=[0m270 [3mtools_tokens_est[0m[2m=[0m850 [3mhistory_tokens_est[0m[2m=[0m18 [3mtotal_tokens_est[0m[2m=[0m1139 [3mmessage_count[0m[2m=[0m1
-> ollama:qwen2.5:3b :: shell_exec_basic (rep 3/5)
[2m2026-07-11T11:41:22.939563Z[0m [32m INFO[0m [1mturn[0m[1m{[0m[3msession[0m[2m=[0m220012be-94cd-4e03-931a-e1c6b19c07f3[1m}[0m[2m:[0m [2mbraze_engine::hooks[0m[2m:[0m prompt budget breakdown (PromptBudgetAuditHook) [3msystem_tokens_est[0m[2m=[0m270 [3mtools_tokens_est[0m[2m=[0m850 [3mhistory_tokens_est[0m[2m=[0m18 [3mtotal_tokens_est[0m[2m=[0m1139 [3mmessage_count[0m[2m=[0m1
-> ollama:qwen2.5:3b :: shell_exec_basic (rep 4/5)
[2m2026-07-11T11:41:23.948519Z[0m [32m INFO[0m [1mturn[0m[1m{[0m[3msession[0m[2m=[0m0eafb495-3792-4e67-affe-cea74e7edeb9[1m}[0m[2m:[0m [2mbraze_engine::hooks[0m[2m:[0m prompt budget breakdown (PromptBudgetAuditHook) [3msystem_tokens_est[0m[2m=[0m270 [3mtools_tokens_est[0m[2m=[0m850 [3mhistory_tokens_est[0m[2m=[0m18 [3mtotal_tokens_est[0m[2m=[0m1139 [3mmessage_count[0m[2m=[0m1
-> ollama:qwen2.5:3b :: shell_exec_basic (rep 5/5)
[2m2026-07-11T11:41:25.076889Z[0m [32m INFO[0m [1mturn[0m[1m{[0m[3msession[0m[2m=[0ma9fd214d-c582-4b94-9e11-11a664ff15fa[1m}[0m[2m:[0m [2mbraze_engine::hooks[0m[2m:[0m prompt budget breakdown (PromptBudgetAuditHook) [3msystem_tokens_est[0m[2m=[0m270 [3mtools_tokens_est[0m[2m=[0m850 [3mhistory_tokens_est[0m[2m=[0m18 [3mtotal_tokens_est[0m[2m=[0m1139 [3mmessage_count[0m[2m=[0m1
-> ollama:qwen2.5:3b :: no_tool_qa (rep 1/5)
[2m2026-07-11T11:41:26.240018Z[0m [32m INFO[0m [1mturn[0m[1m{[0m[3msession[0m[2m=[0m65d72b91-aede-4a42-8568-6d4208fb5c64[1m}[0m[2m:[0m [2mbraze_engine::hooks[0m[2m:[0m prompt budget breakdown (PromptBudgetAuditHook) [3msystem_tokens_est[0m[2m=[0m268 [3mtools_tokens_est[0m[2m=[0m850 [3mhistory_tokens_est[0m[2m=[0m19 [3mtotal_tokens_est[0m[2m=[0m1138 [3mmessage_count[0m[2m=[0m1
-> ollama:qwen2.5:3b :: no_tool_qa (rep 2/5)
[2m2026-07-11T11:41:27.147652Z[0m [32m INFO[0m [1mturn[0m[1m{[0m[3msession[0m[2m=[0mf3d8d0ec-c6f1-48b1-be95-4e957bb4bcea[1m}[0m[2m:[0m [2mbraze_engine::hooks[0m[2m:[0m prompt budget breakdown (PromptBudgetAuditHook) [3msystem_tokens_est[0m[2m=[0m268 [3mtools_tokens_est[0m[2m=[0m850 [3mhistory_tokens_est[0m[2m=[0m19 [3mtotal_tokens_est[0m[2m=[0m1138 [3mmessage_count[0m[2m=[0m1
-> ollama:qwen2.5:3b :: no_tool_qa (rep 3/5)
[2m2026-07-11T11:41:28.059991Z[0m [32m INFO[0m [1mturn[0m[1m{[0m[3msession[0m[2m=[0m78f659b6-cc62-48c4-a189-4b8b09adcd28[1m}[0m[2m:[0m [2mbraze_engine::hooks[0m[2m:[0m prompt budget breakdown (PromptBudgetAuditHook) [3msystem_tokens_est[0m[2m=[0m268 [3mtools_tokens_est[0m[2m=[0m850 [3mhistory_tokens_est[0m[2m=[0m19 [3mtotal_tokens_est[0m[2m=[0m1138 [3mmessage_count[0m[2m=[0m1
-> ollama:qwen2.5:3b :: no_tool_qa (rep 4/5)
[2m2026-07-11T11:41:28.928542Z[0m [32m INFO[0m [1mturn[0m[1m{[0m[3msession[0m[2m=[0meed44b60-92f1-4ce1-be82-91715514b4f9[1m}[0m[2m:[0m [2mbraze_engine::hooks[0m[2m:[0m prompt budget breakdown (PromptBudgetAuditHook) [3msystem_tokens_est[0m[2m=[0m268 [3mtools_tokens_est[0m[2m=[0m850 [3mhistory_tokens_est[0m[2m=[0m19 [3mtotal_tokens_est[0m[2m=[0m1138 [3mmessage_count[0m[2m=[0m1
-> ollama:qwen2.5:3b :: no_tool_qa (rep 5/5)
[2m2026-07-11T11:41:29.826626Z[0m [32m INFO[0m [1mturn[0m[1m{[0m[3msession[0m[2m=[0m1c514bf5-188b-4e39-b9cc-d4c2e87911b6[1m}[0m[2m:[0m [2mbraze_engine::hooks[0m[2m:[0m prompt budget breakdown (PromptBudgetAuditHook) [3msystem_tokens_est[0m[2m=[0m268 [3mtools_tokens_est[0m[2m=[0m850 [3mhistory_tokens_est[0m[2m=[0m19 [3mtotal_tokens_est[0m[2m=[0m1138 [3mmessage_count[0m[2m=[0m1
-> ollama:qwen2.5:3b :: multi_step_read_count_write (rep 1/5)
[2m2026-07-11T11:41:30.698219Z[0m [32m INFO[0m [1mturn[0m[1m{[0m[3msession[0m[2m=[0m64c1ae03-09d7-40f9-94e1-0f0b4b58984a[1m}[0m[2m:[0m [2mbraze_engine::hooks[0m[2m:[0m prompt budget breakdown (PromptBudgetAuditHook) [3msystem_tokens_est[0m[2m=[0m272 [3mtools_tokens_est[0m[2m=[0m850 [3mhistory_tokens_est[0m[2m=[0m45 [3mtotal_tokens_est[0m[2m=[0m1168 [3mmessage_count[0m[2m=[0m1
[2m2026-07-11T11:41:31.912457Z[0m [32m INFO[0m [1mturn[0m[1m{[0m[3msession[0m[2m=[0m64c1ae03-09d7-40f9-94e1-0f0b4b58984a[1m}[0m[2m:[0m [2mbraze_engine::hooks[0m[2m:[0m prompt budget breakdown (PromptBudgetAuditHook) [3msystem_tokens_est[0m[2m=[0m272 [3mtools_tokens_est[0m[2m=[0m850 [3mhistory_tokens_est[0m[2m=[0m59 [3mtotal_tokens_est[0m[2m=[0m1182 [3mmessage_count[0m[2m=[0m3
[2m2026-07-11T11:41:33.226486Z[0m [32m INFO[0m [1mturn[0m[1m{[0m[3msession[0m[2m=[0m64c1ae03-09d7-40f9-94e1-0f0b4b58984a[1m}[0m[2m:[0m [2mbraze_engine::hooks[0m[2m:[0m prompt budget breakdown (PromptBudgetAuditHook) [3msystem_tokens_est[0m[2m=[0m272 [3mtools_tokens_est[0m[2m=[0m850 [3mhistory_tokens_est[0m[2m=[0m116 [3mtotal_tokens_est[0m[2m=[0m1240 [3mmessage_count[0m[2m=[0m6
-> ollama:qwen2.5:3b :: multi_step_read_count_write (rep 2/5)
[2m2026-07-11T11:41:34.252371Z[0m [32m INFO[0m [1mturn[0m[1m{[0m[3msession[0m[2m=[0m591375e6-280f-4eef-85a0-cf5726cd8f22[1m}[0m[2m:[0m [2mbraze_engine::hooks[0m[2m:[0m prompt budget breakdown (PromptBudgetAuditHook) [3msystem_tokens_est[0m[2m=[0m272 [3mtools_tokens_est[0m[2m=[0m850 [3mhistory_tokens_est[0m[2m=[0m45 [3mtotal_tokens_est[0m[2m=[0m1168 [3mmessage_count[0m[2m=[0m1
[2m2026-07-11T11:41:35.505661Z[0m [32m INFO[0m [1mturn[0m[1m{[0m[3msession[0m[2m=[0m591375e6-280f-4eef-85a0-cf5726cd8f22[1m}[0m[2m:[0m [2mbraze_engine::hooks[0m[2m:[0m prompt budget breakdown (PromptBudgetAuditHook) [3msystem_tokens_est[0m[2m=[0m272 [3mtools_tokens_est[0m[2m=[0m850 [3mhistory_tokens_est[0m[2m=[0m59 [3mtotal_tokens_est[0m[2m=[0m1182 [3mmessage_count[0m[2m=[0m3
[2m2026-07-11T11:41:36.320661Z[0m [32m INFO[0m [1mturn[0m[1m{[0m[3msession[0m[2m=[0m591375e6-280f-4eef-85a0-cf5726cd8f22[1m}[0m[2m:[0m [2mbraze_engine::hooks[0m[2m:[0m prompt budget breakdown (PromptBudgetAuditHook) [3msystem_tokens_est[0m[2m=[0m272 [3mtools_tokens_est[0m[2m=[0m850 [3mhistory_tokens_est[0m[2m=[0m93 [3mtotal_tokens_est[0m[2m=[0m1216 [3mmessage_count[0m[2m=[0m5
-> ollama:qwen2.5:3b :: multi_step_read_count_write (rep 3/5)
[2m2026-07-11T11:41:37.231845Z[0m [32m INFO[0m [1mturn[0m[1m{[0m[3msession[0m[2m=[0md676cd4a-eb11-4c0f-b892-917027916131[1m}[0m[2m:[0m [2mbraze_engine::hooks[0m[2m:[0m prompt budget breakdown (PromptBudgetAuditHook) [3msystem_tokens_est[0m[2m=[0m272 [3mtools_tokens_est[0m[2m=[0m850 [3mhistory_tokens_est[0m[2m=[0m45 [3mtotal_tokens_est[0m[2m=[0m1168 [3mmessage_count[0m[2m=[0m1
[2m2026-07-11T11:41:39.420021Z[0m [32m INFO[0m [1mturn[0m[1m{[0m[3msession[0m[2m=[0md676cd4a-eb11-4c0f-b892-917027916131[1m}[0m[2m:[0m [2mbraze_engine::hooks[0m[2m:[0m prompt budget breakdown (PromptBudgetAuditHook) [3msystem_tokens_est[0m[2m=[0m272 [3mtools_tokens_est[0m[2m=[0m850 [3mhistory_tokens_est[0m[2m=[0m105 [3mtotal_tokens_est[0m[2m=[0m1229 [3mmessage_count[0m[2m=[0m3
-> ollama:qwen2.5:3b :: multi_step_read_count_write (rep 4/5)
[2m2026-07-11T11:41:41.041153Z[0m [32m INFO[0m [1mturn[0m[1m{[0m[3msession[0m[2m=[0mb96ce9db-4832-4909-811a-e09c469394df[1m}[0m[2m:[0m [2mbraze_engine::hooks[0m[2m:[0m prompt budget breakdown (PromptBudgetAuditHook) [3msystem_tokens_est[0m[2m=[0m272 [3mtools_tokens_est[0m[2m=[0m850 [3mhistory_tokens_est[0m[2m=[0m45 [3mtotal_tokens_est[0m[2m=[0m1168 [3mmessage_count[0m[2m=[0m1
[2m2026-07-11T11:41:42.245167Z[0m [32m INFO[0m [1mturn[0m[1m{[0m[3msession[0m[2m=[0mb96ce9db-4832-4909-811a-e09c469394df[1m}[0m[2m:[0m [2mbraze_engine::hooks[0m[2m:[0m prompt budget breakdown (PromptBudgetAuditHook) [3msystem_tokens_est[0m[2m=[0m272 [3mtools_tokens_est[0m[2m=[0m850 [3mhistory_tokens_est[0m[2m=[0m59 [3mtotal_tokens_est[0m[2m=[0m1182 [3mmessage_count[0m[2m=[0m3
[2m2026-07-11T11:41:43.458442Z[0m [32m INFO[0m [1mturn[0m[1m{[0m[3msession[0m[2m=[0mb96ce9db-4832-4909-811a-e09c469394df[1m}[0m[2m:[0m [2mbraze_engine::hooks[0m[2m:[0m prompt budget breakdown (PromptBudgetAuditHook) [3msystem_tokens_est[0m[2m=[0m272 [3mtools_tokens_est[0m[2m=[0m850 [3mhistory_tokens_est[0m[2m=[0m116 [3mtotal_tokens_est[0m[2m=[0m1240 [3mmessage_count[0m[2m=[0m6
-> ollama:qwen2.5:3b :: multi_step_read_count_write (rep 5/5)
[2m2026-07-11T11:41:44.227036Z[0m [32m INFO[0m [1mturn[0m[1m{[0m[3msession[0m[2m=[0m6733f97b-85e4-4b37-89c3-5587266b1f3b[1m}[0m[2m:[0m [2mbraze_engine::hooks[0m[2m:[0m prompt budget breakdown (PromptBudgetAuditHook) [3msystem_tokens_est[0m[2m=[0m272 [3mtools_tokens_est[0m[2m=[0m850 [3mhistory_tokens_est[0m[2m=[0m45 [3mtotal_tokens_est[0m[2m=[0m1168 [3mmessage_count[0m[2m=[0m1
[2m2026-07-11T11:41:45.475825Z[0m [32m INFO[0m [1mturn[0m[1m{[0m[3msession[0m[2m=[0m6733f97b-85e4-4b37-89c3-5587266b1f3b[1m}[0m[2m:[0m [2mbraze_engine::hooks[0m[2m:[0m prompt budget breakdown (PromptBudgetAuditHook) [3msystem_tokens_est[0m[2m=[0m272 [3mtools_tokens_est[0m[2m=[0m850 [3mhistory_tokens_est[0m[2m=[0m59 [3mtotal_tokens_est[0m[2m=[0m1182 [3mmessage_count[0m[2m=[0m3
[2m2026-07-11T11:41:46.761252Z[0m [32m INFO[0m [1mturn[0m[1m{[0m[3msession[0m[2m=[0m6733f97b-85e4-4b37-89c3-5587266b1f3b[1m}[0m[2m:[0m [2mbraze_engine::hooks[0m[2m:[0m prompt budget breakdown (PromptBudgetAuditHook) [3msystem_tokens_est[0m[2m=[0m272 [3mtools_tokens_est[0m[2m=[0m850 [3mhistory_tokens_est[0m[2m=[0m116 [3mtotal_tokens_est[0m[2m=[0m1240 [3mmessage_count[0m[2m=[0m6
-> ollama:qwen2.5:3b :: error_recovery_wrong_filename (rep 1/5)
[2m2026-07-11T11:41:47.671730Z[0m [32m INFO[0m [1mturn[0m[1m{[0m[3msession[0m[2m=[0m956f1a84-0c72-4b60-976e-be4c4b4b94e1[1m}[0m[2m:[0m [2mbraze_engine::hooks[0m[2m:[0m prompt budget breakdown (PromptBudgetAuditHook) [3msystem_tokens_est[0m[2m=[0m273 [3mtools_tokens_est[0m[2m=[0m850 [3mhistory_tokens_est[0m[2m=[0m34 [3mtotal_tokens_est[0m[2m=[0m1158 [3mmessage_count[0m[2m=[0m1
[2m2026-07-11T11:41:49.006236Z[0m [32m INFO[0m [1mturn[0m[1m{[0m[3msession[0m[2m=[0m956f1a84-0c72-4b60-976e-be4c4b4b94e1[1m}[0m[2m:[0m [2mbraze_engine::hooks[0m[2m:[0m prompt budget breakdown (PromptBudgetAuditHook) [3msystem_tokens_est[0m[2m=[0m273 [3mtools_tokens_est[0m[2m=[0m850 [3mhistory_tokens_est[0m[2m=[0m74 [3mtotal_tokens_est[0m[2m=[0m1198 [3mmessage_count[0m[2m=[0m3
-> ollama:qwen2.5:3b :: error_recovery_wrong_filename (rep 2/5)
[2m2026-07-11T11:41:49.998072Z[0m [32m INFO[0m [1mturn[0m[1m{[0m[3msession[0m[2m=[0m3394f743-8950-4a9f-8716-d5813f26c18c[1m}[0m[2m:[0m [2mbraze_engine::hooks[0m[2m:[0m prompt budget breakdown (PromptBudgetAuditHook) [3msystem_tokens_est[0m[2m=[0m273 [3mtools_tokens_est[0m[2m=[0m850 [3mhistory_tokens_est[0m[2m=[0m34 [3mtotal_tokens_est[0m[2m=[0m1158 [3mmessage_count[0m[2m=[0m1
[2m2026-07-11T11:41:51.208972Z[0m [32m INFO[0m [1mturn[0m[1m{[0m[3msession[0m[2m=[0m3394f743-8950-4a9f-8716-d5813f26c18c[1m}[0m[2m:[0m [2mbraze_engine::hooks[0m[2m:[0m prompt budget breakdown (PromptBudgetAuditHook) [3msystem_tokens_est[0m[2m=[0m273 [3mtools_tokens_est[0m[2m=[0m850 [3mhistory_tokens_est[0m[2m=[0m74 [3mtotal_tokens_est[0m[2m=[0m1198 [3mmessage_count[0m[2m=[0m3
-> ollama:qwen2.5:3b :: error_recovery_wrong_filename (rep 3/5)
[2m2026-07-11T11:41:52.504247Z[0m [32m INFO[0m [1mturn[0m[1m{[0m[3msession[0m[2m=[0m10f67523-b764-4e9d-962f-2e7bd8a730e2[1m}[0m[2m:[0m [2mbraze_engine::hooks[0m[2m:[0m prompt budget breakdown (PromptBudgetAuditHook) [3msystem_tokens_est[0m[2m=[0m273 [3mtools_tokens_est[0m[2m=[0m850 [3mhistory_tokens_est[0m[2m=[0m34 [3mtotal_tokens_est[0m[2m=[0m1158 [3mmessage_count[0m[2m=[0m1
[2m2026-07-11T11:41:53.728852Z[0m [32m INFO[0m [1mturn[0m[1m{[0m[3msession[0m[2m=[0m10f67523-b764-4e9d-962f-2e7bd8a730e2[1m}[0m[2m:[0m [2mbraze_engine::hooks[0m[2m:[0m prompt budget breakdown (PromptBudgetAuditHook) [3msystem_tokens_est[0m[2m=[0m273 [3mtools_tokens_est[0m[2m=[0m850 [3mhistory_tokens_est[0m[2m=[0m74 [3mtotal_tokens_est[0m[2m=[0m1198 [3mmessage_count[0m[2m=[0m3
-> ollama:qwen2.5:3b :: error_recovery_wrong_filename (rep 4/5)
[2m2026-07-11T11:41:55.703591Z[0m [32m INFO[0m [1mturn[0m[1m{[0m[3msession[0m[2m=[0m9f4f0421-cd34-4f03-adcf-98b529a8bbd2[1m}[0m[2m:[0m [2mbraze_engine::hooks[0m[2m:[0m prompt budget breakdown (PromptBudgetAuditHook) [3msystem_tokens_est[0m[2m=[0m273 [3mtools_tokens_est[0m[2m=[0m850 [3mhistory_tokens_est[0m[2m=[0m34 [3mtotal_tokens_est[0m[2m=[0m1158 [3mmessage_count[0m[2m=[0m1
[2m2026-07-11T11:41:56.970158Z[0m [32m INFO[0m [1mturn[0m[1m{[0m[3msession[0m[2m=[0m9f4f0421-cd34-4f03-adcf-98b529a8bbd2[1m}[0m[2m:[0m [2mbraze_engine::hooks[0m[2m:[0m prompt budget breakdown (PromptBudgetAuditHook) [3msystem_tokens_est[0m[2m=[0m273 [3mtools_tokens_est[0m[2m=[0m850 [3mhistory_tokens_est[0m[2m=[0m74 [3mtotal_tokens_est[0m[2m=[0m1198 [3mmessage_count[0m[2m=[0m3
-> ollama:qwen2.5:3b :: error_recovery_wrong_filename (rep 5/5)
[2m2026-07-11T11:41:58.286528Z[0m [32m INFO[0m [1mturn[0m[1m{[0m[3msession[0m[2m=[0mb622490c-b1bf-42c2-b65a-fa91108d3fe1[1m}[0m[2m:[0m [2mbraze_engine::hooks[0m[2m:[0m prompt budget breakdown (PromptBudgetAuditHook) [3msystem_tokens_est[0m[2m=[0m273 [3mtools_tokens_est[0m[2m=[0m850 [3mhistory_tokens_est[0m[2m=[0m34 [3mtotal_tokens_est[0m[2m=[0m1158 [3mmessage_count[0m[2m=[0m1
[2m2026-07-11T11:41:59.542845Z[0m [32m INFO[0m [1mturn[0m[1m{[0m[3msession[0m[2m=[0mb622490c-b1bf-42c2-b65a-fa91108d3fe1[1m}[0m[2m:[0m [2mbraze_engine::hooks[0m[2m:[0m prompt budget breakdown (PromptBudgetAuditHook) [3msystem_tokens_est[0m[2m=[0m273 [3mtools_tokens_est[0m[2m=[0m850 [3mhistory_tokens_est[0m[2m=[0m74 [3mtotal_tokens_est[0m[2m=[0m1198 [3mmessage_count[0m[2m=[0m3
-> ollama:qwen2.5:3b :: distractor_selection_among_files (rep 1/5)
[2m2026-07-11T11:42:01.311106Z[0m [32m INFO[0m [1mturn[0m[1m{[0m[3msession[0m[2m=[0m93eb48ae-e88a-46ff-9016-6ae8cbfd6301[1m}[0m[2m:[0m [2mbraze_engine::hooks[0m[2m:[0m prompt budget breakdown (PromptBudgetAuditHook) [3msystem_tokens_est[0m[2m=[0m274 [3mtools_tokens_est[0m[2m=[0m850 [3mhistory_tokens_est[0m[2m=[0m34 [3mtotal_tokens_est[0m[2m=[0m1159 [3mmessage_count[0m[2m=[0m1
[2m2026-07-11T11:42:02.648197Z[0m [32m INFO[0m [1mturn[0m[1m{[0m[3msession[0m[2m=[0m93eb48ae-e88a-46ff-9016-6ae8cbfd6301[1m}[0m[2m:[0m [2mbraze_engine::hooks[0m[2m:[0m prompt budget breakdown (PromptBudgetAuditHook) [3msystem_tokens_est[0m[2m=[0m274 [3mtools_tokens_est[0m[2m=[0m850 [3mhistory_tokens_est[0m[2m=[0m48 [3mtotal_tokens_est[0m[2m=[0m1173 [3mmessage_count[0m[2m=[0m3
-> ollama:qwen2.5:3b :: distractor_selection_among_files (rep 2/5)
[2m2026-07-11T11:42:03.743986Z[0m [32m INFO[0m [1mturn[0m[1m{[0m[3msession[0m[2m=[0m861027d5-4f97-4aea-b5ae-20bd23981802[1m}[0m[2m:[0m [2mbraze_engine::hooks[0m[2m:[0m prompt budget breakdown (PromptBudgetAuditHook) [3msystem_tokens_est[0m[2m=[0m274 [3mtools_tokens_est[0m[2m=[0m850 [3mhistory_tokens_est[0m[2m=[0m34 [3mtotal_tokens_est[0m[2m=[0m1159 [3mmessage_count[0m[2m=[0m1
[2m2026-07-11T11:42:04.912575Z[0m [32m INFO[0m [1mturn[0m[1m{[0m[3msession[0m[2m=[0m861027d5-4f97-4aea-b5ae-20bd23981802[1m}[0m[2m:[0m [2mbraze_engine::hooks[0m[2m:[0m prompt budget breakdown (PromptBudgetAuditHook) [3msystem_tokens_est[0m[2m=[0m274 [3mtools_tokens_est[0m[2m=[0m850 [3mhistory_tokens_est[0m[2m=[0m78 [3mtotal_tokens_est[0m[2m=[0m1203 [3mmessage_count[0m[2m=[0m3
-> ollama:qwen2.5:3b :: distractor_selection_among_files (rep 3/5)
[2m2026-07-11T11:42:05.797649Z[0m [32m INFO[0m [1mturn[0m[1m{[0m[3msession[0m[2m=[0ma796d3b3-4002-4aaa-84d3-9c381ca22023[1m}[0m[2m:[0m [2mbraze_engine::hooks[0m[2m:[0m prompt budget breakdown (PromptBudgetAuditHook) [3msystem_tokens_est[0m[2m=[0m274 [3mtools_tokens_est[0m[2m=[0m850 [3mhistory_tokens_est[0m[2m=[0m34 [3mtotal_tokens_est[0m[2m=[0m1159 [3mmessage_count[0m[2m=[0m1
[2m2026-07-11T11:42:07.246073Z[0m [32m INFO[0m [1mturn[0m[1m{[0m[3msession[0m[2m=[0ma796d3b3-4002-4aaa-84d3-9c381ca22023[1m}[0m[2m:[0m [2mbraze_engine::hooks[0m[2m:[0m prompt budget breakdown (PromptBudgetAuditHook) [3msystem_tokens_est[0m[2m=[0m274 [3mtools_tokens_est[0m[2m=[0m850 [3mhistory_tokens_est[0m[2m=[0m48 [3mtotal_tokens_est[0m[2m=[0m1173 [3mmessage_count[0m[2m=[0m3
-> ollama:qwen2.5:3b :: distractor_selection_among_files (rep 4/5)
[2m2026-07-11T11:42:08.038750Z[0m [32m INFO[0m [1mturn[0m[1m{[0m[3msession[0m[2m=[0meaba9cf4-5569-4238-bc56-0ce3e9c596f5[1m}[0m[2m:[0m [2mbraze_engine::hooks[0m[2m:[0m prompt budget breakdown (PromptBudgetAuditHook) [3msystem_tokens_est[0m[2m=[0m274 [3mtools_tokens_est[0m[2m=[0m850 [3mhistory_tokens_est[0m[2m=[0m34 [3mtotal_tokens_est[0m[2m=[0m1159 [3mmessage_count[0m[2m=[0m1
[2m2026-07-11T11:42:09.334045Z[0m [32m INFO[0m [1mturn[0m[1m{[0m[3msession[0m[2m=[0meaba9cf4-5569-4238-bc56-0ce3e9c596f5[1m}[0m[2m:[0m [2mbraze_engine::hooks[0m[2m:[0m prompt budget breakdown (PromptBudgetAuditHook) [3msystem_tokens_est[0m[2m=[0m274 [3mtools_tokens_est[0m[2m=[0m850 [3mhistory_tokens_est[0m[2m=[0m48 [3mtotal_tokens_est[0m[2m=[0m1173 [3mmessage_count[0m[2m=[0m3
-> ollama:qwen2.5:3b :: distractor_selection_among_files (rep 5/5)
[2m2026-07-11T11:42:10.170472Z[0m [32m INFO[0m [1mturn[0m[1m{[0m[3msession[0m[2m=[0m703b09ec-d20f-48f5-b217-6b47d706f6fe[1m}[0m[2m:[0m [2mbraze_engine::hooks[0m[2m:[0m prompt budget breakdown (PromptBudgetAuditHook) [3msystem_tokens_est[0m[2m=[0m274 [3mtools_tokens_est[0m[2m=[0m850 [3mhistory_tokens_est[0m[2m=[0m34 [3mtotal_tokens_est[0m[2m=[0m1159 [3mmessage_count[0m[2m=[0m1
[2m2026-07-11T11:42:11.507529Z[0m [32m INFO[0m [1mturn[0m[1m{[0m[3msession[0m[2m=[0m703b09ec-d20f-48f5-b217-6b47d706f6fe[1m}[0m[2m:[0m [2mbraze_engine::hooks[0m[2m:[0m prompt budget breakdown (PromptBudgetAuditHook) [3msystem_tokens_est[0m[2m=[0m274 [3mtools_tokens_est[0m[2m=[0m850 [3mhistory_tokens_est[0m[2m=[0m48 [3mtotal_tokens_est[0m[2m=[0m1173 [3mmessage_count[0m[2m=[0m3
-> ollama:qwen2.5:3b :: edit_file_function_body (rep 1/5)
[2m2026-07-11T11:42:12.375819Z[0m [32m INFO[0m [1mturn[0m[1m{[0m[3msession[0m[2m=[0m2b22e1fb-f1a6-425f-acba-212027205e8d[1m}[0m[2m:[0m [2mbraze_engine::hooks[0m[2m:[0m prompt budget breakdown (PromptBudgetAuditHook) [3msystem_tokens_est[0m[2m=[0m271 [3mtools_tokens_est[0m[2m=[0m850 [3mhistory_tokens_est[0m[2m=[0m28 [3mtotal_tokens_est[0m[2m=[0m1150 [3mmessage_count[0m[2m=[0m1
[2m2026-07-11T11:42:14.094847Z[0m [32m INFO[0m [1mturn[0m[1m{[0m[3msession[0m[2m=[0m2b22e1fb-f1a6-425f-acba-212027205e8d[1m}[0m[2m:[0m [2mbraze_engine::hooks[0m[2m:[0m prompt budget breakdown (PromptBudgetAuditHook) [3msystem_tokens_est[0m[2m=[0m271 [3mtools_tokens_est[0m[2m=[0m850 [3mhistory_tokens_est[0m[2m=[0m113 [3mtotal_tokens_est[0m[2m=[0m1235 [3mmessage_count[0m[2m=[0m3
[2m2026-07-11T11:42:16.412236Z[0m [32m INFO[0m [1mturn[0m[1m{[0m[3msession[0m[2m=[0m2b22e1fb-f1a6-425f-acba-212027205e8d[1m}[0m[2m:[0m [2mbraze_engine::hooks[0m[2m:[0m prompt budget breakdown (PromptBudgetAuditHook) [3msystem_tokens_est[0m[2m=[0m271 [3mtools_tokens_est[0m[2m=[0m850 [3mhistory_tokens_est[0m[2m=[0m218 [3mtotal_tokens_est[0m[2m=[0m1341 [3mmessage_count[0m[2m=[0m6
-> ollama:qwen2.5:3b :: edit_file_function_body (rep 2/5)
[2m2026-07-11T11:42:17.911987Z[0m [32m INFO[0m [1mturn[0m[1m{[0m[3msession[0m[2m=[0mf7d77ec6-02ec-4348-bc9f-68935ba9bdd1[1m}[0m[2m:[0m [2mbraze_engine::hooks[0m[2m:[0m prompt budget breakdown (PromptBudgetAuditHook) [3msystem_tokens_est[0m[2m=[0m271 [3mtools_tokens_est[0m[2m=[0m850 [3mhistory_tokens_est[0m[2m=[0m28 [3mtotal_tokens_est[0m[2m=[0m1150 [3mmessage_count[0m[2m=[0m1
[2m2026-07-11T11:42:19.961729Z[0m [32m INFO[0m [1mturn[0m[1m{[0m[3msession[0m[2m=[0mf7d77ec6-02ec-4348-bc9f-68935ba9bdd1[1m}[0m[2m:[0m [2mbraze_engine::hooks[0m[2m:[0m prompt budget breakdown (PromptBudgetAuditHook) [3msystem_tokens_est[0m[2m=[0m271 [3mtools_tokens_est[0m[2m=[0m850 [3mhistory_tokens_est[0m[2m=[0m127 [3mtotal_tokens_est[0m[2m=[0m1249 [3mmessage_count[0m[2m=[0m3
[2m2026-07-11T11:42:23.448632Z[0m [33m WARN[0m [1mturn[0m[1m{[0m[3msession[0m[2m=[0mf7d77ec6-02ec-4348-bc9f-68935ba9bdd1[1m}[0m[2m:[0m [2mbraze_engine::engine[0m[2m:[0m model repeated an identical tool call this turn; nudging instead of re-dispatching [3mtool[0m[2m=[0medit_file
[2m2026-07-11T11:42:23.451916Z[0m [32m INFO[0m [1mturn[0m[1m{[0m[3msession[0m[2m=[0mf7d77ec6-02ec-4348-bc9f-68935ba9bdd1[1m}[0m[2m:[0m [2mbraze_engine::hooks[0m[2m:[0m prompt budget breakdown (PromptBudgetAuditHook) [3msystem_tokens_est[0m[2m=[0m271 [3mtools_tokens_est[0m[2m=[0m850 [3mhistory_tokens_est[0m[2m=[0m338 [3mtotal_tokens_est[0m[2m=[0m1460 [3mmessage_count[0m[2m=[0m6
-> ollama:qwen2.5:3b :: edit_file_function_body (rep 3/5)
[2m2026-07-11T11:42:26.265307Z[0m [32m INFO[0m [1mturn[0m[1m{[0m[3msession[0m[2m=[0mca8bd66c-ca5f-4854-97b9-c1f5c629a799[1m}[0m[2m:[0m [2mbraze_engine::hooks[0m[2m:[0m prompt budget breakdown (PromptBudgetAuditHook) [3msystem_tokens_est[0m[2m=[0m271 [3mtools_tokens_est[0m[2m=[0m850 [3mhistory_tokens_est[0m[2m=[0m28 [3mtotal_tokens_est[0m[2m=[0m1150 [3mmessage_count[0m[2m=[0m1
[2m2026-07-11T11:42:28.346124Z[0m [32m INFO[0m [1mturn[0m[1m{[0m[3msession[0m[2m=[0mca8bd66c-ca5f-4854-97b9-c1f5c629a799[1m}[0m[2m:[0m [2mbraze_engine::hooks[0m[2m:[0m prompt budget breakdown (PromptBudgetAuditHook) [3msystem_tokens_est[0m[2m=[0m271 [3mtools_tokens_est[0m[2m=[0m850 [3mhistory_tokens_est[0m[2m=[0m127 [3mtotal_tokens_est[0m[2m=[0m1249 [3mmessage_count[0m[2m=[0m3
-> ollama:qwen2.5:3b :: edit_file_function_body (rep 4/5)
[2m2026-07-11T11:42:30.146493Z[0m [32m INFO[0m [1mturn[0m[1m{[0m[3msession[0m[2m=[0m047c8255-9899-4399-aea8-60269e043433[1m}[0m[2m:[0m [2mbraze_engine::hooks[0m[2m:[0m prompt budget breakdown (PromptBudgetAuditHook) [3msystem_tokens_est[0m[2m=[0m271 [3mtools_tokens_est[0m[2m=[0m850 [3mhistory_tokens_est[0m[2m=[0m28 [3mtotal_tokens_est[0m[2m=[0m1150 [3mmessage_count[0m[2m=[0m1
[2m2026-07-11T11:42:32.205240Z[0m [32m INFO[0m [1mturn[0m[1m{[0m[3msession[0m[2m=[0m047c8255-9899-4399-aea8-60269e043433[1m}[0m[2m:[0m [2mbraze_engine::hooks[0m[2m:[0m prompt budget breakdown (PromptBudgetAuditHook) [3msystem_tokens_est[0m[2m=[0m271 [3mtools_tokens_est[0m[2m=[0m850 [3mhistory_tokens_est[0m[2m=[0m127 [3mtotal_tokens_est[0m[2m=[0m1249 [3mmessage_count[0m[2m=[0m3
-> ollama:qwen2.5:3b :: edit_file_function_body (rep 5/5)
[2m2026-07-11T11:42:34.140758Z[0m [32m INFO[0m [1mturn[0m[1m{[0m[3msession[0m[2m=[0mdeb0dc45-047a-4ff6-9a9f-d8ac97d7a9ad[1m}[0m[2m:[0m [2mbraze_engine::hooks[0m[2m:[0m prompt budget breakdown (PromptBudgetAuditHook) [3msystem_tokens_est[0m[2m=[0m271 [3mtools_tokens_est[0m[2m=[0m850 [3mhistory_tokens_est[0m[2m=[0m28 [3mtotal_tokens_est[0m[2m=[0m1150 [3mmessage_count[0m[2m=[0m1
[2m2026-07-11T11:42:36.136681Z[0m [32m INFO[0m [1mturn[0m[1m{[0m[3msession[0m[2m=[0mdeb0dc45-047a-4ff6-9a9f-d8ac97d7a9ad[1m}[0m[2m:[0m [2mbraze_engine::hooks[0m[2m:[0m prompt budget breakdown (PromptBudgetAuditHook) [3msystem_tokens_est[0m[2m=[0m271 [3mtools_tokens_est[0m[2m=[0m850 [3mhistory_tokens_est[0m[2m=[0m127 [3mtotal_tokens_est[0m[2m=[0m1249 [3mmessage_count[0m[2m=[0m3
-> ollama:qwen2.5:3b :: no_tool_capital_question (rep 1/5)
[2m2026-07-11T11:42:37.679785Z[0m [32m INFO[0m [1mturn[0m[1m{[0m[3msession[0m[2m=[0m50154bb9-3a87-40eb-ba71-10ed401690df[1m}[0m[2m:[0m [2mbraze_engine::hooks[0m[2m:[0m prompt budget breakdown (PromptBudgetAuditHook) [3msystem_tokens_est[0m[2m=[0m272 [3mtools_tokens_est[0m[2m=[0m850 [3mhistory_tokens_est[0m[2m=[0m25 [3mtotal_tokens_est[0m[2m=[0m1148 [3mmessage_count[0m[2m=[0m1
-> ollama:qwen2.5:3b :: no_tool_capital_question (rep 2/5)
[2m2026-07-11T11:42:38.583610Z[0m [32m INFO[0m [1mturn[0m[1m{[0m[3msession[0m[2m=[0m16da0639-2252-4293-8790-a1fea55fd7a0[1m}[0m[2m:[0m [2mbraze_engine::hooks[0m[2m:[0m prompt budget breakdown (PromptBudgetAuditHook) [3msystem_tokens_est[0m[2m=[0m272 [3mtools_tokens_est[0m[2m=[0m850 [3mhistory_tokens_est[0m[2m=[0m25 [3mtotal_tokens_est[0m[2m=[0m1148 [3mmessage_count[0m[2m=[0m1
-> ollama:qwen2.5:3b :: no_tool_capital_question (rep 3/5)
[2m2026-07-11T11:42:39.387863Z[0m [32m INFO[0m [1mturn[0m[1m{[0m[3msession[0m[2m=[0m027bf0bd-898f-4d47-93ce-84593bd1f320[1m}[0m[2m:[0m [2mbraze_engine::hooks[0m[2m:[0m prompt budget breakdown (PromptBudgetAuditHook) [3msystem_tokens_est[0m[2m=[0m272 [3mtools_tokens_est[0m[2m=[0m850 [3mhistory_tokens_est[0m[2m=[0m25 [3mtotal_tokens_est[0m[2m=[0m1148 [3mmessage_count[0m[2m=[0m1
-> ollama:qwen2.5:3b :: no_tool_capital_question (rep 4/5)
[2m2026-07-11T11:42:40.212570Z[0m [32m INFO[0m [1mturn[0m[1m{[0m[3msession[0m[2m=[0m7931745c-9326-4ae6-a3e6-510bfa39ac46[1m}[0m[2m:[0m [2mbraze_engine::hooks[0m[2m:[0m prompt budget breakdown (PromptBudgetAuditHook) [3msystem_tokens_est[0m[2m=[0m272 [3mtools_tokens_est[0m[2m=[0m850 [3mhistory_tokens_est[0m[2m=[0m25 [3mtotal_tokens_est[0m[2m=[0m1148 [3mmessage_count[0m[2m=[0m1
-> ollama:qwen2.5:3b :: no_tool_capital_question (rep 5/5)
[2m2026-07-11T11:42:41.016058Z[0m [32m INFO[0m [1mturn[0m[1m{[0m[3msession[0m[2m=[0m61e36116-557b-4cf7-b26d-aab075b41a02[1m}[0m[2m:[0m [2mbraze_engine::hooks[0m[2m:[0m prompt budget breakdown (PromptBudgetAuditHook) [3msystem_tokens_est[0m[2m=[0m272 [3mtools_tokens_est[0m[2m=[0m850 [3mhistory_tokens_est[0m[2m=[0m25 [3mtotal_tokens_est[0m[2m=[0m1148 [3mmessage_count[0m[2m=[0m1
-> ollama:qwen2.5:3b :: no_tool_subtraction (rep 1/5)
[2m2026-07-11T11:42:41.737414Z[0m [32m INFO[0m [1mturn[0m[1m{[0m[3msession[0m[2m=[0m11d805fa-cac8-4bda-9028-b62a3417afa9[1m}[0m[2m:[0m [2mbraze_engine::hooks[0m[2m:[0m prompt budget breakdown (PromptBudgetAuditHook) [3msystem_tokens_est[0m[2m=[0m270 [3mtools_tokens_est[0m[2m=[0m850 [3mhistory_tokens_est[0m[2m=[0m21 [3mtotal_tokens_est[0m[2m=[0m1142 [3mmessage_count[0m[2m=[0m1
-> ollama:qwen2.5:3b :: no_tool_subtraction (rep 2/5)
[2m2026-07-11T11:42:42.432600Z[0m [32m INFO[0m [1mturn[0m[1m{[0m[3msession[0m[2m=[0m1b3b5eee-0127-4bdb-af56-71c55b2008c6[1m}[0m[2m:[0m [2mbraze_engine::hooks[0m[2m:[0m prompt budget breakdown (PromptBudgetAuditHook) [3msystem_tokens_est[0m[2m=[0m270 [3mtools_tokens_est[0m[2m=[0m850 [3mhistory_tokens_est[0m[2m=[0m21 [3mtotal_tokens_est[0m[2m=[0m1142 [3mmessage_count[0m[2m=[0m1
-> ollama:qwen2.5:3b :: no_tool_subtraction (rep 3/5)
[2m2026-07-11T11:42:43.137979Z[0m [32m INFO[0m [1mturn[0m[1m{[0m[3msession[0m[2m=[0md08cc44d-4761-4ad1-a287-3cdd6a7eae0d[1m}[0m[2m:[0m [2mbraze_engine::hooks[0m[2m:[0m prompt budget breakdown (PromptBudgetAuditHook) [3msystem_tokens_est[0m[2m=[0m270 [3mtools_tokens_est[0m[2m=[0m850 [3mhistory_tokens_est[0m[2m=[0m21 [3mtotal_tokens_est[0m[2m=[0m1142 [3mmessage_count[0m[2m=[0m1
-> ollama:qwen2.5:3b :: no_tool_subtraction (rep 4/5)
[2m2026-07-11T11:42:43.915781Z[0m [32m INFO[0m [1mturn[0m[1m{[0m[3msession[0m[2m=[0m810a51d5-8886-4ba4-921e-7ab9d0130251[1m}[0m[2m:[0m [2mbraze_engine::hooks[0m[2m:[0m prompt budget breakdown (PromptBudgetAuditHook) [3msystem_tokens_est[0m[2m=[0m270 [3mtools_tokens_est[0m[2m=[0m850 [3mhistory_tokens_est[0m[2m=[0m21 [3mtotal_tokens_est[0m[2m=[0m1142 [3mmessage_count[0m[2m=[0m1
-> ollama:qwen2.5:3b :: no_tool_subtraction (rep 5/5)
[2m2026-07-11T11:42:44.563837Z[0m [32m INFO[0m [1mturn[0m[1m{[0m[3msession[0m[2m=[0m4b1d5b98-d851-4968-ab3a-990042866508[1m}[0m[2m:[0m [2mbraze_engine::hooks[0m[2m:[0m prompt budget breakdown (PromptBudgetAuditHook) [3msystem_tokens_est[0m[2m=[0m270 [3mtools_tokens_est[0m[2m=[0m850 [3mhistory_tokens_est[0m[2m=[0m21 [3mtotal_tokens_est[0m[2m=[0m1142 [3mmessage_count[0m[2m=[0m1
-> ollama:qwen2.5:3b :: multi_step_sum_two_files (rep 1/5)
[2m2026-07-11T11:42:45.212512Z[0m [32m INFO[0m [1mturn[0m[1m{[0m[3msession[0m[2m=[0m49897a21-4b9f-4127-9e6b-24b7d96ea130[1m}[0m[2m:[0m [2mbraze_engine::hooks[0m[2m:[0m prompt budget breakdown (PromptBudgetAuditHook) [3msystem_tokens_est[0m[2m=[0m272 [3mtools_tokens_est[0m[2m=[0m850 [3mhistory_tokens_est[0m[2m=[0m49 [3mtotal_tokens_est[0m[2m=[0m1172 [3mmessage_count[0m[2m=[0m1
[2m2026-07-11T11:42:48.804259Z[0m [33m WARN[0m [1mturn[0m[1m{[0m[3msession[0m[2m=[0m49897a21-4b9f-4127-9e6b-24b7d96ea130[1m}[0m[2m:[0m [2mbraze_engine::engine[0m[2m:[0m tool call arguments failed schema validation before dispatch [3mtool[0m[2m=[0mgrep [3mattempt[0m[2m=[0m1 [3merror[0m[2m=[0mAdditional properties are not allowed ('command' was unexpected)
[2m2026-07-11T11:42:48.815658Z[0m [32m INFO[0m [1mturn[0m[1m{[0m[3msession[0m[2m=[0m49897a21-4b9f-4127-9e6b-24b7d96ea130[1m}[0m[2m:[0m [2mbraze_engine::hooks[0m[2m:[0m prompt budget breakdown (PromptBudgetAuditHook) [3msystem_tokens_est[0m[2m=[0m272 [3mtools_tokens_est[0m[2m=[0m850 [3mhistory_tokens_est[0m[2m=[0m293 [3mtotal_tokens_est[0m[2m=[0m1416 [3mmessage_count[0m[2m=[0m5
-> ollama:qwen2.5:3b :: multi_step_sum_two_files (rep 2/5)
[2m2026-07-11T11:42:51.219257Z[0m [32m INFO[0m [1mturn[0m[1m{[0m[3msession[0m[2m=[0m1cebc218-f7a3-4128-a05a-336ff8d78e5f[1m}[0m[2m:[0m [2mbraze_engine::hooks[0m[2m:[0m prompt budget breakdown (PromptBudgetAuditHook) [3msystem_tokens_est[0m[2m=[0m272 [3mtools_tokens_est[0m[2m=[0m850 [3mhistory_tokens_est[0m[2m=[0m49 [3mtotal_tokens_est[0m[2m=[0m1172 [3mmessage_count[0m[2m=[0m1
[2m2026-07-11T11:42:54.296303Z[0m [33m WARN[0m [1mturn[0m[1m{[0m[3msession[0m[2m=[0m1cebc218-f7a3-4128-a05a-336ff8d78e5f[1m}[0m[2m:[0m [2mbraze_engine::engine[0m[2m:[0m tool call arguments failed schema validation before dispatch [3mtool[0m[2m=[0mgrep [3mattempt[0m[2m=[0m1 [3merror[0m[2m=[0mAdditional properties are not allowed ('command' was unexpected)
[2m2026-07-11T11:42:54.301857Z[0m [32m INFO[0m [1mturn[0m[1m{[0m[3msession[0m[2m=[0m1cebc218-f7a3-4128-a05a-336ff8d78e5f[1m}[0m[2m:[0m [2mbraze_engine::hooks[0m[2m:[0m prompt budget breakdown (PromptBudgetAuditHook) [3msystem_tokens_est[0m[2m=[0m272 [3mtools_tokens_est[0m[2m=[0m850 [3mhistory_tokens_est[0m[2m=[0m254 [3mtotal_tokens_est[0m[2m=[0m1377 [3mmessage_count[0m[2m=[0m3
[2m2026-07-11T11:42:56.636634Z[0m [33m WARN[0m [1mturn[0m[1m{[0m[3msession[0m[2m=[0m1cebc218-f7a3-4128-a05a-336ff8d78e5f[1m}[0m[2m:[0m [2mbraze_engine::engine[0m[2m:[0m model repeated an identical tool call this turn; nudging instead of re-dispatching [3mtool[0m[2m=[0mgrep
[2m2026-07-11T11:42:56.642091Z[0m [33m WARN[0m [1mturn[0m[1m{[0m[3msession[0m[2m=[0m1cebc218-f7a3-4128-a05a-336ff8d78e5f[1m}[0m[2m:[0m [2mbraze_engine::engine[0m[2m:[0m model repeated an identical tool call this turn; nudging instead of re-dispatching [3mtool[0m[2m=[0mwrite_file
[2m2026-07-11T11:42:56.648930Z[0m [32m INFO[0m [1mturn[0m[1m{[0m[3msession[0m[2m=[0m1cebc218-f7a3-4128-a05a-336ff8d78e5f[1m}[0m[2m:[0m [2mbraze_engine::hooks[0m[2m:[0m prompt budget breakdown (PromptBudgetAuditHook) [3msystem_tokens_est[0m[2m=[0m272 [3mtools_tokens_est[0m[2m=[0m850 [3mhistory_tokens_est[0m[2m=[0m396 [3mtotal_tokens_est[0m[2m=[0m1519 [3mmessage_count[0m[2m=[0m7
[2m2026-07-11T11:43:00.193413Z[0m [32m INFO[0m [1mturn[0m[1m{[0m[3msession[0m[2m=[0m1cebc218-f7a3-4128-a05a-336ff8d78e5f[1m}[0m[2m:[0m [2mbraze_engine::hooks[0m[2m:[0m prompt budget breakdown (PromptBudgetAuditHook) [3msystem_tokens_est[0m[2m=[0m272 [3mtools_tokens_est[0m[2m=[0m850 [3mhistory_tokens_est[0m[2m=[0m540 [3mtotal_tokens_est[0m[2m=[0m1662 [3mmessage_count[0m[2m=[0m13
[2m2026-07-11T11:43:02.355390Z[0m [32m INFO[0m [1mturn[0m[1m{[0m[3msession[0m[2m=[0m1cebc218-f7a3-4128-a05a-336ff8d78e5f[1m}[0m[2m:[0m [2mbraze_engine::hooks[0m[2m:[0m prompt budget breakdown (PromptBudgetAuditHook) [3msystem_tokens_est[0m[2m=[0m272 [3mtools_tokens_est[0m[2m=[0m850 [3mhistory_tokens_est[0m[2m=[0m601 [3mtotal_tokens_est[0m[2m=[0m1724 [3mmessage_count[0m[2m=[0m13
-> ollama:qwen2.5:3b :: multi_step_sum_two_files (rep 3/5)
[2m2026-07-11T11:43:04.560965Z[0m [32m INFO[0m [1mturn[0m[1m{[0m[3msession[0m[2m=[0mb8c693c7-21b4-40df-945b-7546310faa8a[1m}[0m[2m:[0m [2mbraze_engine::hooks[0m[2m:[0m prompt budget breakdown (PromptBudgetAuditHook) [3msystem_tokens_est[0m[2m=[0m272 [3mtools_tokens_est[0m[2m=[0m850 [3mhistory_tokens_est[0m[2m=[0m49 [3mtotal_tokens_est[0m[2m=[0m1172 [3mmessage_count[0m[2m=[0m1
[2m2026-07-11T11:43:09.815593Z[0m [33m WARN[0m [1mturn[0m[1m{[0m[3msession[0m[2m=[0mb8c693c7-21b4-40df-945b-7546310faa8a[1m}[0m[2m:[0m [2mbraze_engine::engine[0m[2m:[0m tool call arguments failed schema validation before dispatch [3mtool[0m[2m=[0mgrep [3mattempt[0m[2m=[0m1 [3merror[0m[2m=[0mAdditional properties are not allowed ('command' was unexpected)
[2m2026-07-11T11:43:09.827034Z[0m [33m WARN[0m [1mturn[0m[1m{[0m[3msession[0m[2m=[0mb8c693c7-21b4-40df-945b-7546310faa8a[1m}[0m[2m:[0m [2mbraze_engine::engine[0m[2m:[0m tool call arguments failed schema validation before dispatch [3mtool[0m[2m=[0mgrep [3mattempt[0m[2m=[0m2 [3merror[0m[2m=[0mAdditional properties are not allowed ('content' was unexpected)
[2m2026-07-11T11:43:09.837794Z[0m [32m INFO[0m [1mturn[0m[1m{[0m[3msession[0m[2m=[0mb8c693c7-21b4-40df-945b-7546310faa8a[1m}[0m[2m:[0m [2mbraze_engine::hooks[0m[2m:[0m prompt budget breakdown (PromptBudgetAuditHook) [3msystem_tokens_est[0m[2m=[0m272 [3mtools_tokens_est[0m[2m=[0m850 [3mhistory_tokens_est[0m[2m=[0m352 [3mtotal_tokens_est[0m[2m=[0m1475 [3mmessage_count[0m[2m=[0m5
[2m2026-07-11T11:43:12.075024Z[0m [33m WARN[0m [1mturn[0m[1m{[0m[3msession[0m[2m=[0mb8c693c7-21b4-40df-945b-7546310faa8a[1m}[0m[2m:[0m [2mbraze_engine::engine[0m[2m:[0m model repeated an identical tool call this turn; nudging instead of re-dispatching [3mtool[0m[2m=[0mread_file
[2m2026-07-11T11:43:12.082949Z[0m [33m WARN[0m [1mturn[0m[1m{[0m[3msession[0m[2m=[0mb8c693c7-21b4-40df-945b-7546310faa8a[1m}[0m[2m:[0m [2mbraze_engine::engine[0m[2m:[0m model repeated an identical tool call this turn; nudging instead of re-dispatching [3mtool[0m[2m=[0mshell_exec
[2m2026-07-11T11:43:12.093441Z[0m [32m INFO[0m [1mturn[0m[1m{[0m[3msession[0m[2m=[0mb8c693c7-21b4-40df-945b-7546310faa8a[1m}[0m[2m:[0m [2mbraze_engine::hooks[0m[2m:[0m prompt budget breakdown (PromptBudgetAuditHook) [3msystem_tokens_est[0m[2m=[0m272 [3mtools_tokens_est[0m[2m=[0m850 [3mhistory_tokens_est[0m[2m=[0m462 [3mtotal_tokens_est[0m[2m=[0m1584 [3mmessage_count[0m[2m=[0m12
-> ollama:qwen2.5:3b :: multi_step_sum_two_files (rep 4/5)
[2m2026-07-11T11:43:14.421562Z[0m [32m INFO[0m [1mturn[0m[1m{[0m[3msession[0m[2m=[0m9e960bf5-8e76-4d46-af03-cbec2c198a3a[1m}[0m[2m:[0m [2mbraze_engine::hooks[0m[2m:[0m prompt budget breakdown (PromptBudgetAuditHook) [3msystem_tokens_est[0m[2m=[0m272 [3mtools_tokens_est[0m[2m=[0m850 [3mhistory_tokens_est[0m[2m=[0m49 [3mtotal_tokens_est[0m[2m=[0m1172 [3mmessage_count[0m[2m=[0m1
[2m2026-07-11T11:43:17.447298Z[0m [32m INFO[0m [1mturn[0m[1m{[0m[3msession[0m[2m=[0m9e960bf5-8e76-4d46-af03-cbec2c198a3a[1m}[0m[2m:[0m [2mbraze_engine::hooks[0m[2m:[0m prompt budget breakdown (PromptBudgetAuditHook) [3msystem_tokens_est[0m[2m=[0m272 [3mtools_tokens_est[0m[2m=[0m850 [3mhistory_tokens_est[0m[2m=[0m240 [3mtotal_tokens_est[0m[2m=[0m1363 [3mmessage_count[0m[2m=[0m3
[2m2026-07-11T11:43:20.261420Z[0m [33m WARN[0m [1mturn[0m[1m{[0m[3msession[0m[2m=[0m9e960bf5-8e76-4d46-af03-cbec2c198a3a[1m}[0m[2m:[0m [2mbraze_engine::engine[0m[2m:[0m model repeated an identical tool call this turn; nudging instead of re-dispatching [3mtool[0m[2m=[0mread_file
[2m2026-07-11T11:43:20.264807Z[0m [33m WARN[0m [1mturn[0m[1m{[0m[3msession[0m[2m=[0m9e960bf5-8e76-4d46-af03-cbec2c198a3a[1m}[0m[2m:[0m [2mbraze_engine::engine[0m[2m:[0m model repeated an identical tool call this turn; nudging instead of re-dispatching [3mtool[0m[2m=[0mread_file
[2m2026-07-11T11:43:20.268317Z[0m [32m INFO[0m [1mturn[0m[1m{[0m[3msession[0m[2m=[0m9e960bf5-8e76-4d46-af03-cbec2c198a3a[1m}[0m[2m:[0m [2mbraze_engine::hooks[0m[2m:[0m prompt budget breakdown (PromptBudgetAuditHook) [3msystem_tokens_est[0m[2m=[0m272 [3mtools_tokens_est[0m[2m=[0m850 [3mhistory_tokens_est[0m[2m=[0m465 [3mtotal_tokens_est[0m[2m=[0m1588 [3mmessage_count[0m[2m=[0m8
-> ollama:qwen2.5:3b :: multi_step_sum_two_files (rep 5/5)
[2m2026-07-11T11:43:23.087554Z[0m [32m INFO[0m [1mturn[0m[1m{[0m[3msession[0m[2m=[0m4d0e6b58-2472-4857-a2a8-77c27674adda[1m}[0m[2m:[0m [2mbraze_engine::hooks[0m[2m:[0m prompt budget breakdown (PromptBudgetAuditHook) [3msystem_tokens_est[0m[2m=[0m272 [3mtools_tokens_est[0m[2m=[0m850 [3mhistory_tokens_est[0m[2m=[0m49 [3mtotal_tokens_est[0m[2m=[0m1172 [3mmessage_count[0m[2m=[0m1
[2m2026-07-11T11:43:27.105392Z[0m [33m WARN[0m [1mturn[0m[1m{[0m[3msession[0m[2m=[0m4d0e6b58-2472-4857-a2a8-77c27674adda[1m}[0m[2m:[0m [2mbraze_engine::engine[0m[2m:[0m tool call arguments failed schema validation before dispatch [3mtool[0m[2m=[0mgrep [3mattempt[0m[2m=[0m1 [3merror[0m[2m=[0mAdditional properties are not allowed ('command' was unexpected)
[2m2026-07-11T11:43:27.118859Z[0m [32m INFO[0m [1mturn[0m[1m{[0m[3msession[0m[2m=[0m4d0e6b58-2472-4857-a2a8-77c27674adda[1m}[0m[2m:[0m [2mbraze_engine::hooks[0m[2m:[0m prompt budget breakdown (PromptBudgetAuditHook) [3msystem_tokens_est[0m[2m=[0m272 [3mtools_tokens_est[0m[2m=[0m850 [3mhistory_tokens_est[0m[2m=[0m319 [3mtotal_tokens_est[0m[2m=[0m1442 [3mmessage_count[0m[2m=[0m5
[2m2026-07-11T11:43:28.748033Z[0m [32m INFO[0m [1mturn[0m[1m{[0m[3msession[0m[2m=[0m4d0e6b58-2472-4857-a2a8-77c27674adda[1m}[0m[2m:[0m [2mbraze_engine::hooks[0m[2m:[0m prompt budget breakdown (PromptBudgetAuditHook) [3msystem_tokens_est[0m[2m=[0m272 [3mtools_tokens_est[0m[2m=[0m850 [3mhistory_tokens_est[0m[2m=[0m316 [3mtotal_tokens_est[0m[2m=[0m1439 [3mmessage_count[0m[2m=[0m8
[2m2026-07-11T11:43:30.907737Z[0m [32m INFO[0m [1mturn[0m[1m{[0m[3msession[0m[2m=[0m4d0e6b58-2472-4857-a2a8-77c27674adda[1m}[0m[2m:[0m [2mbraze_engine::hooks[0m[2m:[0m prompt budget breakdown (PromptBudgetAuditHook) [3msystem_tokens_est[0m[2m=[0m272 [3mtools_tokens_est[0m[2m=[0m850 [3mhistory_tokens_est[0m[2m=[0m458 [3mtotal_tokens_est[0m[2m=[0m1581 [3mmessage_count[0m[2m=[0m10
[2m2026-07-11T11:43:33.646684Z[0m [32m INFO[0m [1mturn[0m[1m{[0m[3msession[0m[2m=[0m4d0e6b58-2472-4857-a2a8-77c27674adda[1m}[0m[2m:[0m [2mbraze_engine::hooks[0m[2m:[0m prompt budget breakdown (PromptBudgetAuditHook) [3msystem_tokens_est[0m[2m=[0m272 [3mtools_tokens_est[0m[2m=[0m850 [3mhistory_tokens_est[0m[2m=[0m577 [3mtotal_tokens_est[0m[2m=[0m1700 [3mmessage_count[0m[2m=[0m13
-> ollama:qwen2.5:3b :: multi_step_multiply_and_write (rep 1/5)
[2m2026-07-11T11:43:34.652417Z[0m [32m INFO[0m [1mturn[0m[1m{[0m[3msession[0m[2m=[0mb6e9bb2b-89d1-46ef-b504-5d2cdae9f071[1m}[0m[2m:[0m [2mbraze_engine::hooks[0m[2m:[0m prompt budget breakdown (PromptBudgetAuditHook) [3msystem_tokens_est[0m[2m=[0m273 [3mtools_tokens_est[0m[2m=[0m850 [3mhistory_tokens_est[0m[2m=[0m53 [3mtotal_tokens_est[0m[2m=[0m1177 [3mmessage_count[0m[2m=[0m1
[2m2026-07-11T11:43:37.018437Z[0m [33m WARN[0m [1mturn[0m[1m{[0m[3msession[0m[2m=[0mb6e9bb2b-89d1-46ef-b504-5d2cdae9f071[1m}[0m[2m:[0m [2mbraze_engine::engine[0m[2m:[0m tool call arguments failed schema validation before dispatch [3mtool[0m[2m=[0mshell_exec [3mattempt[0m[2m=[0m1 [3merror[0m[2m=[0mAdditional properties are not allowed ('content' was unexpected)
[2m2026-07-11T11:43:37.025251Z[0m [32m INFO[0m [1mturn[0m[1m{[0m[3msession[0m[2m=[0mb6e9bb2b-89d1-46ef-b504-5d2cdae9f071[1m}[0m[2m:[0m [2mbraze_engine::hooks[0m[2m:[0m prompt budget breakdown (PromptBudgetAuditHook) [3msystem_tokens_est[0m[2m=[0m273 [3mtools_tokens_est[0m[2m=[0m850 [3mhistory_tokens_est[0m[2m=[0m194 [3mtotal_tokens_est[0m[2m=[0m1318 [3mmessage_count[0m[2m=[0m3
[2m2026-07-11T11:43:37.892639Z[0m [33m WARN[0m [1mturn[0m[1m{[0m[3msession[0m[2m=[0mb6e9bb2b-89d1-46ef-b504-5d2cdae9f071[1m}[0m[2m:[0m [2mbraze_engine::engine[0m[2m:[0m tool call arguments failed schema validation before dispatch [3mtool[0m[2m=[0mshell_exec [3mattempt[0m[2m=[0m2 [3merror[0m[2m=[0mAdditional properties are not allowed ('path' was unexpected)
[2m2026-07-11T11:43:37.896161Z[0m [32m INFO[0m [1mturn[0m[1m{[0m[3msession[0m[2m=[0mb6e9bb2b-89d1-46ef-b504-5d2cdae9f071[1m}[0m[2m:[0m [2mbraze_engine::hooks[0m[2m:[0m prompt budget breakdown (PromptBudgetAuditHook) [3msystem_tokens_est[0m[2m=[0m273 [3mtools_tokens_est[0m[2m=[0m850 [3mhistory_tokens_est[0m[2m=[0m262 [3mtotal_tokens_est[0m[2m=[0m1386 [3mmessage_count[0m[2m=[0m5
[2m2026-07-11T11:43:38.671852Z[0m [32m INFO[0m [1mturn[0m[1m{[0m[3msession[0m[2m=[0mb6e9bb2b-89d1-46ef-b504-5d2cdae9f071[1m}[0m[2m:[0m [2mbraze_engine::hooks[0m[2m:[0m prompt budget breakdown (PromptBudgetAuditHook) [3msystem_tokens_est[0m[2m=[0m273 [3mtools_tokens_est[0m[2m=[0m850 [3mhistory_tokens_est[0m[2m=[0m305 [3mtotal_tokens_est[0m[2m=[0m1429 [3mmessage_count[0m[2m=[0m7
-> ollama:qwen2.5:3b :: multi_step_multiply_and_write (rep 2/5)
[2m2026-07-11T11:43:39.123001Z[0m [32m INFO[0m [1mturn[0m[1m{[0m[3msession[0m[2m=[0mcdc65c4c-8b53-4095-b0e6-7c367b68d505[1m}[0m[2m:[0m [2mbraze_engine::hooks[0m[2m:[0m prompt budget breakdown (PromptBudgetAuditHook) [3msystem_tokens_est[0m[2m=[0m273 [3mtools_tokens_est[0m[2m=[0m850 [3mhistory_tokens_est[0m[2m=[0m53 [3mtotal_tokens_est[0m[2m=[0m1177 [3mmessage_count[0m[2m=[0m1
[2m2026-07-11T11:43:40.930571Z[0m [33m WARN[0m [1mturn[0m[1m{[0m[3msession[0m[2m=[0mcdc65c4c-8b53-4095-b0e6-7c367b68d505[1m}[0m[2m:[0m [2mbraze_engine::engine[0m[2m:[0m tool call arguments failed schema validation before dispatch [3mtool[0m[2m=[0mshell_exec [3mattempt[0m[2m=[0m1 [3merror[0m[2m=[0m3 is not of type "string"
[2m2026-07-11T11:43:40.935341Z[0m [32m INFO[0m [1mturn[0m[1m{[0m[3msession[0m[2m=[0mcdc65c4c-8b53-4095-b0e6-7c367b68d505[1m}[0m[2m:[0m [2mbraze_engine::hooks[0m[2m:[0m prompt budget breakdown (PromptBudgetAuditHook) [3msystem_tokens_est[0m[2m=[0m273 [3mtools_tokens_est[0m[2m=[0m850 [3mhistory_tokens_est[0m[2m=[0m191 [3mtotal_tokens_est[0m[2m=[0m1315 [3mmessage_count[0m[2m=[0m3
[2m2026-07-11T11:43:41.706682Z[0m [32m INFO[0m [1mturn[0m[1m{[0m[3msession[0m[2m=[0mcdc65c4c-8b53-4095-b0e6-7c367b68d505[1m}[0m[2m:[0m [2mbraze_engine::hooks[0m[2m:[0m prompt budget breakdown (PromptBudgetAuditHook) [3msystem_tokens_est[0m[2m=[0m273 [3mtools_tokens_est[0m[2m=[0m850 [3mhistory_tokens_est[0m[2m=[0m228 [3mtotal_tokens_est[0m[2m=[0m1352 [3mmessage_count[0m[2m=[0m5
-> ollama:qwen2.5:3b :: multi_step_multiply_and_write (rep 3/5)
[2m2026-07-11T11:43:42.707978Z[0m [32m INFO[0m [1mturn[0m[1m{[0m[3msession[0m[2m=[0me7de1561-54f7-494d-a80b-00aa9f45c179[1m}[0m[2m:[0m [2mbraze_engine::hooks[0m[2m:[0m prompt budget breakdown (PromptBudgetAuditHook) [3msystem_tokens_est[0m[2m=[0m273 [3mtools_tokens_est[0m[2m=[0m850 [3mhistory_tokens_est[0m[2m=[0m53 [3mtotal_tokens_est[0m[2m=[0m1177 [3mmessage_count[0m[2m=[0m1
[2m2026-07-11T11:43:44.959456Z[0m [33m WARN[0m [1mturn[0m[1m{[0m[3msession[0m[2m=[0me7de1561-54f7-494d-a80b-00aa9f45c179[1m}[0m[2m:[0m [2mbraze_engine::engine[0m[2m:[0m tool call arguments failed schema validation before dispatch [3mtool[0m[2m=[0mshell_exec [3mattempt[0m[2m=[0m1 [3merror[0m[2m=[0mAdditional properties are not allowed ('content' was unexpected)
[2m2026-07-11T11:43:44.963762Z[0m [32m INFO[0m [1mturn[0m[1m{[0m[3msession[0m[2m=[0me7de1561-54f7-494d-a80b-00aa9f45c179[1m}[0m[2m:[0m [2mbraze_engine::hooks[0m[2m:[0m prompt budget breakdown (PromptBudgetAuditHook) [3msystem_tokens_est[0m[2m=[0m273 [3mtools_tokens_est[0m[2m=[0m850 [3mhistory_tokens_est[0m[2m=[0m196 [3mtotal_tokens_est[0m[2m=[0m1320 [3mmessage_count[0m[2m=[0m3
[2m2026-07-11T11:43:45.865089Z[0m [33m WARN[0m [1mturn[0m[1m{[0m[3msession[0m[2m=[0me7de1561-54f7-494d-a80b-00aa9f45c179[1m}[0m[2m:[0m [2mbraze_engine::engine[0m[2m:[0m tool call arguments failed schema validation before dispatch [3mtool[0m[2m=[0mshell_exec [3mattempt[0m[2m=[0m2 [3merror[0m[2m=[0mAdditional properties are not allowed ('path' was unexpected)
[2m2026-07-11T11:43:45.867752Z[0m [32m INFO[0m [1mturn[0m[1m{[0m[3msession[0m[2m=[0me7de1561-54f7-494d-a80b-00aa9f45c179[1m}[0m[2m:[0m [2mbraze_engine::hooks[0m[2m:[0m prompt budget breakdown (PromptBudgetAuditHook) [3msystem_tokens_est[0m[2m=[0m273 [3mtools_tokens_est[0m[2m=[0m850 [3mhistory_tokens_est[0m[2m=[0m267 [3mtotal_tokens_est[0m[2m=[0m1391 [3mmessage_count[0m[2m=[0m5
[2m2026-07-11T11:43:46.715345Z[0m [33m WARN[0m [1mturn[0m[1m{[0m[3msession[0m[2m=[0me7de1561-54f7-494d-a80b-00aa9f45c179[1m}[0m[2m:[0m [2mbraze_engine::engine[0m[2m:[0m model repeated an identical tool call this turn; nudging instead of re-dispatching [3mtool[0m[2m=[0mshell_exec
[2m2026-07-11T11:43:46.718179Z[0m [32m INFO[0m [1mturn[0m[1m{[0m[3msession[0m[2m=[0me7de1561-54f7-494d-a80b-00aa9f45c179[1m}[0m[2m:[0m [2mbraze_engine::hooks[0m[2m:[0m prompt budget breakdown (PromptBudgetAuditHook) [3msystem_tokens_est[0m[2m=[0m273 [3mtools_tokens_est[0m[2m=[0m850 [3mhistory_tokens_est[0m[2m=[0m348 [3mtotal_tokens_est[0m[2m=[0m1472 [3mmessage_count[0m[2m=[0m7
[2m2026-07-11T11:43:47.957320Z[0m [33m WARN[0m [1mturn[0m[1m{[0m[3msession[0m[2m=[0me7de1561-54f7-494d-a80b-00aa9f45c179[1m}[0m[2m:[0m [2mbraze_engine::engine[0m[2m:[0m model repeated an identical tool call this turn; nudging instead of re-dispatching [3mtool[0m[2m=[0mread_file
[2m2026-07-11T11:43:47.962885Z[0m [33m WARN[0m [1mturn[0m[1m{[0m[3msession[0m[2m=[0me7de1561-54f7-494d-a80b-00aa9f45c179[1m}[0m[2m:[0m [2mbraze_engine::engine[0m[2m:[0m model repeated an identical tool call this turn; nudging instead of re-dispatching [3mtool[0m[2m=[0mshell_exec
[2m2026-07-11T11:43:47.967647Z[0m [32m INFO[0m [1mturn[0m[1m{[0m[3msession[0m[2m=[0me7de1561-54f7-494d-a80b-00aa9f45c179[1m}[0m[2m:[0m [2mbraze_engine::hooks[0m[2m:[0m prompt budget breakdown (PromptBudgetAuditHook) [3msystem_tokens_est[0m[2m=[0m273 [3mtools_tokens_est[0m[2m=[0m850 [3mhistory_tokens_est[0m[2m=[0m452 [3mtotal_tokens_est[0m[2m=[0m1576 [3mmessage_count[0m[2m=[0m11
[2m2026-07-11T11:43:49.949110Z[0m [32m INFO[0m [1mturn[0m[1m{[0m[3msession[0m[2m=[0me7de1561-54f7-494d-a80b-00aa9f45c179[1m}[0m[2m:[0m [2mbraze_engine::hooks[0m[2m:[0m prompt budget breakdown (PromptBudgetAuditHook) [3msystem_tokens_est[0m[2m=[0m273 [3mtools_tokens_est[0m[2m=[0m850 [3mhistory_tokens_est[0m[2m=[0m545 [3mtotal_tokens_est[0m[2m=[0m1669 [3mmessage_count[0m[2m=[0m14
-> ollama:qwen2.5:3b :: multi_step_multiply_and_write (rep 4/5)
[2m2026-07-11T11:43:51.095939Z[0m [32m INFO[0m [1mturn[0m[1m{[0m[3msession[0m[2m=[0m4b882d61-47e0-48d6-b041-55841a6e2dbe[1m}[0m[2m:[0m [2mbraze_engine::hooks[0m[2m:[0m prompt budget breakdown (PromptBudgetAuditHook) [3msystem_tokens_est[0m[2m=[0m273 [3mtools_tokens_est[0m[2m=[0m850 [3mhistory_tokens_est[0m[2m=[0m53 [3mtotal_tokens_est[0m[2m=[0m1177 [3mmessage_count[0m[2m=[0m1
[2m2026-07-11T11:43:52.141381Z[0m [32m INFO[0m [1mturn[0m[1m{[0m[3msession[0m[2m=[0m4b882d61-47e0-48d6-b041-55841a6e2dbe[1m}[0m[2m:[0m [2mbraze_engine::hooks[0m[2m:[0m prompt budget breakdown (PromptBudgetAuditHook) [3msystem_tokens_est[0m[2m=[0m273 [3mtools_tokens_est[0m[2m=[0m850 [3mhistory_tokens_est[0m[2m=[0m61 [3mtotal_tokens_est[0m[2m=[0m1185 [3mmessage_count[0m[2m=[0m3
[2m2026-07-11T11:43:52.848242Z[0m [32m INFO[0m [1mturn[0m[1m{[0m[3msession[0m[2m=[0m4b882d61-47e0-48d6-b041-55841a6e2dbe[1m}[0m[2m:[0m [2mbraze_engine::hooks[0m[2m:[0m prompt budget breakdown (PromptBudgetAuditHook) [3msystem_tokens_est[0m[2m=[0m273 [3mtools_tokens_est[0m[2m=[0m850 [3mhistory_tokens_est[0m[2m=[0m98 [3mtotal_tokens_est[0m[2m=[0m1222 [3mmessage_count[0m[2m=[0m5
-> ollama:qwen2.5:3b :: multi_step_multiply_and_write (rep 5/5)
[2m2026-07-11T11:43:53.752534Z[0m [32m INFO[0m [1mturn[0m[1m{[0m[3msession[0m[2m=[0me9bb7e24-9669-4ba6-b64e-bd8394c77454[1m}[0m[2m:[0m [2mbraze_engine::hooks[0m[2m:[0m prompt budget breakdown (PromptBudgetAuditHook) [3msystem_tokens_est[0m[2m=[0m273 [3mtools_tokens_est[0m[2m=[0m850 [3mhistory_tokens_est[0m[2m=[0m53 [3mtotal_tokens_est[0m[2m=[0m1177 [3mmessage_count[0m[2m=[0m1
[2m2026-07-11T11:43:54.804108Z[0m [32m INFO[0m [1mturn[0m[1m{[0m[3msession[0m[2m=[0me9bb7e24-9669-4ba6-b64e-bd8394c77454[1m}[0m[2m:[0m [2mbraze_engine::hooks[0m[2m:[0m prompt budget breakdown (PromptBudgetAuditHook) [3msystem_tokens_est[0m[2m=[0m273 [3mtools_tokens_est[0m[2m=[0m850 [3mhistory_tokens_est[0m[2m=[0m61 [3mtotal_tokens_est[0m[2m=[0m1185 [3mmessage_count[0m[2m=[0m3
[2m2026-07-11T11:43:55.481796Z[0m [32m INFO[0m [1mturn[0m[1m{[0m[3msession[0m[2m=[0me9bb7e24-9669-4ba6-b64e-bd8394c77454[1m}[0m[2m:[0m [2mbraze_engine::hooks[0m[2m:[0m prompt budget breakdown (PromptBudgetAuditHook) [3msystem_tokens_est[0m[2m=[0m273 [3mtools_tokens_est[0m[2m=[0m850 [3mhistory_tokens_est[0m[2m=[0m80 [3mtotal_tokens_est[0m[2m=[0m1204 [3mmessage_count[0m[2m=[0m5
[2m2026-07-11T11:43:56.243575Z[0m [32m INFO[0m [1mturn[0m[1m{[0m[3msession[0m[2m=[0me9bb7e24-9669-4ba6-b64e-bd8394c77454[1m}[0m[2m:[0m [2mbraze_engine::hooks[0m[2m:[0m prompt budget breakdown (PromptBudgetAuditHook) [3msystem_tokens_est[0m[2m=[0m273 [3mtools_tokens_est[0m[2m=[0m850 [3mhistory_tokens_est[0m[2m=[0m117 [3mtotal_tokens_est[0m[2m=[0m1241 [3mmessage_count[0m[2m=[0m7
-> ollama:qwen2.5:3b :: error_recovery_wrong_config_extension (rep 1/5)
[2m2026-07-11T11:43:57.244197Z[0m [32m INFO[0m [1mturn[0m[1m{[0m[3msession[0m[2m=[0m944361aa-0a9c-4e16-9b80-37fd03991639[1m}[0m[2m:[0m [2mbraze_engine::hooks[0m[2m:[0m prompt budget breakdown (PromptBudgetAuditHook) [3msystem_tokens_est[0m[2m=[0m275 [3mtools_tokens_est[0m[2m=[0m850 [3mhistory_tokens_est[0m[2m=[0m39 [3mtotal_tokens_est[0m[2m=[0m1165 [3mmessage_count[0m[2m=[0m1
[2m2026-07-11T11:43:58.283526Z[0m [32m INFO[0m [1mturn[0m[1m{[0m[3msession[0m[2m=[0m944361aa-0a9c-4e16-9b80-37fd03991639[1m}[0m[2m:[0m [2mbraze_engine::hooks[0m[2m:[0m prompt budget breakdown (PromptBudgetAuditHook) [3msystem_tokens_est[0m[2m=[0m275 [3mtools_tokens_est[0m[2m=[0m850 [3mhistory_tokens_est[0m[2m=[0m82 [3mtotal_tokens_est[0m[2m=[0m1208 [3mmessage_count[0m[2m=[0m3
-> ollama:qwen2.5:3b :: error_recovery_wrong_config_extension (rep 2/5)
[2m2026-07-11T11:43:59.980480Z[0m [32m INFO[0m [1mturn[0m[1m{[0m[3msession[0m[2m=[0mf2e58960-0900-40b0-8d91-dd5ece559e5a[1m}[0m[2m:[0m [2mbraze_engine::hooks[0m[2m:[0m prompt budget breakdown (PromptBudgetAuditHook) [3msystem_tokens_est[0m[2m=[0m275 [3mtools_tokens_est[0m[2m=[0m850 [3mhistory_tokens_est[0m[2m=[0m39 [3mtotal_tokens_est[0m[2m=[0m1165 [3mmessage_count[0m[2m=[0m1
[2m2026-07-11T11:44:01.089487Z[0m [32m INFO[0m [1mturn[0m[1m{[0m[3msession[0m[2m=[0mf2e58960-0900-40b0-8d91-dd5ece559e5a[1m}[0m[2m:[0m [2mbraze_engine::hooks[0m[2m:[0m prompt budget breakdown (PromptBudgetAuditHook) [3msystem_tokens_est[0m[2m=[0m275 [3mtools_tokens_est[0m[2m=[0m850 [3mhistory_tokens_est[0m[2m=[0m83 [3mtotal_tokens_est[0m[2m=[0m1209 [3mmessage_count[0m[2m=[0m3
[2m2026-07-11T11:44:02.285280Z[0m [32m INFO[0m [1mturn[0m[1m{[0m[3msession[0m[2m=[0mf2e58960-0900-40b0-8d91-dd5ece559e5a[1m}[0m[2m:[0m [2mbraze_engine::hooks[0m[2m:[0m prompt budget breakdown (PromptBudgetAuditHook) [3msystem_tokens_est[0m[2m=[0m275 [3mtools_tokens_est[0m[2m=[0m850 [3mhistory_tokens_est[0m[2m=[0m159 [3mtotal_tokens_est[0m[2m=[0m1285 [3mmessage_count[0m[2m=[0m6
-> ollama:qwen2.5:3b :: error_recovery_wrong_config_extension (rep 3/5)
[2m2026-07-11T11:44:04.590203Z[0m [32m INFO[0m [1mturn[0m[1m{[0m[3msession[0m[2m=[0m3e17bb74-01d2-4328-8bc9-d8d075bd0391[1m}[0m[2m:[0m [2mbraze_engine::hooks[0m[2m:[0m prompt budget breakdown (PromptBudgetAuditHook) [3msystem_tokens_est[0m[2m=[0m275 [3mtools_tokens_est[0m[2m=[0m850 [3mhistory_tokens_est[0m[2m=[0m39 [3mtotal_tokens_est[0m[2m=[0m1165 [3mmessage_count[0m[2m=[0m1
[2m2026-07-11T11:44:05.621688Z[0m [32m INFO[0m [1mturn[0m[1m{[0m[3msession[0m[2m=[0m3e17bb74-01d2-4328-8bc9-d8d075bd0391[1m}[0m[2m:[0m [2mbraze_engine::hooks[0m[2m:[0m prompt budget breakdown (PromptBudgetAuditHook) [3msystem_tokens_est[0m[2m=[0m275 [3mtools_tokens_est[0m[2m=[0m850 [3mhistory_tokens_est[0m[2m=[0m82 [3mtotal_tokens_est[0m[2m=[0m1208 [3mmessage_count[0m[2m=[0m3
-> ollama:qwen2.5:3b :: error_recovery_wrong_config_extension (rep 4/5)
[2m2026-07-11T11:44:06.497320Z[0m [32m INFO[0m [1mturn[0m[1m{[0m[3msession[0m[2m=[0m6ff08dbf-db0b-44b3-9364-8ec51fbf4e04[1m}[0m[2m:[0m [2mbraze_engine::hooks[0m[2m:[0m prompt budget breakdown (PromptBudgetAuditHook) [3msystem_tokens_est[0m[2m=[0m275 [3mtools_tokens_est[0m[2m=[0m850 [3mhistory_tokens_est[0m[2m=[0m39 [3mtotal_tokens_est[0m[2m=[0m1165 [3mmessage_count[0m[2m=[0m1
[2m2026-07-11T11:44:07.552113Z[0m [32m INFO[0m [1mturn[0m[1m{[0m[3msession[0m[2m=[0m6ff08dbf-db0b-44b3-9364-8ec51fbf4e04[1m}[0m[2m:[0m [2mbraze_engine::hooks[0m[2m:[0m prompt budget breakdown (PromptBudgetAuditHook) [3msystem_tokens_est[0m[2m=[0m275 [3mtools_tokens_est[0m[2m=[0m850 [3mhistory_tokens_est[0m[2m=[0m83 [3mtotal_tokens_est[0m[2m=[0m1209 [3mmessage_count[0m[2m=[0m3
-> ollama:qwen2.5:3b :: error_recovery_wrong_config_extension (rep 5/5)
[2m2026-07-11T11:44:08.909910Z[0m [32m INFO[0m [1mturn[0m[1m{[0m[3msession[0m[2m=[0m40a1c24f-7d05-4c4c-a4c3-b80b856b5e9d[1m}[0m[2m:[0m [2mbraze_engine::hooks[0m[2m:[0m prompt budget breakdown (PromptBudgetAuditHook) [3msystem_tokens_est[0m[2m=[0m275 [3mtools_tokens_est[0m[2m=[0m850 [3mhistory_tokens_est[0m[2m=[0m39 [3mtotal_tokens_est[0m[2m=[0m1165 [3mmessage_count[0m[2m=[0m1
[2m2026-07-11T11:44:09.915084Z[0m [32m INFO[0m [1mturn[0m[1m{[0m[3msession[0m[2m=[0m40a1c24f-7d05-4c4c-a4c3-b80b856b5e9d[1m}[0m[2m:[0m [2mbraze_engine::hooks[0m[2m:[0m prompt budget breakdown (PromptBudgetAuditHook) [3msystem_tokens_est[0m[2m=[0m275 [3mtools_tokens_est[0m[2m=[0m850 [3mhistory_tokens_est[0m[2m=[0m82 [3mtotal_tokens_est[0m[2m=[0m1208 [3mmessage_count[0m[2m=[0m3
-> ollama:qwen2.5:3b :: error_recovery_edit_wrong_filename (rep 1/5)
[2m2026-07-11T11:44:11.298347Z[0m [32m INFO[0m [1mturn[0m[1m{[0m[3msession[0m[2m=[0me613a921-3c7f-443c-a956-d9e20b88bd85[1m}[0m[2m:[0m [2mbraze_engine::hooks[0m[2m:[0m prompt budget breakdown (PromptBudgetAuditHook) [3msystem_tokens_est[0m[2m=[0m274 [3mtools_tokens_est[0m[2m=[0m850 [3mhistory_tokens_est[0m[2m=[0m40 [3mtotal_tokens_est[0m[2m=[0m1166 [3mmessage_count[0m[2m=[0m1
[2m2026-07-11T11:44:12.443588Z[0m [32m INFO[0m [1mturn[0m[1m{[0m[3msession[0m[2m=[0me613a921-3c7f-443c-a956-d9e20b88bd85[1m}[0m[2m:[0m [2mbraze_engine::hooks[0m[2m:[0m prompt budget breakdown (PromptBudgetAuditHook) [3msystem_tokens_est[0m[2m=[0m274 [3mtools_tokens_est[0m[2m=[0m850 [3mhistory_tokens_est[0m[2m=[0m76 [3mtotal_tokens_est[0m[2m=[0m1201 [3mmessage_count[0m[2m=[0m3
[2m2026-07-11T11:44:13.465292Z[0m [32m INFO[0m [1mturn[0m[1m{[0m[3msession[0m[2m=[0me613a921-3c7f-443c-a956-d9e20b88bd85[1m}[0m[2m:[0m [2mbraze_engine::hooks[0m[2m:[0m prompt budget breakdown (PromptBudgetAuditHook) [3msystem_tokens_est[0m[2m=[0m274 [3mtools_tokens_est[0m[2m=[0m850 [3mhistory_tokens_est[0m[2m=[0m122 [3mtotal_tokens_est[0m[2m=[0m1247 [3mmessage_count[0m[2m=[0m5
-> ollama:qwen2.5:3b :: error_recovery_edit_wrong_filename (rep 2/5)
[2m2026-07-11T11:44:14.243593Z[0m [32m INFO[0m [1mturn[0m[1m{[0m[3msession[0m[2m=[0m4bab44fe-9acd-4023-b34f-a44cc33df1d3[1m}[0m[2m:[0m [2mbraze_engine::hooks[0m[2m:[0m prompt budget breakdown (PromptBudgetAuditHook) [3msystem_tokens_est[0m[2m=[0m274 [3mtools_tokens_est[0m[2m=[0m850 [3mhistory_tokens_est[0m[2m=[0m40 [3mtotal_tokens_est[0m[2m=[0m1166 [3mmessage_count[0m[2m=[0m1
[2m2026-07-11T11:44:15.372410Z[0m [32m INFO[0m [1mturn[0m[1m{[0m[3msession[0m[2m=[0m4bab44fe-9acd-4023-b34f-a44cc33df1d3[1m}[0m[2m:[0m [2mbraze_engine::hooks[0m[2m:[0m prompt budget breakdown (PromptBudgetAuditHook) [3msystem_tokens_est[0m[2m=[0m274 [3mtools_tokens_est[0m[2m=[0m850 [3mhistory_tokens_est[0m[2m=[0m76 [3mtotal_tokens_est[0m[2m=[0m1201 [3mmessage_count[0m[2m=[0m3
[2m2026-07-11T11:44:16.402497Z[0m [32m INFO[0m [1mturn[0m[1m{[0m[3msession[0m[2m=[0m4bab44fe-9acd-4023-b34f-a44cc33df1d3[1m}[0m[2m:[0m [2mbraze_engine::hooks[0m[2m:[0m prompt budget breakdown (PromptBudgetAuditHook) [3msystem_tokens_est[0m[2m=[0m274 [3mtools_tokens_est[0m[2m=[0m850 [3mhistory_tokens_est[0m[2m=[0m122 [3mtotal_tokens_est[0m[2m=[0m1247 [3mmessage_count[0m[2m=[0m5
-> ollama:qwen2.5:3b :: error_recovery_edit_wrong_filename (rep 3/5)
[2m2026-07-11T11:44:17.207511Z[0m [32m INFO[0m [1mturn[0m[1m{[0m[3msession[0m[2m=[0m476975ff-4501-4d67-830f-421feecb38a6[1m}[0m[2m:[0m [2mbraze_engine::hooks[0m[2m:[0m prompt budget breakdown (PromptBudgetAuditHook) [3msystem_tokens_est[0m[2m=[0m274 [3mtools_tokens_est[0m[2m=[0m850 [3mhistory_tokens_est[0m[2m=[0m40 [3mtotal_tokens_est[0m[2m=[0m1166 [3mmessage_count[0m[2m=[0m1
[2m2026-07-11T11:44:18.329425Z[0m [32m INFO[0m [1mturn[0m[1m{[0m[3msession[0m[2m=[0m476975ff-4501-4d67-830f-421feecb38a6[1m}[0m[2m:[0m [2mbraze_engine::hooks[0m[2m:[0m prompt budget breakdown (PromptBudgetAuditHook) [3msystem_tokens_est[0m[2m=[0m274 [3mtools_tokens_est[0m[2m=[0m850 [3mhistory_tokens_est[0m[2m=[0m55 [3mtotal_tokens_est[0m[2m=[0m1180 [3mmessage_count[0m[2m=[0m3
[2m2026-07-11T11:44:19.772446Z[0m [32m INFO[0m [1mturn[0m[1m{[0m[3msession[0m[2m=[0m476975ff-4501-4d67-830f-421feecb38a6[1m}[0m[2m:[0m [2mbraze_engine::hooks[0m[2m:[0m prompt budget breakdown (PromptBudgetAuditHook) [3msystem_tokens_est[0m[2m=[0m274 [3mtools_tokens_est[0m[2m=[0m850 [3mhistory_tokens_est[0m[2m=[0m111 [3mtotal_tokens_est[0m[2m=[0m1237 [3mmessage_count[0m[2m=[0m6
-> ollama:qwen2.5:3b :: error_recovery_edit_wrong_filename (rep 4/5)
[2m2026-07-11T11:44:20.981607Z[0m [32m INFO[0m [1mturn[0m[1m{[0m[3msession[0m[2m=[0m2b15a53e-8e68-440f-883f-ea3f33317106[1m}[0m[2m:[0m [2mbraze_engine::hooks[0m[2m:[0m prompt budget breakdown (PromptBudgetAuditHook) [3msystem_tokens_est[0m[2m=[0m274 [3mtools_tokens_est[0m[2m=[0m850 [3mhistory_tokens_est[0m[2m=[0m40 [3mtotal_tokens_est[0m[2m=[0m1166 [3mmessage_count[0m[2m=[0m1
[2m2026-07-11T11:44:22.143106Z[0m [32m INFO[0m [1mturn[0m[1m{[0m[3msession[0m[2m=[0m2b15a53e-8e68-440f-883f-ea3f33317106[1m}[0m[2m:[0m [2mbraze_engine::hooks[0m[2m:[0m prompt budget breakdown (PromptBudgetAuditHook) [3msystem_tokens_est[0m[2m=[0m274 [3mtools_tokens_est[0m[2m=[0m850 [3mhistory_tokens_est[0m[2m=[0m55 [3mtotal_tokens_est[0m[2m=[0m1180 [3mmessage_count[0m[2m=[0m3
[2m2026-07-11T11:44:23.564546Z[0m [32m INFO[0m [1mturn[0m[1m{[0m[3msession[0m[2m=[0m2b15a53e-8e68-440f-883f-ea3f33317106[1m}[0m[2m:[0m [2mbraze_engine::hooks[0m[2m:[0m prompt budget breakdown (PromptBudgetAuditHook) [3msystem_tokens_est[0m[2m=[0m274 [3mtools_tokens_est[0m[2m=[0m850 [3mhistory_tokens_est[0m[2m=[0m108 [3mtotal_tokens_est[0m[2m=[0m1233 [3mmessage_count[0m[2m=[0m6
-> ollama:qwen2.5:3b :: error_recovery_edit_wrong_filename (rep 5/5)
[2m2026-07-11T11:44:24.818615Z[0m [32m INFO[0m [1mturn[0m[1m{[0m[3msession[0m[2m=[0m0197eae4-3aad-4630-8f2a-2cd4a5622dd8[1m}[0m[2m:[0m [2mbraze_engine::hooks[0m[2m:[0m prompt budget breakdown (PromptBudgetAuditHook) [3msystem_tokens_est[0m[2m=[0m274 [3mtools_tokens_est[0m[2m=[0m850 [3mhistory_tokens_est[0m[2m=[0m40 [3mtotal_tokens_est[0m[2m=[0m1166 [3mmessage_count[0m[2m=[0m1
[2m2026-07-11T11:44:25.971623Z[0m [32m INFO[0m [1mturn[0m[1m{[0m[3msession[0m[2m=[0m0197eae4-3aad-4630-8f2a-2cd4a5622dd8[1m}[0m[2m:[0m [2mbraze_engine::hooks[0m[2m:[0m prompt budget breakdown (PromptBudgetAuditHook) [3msystem_tokens_est[0m[2m=[0m274 [3mtools_tokens_est[0m[2m=[0m850 [3mhistory_tokens_est[0m[2m=[0m76 [3mtotal_tokens_est[0m[2m=[0m1201 [3mmessage_count[0m[2m=[0m3
[2m2026-07-11T11:44:26.988937Z[0m [32m INFO[0m [1mturn[0m[1m{[0m[3msession[0m[2m=[0m0197eae4-3aad-4630-8f2a-2cd4a5622dd8[1m}[0m[2m:[0m [2mbraze_engine::hooks[0m[2m:[0m prompt budget breakdown (PromptBudgetAuditHook) [3msystem_tokens_est[0m[2m=[0m274 [3mtools_tokens_est[0m[2m=[0m850 [3mhistory_tokens_est[0m[2m=[0m122 [3mtotal_tokens_est[0m[2m=[0m1247 [3mmessage_count[0m[2m=[0m5
-> ollama:qwen2.5:3b :: distractor_selection_log_with_error (rep 1/5)
[2m2026-07-11T11:44:27.995422Z[0m [32m INFO[0m [1mturn[0m[1m{[0m[3msession[0m[2m=[0mabc40008-6e9f-4a6c-aa12-ef83f2dffa94[1m}[0m[2m:[0m [2mbraze_engine::hooks[0m[2m:[0m prompt budget breakdown (PromptBudgetAuditHook) [3msystem_tokens_est[0m[2m=[0m274 [3mtools_tokens_est[0m[2m=[0m850 [3mhistory_tokens_est[0m[2m=[0m32 [3mtotal_tokens_est[0m[2m=[0m1158 [3mmessage_count[0m[2m=[0m1
[2m2026-07-11T11:44:29.100786Z[0m [32m INFO[0m [1mturn[0m[1m{[0m[3msession[0m[2m=[0mabc40008-6e9f-4a6c-aa12-ef83f2dffa94[1m}[0m[2m:[0m [2mbraze_engine::hooks[0m[2m:[0m prompt budget breakdown (PromptBudgetAuditHook) [3msystem_tokens_est[0m[2m=[0m274 [3mtools_tokens_est[0m[2m=[0m850 [3mhistory_tokens_est[0m[2m=[0m74 [3mtotal_tokens_est[0m[2m=[0m1199 [3mmessage_count[0m[2m=[0m3
-> ollama:qwen2.5:3b :: distractor_selection_log_with_error (rep 2/5)
[2m2026-07-11T11:44:29.624183Z[0m [32m INFO[0m [1mturn[0m[1m{[0m[3msession[0m[2m=[0mcb6ce7e2-03f4-416e-a680-88e7850e24f5[1m}[0m[2m:[0m [2mbraze_engine::hooks[0m[2m:[0m prompt budget breakdown (PromptBudgetAuditHook) [3msystem_tokens_est[0m[2m=[0m274 [3mtools_tokens_est[0m[2m=[0m850 [3mhistory_tokens_est[0m[2m=[0m32 [3mtotal_tokens_est[0m[2m=[0m1158 [3mmessage_count[0m[2m=[0m1
[2m2026-07-11T11:44:30.695080Z[0m [32m INFO[0m [1mturn[0m[1m{[0m[3msession[0m[2m=[0mcb6ce7e2-03f4-416e-a680-88e7850e24f5[1m}[0m[2m:[0m [2mbraze_engine::hooks[0m[2m:[0m prompt budget breakdown (PromptBudgetAuditHook) [3msystem_tokens_est[0m[2m=[0m274 [3mtools_tokens_est[0m[2m=[0m850 [3mhistory_tokens_est[0m[2m=[0m74 [3mtotal_tokens_est[0m[2m=[0m1199 [3mmessage_count[0m[2m=[0m3
-> ollama:qwen2.5:3b :: distractor_selection_log_with_error (rep 3/5)
[2m2026-07-11T11:44:31.188856Z[0m [32m INFO[0m [1mturn[0m[1m{[0m[3msession[0m[2m=[0me2941fe4-95db-48d9-aa82-99cb66b9175a[1m}[0m[2m:[0m [2mbraze_engine::hooks[0m[2m:[0m prompt budget breakdown (PromptBudgetAuditHook) [3msystem_tokens_est[0m[2m=[0m274 [3mtools_tokens_est[0m[2m=[0m850 [3mhistory_tokens_est[0m[2m=[0m32 [3mtotal_tokens_est[0m[2m=[0m1158 [3mmessage_count[0m[2m=[0m1
[2m2026-07-11T11:44:32.251589Z[0m [32m INFO[0m [1mturn[0m[1m{[0m[3msession[0m[2m=[0me2941fe4-95db-48d9-aa82-99cb66b9175a[1m}[0m[2m:[0m [2mbraze_engine::hooks[0m[2m:[0m prompt budget breakdown (PromptBudgetAuditHook) [3msystem_tokens_est[0m[2m=[0m274 [3mtools_tokens_est[0m[2m=[0m850 [3mhistory_tokens_est[0m[2m=[0m74 [3mtotal_tokens_est[0m[2m=[0m1199 [3mmessage_count[0m[2m=[0m3
-> ollama:qwen2.5:3b :: distractor_selection_log_with_error (rep 4/5)
[2m2026-07-11T11:44:32.779284Z[0m [32m INFO[0m [1mturn[0m[1m{[0m[3msession[0m[2m=[0m31a7686d-02bd-4f18-8226-ba5cecdc3ab3[1m}[0m[2m:[0m [2mbraze_engine::hooks[0m[2m:[0m prompt budget breakdown (PromptBudgetAuditHook) [3msystem_tokens_est[0m[2m=[0m274 [3mtools_tokens_est[0m[2m=[0m850 [3mhistory_tokens_est[0m[2m=[0m32 [3mtotal_tokens_est[0m[2m=[0m1158 [3mmessage_count[0m[2m=[0m1
[2m2026-07-11T11:44:33.864886Z[0m [32m INFO[0m [1mturn[0m[1m{[0m[3msession[0m[2m=[0m31a7686d-02bd-4f18-8226-ba5cecdc3ab3[1m}[0m[2m:[0m [2mbraze_engine::hooks[0m[2m:[0m prompt budget breakdown (PromptBudgetAuditHook) [3msystem_tokens_est[0m[2m=[0m274 [3mtools_tokens_est[0m[2m=[0m850 [3mhistory_tokens_est[0m[2m=[0m74 [3mtotal_tokens_est[0m[2m=[0m1199 [3mmessage_count[0m[2m=[0m3
-> ollama:qwen2.5:3b :: distractor_selection_log_with_error (rep 5/5)
[2m2026-07-11T11:44:34.368903Z[0m [32m INFO[0m [1mturn[0m[1m{[0m[3msession[0m[2m=[0m3df10273-822b-4b72-8f06-97c46be0467e[1m}[0m[2m:[0m [2mbraze_engine::hooks[0m[2m:[0m prompt budget breakdown (PromptBudgetAuditHook) [3msystem_tokens_est[0m[2m=[0m274 [3mtools_tokens_est[0m[2m=[0m850 [3mhistory_tokens_est[0m[2m=[0m32 [3mtotal_tokens_est[0m[2m=[0m1158 [3mmessage_count[0m[2m=[0m1
[2m2026-07-11T11:44:35.479518Z[0m [32m INFO[0m [1mturn[0m[1m{[0m[3msession[0m[2m=[0m3df10273-822b-4b72-8f06-97c46be0467e[1m}[0m[2m:[0m [2mbraze_engine::hooks[0m[2m:[0m prompt budget breakdown (PromptBudgetAuditHook) [3msystem_tokens_est[0m[2m=[0m274 [3mtools_tokens_est[0m[2m=[0m850 [3mhistory_tokens_est[0m[2m=[0m74 [3mtotal_tokens_est[0m[2m=[0m1199 [3mmessage_count[0m[2m=[0m3
-> ollama:qwen2.5:3b :: distractor_selection_debug_config (rep 1/5)
[2m2026-07-11T11:44:35.984217Z[0m [32m INFO[0m [1mturn[0m[1m{[0m[3msession[0m[2m=[0m65f3f1fb-d20b-4c5b-83eb-84c2c20234bb[1m}[0m[2m:[0m [2mbraze_engine::hooks[0m[2m:[0m prompt budget breakdown (PromptBudgetAuditHook) [3msystem_tokens_est[0m[2m=[0m274 [3mtools_tokens_est[0m[2m=[0m850 [3mhistory_tokens_est[0m[2m=[0m28 [3mtotal_tokens_est[0m[2m=[0m1153 [3mmessage_count[0m[2m=[0m1
[2m2026-07-11T11:44:37.114963Z[0m [32m INFO[0m [1mturn[0m[1m{[0m[3msession[0m[2m=[0m65f3f1fb-d20b-4c5b-83eb-84c2c20234bb[1m}[0m[2m:[0m [2mbraze_engine::hooks[0m[2m:[0m prompt budget breakdown (PromptBudgetAuditHook) [3msystem_tokens_est[0m[2m=[0m274 [3mtools_tokens_est[0m[2m=[0m850 [3mhistory_tokens_est[0m[2m=[0m63 [3mtotal_tokens_est[0m[2m=[0m1188 [3mmessage_count[0m[2m=[0m3
-> ollama:qwen2.5:3b :: distractor_selection_debug_config (rep 2/5)
[2m2026-07-11T11:44:37.635487Z[0m [32m INFO[0m [1mturn[0m[1m{[0m[3msession[0m[2m=[0m3c4b34d3-f5a0-49b8-9d00-5f167e87dbae[1m}[0m[2m:[0m [2mbraze_engine::hooks[0m[2m:[0m prompt budget breakdown (PromptBudgetAuditHook) [3msystem_tokens_est[0m[2m=[0m274 [3mtools_tokens_est[0m[2m=[0m850 [3mhistory_tokens_est[0m[2m=[0m28 [3mtotal_tokens_est[0m[2m=[0m1153 [3mmessage_count[0m[2m=[0m1
[2m2026-07-11T11:44:38.748896Z[0m [32m INFO[0m [1mturn[0m[1m{[0m[3msession[0m[2m=[0m3c4b34d3-f5a0-49b8-9d00-5f167e87dbae[1m}[0m[2m:[0m [2mbraze_engine::hooks[0m[2m:[0m prompt budget breakdown (PromptBudgetAuditHook) [3msystem_tokens_est[0m[2m=[0m274 [3mtools_tokens_est[0m[2m=[0m850 [3mhistory_tokens_est[0m[2m=[0m63 [3mtotal_tokens_est[0m[2m=[0m1188 [3mmessage_count[0m[2m=[0m3
-> ollama:qwen2.5:3b :: distractor_selection_debug_config (rep 3/5)
[2m2026-07-11T11:44:39.268446Z[0m [32m INFO[0m [1mturn[0m[1m{[0m[3msession[0m[2m=[0mffa34527-72e5-407a-89c3-5fb2ef0c2451[1m}[0m[2m:[0m [2mbraze_engine::hooks[0m[2m:[0m prompt budget breakdown (PromptBudgetAuditHook) [3msystem_tokens_est[0m[2m=[0m274 [3mtools_tokens_est[0m[2m=[0m850 [3mhistory_tokens_est[0m[2m=[0m28 [3mtotal_tokens_est[0m[2m=[0m1153 [3mmessage_count[0m[2m=[0m1
[2m2026-07-11T11:44:40.359912Z[0m [32m INFO[0m [1mturn[0m[1m{[0m[3msession[0m[2m=[0mffa34527-72e5-407a-89c3-5fb2ef0c2451[1m}[0m[2m:[0m [2mbraze_engine::hooks[0m[2m:[0m prompt budget breakdown (PromptBudgetAuditHook) [3msystem_tokens_est[0m[2m=[0m274 [3mtools_tokens_est[0m[2m=[0m850 [3mhistory_tokens_est[0m[2m=[0m63 [3mtotal_tokens_est[0m[2m=[0m1188 [3mmessage_count[0m[2m=[0m3
-> ollama:qwen2.5:3b :: distractor_selection_debug_config (rep 4/5)
[2m2026-07-11T11:44:41.383335Z[0m [32m INFO[0m [1mturn[0m[1m{[0m[3msession[0m[2m=[0m7d6e271b-fdd9-440f-8458-1989f264f694[1m}[0m[2m:[0m [2mbraze_engine::hooks[0m[2m:[0m prompt budget breakdown (PromptBudgetAuditHook) [3msystem_tokens_est[0m[2m=[0m274 [3mtools_tokens_est[0m[2m=[0m850 [3mhistory_tokens_est[0m[2m=[0m28 [3mtotal_tokens_est[0m[2m=[0m1153 [3mmessage_count[0m[2m=[0m1
[2m2026-07-11T11:44:42.476631Z[0m [32m INFO[0m [1mturn[0m[1m{[0m[3msession[0m[2m=[0m7d6e271b-fdd9-440f-8458-1989f264f694[1m}[0m[2m:[0m [2mbraze_engine::hooks[0m[2m:[0m prompt budget breakdown (PromptBudgetAuditHook) [3msystem_tokens_est[0m[2m=[0m274 [3mtools_tokens_est[0m[2m=[0m850 [3mhistory_tokens_est[0m[2m=[0m63 [3mtotal_tokens_est[0m[2m=[0m1188 [3mmessage_count[0m[2m=[0m3
-> ollama:qwen2.5:3b :: distractor_selection_debug_config (rep 5/5)
[2m2026-07-11T11:44:43.504929Z[0m [32m INFO[0m [1mturn[0m[1m{[0m[3msession[0m[2m=[0m4541d3da-17a7-4fe6-84b8-a777e502825a[1m}[0m[2m:[0m [2mbraze_engine::hooks[0m[2m:[0m prompt budget breakdown (PromptBudgetAuditHook) [3msystem_tokens_est[0m[2m=[0m274 [3mtools_tokens_est[0m[2m=[0m850 [3mhistory_tokens_est[0m[2m=[0m28 [3mtotal_tokens_est[0m[2m=[0m1153 [3mmessage_count[0m[2m=[0m1
[2m2026-07-11T11:44:44.605439Z[0m [32m INFO[0m [1mturn[0m[1m{[0m[3msession[0m[2m=[0m4541d3da-17a7-4fe6-84b8-a777e502825a[1m}[0m[2m:[0m [2mbraze_engine::hooks[0m[2m:[0m prompt budget breakdown (PromptBudgetAuditHook) [3msystem_tokens_est[0m[2m=[0m274 [3mtools_tokens_est[0m[2m=[0m850 [3mhistory_tokens_est[0m[2m=[0m63 [3mtotal_tokens_est[0m[2m=[0m1188 [3mmessage_count[0m[2m=[0m3
-> ollama:qwen2.5:3b+plan:ollama:gemma4:e4b :: read_file_basic (rep 1/5)
[2m2026-07-11T11:44:55.270715Z[0m [32m INFO[0m [1mturn[0m[1m{[0m[3msession[0m[2m=[0mf7175baf-1e07-4cae-bf75-9503bea8fde3[1m}[0m[2m:[0m [2mbraze_engine::engine[0m[2m:[0m planner produced a single-step (or unstructured) plan; discarding it — the executor's first round covers it without the plan-in-prompt cost
[2m2026-07-11T11:44:55.271835Z[0m [32m INFO[0m [1mturn[0m[1m{[0m[3msession[0m[2m=[0mf7175baf-1e07-4cae-bf75-9503bea8fde3[1m}[0m[2m:[0m [2mbraze_engine::hooks[0m[2m:[0m prompt budget breakdown (PromptBudgetAuditHook) [3msystem_tokens_est[0m[2m=[0m269 [3mtools_tokens_est[0m[2m=[0m850 [3mhistory_tokens_est[0m[2m=[0m19 [3mtotal_tokens_est[0m[2m=[0m1139 [3mmessage_count[0m[2m=[0m1
[2m2026-07-11T11:45:00.194247Z[0m [32m INFO[0m [1mturn[0m[1m{[0m[3msession[0m[2m=[0mf7175baf-1e07-4cae-bf75-9503bea8fde3[1m}[0m[2m:[0m [2mbraze_engine::hooks[0m[2m:[0m prompt budget breakdown (PromptBudgetAuditHook) [3msystem_tokens_est[0m[2m=[0m269 [3mtools_tokens_est[0m[2m=[0m850 [3mhistory_tokens_est[0m[2m=[0m34 [3mtotal_tokens_est[0m[2m=[0m1154 [3mmessage_count[0m[2m=[0m3
-> ollama:qwen2.5:3b+plan:ollama:gemma4:e4b :: read_file_basic (rep 2/5)
[2m2026-07-11T11:45:07.277611Z[0m [32m INFO[0m [1mturn[0m[1m{[0m[3msession[0m[2m=[0mcbdd4b8a-6f2c-4b89-b2e9-ce65700d9b5c[1m}[0m[2m:[0m [2mbraze_engine::engine[0m[2m:[0m planner produced a single-step (or unstructured) plan; discarding it — the executor's first round covers it without the plan-in-prompt cost
[2m2026-07-11T11:45:07.279694Z[0m [32m INFO[0m [1mturn[0m[1m{[0m[3msession[0m[2m=[0mcbdd4b8a-6f2c-4b89-b2e9-ce65700d9b5c[1m}[0m[2m:[0m [2mbraze_engine::hooks[0m[2m:[0m prompt budget breakdown (PromptBudgetAuditHook) [3msystem_tokens_est[0m[2m=[0m269 [3mtools_tokens_est[0m[2m=[0m850 [3mhistory_tokens_est[0m[2m=[0m19 [3mtotal_tokens_est[0m[2m=[0m1139 [3mmessage_count[0m[2m=[0m1
[2m2026-07-11T11:45:09.145964Z[0m [32m INFO[0m [1mturn[0m[1m{[0m[3msession[0m[2m=[0mcbdd4b8a-6f2c-4b89-b2e9-ce65700d9b5c[1m}[0m[2m:[0m [2mbraze_engine::hooks[0m[2m:[0m prompt budget breakdown (PromptBudgetAuditHook) [3msystem_tokens_est[0m[2m=[0m269 [3mtools_tokens_est[0m[2m=[0m850 [3mhistory_tokens_est[0m[2m=[0m34 [3mtotal_tokens_est[0m[2m=[0m1154 [3mmessage_count[0m[2m=[0m3
-> ollama:qwen2.5:3b+plan:ollama:gemma4:e4b :: read_file_basic (rep 3/5)
[2m2026-07-11T11:45:14.220530Z[0m [32m INFO[0m [1mturn[0m[1m{[0m[3msession[0m[2m=[0m8d815b54-264f-438a-89dc-7fc28154359b[1m}[0m[2m:[0m [2mbraze_engine::engine[0m[2m:[0m planner produced a single-step (or unstructured) plan; discarding it — the executor's first round covers it without the plan-in-prompt cost
[2m2026-07-11T11:45:14.221439Z[0m [32m INFO[0m [1mturn[0m[1m{[0m[3msession[0m[2m=[0m8d815b54-264f-438a-89dc-7fc28154359b[1m}[0m[2m:[0m [2mbraze_engine::hooks[0m[2m:[0m prompt budget breakdown (PromptBudgetAuditHook) [3msystem_tokens_est[0m[2m=[0m269 [3mtools_tokens_est[0m[2m=[0m850 [3mhistory_tokens_est[0m[2m=[0m19 [3mtotal_tokens_est[0m[2m=[0m1139 [3mmessage_count[0m[2m=[0m1
[2m2026-07-11T11:45:16.086934Z[0m [32m INFO[0m [1mturn[0m[1m{[0m[3msession[0m[2m=[0m8d815b54-264f-438a-89dc-7fc28154359b[1m}[0m[2m:[0m [2mbraze_engine::hooks[0m[2m:[0m prompt budget breakdown (PromptBudgetAuditHook) [3msystem_tokens_est[0m[2m=[0m269 [3mtools_tokens_est[0m[2m=[0m850 [3mhistory_tokens_est[0m[2m=[0m34 [3mtotal_tokens_est[0m[2m=[0m1154 [3mmessage_count[0m[2m=[0m3
-> ollama:qwen2.5:3b+plan:ollama:gemma4:e4b :: read_file_basic (rep 4/5)
[2m2026-07-11T11:45:22.079738Z[0m [32m INFO[0m [1mturn[0m[1m{[0m[3msession[0m[2m=[0m759eb8d5-ab6c-4302-9c37-40a84e911b02[1m}[0m[2m:[0m [2mbraze_engine::engine[0m[2m:[0m planner produced a single-step (or unstructured) plan; discarding it — the executor's first round covers it without the plan-in-prompt cost
[2m2026-07-11T11:45:22.081265Z[0m [32m INFO[0m [1mturn[0m[1m{[0m[3msession[0m[2m=[0m759eb8d5-ab6c-4302-9c37-40a84e911b02[1m}[0m[2m:[0m [2mbraze_engine::hooks[0m[2m:[0m prompt budget breakdown (PromptBudgetAuditHook) [3msystem_tokens_est[0m[2m=[0m269 [3mtools_tokens_est[0m[2m=[0m850 [3mhistory_tokens_est[0m[2m=[0m19 [3mtotal_tokens_est[0m[2m=[0m1139 [3mmessage_count[0m[2m=[0m1
[2m2026-07-11T11:45:23.966231Z[0m [32m INFO[0m [1mturn[0m[1m{[0m[3msession[0m[2m=[0m759eb8d5-ab6c-4302-9c37-40a84e911b02[1m}[0m[2m:[0m [2mbraze_engine::hooks[0m[2m:[0m prompt budget breakdown (PromptBudgetAuditHook) [3msystem_tokens_est[0m[2m=[0m269 [3mtools_tokens_est[0m[2m=[0m850 [3mhistory_tokens_est[0m[2m=[0m34 [3mtotal_tokens_est[0m[2m=[0m1154 [3mmessage_count[0m[2m=[0m3
-> ollama:qwen2.5:3b+plan:ollama:gemma4:e4b :: read_file_basic (rep 5/5)
[2m2026-07-11T11:45:29.135390Z[0m [32m INFO[0m [1mturn[0m[1m{[0m[3msession[0m[2m=[0m8ea709c4-f0f6-462c-b709-192ce8939a6d[1m}[0m[2m:[0m [2mbraze_engine::engine[0m[2m:[0m planner produced a single-step (or unstructured) plan; discarding it — the executor's first round covers it without the plan-in-prompt cost
[2m2026-07-11T11:45:29.137363Z[0m [32m INFO[0m [1mturn[0m[1m{[0m[3msession[0m[2m=[0m8ea709c4-f0f6-462c-b709-192ce8939a6d[1m}[0m[2m:[0m [2mbraze_engine::hooks[0m[2m:[0m prompt budget breakdown (PromptBudgetAuditHook) [3msystem_tokens_est[0m[2m=[0m269 [3mtools_tokens_est[0m[2m=[0m850 [3mhistory_tokens_est[0m[2m=[0m19 [3mtotal_tokens_est[0m[2m=[0m1139 [3mmessage_count[0m[2m=[0m1
[2m2026-07-11T11:45:30.943374Z[0m [32m INFO[0m [1mturn[0m[1m{[0m[3msession[0m[2m=[0m8ea709c4-f0f6-462c-b709-192ce8939a6d[1m}[0m[2m:[0m [2mbraze_engine::hooks[0m[2m:[0m prompt budget breakdown (PromptBudgetAuditHook) [3msystem_tokens_est[0m[2m=[0m269 [3mtools_tokens_est[0m[2m=[0m850 [3mhistory_tokens_est[0m[2m=[0m34 [3mtotal_tokens_est[0m[2m=[0m1154 [3mmessage_count[0m[2m=[0m3
-> ollama:qwen2.5:3b+plan:ollama:gemma4:e4b :: grep_basic (rep 1/5)
[2m2026-07-11T11:45:40.302985Z[0m [32m INFO[0m [1mturn[0m[1m{[0m[3msession[0m[2m=[0mad917a19-84fc-4fce-a5c2-39116ebf321b[1m}[0m[2m:[0m [2mbraze_engine::engine[0m[2m:[0m planner produced a single-step (or unstructured) plan; discarding it — the executor's first round covers it without the plan-in-prompt cost
[2m2026-07-11T11:45:40.308571Z[0m [32m INFO[0m [1mturn[0m[1m{[0m[3msession[0m[2m=[0mad917a19-84fc-4fce-a5c2-39116ebf321b[1m}[0m[2m:[0m [2mbraze_engine::hooks[0m[2m:[0m prompt budget breakdown (PromptBudgetAuditHook) [3msystem_tokens_est[0m[2m=[0m268 [3mtools_tokens_est[0m[2m=[0m850 [3mhistory_tokens_est[0m[2m=[0m19 [3mtotal_tokens_est[0m[2m=[0m1138 [3mmessage_count[0m[2m=[0m1
[2m2026-07-11T11:45:42.246442Z[0m [32m INFO[0m [1mturn[0m[1m{[0m[3msession[0m[2m=[0mad917a19-84fc-4fce-a5c2-39116ebf321b[1m}[0m[2m:[0m [2mbraze_engine::hooks[0m[2m:[0m prompt budget breakdown (PromptBudgetAuditHook) [3msystem_tokens_est[0m[2m=[0m268 [3mtools_tokens_est[0m[2m=[0m850 [3mhistory_tokens_est[0m[2m=[0m49 [3mtotal_tokens_est[0m[2m=[0m1169 [3mmessage_count[0m[2m=[0m3
-> ollama:qwen2.5:3b+plan:ollama:gemma4:e4b :: grep_basic (rep 2/5)
[2m2026-07-11T11:45:46.780239Z[0m [32m INFO[0m [1mturn[0m[1m{[0m[3msession[0m[2m=[0m0206df5d-4411-49af-a2c3-5d52cf0a469e[1m}[0m[2m:[0m [2mbraze_engine::engine[0m[2m:[0m planner produced a single-step (or unstructured) plan; discarding it — the executor's first round covers it without the plan-in-prompt cost
[2m2026-07-11T11:45:46.782491Z[0m [32m INFO[0m [1mturn[0m[1m{[0m[3msession[0m[2m=[0m0206df5d-4411-49af-a2c3-5d52cf0a469e[1m}[0m[2m:[0m [2mbraze_engine::hooks[0m[2m:[0m prompt budget breakdown (PromptBudgetAuditHook) [3msystem_tokens_est[0m[2m=[0m268 [3mtools_tokens_est[0m[2m=[0m850 [3mhistory_tokens_est[0m[2m=[0m19 [3mtotal_tokens_est[0m[2m=[0m1138 [3mmessage_count[0m[2m=[0m1
[2m2026-07-11T11:45:48.694613Z[0m [32m INFO[0m [1mturn[0m[1m{[0m[3msession[0m[2m=[0m0206df5d-4411-49af-a2c3-5d52cf0a469e[1m}[0m[2m:[0m [2mbraze_engine::hooks[0m[2m:[0m prompt budget breakdown (PromptBudgetAuditHook) [3msystem_tokens_est[0m[2m=[0m268 [3mtools_tokens_est[0m[2m=[0m850 [3mhistory_tokens_est[0m[2m=[0m49 [3mtotal_tokens_est[0m[2m=[0m1169 [3mmessage_count[0m[2m=[0m3
-> ollama:qwen2.5:3b+plan:ollama:gemma4:e4b :: grep_basic (rep 3/5)
[2m2026-07-11T11:45:55.648240Z[0m [32m INFO[0m [1mturn[0m[1m{[0m[3msession[0m[2m=[0m11a219c7-2056-46d5-8bbd-53fbfc35f9b6[1m}[0m[2m:[0m [2mbraze_engine::engine[0m[2m:[0m planner produced a single-step (or unstructured) plan; discarding it — the executor's first round covers it without the plan-in-prompt cost
[2m2026-07-11T11:45:55.660865Z[0m [32m INFO[0m [1mturn[0m[1m{[0m[3msession[0m[2m=[0m11a219c7-2056-46d5-8bbd-53fbfc35f9b6[1m}[0m[2m:[0m [2mbraze_engine::hooks[0m[2m:[0m prompt budget breakdown (PromptBudgetAuditHook) [3msystem_tokens_est[0m[2m=[0m268 [3mtools_tokens_est[0m[2m=[0m850 [3mhistory_tokens_est[0m[2m=[0m19 [3mtotal_tokens_est[0m[2m=[0m1138 [3mmessage_count[0m[2m=[0m1
[2m2026-07-11T11:45:58.434765Z[0m [32m INFO[0m [1mturn[0m[1m{[0m[3msession[0m[2m=[0m11a219c7-2056-46d5-8bbd-53fbfc35f9b6[1m}[0m[2m:[0m [2mbraze_engine::hooks[0m[2m:[0m prompt budget breakdown (PromptBudgetAuditHook) [3msystem_tokens_est[0m[2m=[0m268 [3mtools_tokens_est[0m[2m=[0m850 [3mhistory_tokens_est[0m[2m=[0m60 [3mtotal_tokens_est[0m[2m=[0m1180 [3mmessage_count[0m[2m=[0m3
-> ollama:qwen2.5:3b+plan:ollama:gemma4:e4b :: grep_basic (rep 4/5)
[2m2026-07-11T11:46:03.130779Z[0m [32m INFO[0m [1mturn[0m[1m{[0m[3msession[0m[2m=[0m064d5b54-2a5c-4227-8766-a043ac620c15[1m}[0m[2m:[0m [2mbraze_engine::engine[0m[2m:[0m planner produced a single-step (or unstructured) plan; discarding it — the executor's first round covers it without the plan-in-prompt cost
[2m2026-07-11T11:46:03.133017Z[0m [32m INFO[0m [1mturn[0m[1m{[0m[3msession[0m[2m=[0m064d5b54-2a5c-4227-8766-a043ac620c15[1m}[0m[2m:[0m [2mbraze_engine::hooks[0m[2m:[0m prompt budget breakdown (PromptBudgetAuditHook) [3msystem_tokens_est[0m[2m=[0m268 [3mtools_tokens_est[0m[2m=[0m850 [3mhistory_tokens_est[0m[2m=[0m19 [3mtotal_tokens_est[0m[2m=[0m1138 [3mmessage_count[0m[2m=[0m1
[2m2026-07-11T11:46:05.062544Z[0m [32m INFO[0m [1mturn[0m[1m{[0m[3msession[0m[2m=[0m064d5b54-2a5c-4227-8766-a043ac620c15[1m}[0m[2m:[0m [2mbraze_engine::hooks[0m[2m:[0m prompt budget breakdown (PromptBudgetAuditHook) [3msystem_tokens_est[0m[2m=[0m268 [3mtools_tokens_est[0m[2m=[0m850 [3mhistory_tokens_est[0m[2m=[0m49 [3mtotal_tokens_est[0m[2m=[0m1169 [3mmessage_count[0m[2m=[0m3
-> ollama:qwen2.5:3b+plan:ollama:gemma4:e4b :: grep_basic (rep 5/5)
[2m2026-07-11T11:46:11.985608Z[0m [32m INFO[0m [1mturn[0m[1m{[0m[3msession[0m[2m=[0mfa757a3e-a2d9-4be8-83d3-228a95be333b[1m}[0m[2m:[0m [2mbraze_engine::engine[0m[2m:[0m planner produced a single-step (or unstructured) plan; discarding it — the executor's first round covers it without the plan-in-prompt cost
[2m2026-07-11T11:46:11.987208Z[0m [32m INFO[0m [1mturn[0m[1m{[0m[3msession[0m[2m=[0mfa757a3e-a2d9-4be8-83d3-228a95be333b[1m}[0m[2m:[0m [2mbraze_engine::hooks[0m[2m:[0m prompt budget breakdown (PromptBudgetAuditHook) [3msystem_tokens_est[0m[2m=[0m268 [3mtools_tokens_est[0m[2m=[0m850 [3mhistory_tokens_est[0m[2m=[0m19 [3mtotal_tokens_est[0m[2m=[0m1138 [3mmessage_count[0m[2m=[0m1
[2m2026-07-11T11:46:13.935418Z[0m [32m INFO[0m [1mturn[0m[1m{[0m[3msession[0m[2m=[0mfa757a3e-a2d9-4be8-83d3-228a95be333b[1m}[0m[2m:[0m [2mbraze_engine::hooks[0m[2m:[0m prompt budget breakdown (PromptBudgetAuditHook) [3msystem_tokens_est[0m[2m=[0m268 [3mtools_tokens_est[0m[2m=[0m850 [3mhistory_tokens_est[0m[2m=[0m49 [3mtotal_tokens_est[0m[2m=[0m1169 [3mmessage_count[0m[2m=[0m3
-> ollama:qwen2.5:3b+plan:ollama:gemma4:e4b :: glob_basic (rep 1/5)
[2m2026-07-11T11:46:18.526920Z[0m [32m INFO[0m [1mturn[0m[1m{[0m[3msession[0m[2m=[0m9b645f71-f806-4dfe-b0e1-ca21d79d9d34[1m}[0m[2m:[0m [2mbraze_engine::engine[0m[2m:[0m planner produced a single-step (or unstructured) plan; discarding it — the executor's first round covers it without the plan-in-prompt cost
[2m2026-07-11T11:46:18.528192Z[0m [32m INFO[0m [1mturn[0m[1m{[0m[3msession[0m[2m=[0m9b645f71-f806-4dfe-b0e1-ca21d79d9d34[1m}[0m[2m:[0m [2mbraze_engine::hooks[0m[2m:[0m prompt budget breakdown (PromptBudgetAuditHook) [3msystem_tokens_est[0m[2m=[0m268 [3mtools_tokens_est[0m[2m=[0m850 [3mhistory_tokens_est[0m[2m=[0m17 [3mtotal_tokens_est[0m[2m=[0m1136 [3mmessage_count[0m[2m=[0m1
[2m2026-07-11T11:46:20.299799Z[0m [32m INFO[0m [1mturn[0m[1m{[0m[3msession[0m[2m=[0m9b645f71-f806-4dfe-b0e1-ca21d79d9d34[1m}[0m[2m:[0m [2mbraze_engine::hooks[0m[2m:[0m prompt budget breakdown (PromptBudgetAuditHook) [3msystem_tokens_est[0m[2m=[0m268 [3mtools_tokens_est[0m[2m=[0m850 [3mhistory_tokens_est[0m[2m=[0m50 [3mtotal_tokens_est[0m[2m=[0m1169 [3mmessage_count[0m[2m=[0m3
-> ollama:qwen2.5:3b+plan:ollama:gemma4:e4b :: glob_basic (rep 2/5)
[2m2026-07-11T11:46:27.709374Z[0m [32m INFO[0m [1mturn[0m[1m{[0m[3msession[0m[2m=[0m4124b71d-2e59-47c9-a8ad-c98e9cec8362[1m}[0m[2m:[0m [2mbraze_engine::engine[0m[2m:[0m planner produced a single-step (or unstructured) plan; discarding it — the executor's first round covers it without the plan-in-prompt cost
[2m2026-07-11T11:46:27.710781Z[0m [32m INFO[0m [1mturn[0m[1m{[0m[3msession[0m[2m=[0m4124b71d-2e59-47c9-a8ad-c98e9cec8362[1m}[0m[2m:[0m [2mbraze_engine::hooks[0m[2m:[0m prompt budget breakdown (PromptBudgetAuditHook) [3msystem_tokens_est[0m[2m=[0m268 [3mtools_tokens_est[0m[2m=[0m850 [3mhistory_tokens_est[0m[2m=[0m17 [3mtotal_tokens_est[0m[2m=[0m1136 [3mmessage_count[0m[2m=[0m1
[2m2026-07-11T11:46:29.416162Z[0m [32m INFO[0m [1mturn[0m[1m{[0m[3msession[0m[2m=[0m4124b71d-2e59-47c9-a8ad-c98e9cec8362[1m}[0m[2m:[0m [2mbraze_engine::hooks[0m[2m:[0m prompt budget breakdown (PromptBudgetAuditHook) [3msystem_tokens_est[0m[2m=[0m268 [3mtools_tokens_est[0m[2m=[0m850 [3mhistory_tokens_est[0m[2m=[0m50 [3mtotal_tokens_est[0m[2m=[0m1169 [3mmessage_count[0m[2m=[0m3
-> ollama:qwen2.5:3b+plan:ollama:gemma4:e4b :: glob_basic (rep 3/5)
[2m2026-07-11T11:46:35.642259Z[0m [32m INFO[0m [1mturn[0m[1m{[0m[3msession[0m[2m=[0m2f4bca59-1034-43cf-86b7-8ba8e5303626[1m}[0m[2m:[0m [2mbraze_engine::engine[0m[2m:[0m planner produced a single-step (or unstructured) plan; discarding it — the executor's first round covers it without the plan-in-prompt cost
[2m2026-07-11T11:46:35.643101Z[0m [32m INFO[0m [1mturn[0m[1m{[0m[3msession[0m[2m=[0m2f4bca59-1034-43cf-86b7-8ba8e5303626[1m}[0m[2m:[0m [2mbraze_engine::hooks[0m[2m:[0m prompt budget breakdown (PromptBudgetAuditHook) [3msystem_tokens_est[0m[2m=[0m268 [3mtools_tokens_est[0m[2m=[0m850 [3mhistory_tokens_est[0m[2m=[0m17 [3mtotal_tokens_est[0m[2m=[0m1136 [3mmessage_count[0m[2m=[0m1
[2m2026-07-11T11:46:37.321070Z[0m [32m INFO[0m [1mturn[0m[1m{[0m[3msession[0m[2m=[0m2f4bca59-1034-43cf-86b7-8ba8e5303626[1m}[0m[2m:[0m [2mbraze_engine::hooks[0m[2m:[0m prompt budget breakdown (PromptBudgetAuditHook) [3msystem_tokens_est[0m[2m=[0m268 [3mtools_tokens_est[0m[2m=[0m850 [3mhistory_tokens_est[0m[2m=[0m50 [3mtotal_tokens_est[0m[2m=[0m1169 [3mmessage_count[0m[2m=[0m3
-> ollama:qwen2.5:3b+plan:ollama:gemma4:e4b :: glob_basic (rep 4/5)
[2m2026-07-11T11:46:46.342172Z[0m [32m INFO[0m [1mturn[0m[1m{[0m[3msession[0m[2m=[0m03bd256f-d1b8-44ff-9ec4-3095f117c8ea[1m}[0m[2m:[0m [2mbraze_engine::engine[0m[2m:[0m planner produced a single-step (or unstructured) plan; discarding it — the executor's first round covers it without the plan-in-prompt cost
[2m2026-07-11T11:46:46.343086Z[0m [32m INFO[0m [1mturn[0m[1m{[0m[3msession[0m[2m=[0m03bd256f-d1b8-44ff-9ec4-3095f117c8ea[1m}[0m[2m:[0m [2mbraze_engine::hooks[0m[2m:[0m prompt budget breakdown (PromptBudgetAuditHook) [3msystem_tokens_est[0m[2m=[0m268 [3mtools_tokens_est[0m[2m=[0m850 [3mhistory_tokens_est[0m[2m=[0m17 [3mtotal_tokens_est[0m[2m=[0m1136 [3mmessage_count[0m[2m=[0m1
[2m2026-07-11T11:46:48.046651Z[0m [32m INFO[0m [1mturn[0m[1m{[0m[3msession[0m[2m=[0m03bd256f-d1b8-44ff-9ec4-3095f117c8ea[1m}[0m[2m:[0m [2mbraze_engine::hooks[0m[2m:[0m prompt budget breakdown (PromptBudgetAuditHook) [3msystem_tokens_est[0m[2m=[0m268 [3mtools_tokens_est[0m[2m=[0m850 [3mhistory_tokens_est[0m[2m=[0m50 [3mtotal_tokens_est[0m[2m=[0m1169 [3mmessage_count[0m[2m=[0m3
-> ollama:qwen2.5:3b+plan:ollama:gemma4:e4b :: glob_basic (rep 5/5)
[2m2026-07-11T11:46:53.993410Z[0m [32m INFO[0m [1mturn[0m[1m{[0m[3msession[0m[2m=[0m577dcaa1-aaf4-4ba8-a4e3-8bd3f7404437[1m}[0m[2m:[0m [2mbraze_engine::engine[0m[2m:[0m planner produced a single-step (or unstructured) plan; discarding it — the executor's first round covers it without the plan-in-prompt cost
[2m2026-07-11T11:46:53.994330Z[0m [32m INFO[0m [1mturn[0m[1m{[0m[3msession[0m[2m=[0m577dcaa1-aaf4-4ba8-a4e3-8bd3f7404437[1m}[0m[2m:[0m [2mbraze_engine::hooks[0m[2m:[0m prompt budget breakdown (PromptBudgetAuditHook) [3msystem_tokens_est[0m[2m=[0m268 [3mtools_tokens_est[0m[2m=[0m850 [3mhistory_tokens_est[0m[2m=[0m17 [3mtotal_tokens_est[0m[2m=[0m1136 [3mmessage_count[0m[2m=[0m1
[2m2026-07-11T11:46:55.762784Z[0m [32m INFO[0m [1mturn[0m[1m{[0m[3msession[0m[2m=[0m577dcaa1-aaf4-4ba8-a4e3-8bd3f7404437[1m}[0m[2m:[0m [2mbraze_engine::hooks[0m[2m:[0m prompt budget breakdown (PromptBudgetAuditHook) [3msystem_tokens_est[0m[2m=[0m268 [3mtools_tokens_est[0m[2m=[0m850 [3mhistory_tokens_est[0m[2m=[0m50 [3mtotal_tokens_est[0m[2m=[0m1169 [3mmessage_count[0m[2m=[0m3
-> ollama:qwen2.5:3b+plan:ollama:gemma4:e4b :: write_file_basic (rep 1/5)
[2m2026-07-11T11:47:01.899002Z[0m [32m INFO[0m [1mturn[0m[1m{[0m[3msession[0m[2m=[0m46b136ce-f62e-4f21-8b78-1972c66afe54[1m}[0m[2m:[0m [2mbraze_engine::engine[0m[2m:[0m planner produced a single-step (or unstructured) plan; discarding it — the executor's first round covers it without the plan-in-prompt cost
[2m2026-07-11T11:47:01.900707Z[0m [32m INFO[0m [1mturn[0m[1m{[0m[3msession[0m[2m=[0m46b136ce-f62e-4f21-8b78-1972c66afe54[1m}[0m[2m:[0m [2mbraze_engine::hooks[0m[2m:[0m prompt budget breakdown (PromptBudgetAuditHook) [3msystem_tokens_est[0m[2m=[0m270 [3mtools_tokens_est[0m[2m=[0m850 [3mhistory_tokens_est[0m[2m=[0m22 [3mtotal_tokens_est[0m[2m=[0m1143 [3mmessage_count[0m[2m=[0m1
[2m2026-07-11T11:47:03.988664Z[0m [32m INFO[0m [1mturn[0m[1m{[0m[3msession[0m[2m=[0m46b136ce-f62e-4f21-8b78-1972c66afe54[1m}[0m[2m:[0m [2mbraze_engine::hooks[0m[2m:[0m prompt budget breakdown (PromptBudgetAuditHook) [3msystem_tokens_est[0m[2m=[0m270 [3mtools_tokens_est[0m[2m=[0m850 [3mhistory_tokens_est[0m[2m=[0m56 [3mtotal_tokens_est[0m[2m=[0m1177 [3mmessage_count[0m[2m=[0m3
-> ollama:qwen2.5:3b+plan:ollama:gemma4:e4b :: write_file_basic (rep 2/5)
[2m2026-07-11T11:47:08.122157Z[0m [32m INFO[0m [1mturn[0m[1m{[0m[3msession[0m[2m=[0m48e6841b-9b8b-4e72-be9c-e5814357c7b6[1m}[0m[2m:[0m [2mbraze_engine::engine[0m[2m:[0m planner produced a single-step (or unstructured) plan; discarding it — the executor's first round covers it without the plan-in-prompt cost
[2m2026-07-11T11:47:08.123932Z[0m [32m INFO[0m [1mturn[0m[1m{[0m[3msession[0m[2m=[0m48e6841b-9b8b-4e72-be9c-e5814357c7b6[1m}[0m[2m:[0m [2mbraze_engine::hooks[0m[2m:[0m prompt budget breakdown (PromptBudgetAuditHook) [3msystem_tokens_est[0m[2m=[0m270 [3mtools_tokens_est[0m[2m=[0m850 [3mhistory_tokens_est[0m[2m=[0m22 [3mtotal_tokens_est[0m[2m=[0m1143 [3mmessage_count[0m[2m=[0m1
[2m2026-07-11T11:47:10.286258Z[0m [32m INFO[0m [1mturn[0m[1m{[0m[3msession[0m[2m=[0m48e6841b-9b8b-4e72-be9c-e5814357c7b6[1m}[0m[2m:[0m [2mbraze_engine::hooks[0m[2m:[0m prompt budget breakdown (PromptBudgetAuditHook) [3msystem_tokens_est[0m[2m=[0m270 [3mtools_tokens_est[0m[2m=[0m850 [3mhistory_tokens_est[0m[2m=[0m56 [3mtotal_tokens_est[0m[2m=[0m1177 [3mmessage_count[0m[2m=[0m3
-> ollama:qwen2.5:3b+plan:ollama:gemma4:e4b :: write_file_basic (rep 3/5)
[2m2026-07-11T11:47:14.581165Z[0m [32m INFO[0m [1mturn[0m[1m{[0m[3msession[0m[2m=[0m788696b3-61db-43bd-89c4-a996a903b899[1m}[0m[2m:[0m [2mbraze_engine::engine[0m[2m:[0m planner produced a single-step (or unstructured) plan; discarding it — the executor's first round covers it without the plan-in-prompt cost
[2m2026-07-11T11:47:14.587044Z[0m [32m INFO[0m [1mturn[0m[1m{[0m[3msession[0m[2m=[0m788696b3-61db-43bd-89c4-a996a903b899[1m}[0m[2m:[0m [2mbraze_engine::hooks[0m[2m:[0m prompt budget breakdown (PromptBudgetAuditHook) [3msystem_tokens_est[0m[2m=[0m270 [3mtools_tokens_est[0m[2m=[0m850 [3mhistory_tokens_est[0m[2m=[0m22 [3mtotal_tokens_est[0m[2m=[0m1143 [3mmessage_count[0m[2m=[0m1
[2m2026-07-11T11:47:16.637783Z[0m [32m INFO[0m [1mturn[0m[1m{[0m[3msession[0m[2m=[0m788696b3-61db-43bd-89c4-a996a903b899[1m}[0m[2m:[0m [2mbraze_engine::hooks[0m[2m:[0m prompt budget breakdown (PromptBudgetAuditHook) [3msystem_tokens_est[0m[2m=[0m270 [3mtools_tokens_est[0m[2m=[0m850 [3mhistory_tokens_est[0m[2m=[0m56 [3mtotal_tokens_est[0m[2m=[0m1177 [3mmessage_count[0m[2m=[0m3
-> ollama:qwen2.5:3b+plan:ollama:gemma4:e4b :: write_file_basic (rep 4/5)
[2m2026-07-11T11:47:20.816854Z[0m [32m INFO[0m [1mturn[0m[1m{[0m[3msession[0m[2m=[0mc53d9eec-7ced-418b-9959-ee68595809ae[1m}[0m[2m:[0m [2mbraze_engine::engine[0m[2m:[0m planner produced a single-step (or unstructured) plan; discarding it — the executor's first round covers it without the plan-in-prompt cost
[2m2026-07-11T11:47:20.818866Z[0m [32m INFO[0m [1mturn[0m[1m{[0m[3msession[0m[2m=[0mc53d9eec-7ced-418b-9959-ee68595809ae[1m}[0m[2m:[0m [2mbraze_engine::hooks[0m[2m:[0m prompt budget breakdown (PromptBudgetAuditHook) [3msystem_tokens_est[0m[2m=[0m270 [3mtools_tokens_est[0m[2m=[0m850 [3mhistory_tokens_est[0m[2m=[0m22 [3mtotal_tokens_est[0m[2m=[0m1143 [3mmessage_count[0m[2m=[0m1
[2m2026-07-11T11:47:22.956640Z[0m [32m INFO[0m [1mturn[0m[1m{[0m[3msession[0m[2m=[0mc53d9eec-7ced-418b-9959-ee68595809ae[1m}[0m[2m:[0m [2mbraze_engine::hooks[0m[2m:[0m prompt budget breakdown (PromptBudgetAuditHook) [3msystem_tokens_est[0m[2m=[0m270 [3mtools_tokens_est[0m[2m=[0m850 [3mhistory_tokens_est[0m[2m=[0m56 [3mtotal_tokens_est[0m[2m=[0m1177 [3mmessage_count[0m[2m=[0m3
-> ollama:qwen2.5:3b+plan:ollama:gemma4:e4b :: write_file_basic (rep 5/5)
[2m2026-07-11T11:47:27.249785Z[0m [32m INFO[0m [1mturn[0m[1m{[0m[3msession[0m[2m=[0mf5b99a1b-ab7e-4fb0-b59a-512ab73a0cad[1m}[0m[2m:[0m [2mbraze_engine::engine[0m[2m:[0m planner produced a single-step (or unstructured) plan; discarding it — the executor's first round covers it without the plan-in-prompt cost
[2m2026-07-11T11:47:27.251375Z[0m [32m INFO[0m [1mturn[0m[1m{[0m[3msession[0m[2m=[0mf5b99a1b-ab7e-4fb0-b59a-512ab73a0cad[1m}[0m[2m:[0m [2mbraze_engine::hooks[0m[2m:[0m prompt budget breakdown (PromptBudgetAuditHook) [3msystem_tokens_est[0m[2m=[0m270 [3mtools_tokens_est[0m[2m=[0m850 [3mhistory_tokens_est[0m[2m=[0m22 [3mtotal_tokens_est[0m[2m=[0m1143 [3mmessage_count[0m[2m=[0m1
[2m2026-07-11T11:47:29.284172Z[0m [32m INFO[0m [1mturn[0m[1m{[0m[3msession[0m[2m=[0mf5b99a1b-ab7e-4fb0-b59a-512ab73a0cad[1m}[0m[2m:[0m [2mbraze_engine::hooks[0m[2m:[0m prompt budget breakdown (PromptBudgetAuditHook) [3msystem_tokens_est[0m[2m=[0m270 [3mtools_tokens_est[0m[2m=[0m850 [3mhistory_tokens_est[0m[2m=[0m56 [3mtotal_tokens_est[0m[2m=[0m1177 [3mmessage_count[0m[2m=[0m3
-> ollama:qwen2.5:3b+plan:ollama:gemma4:e4b :: edit_file_basic (rep 1/5)
[2m2026-07-11T11:47:34.199520Z[0m [32m INFO[0m [1mturn[0m[1m{[0m[3msession[0m[2m=[0m2b53e4c0-234e-4dfb-afaf-3cecc5560f38[1m}[0m[2m:[0m [2mbraze_engine::engine[0m[2m:[0m planner produced a single-step (or unstructured) plan; discarding it — the executor's first round covers it without the plan-in-prompt cost
[2m2026-07-11T11:47:34.200947Z[0m [32m INFO[0m [1mturn[0m[1m{[0m[3msession[0m[2m=[0m2b53e4c0-234e-4dfb-afaf-3cecc5560f38[1m}[0m[2m:[0m [2mbraze_engine::hooks[0m[2m:[0m prompt budget breakdown (PromptBudgetAuditHook) [3msystem_tokens_est[0m[2m=[0m270 [3mtools_tokens_est[0m[2m=[0m850 [3mhistory_tokens_est[0m[2m=[0m21 [3mtotal_tokens_est[0m[2m=[0m1142 [3mmessage_count[0m[2m=[0m1
[2m2026-07-11T11:47:37.598395Z[0m [32m INFO[0m [1mturn[0m[1m{[0m[3msession[0m[2m=[0m2b53e4c0-234e-4dfb-afaf-3cecc5560f38[1m}[0m[2m:[0m [2mbraze_engine::hooks[0m[2m:[0m prompt budget breakdown (PromptBudgetAuditHook) [3msystem_tokens_est[0m[2m=[0m270 [3mtools_tokens_est[0m[2m=[0m850 [3mhistory_tokens_est[0m[2m=[0m72 [3mtotal_tokens_est[0m[2m=[0m1193 [3mmessage_count[0m[2m=[0m3
-> ollama:qwen2.5:3b+plan:ollama:gemma4:e4b :: edit_file_basic (rep 2/5)
[2m2026-07-11T11:47:43.763559Z[0m [32m INFO[0m [1mturn[0m[1m{[0m[3msession[0m[2m=[0m111046b0-7e97-4999-8488-d0ba78e21913[1m}[0m[2m:[0m [2mbraze_engine::engine[0m[2m:[0m planner produced a single-step (or unstructured) plan; discarding it — the executor's first round covers it without the plan-in-prompt cost
[2m2026-07-11T11:47:43.767307Z[0m [32m INFO[0m [1mturn[0m[1m{[0m[3msession[0m[2m=[0m111046b0-7e97-4999-8488-d0ba78e21913[1m}[0m[2m:[0m [2mbraze_engine::hooks[0m[2m:[0m prompt budget breakdown (PromptBudgetAuditHook) [3msystem_tokens_est[0m[2m=[0m270 [3mtools_tokens_est[0m[2m=[0m850 [3mhistory_tokens_est[0m[2m=[0m21 [3mtotal_tokens_est[0m[2m=[0m1142 [3mmessage_count[0m[2m=[0m1
[2m2026-07-11T11:47:46.160416Z[0m [32m INFO[0m [1mturn[0m[1m{[0m[3msession[0m[2m=[0m111046b0-7e97-4999-8488-d0ba78e21913[1m}[0m[2m:[0m [2mbraze_engine::hooks[0m[2m:[0m prompt budget breakdown (PromptBudgetAuditHook) [3msystem_tokens_est[0m[2m=[0m270 [3mtools_tokens_est[0m[2m=[0m850 [3mhistory_tokens_est[0m[2m=[0m59 [3mtotal_tokens_est[0m[2m=[0m1180 [3mmessage_count[0m[2m=[0m3
-> ollama:qwen2.5:3b+plan:ollama:gemma4:e4b :: edit_file_basic (rep 3/5)
[2m2026-07-11T11:47:50.892924Z[0m [32m INFO[0m [1mturn[0m[1m{[0m[3msession[0m[2m=[0me2891ef3-681a-4b4a-bfc4-20b45c8b8a7e[1m}[0m[2m:[0m [2mbraze_engine::engine[0m[2m:[0m planner produced a single-step (or unstructured) plan; discarding it — the executor's first round covers it without the plan-in-prompt cost
[2m2026-07-11T11:47:50.893861Z[0m [32m INFO[0m [1mturn[0m[1m{[0m[3msession[0m[2m=[0me2891ef3-681a-4b4a-bfc4-20b45c8b8a7e[1m}[0m[2m:[0m [2mbraze_engine::hooks[0m[2m:[0m prompt budget breakdown (PromptBudgetAuditHook) [3msystem_tokens_est[0m[2m=[0m270 [3mtools_tokens_est[0m[2m=[0m850 [3mhistory_tokens_est[0m[2m=[0m21 [3mtotal_tokens_est[0m[2m=[0m1142 [3mmessage_count[0m[2m=[0m1
[2m2026-07-11T11:47:54.104693Z[0m [32m INFO[0m [1mturn[0m[1m{[0m[3msession[0m[2m=[0me2891ef3-681a-4b4a-bfc4-20b45c8b8a7e[1m}[0m[2m:[0m [2mbraze_engine::hooks[0m[2m:[0m prompt budget breakdown (PromptBudgetAuditHook) [3msystem_tokens_est[0m[2m=[0m270 [3mtools_tokens_est[0m[2m=[0m850 [3mhistory_tokens_est[0m[2m=[0m72 [3mtotal_tokens_est[0m[2m=[0m1193 [3mmessage_count[0m[2m=[0m3
-> ollama:qwen2.5:3b+plan:ollama:gemma4:e4b :: edit_file_basic (rep 4/5)
[2m2026-07-11T11:48:01.116910Z[0m [32m INFO[0m [1mturn[0m[1m{[0m[3msession[0m[2m=[0ma5411474-a3b2-4863-ae33-ec906e9c30ef[1m}[0m[2m:[0m [2mbraze_engine::engine[0m[2m:[0m planner produced a single-step (or unstructured) plan; discarding it — the executor's first round covers it without the plan-in-prompt cost
[2m2026-07-11T11:48:01.118333Z[0m [32m INFO[0m [1mturn[0m[1m{[0m[3msession[0m[2m=[0ma5411474-a3b2-4863-ae33-ec906e9c30ef[1m}[0m[2m:[0m [2mbraze_engine::hooks[0m[2m:[0m prompt budget breakdown (PromptBudgetAuditHook) [3msystem_tokens_est[0m[2m=[0m270 [3mtools_tokens_est[0m[2m=[0m850 [3mhistory_tokens_est[0m[2m=[0m21 [3mtotal_tokens_est[0m[2m=[0m1142 [3mmessage_count[0m[2m=[0m1
[2m2026-07-11T11:48:04.500458Z[0m [32m INFO[0m [1mturn[0m[1m{[0m[3msession[0m[2m=[0ma5411474-a3b2-4863-ae33-ec906e9c30ef[1m}[0m[2m:[0m [2mbraze_engine::hooks[0m[2m:[0m prompt budget breakdown (PromptBudgetAuditHook) [3msystem_tokens_est[0m[2m=[0m270 [3mtools_tokens_est[0m[2m=[0m850 [3mhistory_tokens_est[0m[2m=[0m72 [3mtotal_tokens_est[0m[2m=[0m1193 [3mmessage_count[0m[2m=[0m3
-> ollama:qwen2.5:3b+plan:ollama:gemma4:e4b :: edit_file_basic (rep 5/5)
[2m2026-07-11T11:48:10.661232Z[0m [32m INFO[0m [1mturn[0m[1m{[0m[3msession[0m[2m=[0mdd2cfa9f-5bc0-447c-a508-278e3dd3132e[1m}[0m[2m:[0m [2mbraze_engine::engine[0m[2m:[0m planner produced a single-step (or unstructured) plan; discarding it — the executor's first round covers it without the plan-in-prompt cost
[2m2026-07-11T11:48:10.663533Z[0m [32m INFO[0m [1mturn[0m[1m{[0m[3msession[0m[2m=[0mdd2cfa9f-5bc0-447c-a508-278e3dd3132e[1m}[0m[2m:[0m [2mbraze_engine::hooks[0m[2m:[0m prompt budget breakdown (PromptBudgetAuditHook) [3msystem_tokens_est[0m[2m=[0m270 [3mtools_tokens_est[0m[2m=[0m850 [3mhistory_tokens_est[0m[2m=[0m21 [3mtotal_tokens_est[0m[2m=[0m1142 [3mmessage_count[0m[2m=[0m1
[2m2026-07-11T11:48:13.207379Z[0m [32m INFO[0m [1mturn[0m[1m{[0m[3msession[0m[2m=[0mdd2cfa9f-5bc0-447c-a508-278e3dd3132e[1m}[0m[2m:[0m [2mbraze_engine::hooks[0m[2m:[0m prompt budget breakdown (PromptBudgetAuditHook) [3msystem_tokens_est[0m[2m=[0m270 [3mtools_tokens_est[0m[2m=[0m850 [3mhistory_tokens_est[0m[2m=[0m59 [3mtotal_tokens_est[0m[2m=[0m1180 [3mmessage_count[0m[2m=[0m3
-> ollama:qwen2.5:3b+plan:ollama:gemma4:e4b :: shell_exec_basic (rep 1/5)
[2m2026-07-11T11:48:17.573729Z[0m [32m INFO[0m [1mturn[0m[1m{[0m[3msession[0m[2m=[0me3e9bd44-0ed8-4e5f-95e7-dc72bebcb0fc[1m}[0m[2m:[0m [2mbraze_engine::engine[0m[2m:[0m planner produced a single-step (or unstructured) plan; discarding it — the executor's first round covers it without the plan-in-prompt cost
[2m2026-07-11T11:48:17.578962Z[0m [32m INFO[0m [1mturn[0m[1m{[0m[3msession[0m[2m=[0me3e9bd44-0ed8-4e5f-95e7-dc72bebcb0fc[1m}[0m[2m:[0m [2mbraze_engine::hooks[0m[2m:[0m prompt budget breakdown (PromptBudgetAuditHook) [3msystem_tokens_est[0m[2m=[0m270 [3mtools_tokens_est[0m[2m=[0m850 [3mhistory_tokens_est[0m[2m=[0m18 [3mtotal_tokens_est[0m[2m=[0m1139 [3mmessage_count[0m[2m=[0m1
-> ollama:qwen2.5:3b+plan:ollama:gemma4:e4b :: shell_exec_basic (rep 2/5)
[2m2026-07-11T11:48:21.885771Z[0m [32m INFO[0m [1mturn[0m[1m{[0m[3msession[0m[2m=[0macf89763-c9fa-4df4-944c-626196d031f4[1m}[0m[2m:[0m [2mbraze_engine::engine[0m[2m:[0m planner produced a single-step (or unstructured) plan; discarding it — the executor's first round covers it without the plan-in-prompt cost
[2m2026-07-11T11:48:21.888285Z[0m [32m INFO[0m [1mturn[0m[1m{[0m[3msession[0m[2m=[0macf89763-c9fa-4df4-944c-626196d031f4[1m}[0m[2m:[0m [2mbraze_engine::hooks[0m[2m:[0m prompt budget breakdown (PromptBudgetAuditHook) [3msystem_tokens_est[0m[2m=[0m270 [3mtools_tokens_est[0m[2m=[0m850 [3mhistory_tokens_est[0m[2m=[0m18 [3mtotal_tokens_est[0m[2m=[0m1139 [3mmessage_count[0m[2m=[0m1
-> ollama:qwen2.5:3b+plan:ollama:gemma4:e4b :: shell_exec_basic (rep 3/5)
[2m2026-07-11T11:48:26.111383Z[0m [32m INFO[0m [1mturn[0m[1m{[0m[3msession[0m[2m=[0me0d5c04f-0ae7-45dd-ac11-43abaca31a84[1m}[0m[2m:[0m [2mbraze_engine::engine[0m[2m:[0m planner produced a single-step (or unstructured) plan; discarding it — the executor's first round covers it without the plan-in-prompt cost
[2m2026-07-11T11:48:26.112802Z[0m [32m INFO[0m [1mturn[0m[1m{[0m[3msession[0m[2m=[0me0d5c04f-0ae7-45dd-ac11-43abaca31a84[1m}[0m[2m:[0m [2mbraze_engine::hooks[0m[2m:[0m prompt budget breakdown (PromptBudgetAuditHook) [3msystem_tokens_est[0m[2m=[0m270 [3mtools_tokens_est[0m[2m=[0m850 [3mhistory_tokens_est[0m[2m=[0m18 [3mtotal_tokens_est[0m[2m=[0m1139 [3mmessage_count[0m[2m=[0m1
-> ollama:qwen2.5:3b+plan:ollama:gemma4:e4b :: shell_exec_basic (rep 4/5)
[2m2026-07-11T11:48:30.678878Z[0m [32m INFO[0m [1mturn[0m[1m{[0m[3msession[0m[2m=[0m3d4bd0c9-3c3b-4a59-a57b-86ea447c759d[1m}[0m[2m:[0m [2mbraze_engine::engine[0m[2m:[0m planner produced a single-step (or unstructured) plan; discarding it — the executor's first round covers it without the plan-in-prompt cost
[2m2026-07-11T11:48:30.680259Z[0m [32m INFO[0m [1mturn[0m[1m{[0m[3msession[0m[2m=[0m3d4bd0c9-3c3b-4a59-a57b-86ea447c759d[1m}[0m[2m:[0m [2mbraze_engine::hooks[0m[2m:[0m prompt budget breakdown (PromptBudgetAuditHook) [3msystem_tokens_est[0m[2m=[0m270 [3mtools_tokens_est[0m[2m=[0m850 [3mhistory_tokens_est[0m[2m=[0m18 [3mtotal_tokens_est[0m[2m=[0m1139 [3mmessage_count[0m[2m=[0m1
-> ollama:qwen2.5:3b+plan:ollama:gemma4:e4b :: shell_exec_basic (rep 5/5)
[2m2026-07-11T11:48:35.025240Z[0m [32m INFO[0m [1mturn[0m[1m{[0m[3msession[0m[2m=[0mcd44ca1a-581b-4379-b60c-f294f84a58d8[1m}[0m[2m:[0m [2mbraze_engine::engine[0m[2m:[0m planner produced a single-step (or unstructured) plan; discarding it — the executor's first round covers it without the plan-in-prompt cost
[2m2026-07-11T11:48:35.026092Z[0m [32m INFO[0m [1mturn[0m[1m{[0m[3msession[0m[2m=[0mcd44ca1a-581b-4379-b60c-f294f84a58d8[1m}[0m[2m:[0m [2mbraze_engine::hooks[0m[2m:[0m prompt budget breakdown (PromptBudgetAuditHook) [3msystem_tokens_est[0m[2m=[0m270 [3mtools_tokens_est[0m[2m=[0m850 [3mhistory_tokens_est[0m[2m=[0m18 [3mtotal_tokens_est[0m[2m=[0m1139 [3mmessage_count[0m[2m=[0m1
-> ollama:qwen2.5:3b+plan:ollama:gemma4:e4b :: no_tool_qa (rep 1/5)
[2m2026-07-11T11:48:39.007445Z[0m [32m INFO[0m [1mturn[0m[1m{[0m[3msession[0m[2m=[0mba8f76fa-0005-4962-afcd-cb1796e64813[1m}[0m[2m:[0m [2mbraze_engine::engine[0m[2m:[0m planner produced a single-step (or unstructured) plan; discarding it — the executor's first round covers it without the plan-in-prompt cost
[2m2026-07-11T11:48:39.008389Z[0m [32m INFO[0m [1mturn[0m[1m{[0m[3msession[0m[2m=[0mba8f76fa-0005-4962-afcd-cb1796e64813[1m}[0m[2m:[0m [2mbraze_engine::hooks[0m[2m:[0m prompt budget breakdown (PromptBudgetAuditHook) [3msystem_tokens_est[0m[2m=[0m268 [3mtools_tokens_est[0m[2m=[0m850 [3mhistory_tokens_est[0m[2m=[0m19 [3mtotal_tokens_est[0m[2m=[0m1138 [3mmessage_count[0m[2m=[0m1
-> ollama:qwen2.5:3b+plan:ollama:gemma4:e4b :: no_tool_qa (rep 2/5)
[2m2026-07-11T11:48:42.707219Z[0m [32m INFO[0m [1mturn[0m[1m{[0m[3msession[0m[2m=[0mec4b3697-4099-4677-9e1a-5ab7fd1d99ad[1m}[0m[2m:[0m [2mbraze_engine::engine[0m[2m:[0m planner produced a single-step (or unstructured) plan; discarding it — the executor's first round covers it without the plan-in-prompt cost
[2m2026-07-11T11:48:42.708117Z[0m [32m INFO[0m [1mturn[0m[1m{[0m[3msession[0m[2m=[0mec4b3697-4099-4677-9e1a-5ab7fd1d99ad[1m}[0m[2m:[0m [2mbraze_engine::hooks[0m[2m:[0m prompt budget breakdown (PromptBudgetAuditHook) [3msystem_tokens_est[0m[2m=[0m268 [3mtools_tokens_est[0m[2m=[0m850 [3mhistory_tokens_est[0m[2m=[0m19 [3mtotal_tokens_est[0m[2m=[0m1138 [3mmessage_count[0m[2m=[0m1
-> ollama:qwen2.5:3b+plan:ollama:gemma4:e4b :: no_tool_qa (rep 3/5)
[2m2026-07-11T11:48:45.842611Z[0m [32m INFO[0m [1mturn[0m[1m{[0m[3msession[0m[2m=[0m03e60217-dc5a-42e7-bd99-ed1f122c12c3[1m}[0m[2m:[0m [2mbraze_engine::engine[0m[2m:[0m planner produced a single-step (or unstructured) plan; discarding it — the executor's first round covers it without the plan-in-prompt cost
[2m2026-07-11T11:48:45.843567Z[0m [32m INFO[0m [1mturn[0m[1m{[0m[3msession[0m[2m=[0m03e60217-dc5a-42e7-bd99-ed1f122c12c3[1m}[0m[2m:[0m [2mbraze_engine::hooks[0m[2m:[0m prompt budget breakdown (PromptBudgetAuditHook) [3msystem_tokens_est[0m[2m=[0m268 [3mtools_tokens_est[0m[2m=[0m850 [3mhistory_tokens_est[0m[2m=[0m19 [3mtotal_tokens_est[0m[2m=[0m1138 [3mmessage_count[0m[2m=[0m1
-> ollama:qwen2.5:3b+plan:ollama:gemma4:e4b :: no_tool_qa (rep 4/5)
[2m2026-07-11T11:48:50.295230Z[0m [32m INFO[0m [1mturn[0m[1m{[0m[3msession[0m[2m=[0mfbaa016c-298f-40b6-bd58-451f28aa11eb[1m}[0m[2m:[0m [2mbraze_engine::engine[0m[2m:[0m planner produced a single-step (or unstructured) plan; discarding it — the executor's first round covers it without the plan-in-prompt cost
[2m2026-07-11T11:48:50.295706Z[0m [32m INFO[0m [1mturn[0m[1m{[0m[3msession[0m[2m=[0mfbaa016c-298f-40b6-bd58-451f28aa11eb[1m}[0m[2m:[0m [2mbraze_engine::hooks[0m[2m:[0m prompt budget breakdown (PromptBudgetAuditHook) [3msystem_tokens_est[0m[2m=[0m268 [3mtools_tokens_est[0m[2m=[0m850 [3mhistory_tokens_est[0m[2m=[0m19 [3mtotal_tokens_est[0m[2m=[0m1138 [3mmessage_count[0m[2m=[0m1
-> ollama:qwen2.5:3b+plan:ollama:gemma4:e4b :: no_tool_qa (rep 5/5)
[2m2026-07-11T11:48:53.747370Z[0m [32m INFO[0m [1mturn[0m[1m{[0m[3msession[0m[2m=[0m46bda77d-b4ea-4086-b5d6-f2864368b7e4[1m}[0m[2m:[0m [2mbraze_engine::engine[0m[2m:[0m planner produced a single-step (or unstructured) plan; discarding it — the executor's first round covers it without the plan-in-prompt cost
[2m2026-07-11T11:48:53.748103Z[0m [32m INFO[0m [1mturn[0m[1m{[0m[3msession[0m[2m=[0m46bda77d-b4ea-4086-b5d6-f2864368b7e4[1m}[0m[2m:[0m [2mbraze_engine::hooks[0m[2m:[0m prompt budget breakdown (PromptBudgetAuditHook) [3msystem_tokens_est[0m[2m=[0m268 [3mtools_tokens_est[0m[2m=[0m850 [3mhistory_tokens_est[0m[2m=[0m19 [3mtotal_tokens_est[0m[2m=[0m1138 [3mmessage_count[0m[2m=[0m1
-> ollama:qwen2.5:3b+plan:ollama:gemma4:e4b :: multi_step_read_count_write (rep 1/5)
[2m2026-07-11T11:49:05.269859Z[0m [32m INFO[0m [1mturn[0m[1m{[0m[3msession[0m[2m=[0m50bb4b94-bbc6-4e53-981c-1b23d8ba813d[1m}[0m[2m:[0m [2mbraze_engine::hooks[0m[2m:[0m prompt budget breakdown (PromptBudgetAuditHook) [3msystem_tokens_est[0m[2m=[0m273 [3mtools_tokens_est[0m[2m=[0m850 [3mhistory_tokens_est[0m[2m=[0m155 [3mtotal_tokens_est[0m[2m=[0m1279 [3mmessage_count[0m[2m=[0m2
-> ollama:qwen2.5:3b+plan:ollama:gemma4:e4b :: multi_step_read_count_write (rep 2/5)
[2m2026-07-11T11:49:15.066742Z[0m [32m INFO[0m [1mturn[0m[1m{[0m[3msession[0m[2m=[0m9143b75e-e7f7-4ed9-b88f-9e6ebae90ae9[1m}[0m[2m:[0m [2mbraze_engine::hooks[0m[2m:[0m prompt budget breakdown (PromptBudgetAuditHook) [3msystem_tokens_est[0m[2m=[0m273 [3mtools_tokens_est[0m[2m=[0m850 [3mhistory_tokens_est[0m[2m=[0m132 [3mtotal_tokens_est[0m[2m=[0m1256 [3mmessage_count[0m[2m=[0m2
[2m2026-07-11T11:49:17.218454Z[0m [32m INFO[0m [1mturn[0m[1m{[0m[3msession[0m[2m=[0m9143b75e-e7f7-4ed9-b88f-9e6ebae90ae9[1m}[0m[2m:[0m [2mbraze_engine::hooks[0m[2m:[0m prompt budget breakdown (PromptBudgetAuditHook) [3msystem_tokens_est[0m[2m=[0m273 [3mtools_tokens_est[0m[2m=[0m850 [3mhistory_tokens_est[0m[2m=[0m158 [3mtotal_tokens_est[0m[2m=[0m1281 [3mmessage_count[0m[2m=[0m4
[2m2026-07-11T11:49:21.408383Z[0m [32m INFO[0m [1mturn[0m[1m{[0m[3msession[0m[2m=[0m9143b75e-e7f7-4ed9-b88f-9e6ebae90ae9[1m}[0m[2m:[0m [2mbraze_engine::hooks[0m[2m:[0m prompt budget breakdown (PromptBudgetAuditHook) [3msystem_tokens_est[0m[2m=[0m273 [3mtools_tokens_est[0m[2m=[0m850 [3mhistory_tokens_est[0m[2m=[0m269 [3mtotal_tokens_est[0m[2m=[0m1392 [3mmessage_count[0m[2m=[0m7
-> ollama:qwen2.5:3b+plan:ollama:gemma4:e4b :: multi_step_read_count_write (rep 3/5)
[2m2026-07-11T11:49:40.444854Z[0m [32m INFO[0m [1mturn[0m[1m{[0m[3msession[0m[2m=[0m37091287-a68c-442b-bed3-8d58b0543b98[1m}[0m[2m:[0m [2mbraze_engine::hooks[0m[2m:[0m prompt budget breakdown (PromptBudgetAuditHook) [3msystem_tokens_est[0m[2m=[0m273 [3mtools_tokens_est[0m[2m=[0m850 [3mhistory_tokens_est[0m[2m=[0m143 [3mtotal_tokens_est[0m[2m=[0m1266 [3mmessage_count[0m[2m=[0m2
-> ollama:qwen2.5:3b+plan:ollama:gemma4:e4b :: multi_step_read_count_write (rep 4/5)
[2m2026-07-11T11:49:50.707604Z[0m [32m INFO[0m [1mturn[0m[1m{[0m[3msession[0m[2m=[0m9655249e-ca9d-414e-a4b0-ddc582abfbdf[1m}[0m[2m:[0m [2mbraze_engine::hooks[0m[2m:[0m prompt budget breakdown (PromptBudgetAuditHook) [3msystem_tokens_est[0m[2m=[0m273 [3mtools_tokens_est[0m[2m=[0m850 [3mhistory_tokens_est[0m[2m=[0m126 [3mtotal_tokens_est[0m[2m=[0m1250 [3mmessage_count[0m[2m=[0m2
[2m2026-07-11T11:49:53.776710Z[0m [32m INFO[0m [1mturn[0m[1m{[0m[3msession[0m[2m=[0m9655249e-ca9d-414e-a4b0-ddc582abfbdf[1m}[0m[2m:[0m [2mbraze_engine::hooks[0m[2m:[0m prompt budget breakdown (PromptBudgetAuditHook) [3msystem_tokens_est[0m[2m=[0m273 [3mtools_tokens_est[0m[2m=[0m850 [3mhistory_tokens_est[0m[2m=[0m192 [3mtotal_tokens_est[0m[2m=[0m1316 [3mmessage_count[0m[2m=[0m4
[2m2026-07-11T11:49:56.134147Z[0m [32m INFO[0m [1mturn[0m[1m{[0m[3msession[0m[2m=[0m9655249e-ca9d-414e-a4b0-ddc582abfbdf[1m}[0m[2m:[0m [2mbraze_engine::hooks[0m[2m:[0m prompt budget breakdown (PromptBudgetAuditHook) [3msystem_tokens_est[0m[2m=[0m273 [3mtools_tokens_est[0m[2m=[0m850 [3mhistory_tokens_est[0m[2m=[0m243 [3mtotal_tokens_est[0m[2m=[0m1366 [3mmessage_count[0m[2m=[0m6
-> ollama:qwen2.5:3b+plan:ollama:gemma4:e4b :: multi_step_read_count_write (rep 5/5)
[2m2026-07-11T11:50:13.287671Z[0m [32m INFO[0m [1mturn[0m[1m{[0m[3msession[0m[2m=[0m6c2b7b69-9ec1-4b44-a714-3e1bd937e627[1m}[0m[2m:[0m [2mbraze_engine::hooks[0m[2m:[0m prompt budget breakdown (PromptBudgetAuditHook) [3msystem_tokens_est[0m[2m=[0m273 [3mtools_tokens_est[0m[2m=[0m850 [3mhistory_tokens_est[0m[2m=[0m148 [3mtotal_tokens_est[0m[2m=[0m1272 [3mmessage_count[0m[2m=[0m2
[2m2026-07-11T11:50:15.532627Z[0m [32m INFO[0m [1mturn[0m[1m{[0m[3msession[0m[2m=[0m6c2b7b69-9ec1-4b44-a714-3e1bd937e627[1m}[0m[2m:[0m [2mbraze_engine::hooks[0m[2m:[0m prompt budget breakdown (PromptBudgetAuditHook) [3msystem_tokens_est[0m[2m=[0m273 [3mtools_tokens_est[0m[2m=[0m850 [3mhistory_tokens_est[0m[2m=[0m173 [3mtotal_tokens_est[0m[2m=[0m1297 [3mmessage_count[0m[2m=[0m4
[2m2026-07-11T11:50:17.992227Z[0m [32m INFO[0m [1mturn[0m[1m{[0m[3msession[0m[2m=[0m6c2b7b69-9ec1-4b44-a714-3e1bd937e627[1m}[0m[2m:[0m [2mbraze_engine::hooks[0m[2m:[0m prompt budget breakdown (PromptBudgetAuditHook) [3msystem_tokens_est[0m[2m=[0m273 [3mtools_tokens_est[0m[2m=[0m850 [3mhistory_tokens_est[0m[2m=[0m231 [3mtotal_tokens_est[0m[2m=[0m1355 [3mmessage_count[0m[2m=[0m7
-> ollama:qwen2.5:3b+plan:ollama:gemma4:e4b :: error_recovery_wrong_filename (rep 1/5)
[2m2026-07-11T11:50:28.540089Z[0m [32m INFO[0m [1mturn[0m[1m{[0m[3msession[0m[2m=[0m6ee94068-bf5c-4a59-b672-b32b073cae4b[1m}[0m[2m:[0m [2mbraze_engine::hooks[0m[2m:[0m prompt budget breakdown (PromptBudgetAuditHook) [3msystem_tokens_est[0m[2m=[0m273 [3mtools_tokens_est[0m[2m=[0m850 [3mhistory_tokens_est[0m[2m=[0m151 [3mtotal_tokens_est[0m[2m=[0m1276 [3mmessage_count[0m[2m=[0m2
[2m2026-07-11T11:50:30.533003Z[0m [32m INFO[0m [1mturn[0m[1m{[0m[3msession[0m[2m=[0m6ee94068-bf5c-4a59-b672-b32b073cae4b[1m}[0m[2m:[0m [2mbraze_engine::hooks[0m[2m:[0m prompt budget breakdown (PromptBudgetAuditHook) [3msystem_tokens_est[0m[2m=[0m273 [3mtools_tokens_est[0m[2m=[0m850 [3mhistory_tokens_est[0m[2m=[0m183 [3mtotal_tokens_est[0m[2m=[0m1307 [3mmessage_count[0m[2m=[0m4
[2m2026-07-11T11:50:35.242279Z[0m [32m INFO[0m [1mturn[0m[1m{[0m[3msession[0m[2m=[0m6ee94068-bf5c-4a59-b672-b32b073cae4b[1m}[0m[2m:[0m [2mbraze_engine::hooks[0m[2m:[0m prompt budget breakdown (PromptBudgetAuditHook) [3msystem_tokens_est[0m[2m=[0m273 [3mtools_tokens_est[0m[2m=[0m850 [3mhistory_tokens_est[0m[2m=[0m304 [3mtotal_tokens_est[0m[2m=[0m1428 [3mmessage_count[0m[2m=[0m7
-> ollama:qwen2.5:3b+plan:ollama:gemma4:e4b :: error_recovery_wrong_filename (rep 2/5)
[2m2026-07-11T11:50:49.397296Z[0m [32m INFO[0m [1mturn[0m[1m{[0m[3msession[0m[2m=[0m8277101b-53c5-4d5e-bc63-daf3ae0cfa37[1m}[0m[2m:[0m [2mbraze_engine::hooks[0m[2m:[0m prompt budget breakdown (PromptBudgetAuditHook) [3msystem_tokens_est[0m[2m=[0m273 [3mtools_tokens_est[0m[2m=[0m850 [3mhistory_tokens_est[0m[2m=[0m133 [3mtotal_tokens_est[0m[2m=[0m1257 [3mmessage_count[0m[2m=[0m2
[2m2026-07-11T11:50:51.474841Z[0m [32m INFO[0m [1mturn[0m[1m{[0m[3msession[0m[2m=[0m8277101b-53c5-4d5e-bc63-daf3ae0cfa37[1m}[0m[2m:[0m [2mbraze_engine::hooks[0m[2m:[0m prompt budget breakdown (PromptBudgetAuditHook) [3msystem_tokens_est[0m[2m=[0m273 [3mtools_tokens_est[0m[2m=[0m850 [3mhistory_tokens_est[0m[2m=[0m165 [3mtotal_tokens_est[0m[2m=[0m1289 [3mmessage_count[0m[2m=[0m4
[2m2026-07-11T11:50:54.218766Z[0m [32m INFO[0m [1mturn[0m[1m{[0m[3msession[0m[2m=[0m8277101b-53c5-4d5e-bc63-daf3ae0cfa37[1m}[0m[2m:[0m [2mbraze_engine::hooks[0m[2m:[0m prompt budget breakdown (PromptBudgetAuditHook) [3msystem_tokens_est[0m[2m=[0m273 [3mtools_tokens_est[0m[2m=[0m850 [3mhistory_tokens_est[0m[2m=[0m239 [3mtotal_tokens_est[0m[2m=[0m1363 [3mmessage_count[0m[2m=[0m6
[2m2026-07-11T11:50:58.125373Z[0m [33m WARN[0m [1mturn[0m[1m{[0m[3msession[0m[2m=[0m8277101b-53c5-4d5e-bc63-daf3ae0cfa37[1m}[0m[2m:[0m [2mbraze_engine::engine[0m[2m:[0m model repeated an identical tool call this turn; nudging instead of re-dispatching [3mtool[0m[2m=[0mglob
[2m2026-07-11T11:50:58.129150Z[0m [32m INFO[0m [1mturn[0m[1m{[0m[3msession[0m[2m=[0m8277101b-53c5-4d5e-bc63-daf3ae0cfa37[1m}[0m[2m:[0m [2mbraze_engine::hooks[0m[2m:[0m prompt budget breakdown (PromptBudgetAuditHook) [3msystem_tokens_est[0m[2m=[0m273 [3mtools_tokens_est[0m[2m=[0m850 [3mhistory_tokens_est[0m[2m=[0m374 [3mtotal_tokens_est[0m[2m=[0m1499 [3mmessage_count[0m[2m=[0m9
[2m2026-07-11T11:51:03.853487Z[0m [32m INFO[0m [1mturn[0m[1m{[0m[3msession[0m[2m=[0m8277101b-53c5-4d5e-bc63-daf3ae0cfa37[1m}[0m[2m:[0m [2mbraze_engine::hooks[0m[2m:[0m prompt budget breakdown (PromptBudgetAuditHook) [3msystem_tokens_est[0m[2m=[0m273 [3mtools_tokens_est[0m[2m=[0m850 [3mhistory_tokens_est[0m[2m=[0m515 [3mtotal_tokens_est[0m[2m=[0m1640 [3mmessage_count[0m[2m=[0m12
-> ollama:qwen2.5:3b+plan:ollama:gemma4:e4b :: error_recovery_wrong_filename (rep 3/5)
[2m2026-07-11T11:51:14.882057Z[0m [32m INFO[0m [1mturn[0m[1m{[0m[3msession[0m[2m=[0mb4fcc3cc-e082-4099-af98-76483519c68f[1m}[0m[2m:[0m [2mbraze_engine::hooks[0m[2m:[0m prompt budget breakdown (PromptBudgetAuditHook) [3msystem_tokens_est[0m[2m=[0m273 [3mtools_tokens_est[0m[2m=[0m850 [3mhistory_tokens_est[0m[2m=[0m124 [3mtotal_tokens_est[0m[2m=[0m1248 [3mmessage_count[0m[2m=[0m2
[2m2026-07-11T11:51:16.722653Z[0m [32m INFO[0m [1mturn[0m[1m{[0m[3msession[0m[2m=[0mb4fcc3cc-e082-4099-af98-76483519c68f[1m}[0m[2m:[0m [2mbraze_engine::hooks[0m[2m:[0m prompt budget breakdown (PromptBudgetAuditHook) [3msystem_tokens_est[0m[2m=[0m273 [3mtools_tokens_est[0m[2m=[0m850 [3mhistory_tokens_est[0m[2m=[0m153 [3mtotal_tokens_est[0m[2m=[0m1277 [3mmessage_count[0m[2m=[0m4
[2m2026-07-11T11:51:17.962213Z[0m [32m INFO[0m [1mturn[0m[1m{[0m[3msession[0m[2m=[0mb4fcc3cc-e082-4099-af98-76483519c68f[1m}[0m[2m:[0m [2mbraze_engine::hooks[0m[2m:[0m prompt budget breakdown (PromptBudgetAuditHook) [3msystem_tokens_est[0m[2m=[0m273 [3mtools_tokens_est[0m[2m=[0m850 [3mhistory_tokens_est[0m[2m=[0m168 [3mtotal_tokens_est[0m[2m=[0m1292 [3mmessage_count[0m[2m=[0m6
-> ollama:qwen2.5:3b+plan:ollama:gemma4:e4b :: error_recovery_wrong_filename (rep 4/5)
[2m2026-07-11T11:51:27.028919Z[0m [32m INFO[0m [1mturn[0m[1m{[0m[3msession[0m[2m=[0mc707b450-99c5-4af1-89da-6656427fe46c[1m}[0m[2m:[0m [2mbraze_engine::hooks[0m[2m:[0m prompt budget breakdown (PromptBudgetAuditHook) [3msystem_tokens_est[0m[2m=[0m273 [3mtools_tokens_est[0m[2m=[0m850 [3mhistory_tokens_est[0m[2m=[0m135 [3mtotal_tokens_est[0m[2m=[0m1259 [3mmessage_count[0m[2m=[0m2
[2m2026-07-11T11:51:28.877366Z[0m [32m INFO[0m [1mturn[0m[1m{[0m[3msession[0m[2m=[0mc707b450-99c5-4af1-89da-6656427fe46c[1m}[0m[2m:[0m [2mbraze_engine::hooks[0m[2m:[0m prompt budget breakdown (PromptBudgetAuditHook) [3msystem_tokens_est[0m[2m=[0m273 [3mtools_tokens_est[0m[2m=[0m850 [3mhistory_tokens_est[0m[2m=[0m164 [3mtotal_tokens_est[0m[2m=[0m1288 [3mmessage_count[0m[2m=[0m4
[2m2026-07-11T11:51:31.443478Z[0m [32m INFO[0m [1mturn[0m[1m{[0m[3msession[0m[2m=[0mc707b450-99c5-4af1-89da-6656427fe46c[1m}[0m[2m:[0m [2mbraze_engine::hooks[0m[2m:[0m prompt budget breakdown (PromptBudgetAuditHook) [3msystem_tokens_est[0m[2m=[0m273 [3mtools_tokens_est[0m[2m=[0m850 [3mhistory_tokens_est[0m[2m=[0m228 [3mtotal_tokens_est[0m[2m=[0m1352 [3mmessage_count[0m[2m=[0m6
-> ollama:qwen2.5:3b+plan:ollama:gemma4:e4b :: error_recovery_wrong_filename (rep 5/5)
[2m2026-07-11T11:51:38.798209Z[0m [32m INFO[0m [1mturn[0m[1m{[0m[3msession[0m[2m=[0mb5c087c0-36c8-4301-b3af-f83bc4e2737e[1m}[0m[2m:[0m [2mbraze_engine::hooks[0m[2m:[0m prompt budget breakdown (PromptBudgetAuditHook) [3msystem_tokens_est[0m[2m=[0m273 [3mtools_tokens_est[0m[2m=[0m850 [3mhistory_tokens_est[0m[2m=[0m113 [3mtotal_tokens_est[0m[2m=[0m1238 [3mmessage_count[0m[2m=[0m2
[2m2026-07-11T11:51:40.659391Z[0m [32m INFO[0m [1mturn[0m[1m{[0m[3msession[0m[2m=[0mb5c087c0-36c8-4301-b3af-f83bc4e2737e[1m}[0m[2m:[0m [2mbraze_engine::hooks[0m[2m:[0m prompt budget breakdown (PromptBudgetAuditHook) [3msystem_tokens_est[0m[2m=[0m273 [3mtools_tokens_est[0m[2m=[0m850 [3mhistory_tokens_est[0m[2m=[0m142 [3mtotal_tokens_est[0m[2m=[0m1267 [3mmessage_count[0m[2m=[0m4
[2m2026-07-11T11:51:45.577993Z[0m [32m INFO[0m [1mturn[0m[1m{[0m[3msession[0m[2m=[0mb5c087c0-36c8-4301-b3af-f83bc4e2737e[1m}[0m[2m:[0m [2mbraze_engine::hooks[0m[2m:[0m prompt budget breakdown (PromptBudgetAuditHook) [3msystem_tokens_est[0m[2m=[0m273 [3mtools_tokens_est[0m[2m=[0m850 [3mhistory_tokens_est[0m[2m=[0m273 [3mtotal_tokens_est[0m[2m=[0m1397 [3mmessage_count[0m[2m=[0m7
-> ollama:qwen2.5:3b+plan:ollama:gemma4:e4b :: distractor_selection_among_files (rep 1/5)
[2m2026-07-11T11:51:55.512382Z[0m [32m INFO[0m [1mturn[0m[1m{[0m[3msession[0m[2m=[0m1c1c7bd2-8127-4f19-8932-e8ddb02ea624[1m}[0m[2m:[0m [2mbraze_engine::engine[0m[2m:[0m planner produced a single-step (or unstructured) plan; discarding it — the executor's first round covers it without the plan-in-prompt cost
[2m2026-07-11T11:51:55.513125Z[0m [32m INFO[0m [1mturn[0m[1m{[0m[3msession[0m[2m=[0m1c1c7bd2-8127-4f19-8932-e8ddb02ea624[1m}[0m[2m:[0m [2mbraze_engine::hooks[0m[2m:[0m prompt budget breakdown (PromptBudgetAuditHook) [3msystem_tokens_est[0m[2m=[0m274 [3mtools_tokens_est[0m[2m=[0m850 [3mhistory_tokens_est[0m[2m=[0m34 [3mtotal_tokens_est[0m[2m=[0m1159 [3mmessage_count[0m[2m=[0m1
[2m2026-07-11T11:51:57.461353Z[0m [32m INFO[0m [1mturn[0m[1m{[0m[3msession[0m[2m=[0m1c1c7bd2-8127-4f19-8932-e8ddb02ea624[1m}[0m[2m:[0m [2mbraze_engine::hooks[0m[2m:[0m prompt budget breakdown (PromptBudgetAuditHook) [3msystem_tokens_est[0m[2m=[0m274 [3mtools_tokens_est[0m[2m=[0m850 [3mhistory_tokens_est[0m[2m=[0m48 [3mtotal_tokens_est[0m[2m=[0m1173 [3mmessage_count[0m[2m=[0m3
-> ollama:qwen2.5:3b+plan:ollama:gemma4:e4b :: distractor_selection_among_files (rep 2/5)
[2m2026-07-11T11:52:02.107833Z[0m [32m INFO[0m [1mturn[0m[1m{[0m[3msession[0m[2m=[0m8d86900d-1abf-4ac9-b476-6a0eac21bd50[1m}[0m[2m:[0m [2mbraze_engine::engine[0m[2m:[0m planner produced a single-step (or unstructured) plan; discarding it — the executor's first round covers it without the plan-in-prompt cost
[2m2026-07-11T11:52:02.109773Z[0m [32m INFO[0m [1mturn[0m[1m{[0m[3msession[0m[2m=[0m8d86900d-1abf-4ac9-b476-6a0eac21bd50[1m}[0m[2m:[0m [2mbraze_engine::hooks[0m[2m:[0m prompt budget breakdown (PromptBudgetAuditHook) [3msystem_tokens_est[0m[2m=[0m274 [3mtools_tokens_est[0m[2m=[0m850 [3mhistory_tokens_est[0m[2m=[0m34 [3mtotal_tokens_est[0m[2m=[0m1159 [3mmessage_count[0m[2m=[0m1
[2m2026-07-11T11:52:04.189199Z[0m [32m INFO[0m [1mturn[0m[1m{[0m[3msession[0m[2m=[0m8d86900d-1abf-4ac9-b476-6a0eac21bd50[1m}[0m[2m:[0m [2mbraze_engine::hooks[0m[2m:[0m prompt budget breakdown (PromptBudgetAuditHook) [3msystem_tokens_est[0m[2m=[0m274 [3mtools_tokens_est[0m[2m=[0m850 [3mhistory_tokens_est[0m[2m=[0m48 [3mtotal_tokens_est[0m[2m=[0m1173 [3mmessage_count[0m[2m=[0m3
-> ollama:qwen2.5:3b+plan:ollama:gemma4:e4b :: distractor_selection_among_files (rep 3/5)
[2m2026-07-11T11:52:14.476707Z[0m [32m INFO[0m [1mturn[0m[1m{[0m[3msession[0m[2m=[0md05151f8-b6d4-4e10-affc-1f0a2141cca1[1m}[0m[2m:[0m [2mbraze_engine::hooks[0m[2m:[0m prompt budget breakdown (PromptBudgetAuditHook) [3msystem_tokens_est[0m[2m=[0m274 [3mtools_tokens_est[0m[2m=[0m850 [3mhistory_tokens_est[0m[2m=[0m138 [3mtotal_tokens_est[0m[2m=[0m1263 [3mmessage_count[0m[2m=[0m2
[2m2026-07-11T11:52:17.246525Z[0m [33m WARN[0m [1mturn[0m[1m{[0m[3msession[0m[2m=[0md05151f8-b6d4-4e10-affc-1f0a2141cca1[1m}[0m[2m:[0m [2mbraze_engine::engine[0m[2m:[0m tool call arguments failed schema validation before dispatch [3mtool[0m[2m=[0mgrep [3mattempt[0m[2m=[0m1 [3merror[0m[2m=[0mAdditional properties are not allowed ('command' was unexpected)
[2m2026-07-11T11:52:17.255509Z[0m [32m INFO[0m [1mturn[0m[1m{[0m[3msession[0m[2m=[0md05151f8-b6d4-4e10-affc-1f0a2141cca1[1m}[0m[2m:[0m [2mbraze_engine::hooks[0m[2m:[0m prompt budget breakdown (PromptBudgetAuditHook) [3msystem_tokens_est[0m[2m=[0m274 [3mtools_tokens_est[0m[2m=[0m850 [3mhistory_tokens_est[0m[2m=[0m331 [3mtotal_tokens_est[0m[2m=[0m1456 [3mmessage_count[0m[2m=[0m4
[2m2026-07-11T11:52:21.885782Z[0m [33m WARN[0m [1mturn[0m[1m{[0m[3msession[0m[2m=[0md05151f8-b6d4-4e10-affc-1f0a2141cca1[1m}[0m[2m:[0m [2mbraze_engine::engine[0m[2m:[0m tool call arguments failed schema validation before dispatch [3mtool[0m[2m=[0mgrep [3mattempt[0m[2m=[0m2 [3merror[0m[2m=[0mAdditional properties are not allowed ('command' was unexpected)
[2m2026-07-11T11:52:21.888976Z[0m [32m INFO[0m [1mturn[0m[1m{[0m[3msession[0m[2m=[0md05151f8-b6d4-4e10-affc-1f0a2141cca1[1m}[0m[2m:[0m [2mbraze_engine::hooks[0m[2m:[0m prompt budget breakdown (PromptBudgetAuditHook) [3msystem_tokens_est[0m[2m=[0m274 [3mtools_tokens_est[0m[2m=[0m850 [3mhistory_tokens_est[0m[2m=[0m483 [3mtotal_tokens_est[0m[2m=[0m1608 [3mmessage_count[0m[2m=[0m7
-> ollama:qwen2.5:3b+plan:ollama:gemma4:e4b :: distractor_selection_among_files (rep 4/5)
[2m2026-07-11T11:52:29.008709Z[0m [32m INFO[0m [1mturn[0m[1m{[0m[3msession[0m[2m=[0mc9adfe37-dc21-4953-849d-61828f7b8e73[1m}[0m[2m:[0m [2mbraze_engine::engine[0m[2m:[0m planner produced a single-step (or unstructured) plan; discarding it — the executor's first round covers it without the plan-in-prompt cost
[2m2026-07-11T11:52:29.009581Z[0m [32m INFO[0m [1mturn[0m[1m{[0m[3msession[0m[2m=[0mc9adfe37-dc21-4953-849d-61828f7b8e73[1m}[0m[2m:[0m [2mbraze_engine::hooks[0m[2m:[0m prompt budget breakdown (PromptBudgetAuditHook) [3msystem_tokens_est[0m[2m=[0m274 [3mtools_tokens_est[0m[2m=[0m850 [3mhistory_tokens_est[0m[2m=[0m34 [3mtotal_tokens_est[0m[2m=[0m1159 [3mmessage_count[0m[2m=[0m1
[2m2026-07-11T11:52:31.124592Z[0m [32m INFO[0m [1mturn[0m[1m{[0m[3msession[0m[2m=[0mc9adfe37-dc21-4953-849d-61828f7b8e73[1m}[0m[2m:[0m [2mbraze_engine::hooks[0m[2m:[0m prompt budget breakdown (PromptBudgetAuditHook) [3msystem_tokens_est[0m[2m=[0m274 [3mtools_tokens_est[0m[2m=[0m850 [3mhistory_tokens_est[0m[2m=[0m52 [3mtotal_tokens_est[0m[2m=[0m1177 [3mmessage_count[0m[2m=[0m3
-> ollama:qwen2.5:3b+plan:ollama:gemma4:e4b :: distractor_selection_among_files (rep 5/5)
[2m2026-07-11T11:52:36.461769Z[0m [32m INFO[0m [1mturn[0m[1m{[0m[3msession[0m[2m=[0m44ba112d-56d8-49ea-b0e3-ea0135d17132[1m}[0m[2m:[0m [2mbraze_engine::engine[0m[2m:[0m planner produced a single-step (or unstructured) plan; discarding it — the executor's first round covers it without the plan-in-prompt cost
[2m2026-07-11T11:52:36.462941Z[0m [32m INFO[0m [1mturn[0m[1m{[0m[3msession[0m[2m=[0m44ba112d-56d8-49ea-b0e3-ea0135d17132[1m}[0m[2m:[0m [2mbraze_engine::hooks[0m[2m:[0m prompt budget breakdown (PromptBudgetAuditHook) [3msystem_tokens_est[0m[2m=[0m274 [3mtools_tokens_est[0m[2m=[0m850 [3mhistory_tokens_est[0m[2m=[0m34 [3mtotal_tokens_est[0m[2m=[0m1159 [3mmessage_count[0m[2m=[0m1
[2m2026-07-11T11:52:38.437890Z[0m [32m INFO[0m [1mturn[0m[1m{[0m[3msession[0m[2m=[0m44ba112d-56d8-49ea-b0e3-ea0135d17132[1m}[0m[2m:[0m [2mbraze_engine::hooks[0m[2m:[0m prompt budget breakdown (PromptBudgetAuditHook) [3msystem_tokens_est[0m[2m=[0m274 [3mtools_tokens_est[0m[2m=[0m850 [3mhistory_tokens_est[0m[2m=[0m78 [3mtotal_tokens_est[0m[2m=[0m1203 [3mmessage_count[0m[2m=[0m3
-> ollama:qwen2.5:3b+plan:ollama:gemma4:e4b :: edit_file_function_body (rep 1/5)
[2m2026-07-11T11:52:44.481040Z[0m [32m INFO[0m [1mturn[0m[1m{[0m[3msession[0m[2m=[0m08c0b95b-194d-4d83-b82f-4d609d55c41f[1m}[0m[2m:[0m [2mbraze_engine::engine[0m[2m:[0m planner produced a single-step (or unstructured) plan; discarding it — the executor's first round covers it without the plan-in-prompt cost
[2m2026-07-11T11:52:44.482250Z[0m [32m INFO[0m [1mturn[0m[1m{[0m[3msession[0m[2m=[0m08c0b95b-194d-4d83-b82f-4d609d55c41f[1m}[0m[2m:[0m [2mbraze_engine::hooks[0m[2m:[0m prompt budget breakdown (PromptBudgetAuditHook) [3msystem_tokens_est[0m[2m=[0m272 [3mtools_tokens_est[0m[2m=[0m850 [3mhistory_tokens_est[0m[2m=[0m28 [3mtotal_tokens_est[0m[2m=[0m1150 [3mmessage_count[0m[2m=[0m1
[2m2026-07-11T11:52:48.118031Z[0m [32m INFO[0m [1mturn[0m[1m{[0m[3msession[0m[2m=[0m08c0b95b-194d-4d83-b82f-4d609d55c41f[1m}[0m[2m:[0m [2mbraze_engine::hooks[0m[2m:[0m prompt budget breakdown (PromptBudgetAuditHook) [3msystem_tokens_est[0m[2m=[0m272 [3mtools_tokens_est[0m[2m=[0m850 [3mhistory_tokens_est[0m[2m=[0m127 [3mtotal_tokens_est[0m[2m=[0m1250 [3mmessage_count[0m[2m=[0m3
[2m2026-07-11T11:52:54.324204Z[0m [33m WARN[0m [1mturn[0m[1m{[0m[3msession[0m[2m=[0m08c0b95b-194d-4d83-b82f-4d609d55c41f[1m}[0m[2m:[0m [2mbraze_engine::engine[0m[2m:[0m model repeated an identical tool call this turn; nudging instead of re-dispatching [3mtool[0m[2m=[0medit_file
[2m2026-07-11T11:52:54.326945Z[0m [32m INFO[0m [1mturn[0m[1m{[0m[3msession[0m[2m=[0m08c0b95b-194d-4d83-b82f-4d609d55c41f[1m}[0m[2m:[0m [2mbraze_engine::hooks[0m[2m:[0m prompt budget breakdown (PromptBudgetAuditHook) [3msystem_tokens_est[0m[2m=[0m272 [3mtools_tokens_est[0m[2m=[0m850 [3mhistory_tokens_est[0m[2m=[0m314 [3mtotal_tokens_est[0m[2m=[0m1437 [3mmessage_count[0m[2m=[0m6
-> ollama:qwen2.5:3b+plan:ollama:gemma4:e4b :: edit_file_function_body (rep 2/5)
[2m2026-07-11T11:53:06.314384Z[0m [32m INFO[0m [1mturn[0m[1m{[0m[3msession[0m[2m=[0mfd1962d2-2b4b-4c85-9cb5-2dc981e8bc05[1m}[0m[2m:[0m [2mbraze_engine::engine[0m[2m:[0m planner produced a single-step (or unstructured) plan; discarding it — the executor's first round covers it without the plan-in-prompt cost
[2m2026-07-11T11:53:06.316078Z[0m [32m INFO[0m [1mturn[0m[1m{[0m[3msession[0m[2m=[0mfd1962d2-2b4b-4c85-9cb5-2dc981e8bc05[1m}[0m[2m:[0m [2mbraze_engine::hooks[0m[2m:[0m prompt budget breakdown (PromptBudgetAuditHook) [3msystem_tokens_est[0m[2m=[0m272 [3mtools_tokens_est[0m[2m=[0m850 [3mhistory_tokens_est[0m[2m=[0m28 [3mtotal_tokens_est[0m[2m=[0m1150 [3mmessage_count[0m[2m=[0m1
[2m2026-07-11T11:53:09.895768Z[0m [32m INFO[0m [1mturn[0m[1m{[0m[3msession[0m[2m=[0mfd1962d2-2b4b-4c85-9cb5-2dc981e8bc05[1m}[0m[2m:[0m [2mbraze_engine::hooks[0m[2m:[0m prompt budget breakdown (PromptBudgetAuditHook) [3msystem_tokens_est[0m[2m=[0m272 [3mtools_tokens_est[0m[2m=[0m850 [3mhistory_tokens_est[0m[2m=[0m127 [3mtotal_tokens_est[0m[2m=[0m1250 [3mmessage_count[0m[2m=[0m3
-> ollama:qwen2.5:3b+plan:ollama:gemma4:e4b :: edit_file_function_body (rep 3/5)
[2m2026-07-11T11:53:17.628628Z[0m [32m INFO[0m [1mturn[0m[1m{[0m[3msession[0m[2m=[0mf65f9816-009b-476a-b54b-73d46f5408a4[1m}[0m[2m:[0m [2mbraze_engine::engine[0m[2m:[0m planner produced a single-step (or unstructured) plan; discarding it — the executor's first round covers it without the plan-in-prompt cost
[2m2026-07-11T11:53:17.629428Z[0m [32m INFO[0m [1mturn[0m[1m{[0m[3msession[0m[2m=[0mf65f9816-009b-476a-b54b-73d46f5408a4[1m}[0m[2m:[0m [2mbraze_engine::hooks[0m[2m:[0m prompt budget breakdown (PromptBudgetAuditHook) [3msystem_tokens_est[0m[2m=[0m272 [3mtools_tokens_est[0m[2m=[0m850 [3mhistory_tokens_est[0m[2m=[0m28 [3mtotal_tokens_est[0m[2m=[0m1150 [3mmessage_count[0m[2m=[0m1
[2m2026-07-11T11:53:20.989656Z[0m [32m INFO[0m [1mturn[0m[1m{[0m[3msession[0m[2m=[0mf65f9816-009b-476a-b54b-73d46f5408a4[1m}[0m[2m:[0m [2mbraze_engine::hooks[0m[2m:[0m prompt budget breakdown (PromptBudgetAuditHook) [3msystem_tokens_est[0m[2m=[0m272 [3mtools_tokens_est[0m[2m=[0m850 [3mhistory_tokens_est[0m[2m=[0m127 [3mtotal_tokens_est[0m[2m=[0m1250 [3mmessage_count[0m[2m=[0m3
-> ollama:qwen2.5:3b+plan:ollama:gemma4:e4b :: edit_file_function_body (rep 4/5)
[2m2026-07-11T11:53:30.438072Z[0m [32m INFO[0m [1mturn[0m[1m{[0m[3msession[0m[2m=[0mbbe271f8-6e01-43a5-b4fa-7c65c0dd0df5[1m}[0m[2m:[0m [2mbraze_engine::engine[0m[2m:[0m planner produced a single-step (or unstructured) plan; discarding it — the executor's first round covers it without the plan-in-prompt cost
[2m2026-07-11T11:53:30.439046Z[0m [32m INFO[0m [1mturn[0m[1m{[0m[3msession[0m[2m=[0mbbe271f8-6e01-43a5-b4fa-7c65c0dd0df5[1m}[0m[2m:[0m [2mbraze_engine::hooks[0m[2m:[0m prompt budget breakdown (PromptBudgetAuditHook) [3msystem_tokens_est[0m[2m=[0m272 [3mtools_tokens_est[0m[2m=[0m850 [3mhistory_tokens_est[0m[2m=[0m28 [3mtotal_tokens_est[0m[2m=[0m1150 [3mmessage_count[0m[2m=[0m1
[2m2026-07-11T11:53:33.946010Z[0m [32m INFO[0m [1mturn[0m[1m{[0m[3msession[0m[2m=[0mbbe271f8-6e01-43a5-b4fa-7c65c0dd0df5[1m}[0m[2m:[0m [2mbraze_engine::hooks[0m[2m:[0m prompt budget breakdown (PromptBudgetAuditHook) [3msystem_tokens_est[0m[2m=[0m272 [3mtools_tokens_est[0m[2m=[0m850 [3mhistory_tokens_est[0m[2m=[0m127 [3mtotal_tokens_est[0m[2m=[0m1250 [3mmessage_count[0m[2m=[0m3
-> ollama:qwen2.5:3b+plan:ollama:gemma4:e4b :: edit_file_function_body (rep 5/5)
[2m2026-07-11T11:53:41.770555Z[0m [32m INFO[0m [1mturn[0m[1m{[0m[3msession[0m[2m=[0mc4e83306-39ae-4c34-a72b-1f18f88ab1d2[1m}[0m[2m:[0m [2mbraze_engine::engine[0m[2m:[0m planner produced a single-step (or unstructured) plan; discarding it — the executor's first round covers it without the plan-in-prompt cost
[2m2026-07-11T11:53:41.771782Z[0m [32m INFO[0m [1mturn[0m[1m{[0m[3msession[0m[2m=[0mc4e83306-39ae-4c34-a72b-1f18f88ab1d2[1m}[0m[2m:[0m [2mbraze_engine::hooks[0m[2m:[0m prompt budget breakdown (PromptBudgetAuditHook) [3msystem_tokens_est[0m[2m=[0m272 [3mtools_tokens_est[0m[2m=[0m850 [3mhistory_tokens_est[0m[2m=[0m28 [3mtotal_tokens_est[0m[2m=[0m1150 [3mmessage_count[0m[2m=[0m1
[2m2026-07-11T11:53:45.255282Z[0m [32m INFO[0m [1mturn[0m[1m{[0m[3msession[0m[2m=[0mc4e83306-39ae-4c34-a72b-1f18f88ab1d2[1m}[0m[2m:[0m [2mbraze_engine::hooks[0m[2m:[0m prompt budget breakdown (PromptBudgetAuditHook) [3msystem_tokens_est[0m[2m=[0m272 [3mtools_tokens_est[0m[2m=[0m850 [3mhistory_tokens_est[0m[2m=[0m127 [3mtotal_tokens_est[0m[2m=[0m1250 [3mmessage_count[0m[2m=[0m3
[2m2026-07-11T11:53:51.699656Z[0m [33m WARN[0m [1mturn[0m[1m{[0m[3msession[0m[2m=[0mc4e83306-39ae-4c34-a72b-1f18f88ab1d2[1m}[0m[2m:[0m [2mbraze_engine::engine[0m[2m:[0m model repeated an identical tool call this turn; nudging instead of re-dispatching [3mtool[0m[2m=[0medit_file
[2m2026-07-11T11:53:51.704172Z[0m [32m INFO[0m [1mturn[0m[1m{[0m[3msession[0m[2m=[0mc4e83306-39ae-4c34-a72b-1f18f88ab1d2[1m}[0m[2m:[0m [2mbraze_engine::hooks[0m[2m:[0m prompt budget breakdown (PromptBudgetAuditHook) [3msystem_tokens_est[0m[2m=[0m272 [3mtools_tokens_est[0m[2m=[0m850 [3mhistory_tokens_est[0m[2m=[0m338 [3mtotal_tokens_est[0m[2m=[0m1460 [3mmessage_count[0m[2m=[0m6
-> ollama:qwen2.5:3b+plan:ollama:gemma4:e4b :: no_tool_capital_question (rep 1/5)
[2m2026-07-11T11:53:59.951382Z[0m [32m INFO[0m [1mturn[0m[1m{[0m[3msession[0m[2m=[0me61a5b76-ce03-42dc-9e11-b7773b870fe3[1m}[0m[2m:[0m [2mbraze_engine::engine[0m[2m:[0m planner produced a single-step (or unstructured) plan; discarding it — the executor's first round covers it without the plan-in-prompt cost
[2m2026-07-11T11:53:59.952710Z[0m [32m INFO[0m [1mturn[0m[1m{[0m[3msession[0m[2m=[0me61a5b76-ce03-42dc-9e11-b7773b870fe3[1m}[0m[2m:[0m [2mbraze_engine::hooks[0m[2m:[0m prompt budget breakdown (PromptBudgetAuditHook) [3msystem_tokens_est[0m[2m=[0m272 [3mtools_tokens_est[0m[2m=[0m850 [3mhistory_tokens_est[0m[2m=[0m25 [3mtotal_tokens_est[0m[2m=[0m1148 [3mmessage_count[0m[2m=[0m1
-> ollama:qwen2.5:3b+plan:ollama:gemma4:e4b :: no_tool_capital_question (rep 2/5)
[2m2026-07-11T11:54:04.118357Z[0m [32m INFO[0m [1mturn[0m[1m{[0m[3msession[0m[2m=[0mca3eb7b1-b957-4350-9c11-f1d77133e8c9[1m}[0m[2m:[0m [2mbraze_engine::engine[0m[2m:[0m planner produced a single-step (or unstructured) plan; discarding it — the executor's first round covers it without the plan-in-prompt cost
[2m2026-07-11T11:54:04.120091Z[0m [32m INFO[0m [1mturn[0m[1m{[0m[3msession[0m[2m=[0mca3eb7b1-b957-4350-9c11-f1d77133e8c9[1m}[0m[2m:[0m [2mbraze_engine::hooks[0m[2m:[0m prompt budget breakdown (PromptBudgetAuditHook) [3msystem_tokens_est[0m[2m=[0m272 [3mtools_tokens_est[0m[2m=[0m850 [3mhistory_tokens_est[0m[2m=[0m25 [3mtotal_tokens_est[0m[2m=[0m1148 [3mmessage_count[0m[2m=[0m1
-> ollama:qwen2.5:3b+plan:ollama:gemma4:e4b :: no_tool_capital_question (rep 3/5)
[2m2026-07-11T11:54:08.119616Z[0m [32m INFO[0m [1mturn[0m[1m{[0m[3msession[0m[2m=[0m8079d80b-ed72-4ab8-8fb1-2cf2434d54f7[1m}[0m[2m:[0m [2mbraze_engine::engine[0m[2m:[0m planner produced a single-step (or unstructured) plan; discarding it — the executor's first round covers it without the plan-in-prompt cost
[2m2026-07-11T11:54:08.120729Z[0m [32m INFO[0m [1mturn[0m[1m{[0m[3msession[0m[2m=[0m8079d80b-ed72-4ab8-8fb1-2cf2434d54f7[1m}[0m[2m:[0m [2mbraze_engine::hooks[0m[2m:[0m prompt budget breakdown (PromptBudgetAuditHook) [3msystem_tokens_est[0m[2m=[0m272 [3mtools_tokens_est[0m[2m=[0m850 [3mhistory_tokens_est[0m[2m=[0m25 [3mtotal_tokens_est[0m[2m=[0m1148 [3mmessage_count[0m[2m=[0m1
-> ollama:qwen2.5:3b+plan:ollama:gemma4:e4b :: no_tool_capital_question (rep 4/5)
[2m2026-07-11T11:54:12.770080Z[0m [32m INFO[0m [1mturn[0m[1m{[0m[3msession[0m[2m=[0me9639523-365f-469d-8742-0e3ffbd747b4[1m}[0m[2m:[0m [2mbraze_engine::engine[0m[2m:[0m planner produced a single-step (or unstructured) plan; discarding it — the executor's first round covers it without the plan-in-prompt cost
[2m2026-07-11T11:54:12.771517Z[0m [32m INFO[0m [1mturn[0m[1m{[0m[3msession[0m[2m=[0me9639523-365f-469d-8742-0e3ffbd747b4[1m}[0m[2m:[0m [2mbraze_engine::hooks[0m[2m:[0m prompt budget breakdown (PromptBudgetAuditHook) [3msystem_tokens_est[0m[2m=[0m272 [3mtools_tokens_est[0m[2m=[0m850 [3mhistory_tokens_est[0m[2m=[0m25 [3mtotal_tokens_est[0m[2m=[0m1148 [3mmessage_count[0m[2m=[0m1
-> ollama:qwen2.5:3b+plan:ollama:gemma4:e4b :: no_tool_capital_question (rep 5/5)
[2m2026-07-11T11:54:16.922803Z[0m [32m INFO[0m [1mturn[0m[1m{[0m[3msession[0m[2m=[0mf811d453-cc1a-4d78-a235-55fc894546fb[1m}[0m[2m:[0m [2mbraze_engine::engine[0m[2m:[0m planner produced a single-step (or unstructured) plan; discarding it — the executor's first round covers it without the plan-in-prompt cost
[2m2026-07-11T11:54:16.925177Z[0m [32m INFO[0m [1mturn[0m[1m{[0m[3msession[0m[2m=[0mf811d453-cc1a-4d78-a235-55fc894546fb[1m}[0m[2m:[0m [2mbraze_engine::hooks[0m[2m:[0m prompt budget breakdown (PromptBudgetAuditHook) [3msystem_tokens_est[0m[2m=[0m272 [3mtools_tokens_est[0m[2m=[0m850 [3mhistory_tokens_est[0m[2m=[0m25 [3mtotal_tokens_est[0m[2m=[0m1148 [3mmessage_count[0m[2m=[0m1
-> ollama:qwen2.5:3b+plan:ollama:gemma4:e4b :: no_tool_subtraction (rep 1/5)
[2m2026-07-11T11:54:21.677350Z[0m [32m INFO[0m [1mturn[0m[1m{[0m[3msession[0m[2m=[0maed0279a-a197-4596-a882-de5ac85f0552[1m}[0m[2m:[0m [2mbraze_engine::engine[0m[2m:[0m planner produced a single-step (or unstructured) plan; discarding it — the executor's first round covers it without the plan-in-prompt cost
[2m2026-07-11T11:54:21.678999Z[0m [32m INFO[0m [1mturn[0m[1m{[0m[3msession[0m[2m=[0maed0279a-a197-4596-a882-de5ac85f0552[1m}[0m[2m:[0m [2mbraze_engine::hooks[0m[2m:[0m prompt budget breakdown (PromptBudgetAuditHook) [3msystem_tokens_est[0m[2m=[0m271 [3mtools_tokens_est[0m[2m=[0m850 [3mhistory_tokens_est[0m[2m=[0m21 [3mtotal_tokens_est[0m[2m=[0m1142 [3mmessage_count[0m[2m=[0m1
-> ollama:qwen2.5:3b+plan:ollama:gemma4:e4b :: no_tool_subtraction (rep 2/5)
[2m2026-07-11T11:54:26.200682Z[0m [32m INFO[0m [1mturn[0m[1m{[0m[3msession[0m[2m=[0mfff4171b-7dc1-4887-8d0e-8dc2a2560dce[1m}[0m[2m:[0m [2mbraze_engine::engine[0m[2m:[0m planner produced a single-step (or unstructured) plan; discarding it — the executor's first round covers it without the plan-in-prompt cost
[2m2026-07-11T11:54:26.202200Z[0m [32m INFO[0m [1mturn[0m[1m{[0m[3msession[0m[2m=[0mfff4171b-7dc1-4887-8d0e-8dc2a2560dce[1m}[0m[2m:[0m [2mbraze_engine::hooks[0m[2m:[0m prompt budget breakdown (PromptBudgetAuditHook) [3msystem_tokens_est[0m[2m=[0m271 [3mtools_tokens_est[0m[2m=[0m850 [3mhistory_tokens_est[0m[2m=[0m21 [3mtotal_tokens_est[0m[2m=[0m1142 [3mmessage_count[0m[2m=[0m1
-> ollama:qwen2.5:3b+plan:ollama:gemma4:e4b :: no_tool_subtraction (rep 3/5)
[2m2026-07-11T11:54:29.992792Z[0m [32m INFO[0m [1mturn[0m[1m{[0m[3msession[0m[2m=[0mb85ecd5d-50e5-44ca-8946-6edb8b161789[1m}[0m[2m:[0m [2mbraze_engine::engine[0m[2m:[0m planner produced a single-step (or unstructured) plan; discarding it — the executor's first round covers it without the plan-in-prompt cost
[2m2026-07-11T11:54:29.993702Z[0m [32m INFO[0m [1mturn[0m[1m{[0m[3msession[0m[2m=[0mb85ecd5d-50e5-44ca-8946-6edb8b161789[1m}[0m[2m:[0m [2mbraze_engine::hooks[0m[2m:[0m prompt budget breakdown (PromptBudgetAuditHook) [3msystem_tokens_est[0m[2m=[0m271 [3mtools_tokens_est[0m[2m=[0m850 [3mhistory_tokens_est[0m[2m=[0m21 [3mtotal_tokens_est[0m[2m=[0m1142 [3mmessage_count[0m[2m=[0m1
-> ollama:qwen2.5:3b+plan:ollama:gemma4:e4b :: no_tool_subtraction (rep 4/5)
[2m2026-07-11T11:54:34.862280Z[0m [32m INFO[0m [1mturn[0m[1m{[0m[3msession[0m[2m=[0m1c8081e4-d457-4b54-aad8-0b8ebff16218[1m}[0m[2m:[0m [2mbraze_engine::engine[0m[2m:[0m planner produced a single-step (or unstructured) plan; discarding it — the executor's first round covers it without the plan-in-prompt cost
[2m2026-07-11T11:54:34.863281Z[0m [32m INFO[0m [1mturn[0m[1m{[0m[3msession[0m[2m=[0m1c8081e4-d457-4b54-aad8-0b8ebff16218[1m}[0m[2m:[0m [2mbraze_engine::hooks[0m[2m:[0m prompt budget breakdown (PromptBudgetAuditHook) [3msystem_tokens_est[0m[2m=[0m271 [3mtools_tokens_est[0m[2m=[0m850 [3mhistory_tokens_est[0m[2m=[0m21 [3mtotal_tokens_est[0m[2m=[0m1142 [3mmessage_count[0m[2m=[0m1
-> ollama:qwen2.5:3b+plan:ollama:gemma4:e4b :: no_tool_subtraction (rep 5/5)
[2m2026-07-11T11:54:40.816943Z[0m [32m INFO[0m [1mturn[0m[1m{[0m[3msession[0m[2m=[0mc2f893a8-2763-4c9a-9626-d1a9f3d2fd7e[1m}[0m[2m:[0m [2mbraze_engine::engine[0m[2m:[0m planner produced a single-step (or unstructured) plan; discarding it — the executor's first round covers it without the plan-in-prompt cost
[2m2026-07-11T11:54:40.818011Z[0m [32m INFO[0m [1mturn[0m[1m{[0m[3msession[0m[2m=[0mc2f893a8-2763-4c9a-9626-d1a9f3d2fd7e[1m}[0m[2m:[0m [2mbraze_engine::hooks[0m[2m:[0m prompt budget breakdown (PromptBudgetAuditHook) [3msystem_tokens_est[0m[2m=[0m271 [3mtools_tokens_est[0m[2m=[0m850 [3mhistory_tokens_est[0m[2m=[0m21 [3mtotal_tokens_est[0m[2m=[0m1142 [3mmessage_count[0m[2m=[0m1
-> ollama:qwen2.5:3b+plan:ollama:gemma4:e4b :: multi_step_sum_two_files (rep 1/5)
[2m2026-07-11T11:55:05.064504Z[0m [32m INFO[0m [1mturn[0m[1m{[0m[3msession[0m[2m=[0meeca21bc-a79d-48bb-92e9-ecd21c8614eb[1m}[0m[2m:[0m [2mbraze_engine::hooks[0m[2m:[0m prompt budget breakdown (PromptBudgetAuditHook) [3msystem_tokens_est[0m[2m=[0m272 [3mtools_tokens_est[0m[2m=[0m850 [3mhistory_tokens_est[0m[2m=[0m199 [3mtotal_tokens_est[0m[2m=[0m1322 [3mmessage_count[0m[2m=[0m2
-> ollama:qwen2.5:3b+plan:ollama:gemma4:e4b :: multi_step_sum_two_files (rep 2/5)
[2m2026-07-11T11:55:26.561835Z[0m [32m INFO[0m [1mturn[0m[1m{[0m[3msession[0m[2m=[0m2f367cc1-5e56-4f85-8cf6-531752344ef7[1m}[0m[2m:[0m [2mbraze_engine::hooks[0m[2m:[0m prompt budget breakdown (PromptBudgetAuditHook) [3msystem_tokens_est[0m[2m=[0m272 [3mtools_tokens_est[0m[2m=[0m850 [3mhistory_tokens_est[0m[2m=[0m171 [3mtotal_tokens_est[0m[2m=[0m1294 [3mmessage_count[0m[2m=[0m2
-> ollama:qwen2.5:3b+plan:ollama:gemma4:e4b :: multi_step_sum_two_files (rep 3/5)
[2m2026-07-11T11:55:42.466529Z[0m [32m INFO[0m [1mturn[0m[1m{[0m[3msession[0m[2m=[0mc1643a86-493d-4c4e-b7d0-9aa782806d82[1m}[0m[2m:[0m [2mbraze_engine::hooks[0m[2m:[0m prompt budget breakdown (PromptBudgetAuditHook) [3msystem_tokens_est[0m[2m=[0m272 [3mtools_tokens_est[0m[2m=[0m850 [3mhistory_tokens_est[0m[2m=[0m172 [3mtotal_tokens_est[0m[2m=[0m1295 [3mmessage_count[0m[2m=[0m2
[2m2026-07-11T11:55:51.319825Z[0m [32m INFO[0m [1mturn[0m[1m{[0m[3msession[0m[2m=[0mc1643a86-493d-4c4e-b7d0-9aa782806d82[1m}[0m[2m:[0m [2mbraze_engine::hooks[0m[2m:[0m prompt budget breakdown (PromptBudgetAuditHook) [3msystem_tokens_est[0m[2m=[0m272 [3mtools_tokens_est[0m[2m=[0m850 [3mhistory_tokens_est[0m[2m=[0m334 [3mtotal_tokens_est[0m[2m=[0m1457 [3mmessage_count[0m[2m=[0m4
-> ollama:qwen2.5:3b+plan:ollama:gemma4:e4b :: multi_step_sum_two_files (rep 4/5)
[2m2026-07-11T11:56:10.065314Z[0m [32m INFO[0m [1mturn[0m[1m{[0m[3msession[0m[2m=[0m4d4ecde6-8d4c-46b0-bf0a-8b3c5e49bf2c[1m}[0m[2m:[0m [2mbraze_engine::hooks[0m[2m:[0m prompt budget breakdown (PromptBudgetAuditHook) [3msystem_tokens_est[0m[2m=[0m272 [3mtools_tokens_est[0m[2m=[0m850 [3mhistory_tokens_est[0m[2m=[0m180 [3mtotal_tokens_est[0m[2m=[0m1303 [3mmessage_count[0m[2m=[0m2
[2m2026-07-11T11:56:15.214148Z[0m [32m INFO[0m [1mturn[0m[1m{[0m[3msession[0m[2m=[0m4d4ecde6-8d4c-46b0-bf0a-8b3c5e49bf2c[1m}[0m[2m:[0m [2mbraze_engine::hooks[0m[2m:[0m prompt budget breakdown (PromptBudgetAuditHook) [3msystem_tokens_est[0m[2m=[0m272 [3mtools_tokens_est[0m[2m=[0m850 [3mhistory_tokens_est[0m[2m=[0m278 [3mtotal_tokens_est[0m[2m=[0m1401 [3mmessage_count[0m[2m=[0m4
[2m2026-07-11T11:56:21.175313Z[0m [32m INFO[0m [1mturn[0m[1m{[0m[3msession[0m[2m=[0m4d4ecde6-8d4c-46b0-bf0a-8b3c5e49bf2c[1m}[0m[2m:[0m [2mbraze_engine::hooks[0m[2m:[0m prompt budget breakdown (PromptBudgetAuditHook) [3msystem_tokens_est[0m[2m=[0m272 [3mtools_tokens_est[0m[2m=[0m850 [3mhistory_tokens_est[0m[2m=[0m418 [3mtotal_tokens_est[0m[2m=[0m1541 [3mmessage_count[0m[2m=[0m7
-> ollama:qwen2.5:3b+plan:ollama:gemma4:e4b :: multi_step_sum_two_files (rep 5/5)
[2m2026-07-11T11:59:21.535402Z[0m [32m INFO[0m [1mturn[0m[1m{[0m[3msession[0m[2m=[0mb26571c0-2eab-4336-9c20-71681115b5e7[1m}[0m[2m:[0m [2mbraze_engine::hooks[0m[2m:[0m prompt budget breakdown (PromptBudgetAuditHook) [3msystem_tokens_est[0m[2m=[0m272 [3mtools_tokens_est[0m[2m=[0m850 [3mhistory_tokens_est[0m[2m=[0m213 [3mtotal_tokens_est[0m[2m=[0m1336 [3mmessage_count[0m[2m=[0m2
[2m2026-07-11T11:59:28.152242Z[0m [32m INFO[0m [1mturn[0m[1m{[0m[3msession[0m[2m=[0mb26571c0-2eab-4336-9c20-71681115b5e7[1m}[0m[2m:[0m [2mbraze_engine::hooks[0m[2m:[0m prompt budget breakdown (PromptBudgetAuditHook) [3msystem_tokens_est[0m[2m=[0m272 [3mtools_tokens_est[0m[2m=[0m850 [3mhistory_tokens_est[0m[2m=[0m237 [3mtotal_tokens_est[0m[2m=[0m1360 [3mmessage_count[0m[2m=[0m4
[2m2026-07-11T11:59:30.564900Z[0m [32m INFO[0m [1mturn[0m[1m{[0m[3msession[0m[2m=[0mb26571c0-2eab-4336-9c20-71681115b5e7[1m}[0m[2m:[0m [2mbraze_engine::hooks[0m[2m:[0m prompt budget breakdown (PromptBudgetAuditHook) [3msystem_tokens_est[0m[2m=[0m272 [3mtools_tokens_est[0m[2m=[0m850 [3mhistory_tokens_est[0m[2m=[0m290 [3mtotal_tokens_est[0m[2m=[0m1413 [3mmessage_count[0m[2m=[0m7
-> ollama:qwen2.5:3b+plan:ollama:gemma4:e4b :: multi_step_multiply_and_write (rep 1/5)
[2m2026-07-11T11:59:45.375812Z[0m [32m INFO[0m [1mturn[0m[1m{[0m[3msession[0m[2m=[0m7e90cacf-cb1c-416d-a3dc-7e29e92d034c[1m}[0m[2m:[0m [2mbraze_engine::hooks[0m[2m:[0m prompt budget breakdown (PromptBudgetAuditHook) [3msystem_tokens_est[0m[2m=[0m273 [3mtools_tokens_est[0m[2m=[0m850 [3mhistory_tokens_est[0m[2m=[0m142 [3mtotal_tokens_est[0m[2m=[0m1266 [3mmessage_count[0m[2m=[0m2
[2m2026-07-11T11:59:47.305528Z[0m [32m INFO[0m [1mturn[0m[1m{[0m[3msession[0m[2m=[0m7e90cacf-cb1c-416d-a3dc-7e29e92d034c[1m}[0m[2m:[0m [2mbraze_engine::hooks[0m[2m:[0m prompt budget breakdown (PromptBudgetAuditHook) [3msystem_tokens_est[0m[2m=[0m273 [3mtools_tokens_est[0m[2m=[0m850 [3mhistory_tokens_est[0m[2m=[0m150 [3mtotal_tokens_est[0m[2m=[0m1274 [3mmessage_count[0m[2m=[0m4
[2m2026-07-11T11:59:49.528159Z[0m [32m INFO[0m [1mturn[0m[1m{[0m[3msession[0m[2m=[0m7e90cacf-cb1c-416d-a3dc-7e29e92d034c[1m}[0m[2m:[0m [2mbraze_engine::hooks[0m[2m:[0m prompt budget breakdown (PromptBudgetAuditHook) [3msystem_tokens_est[0m[2m=[0m273 [3mtools_tokens_est[0m[2m=[0m850 [3mhistory_tokens_est[0m[2m=[0m194 [3mtotal_tokens_est[0m[2m=[0m1319 [3mmessage_count[0m[2m=[0m6
-> ollama:qwen2.5:3b+plan:ollama:gemma4:e4b :: multi_step_multiply_and_write (rep 2/5)
[2m2026-07-11T12:00:02.540653Z[0m [32m INFO[0m [1mturn[0m[1m{[0m[3msession[0m[2m=[0mb8b2fbdb-9e67-4786-a224-84fd7c5e5f48[1m}[0m[2m:[0m [2mbraze_engine::hooks[0m[2m:[0m prompt budget breakdown (PromptBudgetAuditHook) [3msystem_tokens_est[0m[2m=[0m273 [3mtools_tokens_est[0m[2m=[0m850 [3mhistory_tokens_est[0m[2m=[0m154 [3mtotal_tokens_est[0m[2m=[0m1278 [3mmessage_count[0m[2m=[0m2
[2m2026-07-11T12:00:07.233563Z[0m [32m INFO[0m [1mturn[0m[1m{[0m[3msession[0m[2m=[0mb8b2fbdb-9e67-4786-a224-84fd7c5e5f48[1m}[0m[2m:[0m [2mbraze_engine::hooks[0m[2m:[0m prompt budget breakdown (PromptBudgetAuditHook) [3msystem_tokens_est[0m[2m=[0m273 [3mtools_tokens_est[0m[2m=[0m850 [3mhistory_tokens_est[0m[2m=[0m242 [3mtotal_tokens_est[0m[2m=[0m1367 [3mmessage_count[0m[2m=[0m4
-> ollama:qwen2.5:3b+plan:ollama:gemma4:e4b :: multi_step_multiply_and_write (rep 3/5)
[2m2026-07-11T12:00:16.691670Z[0m [32m INFO[0m [1mturn[0m[1m{[0m[3msession[0m[2m=[0mcadb3176-fb89-4a7d-ab5d-71bac6653b20[1m}[0m[2m:[0m [2mbraze_engine::hooks[0m[2m:[0m prompt budget breakdown (PromptBudgetAuditHook) [3msystem_tokens_est[0m[2m=[0m273 [3mtools_tokens_est[0m[2m=[0m850 [3mhistory_tokens_est[0m[2m=[0m129 [3mtotal_tokens_est[0m[2m=[0m1253 [3mmessage_count[0m[2m=[0m2
[2m2026-07-11T12:00:18.574195Z[0m [32m INFO[0m [1mturn[0m[1m{[0m[3msession[0m[2m=[0mcadb3176-fb89-4a7d-ab5d-71bac6653b20[1m}[0m[2m:[0m [2mbraze_engine::hooks[0m[2m:[0m prompt budget breakdown (PromptBudgetAuditHook) [3msystem_tokens_est[0m[2m=[0m273 [3mtools_tokens_est[0m[2m=[0m850 [3mhistory_tokens_est[0m[2m=[0m137 [3mtotal_tokens_est[0m[2m=[0m1261 [3mmessage_count[0m[2m=[0m4
[2m2026-07-11T12:00:19.950124Z[0m [32m INFO[0m [1mturn[0m[1m{[0m[3msession[0m[2m=[0mcadb3176-fb89-4a7d-ab5d-71bac6653b20[1m}[0m[2m:[0m [2mbraze_engine::hooks[0m[2m:[0m prompt budget breakdown (PromptBudgetAuditHook) [3msystem_tokens_est[0m[2m=[0m273 [3mtools_tokens_est[0m[2m=[0m850 [3mhistory_tokens_est[0m[2m=[0m174 [3mtotal_tokens_est[0m[2m=[0m1298 [3mmessage_count[0m[2m=[0m6
-> ollama:qwen2.5:3b+plan:ollama:gemma4:e4b :: multi_step_multiply_and_write (rep 4/5)
[2m2026-07-11T12:00:32.235109Z[0m [32m INFO[0m [1mturn[0m[1m{[0m[3msession[0m[2m=[0mc12830fc-cb56-4c62-8183-6a0adde1a74b[1m}[0m[2m:[0m [2mbraze_engine::hooks[0m[2m:[0m prompt budget breakdown (PromptBudgetAuditHook) [3msystem_tokens_est[0m[2m=[0m273 [3mtools_tokens_est[0m[2m=[0m850 [3mhistory_tokens_est[0m[2m=[0m161 [3mtotal_tokens_est[0m[2m=[0m1286 [3mmessage_count[0m[2m=[0m2
[2m2026-07-11T12:00:36.727061Z[0m [33m WARN[0m [1mturn[0m[1m{[0m[3msession[0m[2m=[0mc12830fc-cb56-4c62-8183-6a0adde1a74b[1m}[0m[2m:[0m [2mbraze_engine::engine[0m[2m:[0m tool call arguments failed schema validation before dispatch [3mtool[0m[2m=[0mshell_exec [3mattempt[0m[2m=[0m1 [3merror[0m[2m=[0mAdditional properties are not allowed ('limit' was unexpected)
[2m2026-07-11T12:00:36.745314Z[0m [32m INFO[0m [1mturn[0m[1m{[0m[3msession[0m[2m=[0mc12830fc-cb56-4c62-8183-6a0adde1a74b[1m}[0m[2m:[0m [2mbraze_engine::hooks[0m[2m:[0m prompt budget breakdown (PromptBudgetAuditHook) [3msystem_tokens_est[0m[2m=[0m273 [3mtools_tokens_est[0m[2m=[0m850 [3mhistory_tokens_est[0m[2m=[0m338 [3mtotal_tokens_est[0m[2m=[0m1462 [3mmessage_count[0m[2m=[0m6
[2m2026-07-11T12:00:41.105349Z[0m [33m WARN[0m [1mturn[0m[1m{[0m[3msession[0m[2m=[0mc12830fc-cb56-4c62-8183-6a0adde1a74b[1m}[0m[2m:[0m [2mbraze_engine::engine[0m[2m:[0m tool call arguments failed schema validation before dispatch [3mtool[0m[2m=[0mshell_exec [3mattempt[0m[2m=[0m2 [3merror[0m[2m=[0mAdditional properties are not allowed ('limit' was unexpected)
[2m2026-07-11T12:00:41.110362Z[0m [32m INFO[0m [1mturn[0m[1m{[0m[3msession[0m[2m=[0mc12830fc-cb56-4c62-8183-6a0adde1a74b[1m}[0m[2m:[0m [2mbraze_engine::hooks[0m[2m:[0m prompt budget breakdown (PromptBudgetAuditHook) [3msystem_tokens_est[0m[2m=[0m273 [3mtools_tokens_est[0m[2m=[0m850 [3mhistory_tokens_est[0m[2m=[0m487 [3mtotal_tokens_est[0m[2m=[0m1612 [3mmessage_count[0m[2m=[0m9
-> ollama:qwen2.5:3b+plan:ollama:gemma4:e4b :: multi_step_multiply_and_write (rep 5/5)
[2m2026-07-11T12:00:53.440189Z[0m [32m INFO[0m [1mturn[0m[1m{[0m[3msession[0m[2m=[0mff479b61-8e63-497f-b588-5a039efc7cba[1m}[0m[2m:[0m [2mbraze_engine::hooks[0m[2m:[0m prompt budget breakdown (PromptBudgetAuditHook) [3msystem_tokens_est[0m[2m=[0m273 [3mtools_tokens_est[0m[2m=[0m850 [3mhistory_tokens_est[0m[2m=[0m145 [3mtotal_tokens_est[0m[2m=[0m1269 [3mmessage_count[0m[2m=[0m2
[2m2026-07-11T12:00:58.033463Z[0m [32m INFO[0m [1mturn[0m[1m{[0m[3msession[0m[2m=[0mff479b61-8e63-497f-b588-5a039efc7cba[1m}[0m[2m:[0m [2mbraze_engine::hooks[0m[2m:[0m prompt budget breakdown (PromptBudgetAuditHook) [3msystem_tokens_est[0m[2m=[0m273 [3mtools_tokens_est[0m[2m=[0m850 [3mhistory_tokens_est[0m[2m=[0m237 [3mtotal_tokens_est[0m[2m=[0m1362 [3mmessage_count[0m[2m=[0m4
[2m2026-07-11T12:01:02.754674Z[0m [32m INFO[0m [1mturn[0m[1m{[0m[3msession[0m[2m=[0mff479b61-8e63-497f-b588-5a039efc7cba[1m}[0m[2m:[0m [2mbraze_engine::hooks[0m[2m:[0m prompt budget breakdown (PromptBudgetAuditHook) [3msystem_tokens_est[0m[2m=[0m273 [3mtools_tokens_est[0m[2m=[0m850 [3mhistory_tokens_est[0m[2m=[0m353 [3mtotal_tokens_est[0m[2m=[0m1477 [3mmessage_count[0m[2m=[0m7
-> ollama:qwen2.5:3b+plan:ollama:gemma4:e4b :: error_recovery_wrong_config_extension (rep 1/5)
[2m2026-07-11T12:01:16.138517Z[0m [32m INFO[0m [1mturn[0m[1m{[0m[3msession[0m[2m=[0m87d6d995-2a62-4d53-bf16-81dfd42babea[1m}[0m[2m:[0m [2mbraze_engine::hooks[0m[2m:[0m prompt budget breakdown (PromptBudgetAuditHook) [3msystem_tokens_est[0m[2m=[0m275 [3mtools_tokens_est[0m[2m=[0m850 [3mhistory_tokens_est[0m[2m=[0m193 [3mtotal_tokens_est[0m[2m=[0m1319 [3mmessage_count[0m[2m=[0m2
[2m2026-07-11T12:01:18.144891Z[0m [32m INFO[0m [1mturn[0m[1m{[0m[3msession[0m[2m=[0m87d6d995-2a62-4d53-bf16-81dfd42babea[1m}[0m[2m:[0m [2mbraze_engine::hooks[0m[2m:[0m prompt budget breakdown (PromptBudgetAuditHook) [3msystem_tokens_est[0m[2m=[0m275 [3mtools_tokens_est[0m[2m=[0m850 [3mhistory_tokens_est[0m[2m=[0m224 [3mtotal_tokens_est[0m[2m=[0m1350 [3mmessage_count[0m[2m=[0m4
[2m2026-07-11T12:01:20.320058Z[0m [32m INFO[0m [1mturn[0m[1m{[0m[3msession[0m[2m=[0m87d6d995-2a62-4d53-bf16-81dfd42babea[1m}[0m[2m:[0m [2mbraze_engine::hooks[0m[2m:[0m prompt budget breakdown (PromptBudgetAuditHook) [3msystem_tokens_est[0m[2m=[0m275 [3mtools_tokens_est[0m[2m=[0m850 [3mhistory_tokens_est[0m[2m=[0m288 [3mtotal_tokens_est[0m[2m=[0m1414 [3mmessage_count[0m[2m=[0m6
[2m2026-07-11T12:01:24.943590Z[0m [33m WARN[0m [1mturn[0m[1m{[0m[3msession[0m[2m=[0m87d6d995-2a62-4d53-bf16-81dfd42babea[1m}[0m[2m:[0m [2mbraze_engine::engine[0m[2m:[0m model repeated an identical tool call this turn; nudging instead of re-dispatching [3mtool[0m[2m=[0mglob
[2m2026-07-11T12:01:24.945617Z[0m [32m INFO[0m [1mturn[0m[1m{[0m[3msession[0m[2m=[0m87d6d995-2a62-4d53-bf16-81dfd42babea[1m}[0m[2m:[0m [2mbraze_engine::hooks[0m[2m:[0m prompt budget breakdown (PromptBudgetAuditHook) [3msystem_tokens_est[0m[2m=[0m275 [3mtools_tokens_est[0m[2m=[0m850 [3mhistory_tokens_est[0m[2m=[0m444 [3mtotal_tokens_est[0m[2m=[0m1571 [3mmessage_count[0m[2m=[0m9
[2m2026-07-11T12:01:29.771342Z[0m [32m INFO[0m [1mturn[0m[1m{[0m[3msession[0m[2m=[0m87d6d995-2a62-4d53-bf16-81dfd42babea[1m}[0m[2m:[0m [2mbraze_engine::hooks[0m[2m:[0m prompt budget breakdown (PromptBudgetAuditHook) [3msystem_tokens_est[0m[2m=[0m275 [3mtools_tokens_est[0m[2m=[0m850 [3mhistory_tokens_est[0m[2m=[0m588 [3mtotal_tokens_est[0m[2m=[0m1715 [3mmessage_count[0m[2m=[0m12
[2m2026-07-11T12:01:34.172646Z[0m [33m WARN[0m [1mturn[0m[1m{[0m[3msession[0m[2m=[0m87d6d995-2a62-4d53-bf16-81dfd42babea[1m}[0m[2m:[0m [2mbraze_engine::engine[0m[2m:[0m model repeated an identical tool call this turn; nudging instead of re-dispatching [3mtool[0m[2m=[0mglob
[2m2026-07-11T12:01:34.175436Z[0m [32m INFO[0m [1mturn[0m[1m{[0m[3msession[0m[2m=[0m87d6d995-2a62-4d53-bf16-81dfd42babea[1m}[0m[2m:[0m [2mbraze_engine::hooks[0m[2m:[0m prompt budget breakdown (PromptBudgetAuditHook) [3msystem_tokens_est[0m[2m=[0m275 [3mtools_tokens_est[0m[2m=[0m850 [3mhistory_tokens_est[0m[2m=[0m737 [3mtotal_tokens_est[0m[2m=[0m1863 [3mmessage_count[0m[2m=[0m15
-> ollama:qwen2.5:3b+plan:ollama:gemma4:e4b :: error_recovery_wrong_config_extension (rep 2/5)
[2m2026-07-11T12:01:45.211695Z[0m [32m INFO[0m [1mturn[0m[1m{[0m[3msession[0m[2m=[0m82e5549b-2f20-4df1-92b8-d7284f334179[1m}[0m[2m:[0m [2mbraze_engine::hooks[0m[2m:[0m prompt budget breakdown (PromptBudgetAuditHook) [3msystem_tokens_est[0m[2m=[0m275 [3mtools_tokens_est[0m[2m=[0m850 [3mhistory_tokens_est[0m[2m=[0m138 [3mtotal_tokens_est[0m[2m=[0m1264 [3mmessage_count[0m[2m=[0m2
[2m2026-07-11T12:01:47.077875Z[0m [32m INFO[0m [1mturn[0m[1m{[0m[3msession[0m[2m=[0m82e5549b-2f20-4df1-92b8-d7284f334179[1m}[0m[2m:[0m [2mbraze_engine::hooks[0m[2m:[0m prompt budget breakdown (PromptBudgetAuditHook) [3msystem_tokens_est[0m[2m=[0m275 [3mtools_tokens_est[0m[2m=[0m850 [3mhistory_tokens_est[0m[2m=[0m167 [3mtotal_tokens_est[0m[2m=[0m1293 [3mmessage_count[0m[2m=[0m4
[2m2026-07-11T12:01:49.120567Z[0m [32m INFO[0m [1mturn[0m[1m{[0m[3msession[0m[2m=[0m82e5549b-2f20-4df1-92b8-d7284f334179[1m}[0m[2m:[0m [2mbraze_engine::hooks[0m[2m:[0m prompt budget breakdown (PromptBudgetAuditHook) [3msystem_tokens_est[0m[2m=[0m275 [3mtools_tokens_est[0m[2m=[0m850 [3mhistory_tokens_est[0m[2m=[0m231 [3mtotal_tokens_est[0m[2m=[0m1357 [3mmessage_count[0m[2m=[0m6
[2m2026-07-11T12:01:53.387110Z[0m [32m INFO[0m [1mturn[0m[1m{[0m[3msession[0m[2m=[0m82e5549b-2f20-4df1-92b8-d7284f334179[1m}[0m[2m:[0m [2mbraze_engine::hooks[0m[2m:[0m prompt budget breakdown (PromptBudgetAuditHook) [3msystem_tokens_est[0m[2m=[0m275 [3mtools_tokens_est[0m[2m=[0m850 [3mhistory_tokens_est[0m[2m=[0m353 [3mtotal_tokens_est[0m[2m=[0m1479 [3mmessage_count[0m[2m=[0m9
[2m2026-07-11T12:01:58.564192Z[0m [32m INFO[0m [1mturn[0m[1m{[0m[3msession[0m[2m=[0m82e5549b-2f20-4df1-92b8-d7284f334179[1m}[0m[2m:[0m [2mbraze_engine::hooks[0m[2m:[0m prompt budget breakdown (PromptBudgetAuditHook) [3msystem_tokens_est[0m[2m=[0m275 [3mtools_tokens_est[0m[2m=[0m850 [3mhistory_tokens_est[0m[2m=[0m535 [3mtotal_tokens_est[0m[2m=[0m1661 [3mmessage_count[0m[2m=[0m13
-> ollama:qwen2.5:3b+plan:ollama:gemma4:e4b :: error_recovery_wrong_config_extension (rep 3/5)
[2m2026-07-11T12:02:12.301114Z[0m [32m INFO[0m [1mturn[0m[1m{[0m[3msession[0m[2m=[0mc9c53175-3bd5-4875-9ca2-84f784132198[1m}[0m[2m:[0m [2mbraze_engine::hooks[0m[2m:[0m prompt budget breakdown (PromptBudgetAuditHook) [3msystem_tokens_est[0m[2m=[0m275 [3mtools_tokens_est[0m[2m=[0m850 [3mhistory_tokens_est[0m[2m=[0m186 [3mtotal_tokens_est[0m[2m=[0m1312 [3mmessage_count[0m[2m=[0m2
[2m2026-07-11T12:02:14.437124Z[0m [32m INFO[0m [1mturn[0m[1m{[0m[3msession[0m[2m=[0mc9c53175-3bd5-4875-9ca2-84f784132198[1m}[0m[2m:[0m [2mbraze_engine::hooks[0m[2m:[0m prompt budget breakdown (PromptBudgetAuditHook) [3msystem_tokens_est[0m[2m=[0m275 [3mtools_tokens_est[0m[2m=[0m850 [3mhistory_tokens_est[0m[2m=[0m217 [3mtotal_tokens_est[0m[2m=[0m1344 [3mmessage_count[0m[2m=[0m4
[2m2026-07-11T12:02:16.658757Z[0m [32m INFO[0m [1mturn[0m[1m{[0m[3msession[0m[2m=[0mc9c53175-3bd5-4875-9ca2-84f784132198[1m}[0m[2m:[0m [2mbraze_engine::hooks[0m[2m:[0m prompt budget breakdown (PromptBudgetAuditHook) [3msystem_tokens_est[0m[2m=[0m275 [3mtools_tokens_est[0m[2m=[0m850 [3mhistory_tokens_est[0m[2m=[0m248 [3mtotal_tokens_est[0m[2m=[0m1374 [3mmessage_count[0m[2m=[0m6
-> ollama:qwen2.5:3b+plan:ollama:gemma4:e4b :: error_recovery_wrong_config_extension (rep 4/5)
[2m2026-07-11T12:02:23.533193Z[0m [32m INFO[0m [1mturn[0m[1m{[0m[3msession[0m[2m=[0m222c1b7e-ae7d-4bf6-9794-4052f970ba0e[1m}[0m[2m:[0m [2mbraze_engine::hooks[0m[2m:[0m prompt budget breakdown (PromptBudgetAuditHook) [3msystem_tokens_est[0m[2m=[0m275 [3mtools_tokens_est[0m[2m=[0m850 [3mhistory_tokens_est[0m[2m=[0m144 [3mtotal_tokens_est[0m[2m=[0m1271 [3mmessage_count[0m[2m=[0m2
[2m2026-07-11T12:02:25.344488Z[0m [32m INFO[0m [1mturn[0m[1m{[0m[3msession[0m[2m=[0m222c1b7e-ae7d-4bf6-9794-4052f970ba0e[1m}[0m[2m:[0m [2mbraze_engine::hooks[0m[2m:[0m prompt budget breakdown (PromptBudgetAuditHook) [3msystem_tokens_est[0m[2m=[0m275 [3mtools_tokens_est[0m[2m=[0m850 [3mhistory_tokens_est[0m[2m=[0m173 [3mtotal_tokens_est[0m[2m=[0m1299 [3mmessage_count[0m[2m=[0m4
[2m2026-07-11T12:02:27.475701Z[0m [32m INFO[0m [1mturn[0m[1m{[0m[3msession[0m[2m=[0m222c1b7e-ae7d-4bf6-9794-4052f970ba0e[1m}[0m[2m:[0m [2mbraze_engine::hooks[0m[2m:[0m prompt budget breakdown (PromptBudgetAuditHook) [3msystem_tokens_est[0m[2m=[0m275 [3mtools_tokens_est[0m[2m=[0m850 [3mhistory_tokens_est[0m[2m=[0m237 [3mtotal_tokens_est[0m[2m=[0m1364 [3mmessage_count[0m[2m=[0m6
[2m2026-07-11T12:02:31.094318Z[0m [32m INFO[0m [1mturn[0m[1m{[0m[3msession[0m[2m=[0m222c1b7e-ae7d-4bf6-9794-4052f970ba0e[1m}[0m[2m:[0m [2mbraze_engine::hooks[0m[2m:[0m prompt budget breakdown (PromptBudgetAuditHook) [3msystem_tokens_est[0m[2m=[0m275 [3mtools_tokens_est[0m[2m=[0m850 [3mhistory_tokens_est[0m[2m=[0m357 [3mtotal_tokens_est[0m[2m=[0m1483 [3mmessage_count[0m[2m=[0m9
-> ollama:qwen2.5:3b+plan:ollama:gemma4:e4b :: error_recovery_wrong_config_extension (rep 5/5)
[2m2026-07-11T12:02:44.898319Z[0m [32m INFO[0m [1mturn[0m[1m{[0m[3msession[0m[2m=[0m4552f56b-4ab4-4c87-ac05-4943442f92e0[1m}[0m[2m:[0m [2mbraze_engine::hooks[0m[2m:[0m prompt budget breakdown (PromptBudgetAuditHook) [3msystem_tokens_est[0m[2m=[0m275 [3mtools_tokens_est[0m[2m=[0m850 [3mhistory_tokens_est[0m[2m=[0m201 [3mtotal_tokens_est[0m[2m=[0m1328 [3mmessage_count[0m[2m=[0m2
[2m2026-07-11T12:02:46.878823Z[0m [32m INFO[0m [1mturn[0m[1m{[0m[3msession[0m[2m=[0m4552f56b-4ab4-4c87-ac05-4943442f92e0[1m}[0m[2m:[0m [2mbraze_engine::hooks[0m[2m:[0m prompt budget breakdown (PromptBudgetAuditHook) [3msystem_tokens_est[0m[2m=[0m275 [3mtools_tokens_est[0m[2m=[0m850 [3mhistory_tokens_est[0m[2m=[0m230 [3mtotal_tokens_est[0m[2m=[0m1356 [3mmessage_count[0m[2m=[0m4
[2m2026-07-11T12:02:49.146176Z[0m [32m INFO[0m [1mturn[0m[1m{[0m[3msession[0m[2m=[0m4552f56b-4ab4-4c87-ac05-4943442f92e0[1m}[0m[2m:[0m [2mbraze_engine::hooks[0m[2m:[0m prompt budget breakdown (PromptBudgetAuditHook) [3msystem_tokens_est[0m[2m=[0m275 [3mtools_tokens_est[0m[2m=[0m850 [3mhistory_tokens_est[0m[2m=[0m260 [3mtotal_tokens_est[0m[2m=[0m1386 [3mmessage_count[0m[2m=[0m6
-> ollama:qwen2.5:3b+plan:ollama:gemma4:e4b :: error_recovery_edit_wrong_filename (rep 1/5)
[2m2026-07-11T12:03:02.309613Z[0m [32m INFO[0m [1mturn[0m[1m{[0m[3msession[0m[2m=[0me7f68306-98ed-4cea-b526-00f343d5ffc6[1m}[0m[2m:[0m [2mbraze_engine::hooks[0m[2m:[0m prompt budget breakdown (PromptBudgetAuditHook) [3msystem_tokens_est[0m[2m=[0m274 [3mtools_tokens_est[0m[2m=[0m850 [3mhistory_tokens_est[0m[2m=[0m136 [3mtotal_tokens_est[0m[2m=[0m1261 [3mmessage_count[0m[2m=[0m2
[2m2026-07-11T12:03:04.509507Z[0m [32m INFO[0m [1mturn[0m[1m{[0m[3msession[0m[2m=[0me7f68306-98ed-4cea-b526-00f343d5ffc6[1m}[0m[2m:[0m [2mbraze_engine::hooks[0m[2m:[0m prompt budget breakdown (PromptBudgetAuditHook) [3msystem_tokens_est[0m[2m=[0m274 [3mtools_tokens_est[0m[2m=[0m850 [3mhistory_tokens_est[0m[2m=[0m150 [3mtotal_tokens_est[0m[2m=[0m1276 [3mmessage_count[0m[2m=[0m4
[2m2026-07-11T12:03:08.769215Z[0m [33m WARN[0m [1mturn[0m[1m{[0m[3msession[0m[2m=[0me7f68306-98ed-4cea-b526-00f343d5ffc6[1m}[0m[2m:[0m [2mbraze_engine::engine[0m[2m:[0m model repeated an identical tool call this turn; nudging instead of re-dispatching [3mtool[0m[2m=[0mgrep
[2m2026-07-11T12:03:08.776231Z[0m [32m INFO[0m [1mturn[0m[1m{[0m[3msession[0m[2m=[0me7f68306-98ed-4cea-b526-00f343d5ffc6[1m}[0m[2m:[0m [2mbraze_engine::hooks[0m[2m:[0m prompt budget breakdown (PromptBudgetAuditHook) [3msystem_tokens_est[0m[2m=[0m274 [3mtools_tokens_est[0m[2m=[0m850 [3mhistory_tokens_est[0m[2m=[0m299 [3mtotal_tokens_est[0m[2m=[0m1424 [3mmessage_count[0m[2m=[0m7
-> ollama:qwen2.5:3b+plan:ollama:gemma4:e4b :: error_recovery_edit_wrong_filename (rep 2/5)
[2m2026-07-11T12:03:29.177366Z[0m [32m INFO[0m [1mturn[0m[1m{[0m[3msession[0m[2m=[0me7d059af-28f3-4dd8-8ed1-9549a56bd0f5[1m}[0m[2m:[0m [2mbraze_engine::hooks[0m[2m:[0m prompt budget breakdown (PromptBudgetAuditHook) [3msystem_tokens_est[0m[2m=[0m274 [3mtools_tokens_est[0m[2m=[0m850 [3mhistory_tokens_est[0m[2m=[0m148 [3mtotal_tokens_est[0m[2m=[0m1273 [3mmessage_count[0m[2m=[0m2
[2m2026-07-11T12:03:31.330292Z[0m [32m INFO[0m [1mturn[0m[1m{[0m[3msession[0m[2m=[0me7d059af-28f3-4dd8-8ed1-9549a56bd0f5[1m}[0m[2m:[0m [2mbraze_engine::hooks[0m[2m:[0m prompt budget breakdown (PromptBudgetAuditHook) [3msystem_tokens_est[0m[2m=[0m274 [3mtools_tokens_est[0m[2m=[0m850 [3mhistory_tokens_est[0m[2m=[0m162 [3mtotal_tokens_est[0m[2m=[0m1288 [3mmessage_count[0m[2m=[0m4
[2m2026-07-11T12:03:35.747974Z[0m [32m INFO[0m [1mturn[0m[1m{[0m[3msession[0m[2m=[0me7d059af-28f3-4dd8-8ed1-9549a56bd0f5[1m}[0m[2m:[0m [2mbraze_engine::hooks[0m[2m:[0m prompt budget breakdown (PromptBudgetAuditHook) [3msystem_tokens_est[0m[2m=[0m274 [3mtools_tokens_est[0m[2m=[0m850 [3mhistory_tokens_est[0m[2m=[0m279 [3mtotal_tokens_est[0m[2m=[0m1404 [3mmessage_count[0m[2m=[0m7
-> ollama:qwen2.5:3b+plan:ollama:gemma4:e4b :: error_recovery_edit_wrong_filename (rep 3/5)
[2m2026-07-11T12:03:49.263425Z[0m [32m INFO[0m [1mturn[0m[1m{[0m[3msession[0m[2m=[0m013aa3f7-5392-4b08-b6f4-c26355c7d18b[1m}[0m[2m:[0m [2mbraze_engine::hooks[0m[2m:[0m prompt budget breakdown (PromptBudgetAuditHook) [3msystem_tokens_est[0m[2m=[0m274 [3mtools_tokens_est[0m[2m=[0m850 [3mhistory_tokens_est[0m[2m=[0m122 [3mtotal_tokens_est[0m[2m=[0m1247 [3mmessage_count[0m[2m=[0m2
[2m2026-07-11T12:03:51.161346Z[0m [32m INFO[0m [1mturn[0m[1m{[0m[3msession[0m[2m=[0m013aa3f7-5392-4b08-b6f4-c26355c7d18b[1m}[0m[2m:[0m [2mbraze_engine::hooks[0m[2m:[0m prompt budget breakdown (PromptBudgetAuditHook) [3msystem_tokens_est[0m[2m=[0m274 [3mtools_tokens_est[0m[2m=[0m850 [3mhistory_tokens_est[0m[2m=[0m155 [3mtotal_tokens_est[0m[2m=[0m1280 [3mmessage_count[0m[2m=[0m4
[2m2026-07-11T12:03:54.341083Z[0m [32m INFO[0m [1mturn[0m[1m{[0m[3msession[0m[2m=[0m013aa3f7-5392-4b08-b6f4-c26355c7d18b[1m}[0m[2m:[0m [2mbraze_engine::hooks[0m[2m:[0m prompt budget breakdown (PromptBudgetAuditHook) [3msystem_tokens_est[0m[2m=[0m274 [3mtools_tokens_est[0m[2m=[0m850 [3mhistory_tokens_est[0m[2m=[0m219 [3mtotal_tokens_est[0m[2m=[0m1344 [3mmessage_count[0m[2m=[0m6
-> ollama:qwen2.5:3b+plan:ollama:gemma4:e4b :: error_recovery_edit_wrong_filename (rep 4/5)
[2m2026-07-11T12:04:14.568056Z[0m [32m INFO[0m [1mturn[0m[1m{[0m[3msession[0m[2m=[0ma128e9be-ea77-4aab-b720-c4454c813767[1m}[0m[2m:[0m [2mbraze_engine::hooks[0m[2m:[0m prompt budget breakdown (PromptBudgetAuditHook) [3msystem_tokens_est[0m[2m=[0m274 [3mtools_tokens_est[0m[2m=[0m850 [3mhistory_tokens_est[0m[2m=[0m148 [3mtotal_tokens_est[0m[2m=[0m1274 [3mmessage_count[0m[2m=[0m2
[2m2026-07-11T12:04:16.532171Z[0m [32m INFO[0m [1mturn[0m[1m{[0m[3msession[0m[2m=[0ma128e9be-ea77-4aab-b720-c4454c813767[1m}[0m[2m:[0m [2mbraze_engine::hooks[0m[2m:[0m prompt budget breakdown (PromptBudgetAuditHook) [3msystem_tokens_est[0m[2m=[0m274 [3mtools_tokens_est[0m[2m=[0m850 [3mhistory_tokens_est[0m[2m=[0m161 [3mtotal_tokens_est[0m[2m=[0m1286 [3mmessage_count[0m[2m=[0m4
[2m2026-07-11T12:04:20.900275Z[0m [32m INFO[0m [1mturn[0m[1m{[0m[3msession[0m[2m=[0ma128e9be-ea77-4aab-b720-c4454c813767[1m}[0m[2m:[0m [2mbraze_engine::hooks[0m[2m:[0m prompt budget breakdown (PromptBudgetAuditHook) [3msystem_tokens_est[0m[2m=[0m274 [3mtools_tokens_est[0m[2m=[0m850 [3mhistory_tokens_est[0m[2m=[0m287 [3mtotal_tokens_est[0m[2m=[0m1413 [3mmessage_count[0m[2m=[0m7
[2m2026-07-11T12:04:26.414790Z[0m [32m INFO[0m [1mturn[0m[1m{[0m[3msession[0m[2m=[0ma128e9be-ea77-4aab-b720-c4454c813767[1m}[0m[2m:[0m [2mbraze_engine::hooks[0m[2m:[0m prompt budget breakdown (PromptBudgetAuditHook) [3msystem_tokens_est[0m[2m=[0m274 [3mtools_tokens_est[0m[2m=[0m850 [3mhistory_tokens_est[0m[2m=[0m394 [3mtotal_tokens_est[0m[2m=[0m1520 [3mmessage_count[0m[2m=[0m10
[2m2026-07-11T12:04:30.553982Z[0m [32m INFO[0m [1mturn[0m[1m{[0m[3msession[0m[2m=[0ma128e9be-ea77-4aab-b720-c4454c813767[1m}[0m[2m:[0m [2mbraze_engine::hooks[0m[2m:[0m prompt budget breakdown (PromptBudgetAuditHook) [3msystem_tokens_est[0m[2m=[0m274 [3mtools_tokens_est[0m[2m=[0m850 [3mhistory_tokens_est[0m[2m=[0m464 [3mtotal_tokens_est[0m[2m=[0m1589 [3mmessage_count[0m[2m=[0m13
-> ollama:qwen2.5:3b+plan:ollama:gemma4:e4b :: error_recovery_edit_wrong_filename (rep 5/5)
[2m2026-07-11T12:04:42.348315Z[0m [32m INFO[0m [1mturn[0m[1m{[0m[3msession[0m[2m=[0m88e8f63a-b6a8-42da-9fe5-d8ff8471f024[1m}[0m[2m:[0m [2mbraze_engine::hooks[0m[2m:[0m prompt budget breakdown (PromptBudgetAuditHook) [3msystem_tokens_est[0m[2m=[0m274 [3mtools_tokens_est[0m[2m=[0m850 [3mhistory_tokens_est[0m[2m=[0m157 [3mtotal_tokens_est[0m[2m=[0m1282 [3mmessage_count[0m[2m=[0m2
[2m2026-07-11T12:04:44.440897Z[0m [32m INFO[0m [1mturn[0m[1m{[0m[3msession[0m[2m=[0m88e8f63a-b6a8-42da-9fe5-d8ff8471f024[1m}[0m[2m:[0m [2mbraze_engine::hooks[0m[2m:[0m prompt budget breakdown (PromptBudgetAuditHook) [3msystem_tokens_est[0m[2m=[0m274 [3mtools_tokens_est[0m[2m=[0m850 [3mhistory_tokens_est[0m[2m=[0m171 [3mtotal_tokens_est[0m[2m=[0m1296 [3mmessage_count[0m[2m=[0m4
[2m2026-07-11T12:04:48.367731Z[0m [32m INFO[0m [1mturn[0m[1m{[0m[3msession[0m[2m=[0m88e8f63a-b6a8-42da-9fe5-d8ff8471f024[1m}[0m[2m:[0m [2mbraze_engine::hooks[0m[2m:[0m prompt budget breakdown (PromptBudgetAuditHook) [3msystem_tokens_est[0m[2m=[0m274 [3mtools_tokens_est[0m[2m=[0m850 [3mhistory_tokens_est[0m[2m=[0m271 [3mtotal_tokens_est[0m[2m=[0m1397 [3mmessage_count[0m[2m=[0m7
[2m2026-07-11T12:04:52.027665Z[0m [33m WARN[0m [1mturn[0m[1m{[0m[3msession[0m[2m=[0m88e8f63a-b6a8-42da-9fe5-d8ff8471f024[1m}[0m[2m:[0m [2mbraze_engine::engine[0m[2m:[0m model repeated an identical tool call this turn; nudging instead of re-dispatching [3mtool[0m[2m=[0mgrep
[2m2026-07-11T12:04:52.033337Z[0m [32m INFO[0m [1mturn[0m[1m{[0m[3msession[0m[2m=[0m88e8f63a-b6a8-42da-9fe5-d8ff8471f024[1m}[0m[2m:[0m [2mbraze_engine::hooks[0m[2m:[0m prompt budget breakdown (PromptBudgetAuditHook) [3msystem_tokens_est[0m[2m=[0m274 [3mtools_tokens_est[0m[2m=[0m850 [3mhistory_tokens_est[0m[2m=[0m411 [3mtotal_tokens_est[0m[2m=[0m1537 [3mmessage_count[0m[2m=[0m10
[2m2026-07-11T12:04:56.532482Z[0m [32m INFO[0m [1mturn[0m[1m{[0m[3msession[0m[2m=[0m88e8f63a-b6a8-42da-9fe5-d8ff8471f024[1m}[0m[2m:[0m [2mbraze_engine::hooks[0m[2m:[0m prompt budget breakdown (PromptBudgetAuditHook) [3msystem_tokens_est[0m[2m=[0m274 [3mtools_tokens_est[0m[2m=[0m850 [3mhistory_tokens_est[0m[2m=[0m525 [3mtotal_tokens_est[0m[2m=[0m1650 [3mmessage_count[0m[2m=[0m13
-> ollama:qwen2.5:3b+plan:ollama:gemma4:e4b :: distractor_selection_log_with_error (rep 1/5)
[2m2026-07-11T12:05:11.789047Z[0m [32m INFO[0m [1mturn[0m[1m{[0m[3msession[0m[2m=[0ma8fd4944-ecbc-4415-9500-eb43f55bda39[1m}[0m[2m:[0m [2mbraze_engine::engine[0m[2m:[0m planner produced a single-step (or unstructured) plan; discarding it — the executor's first round covers it without the plan-in-prompt cost
[2m2026-07-11T12:05:11.790392Z[0m [32m INFO[0m [1mturn[0m[1m{[0m[3msession[0m[2m=[0ma8fd4944-ecbc-4415-9500-eb43f55bda39[1m}[0m[2m:[0m [2mbraze_engine::hooks[0m[2m:[0m prompt budget breakdown (PromptBudgetAuditHook) [3msystem_tokens_est[0m[2m=[0m275 [3mtools_tokens_est[0m[2m=[0m850 [3mhistory_tokens_est[0m[2m=[0m32 [3mtotal_tokens_est[0m[2m=[0m1158 [3mmessage_count[0m[2m=[0m1
[2m2026-07-11T12:05:13.751416Z[0m [32m INFO[0m [1mturn[0m[1m{[0m[3msession[0m[2m=[0ma8fd4944-ecbc-4415-9500-eb43f55bda39[1m}[0m[2m:[0m [2mbraze_engine::hooks[0m[2m:[0m prompt budget breakdown (PromptBudgetAuditHook) [3msystem_tokens_est[0m[2m=[0m275 [3mtools_tokens_est[0m[2m=[0m850 [3mhistory_tokens_est[0m[2m=[0m74 [3mtotal_tokens_est[0m[2m=[0m1200 [3mmessage_count[0m[2m=[0m3
-> ollama:qwen2.5:3b+plan:ollama:gemma4:e4b :: distractor_selection_log_with_error (rep 2/5)
[2m2026-07-11T12:05:17.921508Z[0m [32m INFO[0m [1mturn[0m[1m{[0m[3msession[0m[2m=[0me1e84cc6-1a94-48cb-a78f-f19a35f51fbf[1m}[0m[2m:[0m [2mbraze_engine::engine[0m[2m:[0m planner produced a single-step (or unstructured) plan; discarding it — the executor's first round covers it without the plan-in-prompt cost
[2m2026-07-11T12:05:17.922487Z[0m [32m INFO[0m [1mturn[0m[1m{[0m[3msession[0m[2m=[0me1e84cc6-1a94-48cb-a78f-f19a35f51fbf[1m}[0m[2m:[0m [2mbraze_engine::hooks[0m[2m:[0m prompt budget breakdown (PromptBudgetAuditHook) [3msystem_tokens_est[0m[2m=[0m275 [3mtools_tokens_est[0m[2m=[0m850 [3mhistory_tokens_est[0m[2m=[0m32 [3mtotal_tokens_est[0m[2m=[0m1158 [3mmessage_count[0m[2m=[0m1
[2m2026-07-11T12:05:19.829210Z[0m [32m INFO[0m [1mturn[0m[1m{[0m[3msession[0m[2m=[0me1e84cc6-1a94-48cb-a78f-f19a35f51fbf[1m}[0m[2m:[0m [2mbraze_engine::hooks[0m[2m:[0m prompt budget breakdown (PromptBudgetAuditHook) [3msystem_tokens_est[0m[2m=[0m275 [3mtools_tokens_est[0m[2m=[0m850 [3mhistory_tokens_est[0m[2m=[0m74 [3mtotal_tokens_est[0m[2m=[0m1200 [3mmessage_count[0m[2m=[0m3
-> ollama:qwen2.5:3b+plan:ollama:gemma4:e4b :: distractor_selection_log_with_error (rep 3/5)
[2m2026-07-11T12:05:27.045546Z[0m [32m INFO[0m [1mturn[0m[1m{[0m[3msession[0m[2m=[0m057f5081-d979-4b56-b97f-861ecd9cb560[1m}[0m[2m:[0m [2mbraze_engine::engine[0m[2m:[0m planner produced a single-step (or unstructured) plan; discarding it — the executor's first round covers it without the plan-in-prompt cost
[2m2026-07-11T12:05:27.046494Z[0m [32m INFO[0m [1mturn[0m[1m{[0m[3msession[0m[2m=[0m057f5081-d979-4b56-b97f-861ecd9cb560[1m}[0m[2m:[0m [2mbraze_engine::hooks[0m[2m:[0m prompt budget breakdown (PromptBudgetAuditHook) [3msystem_tokens_est[0m[2m=[0m275 [3mtools_tokens_est[0m[2m=[0m850 [3mhistory_tokens_est[0m[2m=[0m32 [3mtotal_tokens_est[0m[2m=[0m1158 [3mmessage_count[0m[2m=[0m1
[2m2026-07-11T12:05:28.982070Z[0m [32m INFO[0m [1mturn[0m[1m{[0m[3msession[0m[2m=[0m057f5081-d979-4b56-b97f-861ecd9cb560[1m}[0m[2m:[0m [2mbraze_engine::hooks[0m[2m:[0m prompt budget breakdown (PromptBudgetAuditHook) [3msystem_tokens_est[0m[2m=[0m275 [3mtools_tokens_est[0m[2m=[0m850 [3mhistory_tokens_est[0m[2m=[0m74 [3mtotal_tokens_est[0m[2m=[0m1200 [3mmessage_count[0m[2m=[0m3
-> ollama:qwen2.5:3b+plan:ollama:gemma4:e4b :: distractor_selection_log_with_error (rep 4/5)
[2m2026-07-11T12:05:33.116181Z[0m [32m INFO[0m [1mturn[0m[1m{[0m[3msession[0m[2m=[0m9ab77840-0a23-40a4-b4e2-d336a9393fb1[1m}[0m[2m:[0m [2mbraze_engine::engine[0m[2m:[0m planner produced a single-step (or unstructured) plan; discarding it — the executor's first round covers it without the plan-in-prompt cost
[2m2026-07-11T12:05:33.117751Z[0m [32m INFO[0m [1mturn[0m[1m{[0m[3msession[0m[2m=[0m9ab77840-0a23-40a4-b4e2-d336a9393fb1[1m}[0m[2m:[0m [2mbraze_engine::hooks[0m[2m:[0m prompt budget breakdown (PromptBudgetAuditHook) [3msystem_tokens_est[0m[2m=[0m275 [3mtools_tokens_est[0m[2m=[0m850 [3mhistory_tokens_est[0m[2m=[0m32 [3mtotal_tokens_est[0m[2m=[0m1158 [3mmessage_count[0m[2m=[0m1
[2m2026-07-11T12:05:35.063104Z[0m [32m INFO[0m [1mturn[0m[1m{[0m[3msession[0m[2m=[0m9ab77840-0a23-40a4-b4e2-d336a9393fb1[1m}[0m[2m:[0m [2mbraze_engine::hooks[0m[2m:[0m prompt budget breakdown (PromptBudgetAuditHook) [3msystem_tokens_est[0m[2m=[0m275 [3mtools_tokens_est[0m[2m=[0m850 [3mhistory_tokens_est[0m[2m=[0m74 [3mtotal_tokens_est[0m[2m=[0m1200 [3mmessage_count[0m[2m=[0m3
-> ollama:qwen2.5:3b+plan:ollama:gemma4:e4b :: distractor_selection_log_with_error (rep 5/5)
[2m2026-07-11T12:05:44.861035Z[0m [32m INFO[0m [1mturn[0m[1m{[0m[3msession[0m[2m=[0m2e4cc073-4673-4665-b2fd-a3372bce923d[1m}[0m[2m:[0m [2mbraze_engine::engine[0m[2m:[0m planner produced a single-step (or unstructured) plan; discarding it — the executor's first round covers it without the plan-in-prompt cost
[2m2026-07-11T12:05:44.862197Z[0m [32m INFO[0m [1mturn[0m[1m{[0m[3msession[0m[2m=[0m2e4cc073-4673-4665-b2fd-a3372bce923d[1m}[0m[2m:[0m [2mbraze_engine::hooks[0m[2m:[0m prompt budget breakdown (PromptBudgetAuditHook) [3msystem_tokens_est[0m[2m=[0m275 [3mtools_tokens_est[0m[2m=[0m850 [3mhistory_tokens_est[0m[2m=[0m32 [3mtotal_tokens_est[0m[2m=[0m1158 [3mmessage_count[0m[2m=[0m1
[2m2026-07-11T12:05:46.715059Z[0m [32m INFO[0m [1mturn[0m[1m{[0m[3msession[0m[2m=[0m2e4cc073-4673-4665-b2fd-a3372bce923d[1m}[0m[2m:[0m [2mbraze_engine::hooks[0m[2m:[0m prompt budget breakdown (PromptBudgetAuditHook) [3msystem_tokens_est[0m[2m=[0m275 [3mtools_tokens_est[0m[2m=[0m850 [3mhistory_tokens_est[0m[2m=[0m74 [3mtotal_tokens_est[0m[2m=[0m1200 [3mmessage_count[0m[2m=[0m3
-> ollama:qwen2.5:3b+plan:ollama:gemma4:e4b :: distractor_selection_debug_config (rep 1/5)
[2m2026-07-11T12:05:51.072187Z[0m [32m INFO[0m [1mturn[0m[1m{[0m[3msession[0m[2m=[0m190bd5ef-5a23-4540-8c4c-58799d2f6d93[1m}[0m[2m:[0m [2mbraze_engine::engine[0m[2m:[0m planner produced a single-step (or unstructured) plan; discarding it — the executor's first round covers it without the plan-in-prompt cost
[2m2026-07-11T12:05:51.073227Z[0m [32m INFO[0m [1mturn[0m[1m{[0m[3msession[0m[2m=[0m190bd5ef-5a23-4540-8c4c-58799d2f6d93[1m}[0m[2m:[0m [2mbraze_engine::hooks[0m[2m:[0m prompt budget breakdown (PromptBudgetAuditHook) [3msystem_tokens_est[0m[2m=[0m274 [3mtools_tokens_est[0m[2m=[0m850 [3mhistory_tokens_est[0m[2m=[0m28 [3mtotal_tokens_est[0m[2m=[0m1153 [3mmessage_count[0m[2m=[0m1
[2m2026-07-11T12:05:52.994018Z[0m [32m INFO[0m [1mturn[0m[1m{[0m[3msession[0m[2m=[0m190bd5ef-5a23-4540-8c4c-58799d2f6d93[1m}[0m[2m:[0m [2mbraze_engine::hooks[0m[2m:[0m prompt budget breakdown (PromptBudgetAuditHook) [3msystem_tokens_est[0m[2m=[0m274 [3mtools_tokens_est[0m[2m=[0m850 [3mhistory_tokens_est[0m[2m=[0m63 [3mtotal_tokens_est[0m[2m=[0m1188 [3mmessage_count[0m[2m=[0m3
-> ollama:qwen2.5:3b+plan:ollama:gemma4:e4b :: distractor_selection_debug_config (rep 2/5)
[2m2026-07-11T12:06:02.712805Z[0m [32m INFO[0m [1mturn[0m[1m{[0m[3msession[0m[2m=[0m6b7c351a-8534-4c56-87e4-0239b3a57643[1m}[0m[2m:[0m [2mbraze_engine::engine[0m[2m:[0m planner produced a single-step (or unstructured) plan; discarding it — the executor's first round covers it without the plan-in-prompt cost
[2m2026-07-11T12:06:02.713667Z[0m [32m INFO[0m [1mturn[0m[1m{[0m[3msession[0m[2m=[0m6b7c351a-8534-4c56-87e4-0239b3a57643[1m}[0m[2m:[0m [2mbraze_engine::hooks[0m[2m:[0m prompt budget breakdown (PromptBudgetAuditHook) [3msystem_tokens_est[0m[2m=[0m274 [3mtools_tokens_est[0m[2m=[0m850 [3mhistory_tokens_est[0m[2m=[0m28 [3mtotal_tokens_est[0m[2m=[0m1153 [3mmessage_count[0m[2m=[0m1
[2m2026-07-11T12:06:04.620083Z[0m [32m INFO[0m [1mturn[0m[1m{[0m[3msession[0m[2m=[0m6b7c351a-8534-4c56-87e4-0239b3a57643[1m}[0m[2m:[0m [2mbraze_engine::hooks[0m[2m:[0m prompt budget breakdown (PromptBudgetAuditHook) [3msystem_tokens_est[0m[2m=[0m274 [3mtools_tokens_est[0m[2m=[0m850 [3mhistory_tokens_est[0m[2m=[0m63 [3mtotal_tokens_est[0m[2m=[0m1188 [3mmessage_count[0m[2m=[0m3
-> ollama:qwen2.5:3b+plan:ollama:gemma4:e4b :: distractor_selection_debug_config (rep 3/5)
[2m2026-07-11T12:06:08.642525Z[0m [32m INFO[0m [1mturn[0m[1m{[0m[3msession[0m[2m=[0m3fc561cf-4634-4c1c-a5b6-1ea903579d0e[1m}[0m[2m:[0m [2mbraze_engine::engine[0m[2m:[0m planner produced a single-step (or unstructured) plan; discarding it — the executor's first round covers it without the plan-in-prompt cost
[2m2026-07-11T12:06:08.643219Z[0m [32m INFO[0m [1mturn[0m[1m{[0m[3msession[0m[2m=[0m3fc561cf-4634-4c1c-a5b6-1ea903579d0e[1m}[0m[2m:[0m [2mbraze_engine::hooks[0m[2m:[0m prompt budget breakdown (PromptBudgetAuditHook) [3msystem_tokens_est[0m[2m=[0m274 [3mtools_tokens_est[0m[2m=[0m850 [3mhistory_tokens_est[0m[2m=[0m28 [3mtotal_tokens_est[0m[2m=[0m1153 [3mmessage_count[0m[2m=[0m1
[2m2026-07-11T12:06:10.594684Z[0m [32m INFO[0m [1mturn[0m[1m{[0m[3msession[0m[2m=[0m3fc561cf-4634-4c1c-a5b6-1ea903579d0e[1m}[0m[2m:[0m [2mbraze_engine::hooks[0m[2m:[0m prompt budget breakdown (PromptBudgetAuditHook) [3msystem_tokens_est[0m[2m=[0m274 [3mtools_tokens_est[0m[2m=[0m850 [3mhistory_tokens_est[0m[2m=[0m63 [3mtotal_tokens_est[0m[2m=[0m1188 [3mmessage_count[0m[2m=[0m3
-> ollama:qwen2.5:3b+plan:ollama:gemma4:e4b :: distractor_selection_debug_config (rep 4/5)
[2m2026-07-11T12:06:20.321468Z[0m [32m INFO[0m [1mturn[0m[1m{[0m[3msession[0m[2m=[0m5fe03737-4fa6-49e3-bdd7-212dcec9c492[1m}[0m[2m:[0m [2mbraze_engine::engine[0m[2m:[0m planner produced a single-step (or unstructured) plan; discarding it — the executor's first round covers it without the plan-in-prompt cost
[2m2026-07-11T12:06:20.322994Z[0m [32m INFO[0m [1mturn[0m[1m{[0m[3msession[0m[2m=[0m5fe03737-4fa6-49e3-bdd7-212dcec9c492[1m}[0m[2m:[0m [2mbraze_engine::hooks[0m[2m:[0m prompt budget breakdown (PromptBudgetAuditHook) [3msystem_tokens_est[0m[2m=[0m274 [3mtools_tokens_est[0m[2m=[0m850 [3mhistory_tokens_est[0m[2m=[0m28 [3mtotal_tokens_est[0m[2m=[0m1153 [3mmessage_count[0m[2m=[0m1
[2m2026-07-11T12:06:22.270833Z[0m [32m INFO[0m [1mturn[0m[1m{[0m[3msession[0m[2m=[0m5fe03737-4fa6-49e3-bdd7-212dcec9c492[1m}[0m[2m:[0m [2mbraze_engine::hooks[0m[2m:[0m prompt budget breakdown (PromptBudgetAuditHook) [3msystem_tokens_est[0m[2m=[0m274 [3mtools_tokens_est[0m[2m=[0m850 [3mhistory_tokens_est[0m[2m=[0m63 [3mtotal_tokens_est[0m[2m=[0m1188 [3mmessage_count[0m[2m=[0m3
-> ollama:qwen2.5:3b+plan:ollama:gemma4:e4b :: distractor_selection_debug_config (rep 5/5)
[2m2026-07-11T12:06:28.339408Z[0m [32m INFO[0m [1mturn[0m[1m{[0m[3msession[0m[2m=[0mdb8105f6-2fcf-4623-84ce-612f29e4b1ec[1m}[0m[2m:[0m [2mbraze_engine::engine[0m[2m:[0m planner produced a single-step (or unstructured) plan; discarding it — the executor's first round covers it without the plan-in-prompt cost
[2m2026-07-11T12:06:28.339989Z[0m [32m INFO[0m [1mturn[0m[1m{[0m[3msession[0m[2m=[0mdb8105f6-2fcf-4623-84ce-612f29e4b1ec[1m}[0m[2m:[0m [2mbraze_engine::hooks[0m[2m:[0m prompt budget breakdown (PromptBudgetAuditHook) [3msystem_tokens_est[0m[2m=[0m274 [3mtools_tokens_est[0m[2m=[0m850 [3mhistory_tokens_est[0m[2m=[0m28 [3mtotal_tokens_est[0m[2m=[0m1153 [3mmessage_count[0m[2m=[0m1
[2m2026-07-11T12:06:30.281740Z[0m [32m INFO[0m [1mturn[0m[1m{[0m[3msession[0m[2m=[0mdb8105f6-2fcf-4623-84ce-612f29e4b1ec[1m}[0m[2m:[0m [2mbraze_engine::hooks[0m[2m:[0m prompt budget breakdown (PromptBudgetAuditHook) [3msystem_tokens_est[0m[2m=[0m274 [3mtools_tokens_est[0m[2m=[0m850 [3mhistory_tokens_est[0m[2m=[0m63 [3mtotal_tokens_est[0m[2m=[0m1188 [3mmessage_count[0m[2m=[0m3
-> ollama:qwen2.5:3b+plan:ollama:gemma4:e4b+ablate:task-list :: read_file_basic (rep 1/5)
[2m2026-07-11T12:06:37.488555Z[0m [32m INFO[0m [1mturn[0m[1m{[0m[3msession[0m[2m=[0mde55c20f-82aa-4126-9ecc-7461237d6561[1m}[0m[2m:[0m [2mbraze_engine::engine[0m[2m:[0m planner produced a single-step (or unstructured) plan; discarding it — the executor's first round covers it without the plan-in-prompt cost
[2m2026-07-11T12:06:37.489509Z[0m [32m INFO[0m [1mturn[0m[1m{[0m[3msession[0m[2m=[0mde55c20f-82aa-4126-9ecc-7461237d6561[1m}[0m[2m:[0m [2mbraze_engine::hooks[0m[2m:[0m prompt budget breakdown (PromptBudgetAuditHook) [3msystem_tokens_est[0m[2m=[0m270 [3mtools_tokens_est[0m[2m=[0m1013 [3mhistory_tokens_est[0m[2m=[0m19 [3mtotal_tokens_est[0m[2m=[0m1302 [3mmessage_count[0m[2m=[0m1
[2m2026-07-11T12:06:39.463071Z[0m [32m INFO[0m [1mturn[0m[1m{[0m[3msession[0m[2m=[0mde55c20f-82aa-4126-9ecc-7461237d6561[1m}[0m[2m:[0m [2mbraze_engine::hooks[0m[2m:[0m prompt budget breakdown (PromptBudgetAuditHook) [3msystem_tokens_est[0m[2m=[0m270 [3mtools_tokens_est[0m[2m=[0m1013 [3mhistory_tokens_est[0m[2m=[0m34 [3mtotal_tokens_est[0m[2m=[0m1317 [3mmessage_count[0m[2m=[0m3
-> ollama:qwen2.5:3b+plan:ollama:gemma4:e4b+ablate:task-list :: read_file_basic (rep 2/5)
[2m2026-07-11T12:06:44.616432Z[0m [32m INFO[0m [1mturn[0m[1m{[0m[3msession[0m[2m=[0mbfd2aa0f-73d0-4f69-8596-9b825438d759[1m}[0m[2m:[0m [2mbraze_engine::engine[0m[2m:[0m planner produced a single-step (or unstructured) plan; discarding it — the executor's first round covers it without the plan-in-prompt cost
[2m2026-07-11T12:06:44.617753Z[0m [32m INFO[0m [1mturn[0m[1m{[0m[3msession[0m[2m=[0mbfd2aa0f-73d0-4f69-8596-9b825438d759[1m}[0m[2m:[0m [2mbraze_engine::hooks[0m[2m:[0m prompt budget breakdown (PromptBudgetAuditHook) [3msystem_tokens_est[0m[2m=[0m270 [3mtools_tokens_est[0m[2m=[0m1013 [3mhistory_tokens_est[0m[2m=[0m19 [3mtotal_tokens_est[0m[2m=[0m1302 [3mmessage_count[0m[2m=[0m1
[2m2026-07-11T12:06:46.481951Z[0m [32m INFO[0m [1mturn[0m[1m{[0m[3msession[0m[2m=[0mbfd2aa0f-73d0-4f69-8596-9b825438d759[1m}[0m[2m:[0m [2mbraze_engine::hooks[0m[2m:[0m prompt budget breakdown (PromptBudgetAuditHook) [3msystem_tokens_est[0m[2m=[0m270 [3mtools_tokens_est[0m[2m=[0m1013 [3mhistory_tokens_est[0m[2m=[0m34 [3mtotal_tokens_est[0m[2m=[0m1317 [3mmessage_count[0m[2m=[0m3
-> ollama:qwen2.5:3b+plan:ollama:gemma4:e4b+ablate:task-list :: read_file_basic (rep 3/5)
[2m2026-07-11T12:06:52.457487Z[0m [32m INFO[0m [1mturn[0m[1m{[0m[3msession[0m[2m=[0m9a0eb4dd-51a3-463e-87ff-d4dcd89cbdd8[1m}[0m[2m:[0m [2mbraze_engine::engine[0m[2m:[0m planner produced a single-step (or unstructured) plan; discarding it — the executor's first round covers it without the plan-in-prompt cost
[2m2026-07-11T12:06:52.458432Z[0m [32m INFO[0m [1mturn[0m[1m{[0m[3msession[0m[2m=[0m9a0eb4dd-51a3-463e-87ff-d4dcd89cbdd8[1m}[0m[2m:[0m [2mbraze_engine::hooks[0m[2m:[0m prompt budget breakdown (PromptBudgetAuditHook) [3msystem_tokens_est[0m[2m=[0m270 [3mtools_tokens_est[0m[2m=[0m1013 [3mhistory_tokens_est[0m[2m=[0m19 [3mtotal_tokens_est[0m[2m=[0m1302 [3mmessage_count[0m[2m=[0m1
[2m2026-07-11T12:06:54.307069Z[0m [32m INFO[0m [1mturn[0m[1m{[0m[3msession[0m[2m=[0m9a0eb4dd-51a3-463e-87ff-d4dcd89cbdd8[1m}[0m[2m:[0m [2mbraze_engine::hooks[0m[2m:[0m prompt budget breakdown (PromptBudgetAuditHook) [3msystem_tokens_est[0m[2m=[0m270 [3mtools_tokens_est[0m[2m=[0m1013 [3mhistory_tokens_est[0m[2m=[0m34 [3mtotal_tokens_est[0m[2m=[0m1317 [3mmessage_count[0m[2m=[0m3
-> ollama:qwen2.5:3b+plan:ollama:gemma4:e4b+ablate:task-list :: read_file_basic (rep 4/5)
[2m2026-07-11T12:06:59.422560Z[0m [32m INFO[0m [1mturn[0m[1m{[0m[3msession[0m[2m=[0mc89b672a-7824-4607-ae2b-e853c65262ce[1m}[0m[2m:[0m [2mbraze_engine::engine[0m[2m:[0m planner produced a single-step (or unstructured) plan; discarding it — the executor's first round covers it without the plan-in-prompt cost
[2m2026-07-11T12:06:59.424206Z[0m [32m INFO[0m [1mturn[0m[1m{[0m[3msession[0m[2m=[0mc89b672a-7824-4607-ae2b-e853c65262ce[1m}[0m[2m:[0m [2mbraze_engine::hooks[0m[2m:[0m prompt budget breakdown (PromptBudgetAuditHook) [3msystem_tokens_est[0m[2m=[0m270 [3mtools_tokens_est[0m[2m=[0m1013 [3mhistory_tokens_est[0m[2m=[0m19 [3mtotal_tokens_est[0m[2m=[0m1302 [3mmessage_count[0m[2m=[0m1
[2m2026-07-11T12:07:01.368312Z[0m [32m INFO[0m [1mturn[0m[1m{[0m[3msession[0m[2m=[0mc89b672a-7824-4607-ae2b-e853c65262ce[1m}[0m[2m:[0m [2mbraze_engine::hooks[0m[2m:[0m prompt budget breakdown (PromptBudgetAuditHook) [3msystem_tokens_est[0m[2m=[0m270 [3mtools_tokens_est[0m[2m=[0m1013 [3mhistory_tokens_est[0m[2m=[0m34 [3mtotal_tokens_est[0m[2m=[0m1317 [3mmessage_count[0m[2m=[0m3
-> ollama:qwen2.5:3b+plan:ollama:gemma4:e4b+ablate:task-list :: read_file_basic (rep 5/5)
[2m2026-07-11T12:07:07.420979Z[0m [32m INFO[0m [1mturn[0m[1m{[0m[3msession[0m[2m=[0m2d562ecc-94aa-47da-9648-77113c90130a[1m}[0m[2m:[0m [2mbraze_engine::engine[0m[2m:[0m planner produced a single-step (or unstructured) plan; discarding it — the executor's first round covers it without the plan-in-prompt cost
[2m2026-07-11T12:07:07.422585Z[0m [32m INFO[0m [1mturn[0m[1m{[0m[3msession[0m[2m=[0m2d562ecc-94aa-47da-9648-77113c90130a[1m}[0m[2m:[0m [2mbraze_engine::hooks[0m[2m:[0m prompt budget breakdown (PromptBudgetAuditHook) [3msystem_tokens_est[0m[2m=[0m270 [3mtools_tokens_est[0m[2m=[0m1013 [3mhistory_tokens_est[0m[2m=[0m19 [3mtotal_tokens_est[0m[2m=[0m1302 [3mmessage_count[0m[2m=[0m1
[2m2026-07-11T12:07:09.306304Z[0m [32m INFO[0m [1mturn[0m[1m{[0m[3msession[0m[2m=[0m2d562ecc-94aa-47da-9648-77113c90130a[1m}[0m[2m:[0m [2mbraze_engine::hooks[0m[2m:[0m prompt budget breakdown (PromptBudgetAuditHook) [3msystem_tokens_est[0m[2m=[0m270 [3mtools_tokens_est[0m[2m=[0m1013 [3mhistory_tokens_est[0m[2m=[0m34 [3mtotal_tokens_est[0m[2m=[0m1317 [3mmessage_count[0m[2m=[0m3
-> ollama:qwen2.5:3b+plan:ollama:gemma4:e4b+ablate:task-list :: grep_basic (rep 1/5)
[2m2026-07-11T12:07:13.161989Z[0m [32m INFO[0m [1mturn[0m[1m{[0m[3msession[0m[2m=[0mead95a53-d80f-4f32-8cf5-8019561f041c[1m}[0m[2m:[0m [2mbraze_engine::engine[0m[2m:[0m planner produced a single-step (or unstructured) plan; discarding it — the executor's first round covers it without the plan-in-prompt cost
[2m2026-07-11T12:07:13.163443Z[0m [32m INFO[0m [1mturn[0m[1m{[0m[3msession[0m[2m=[0mead95a53-d80f-4f32-8cf5-8019561f041c[1m}[0m[2m:[0m [2mbraze_engine::hooks[0m[2m:[0m prompt budget breakdown (PromptBudgetAuditHook) [3msystem_tokens_est[0m[2m=[0m268 [3mtools_tokens_est[0m[2m=[0m1013 [3mhistory_tokens_est[0m[2m=[0m19 [3mtotal_tokens_est[0m[2m=[0m1301 [3mmessage_count[0m[2m=[0m1
[2m2026-07-11T12:07:16.165581Z[0m [32m INFO[0m [1mturn[0m[1m{[0m[3msession[0m[2m=[0mead95a53-d80f-4f32-8cf5-8019561f041c[1m}[0m[2m:[0m [2mbraze_engine::hooks[0m[2m:[0m prompt budget breakdown (PromptBudgetAuditHook) [3msystem_tokens_est[0m[2m=[0m268 [3mtools_tokens_est[0m[2m=[0m1013 [3mhistory_tokens_est[0m[2m=[0m60 [3mtotal_tokens_est[0m[2m=[0m1342 [3mmessage_count[0m[2m=[0m3
-> ollama:qwen2.5:3b+plan:ollama:gemma4:e4b+ablate:task-list :: grep_basic (rep 2/5)
[2m2026-07-11T12:07:23.323001Z[0m [32m INFO[0m [1mturn[0m[1m{[0m[3msession[0m[2m=[0m6ebccec6-6da4-4811-a954-2fbb4d89f4e2[1m}[0m[2m:[0m [2mbraze_engine::engine[0m[2m:[0m planner produced a single-step (or unstructured) plan; discarding it — the executor's first round covers it without the plan-in-prompt cost
[2m2026-07-11T12:07:23.324066Z[0m [32m INFO[0m [1mturn[0m[1m{[0m[3msession[0m[2m=[0m6ebccec6-6da4-4811-a954-2fbb4d89f4e2[1m}[0m[2m:[0m [2mbraze_engine::hooks[0m[2m:[0m prompt budget breakdown (PromptBudgetAuditHook) [3msystem_tokens_est[0m[2m=[0m268 [3mtools_tokens_est[0m[2m=[0m1013 [3mhistory_tokens_est[0m[2m=[0m19 [3mtotal_tokens_est[0m[2m=[0m1301 [3mmessage_count[0m[2m=[0m1
[2m2026-07-11T12:07:25.382255Z[0m [32m INFO[0m [1mturn[0m[1m{[0m[3msession[0m[2m=[0m6ebccec6-6da4-4811-a954-2fbb4d89f4e2[1m}[0m[2m:[0m [2mbraze_engine::hooks[0m[2m:[0m prompt budget breakdown (PromptBudgetAuditHook) [3msystem_tokens_est[0m[2m=[0m268 [3mtools_tokens_est[0m[2m=[0m1013 [3mhistory_tokens_est[0m[2m=[0m49 [3mtotal_tokens_est[0m[2m=[0m1331 [3mmessage_count[0m[2m=[0m3
-> ollama:qwen2.5:3b+plan:ollama:gemma4:e4b+ablate:task-list :: grep_basic (rep 3/5)
[2m2026-07-11T12:07:29.931998Z[0m [32m INFO[0m [1mturn[0m[1m{[0m[3msession[0m[2m=[0me82b6a85-d98c-457d-8d54-86aea5f69717[1m}[0m[2m:[0m [2mbraze_engine::engine[0m[2m:[0m planner produced a single-step (or unstructured) plan; discarding it — the executor's first round covers it without the plan-in-prompt cost
[2m2026-07-11T12:07:29.933507Z[0m [32m INFO[0m [1mturn[0m[1m{[0m[3msession[0m[2m=[0me82b6a85-d98c-457d-8d54-86aea5f69717[1m}[0m[2m:[0m [2mbraze_engine::hooks[0m[2m:[0m prompt budget breakdown (PromptBudgetAuditHook) [3msystem_tokens_est[0m[2m=[0m268 [3mtools_tokens_est[0m[2m=[0m1013 [3mhistory_tokens_est[0m[2m=[0m19 [3mtotal_tokens_est[0m[2m=[0m1301 [3mmessage_count[0m[2m=[0m1
[2m2026-07-11T12:07:31.890128Z[0m [32m INFO[0m [1mturn[0m[1m{[0m[3msession[0m[2m=[0me82b6a85-d98c-457d-8d54-86aea5f69717[1m}[0m[2m:[0m [2mbraze_engine::hooks[0m[2m:[0m prompt budget breakdown (PromptBudgetAuditHook) [3msystem_tokens_est[0m[2m=[0m268 [3mtools_tokens_est[0m[2m=[0m1013 [3mhistory_tokens_est[0m[2m=[0m49 [3mtotal_tokens_est[0m[2m=[0m1331 [3mmessage_count[0m[2m=[0m3
-> ollama:qwen2.5:3b+plan:ollama:gemma4:e4b+ablate:task-list :: grep_basic (rep 4/5)
[2m2026-07-11T12:07:39.084128Z[0m [32m INFO[0m [1mturn[0m[1m{[0m[3msession[0m[2m=[0m9b4473ce-8fd1-4b6a-a5f5-419146b20ae3[1m}[0m[2m:[0m [2mbraze_engine::engine[0m[2m:[0m planner produced a single-step (or unstructured) plan; discarding it — the executor's first round covers it without the plan-in-prompt cost
[2m2026-07-11T12:07:39.086282Z[0m [32m INFO[0m [1mturn[0m[1m{[0m[3msession[0m[2m=[0m9b4473ce-8fd1-4b6a-a5f5-419146b20ae3[1m}[0m[2m:[0m [2mbraze_engine::hooks[0m[2m:[0m prompt budget breakdown (PromptBudgetAuditHook) [3msystem_tokens_est[0m[2m=[0m268 [3mtools_tokens_est[0m[2m=[0m1013 [3mhistory_tokens_est[0m[2m=[0m19 [3mtotal_tokens_est[0m[2m=[0m1301 [3mmessage_count[0m[2m=[0m1
[2m2026-07-11T12:07:41.918082Z[0m [32m INFO[0m [1mturn[0m[1m{[0m[3msession[0m[2m=[0m9b4473ce-8fd1-4b6a-a5f5-419146b20ae3[1m}[0m[2m:[0m [2mbraze_engine::hooks[0m[2m:[0m prompt budget breakdown (PromptBudgetAuditHook) [3msystem_tokens_est[0m[2m=[0m268 [3mtools_tokens_est[0m[2m=[0m1013 [3mhistory_tokens_est[0m[2m=[0m60 [3mtotal_tokens_est[0m[2m=[0m1342 [3mmessage_count[0m[2m=[0m3
-> ollama:qwen2.5:3b+plan:ollama:gemma4:e4b+ablate:task-list :: grep_basic (rep 5/5)
[2m2026-07-11T12:07:46.186452Z[0m [32m INFO[0m [1mturn[0m[1m{[0m[3msession[0m[2m=[0m942fc0f5-2b61-4598-9cfc-875ef351493a[1m}[0m[2m:[0m [2mbraze_engine::engine[0m[2m:[0m planner produced a single-step (or unstructured) plan; discarding it — the executor's first round covers it without the plan-in-prompt cost
[2m2026-07-11T12:07:46.190181Z[0m [32m INFO[0m [1mturn[0m[1m{[0m[3msession[0m[2m=[0m942fc0f5-2b61-4598-9cfc-875ef351493a[1m}[0m[2m:[0m [2mbraze_engine::hooks[0m[2m:[0m prompt budget breakdown (PromptBudgetAuditHook) [3msystem_tokens_est[0m[2m=[0m268 [3mtools_tokens_est[0m[2m=[0m1013 [3mhistory_tokens_est[0m[2m=[0m19 [3mtotal_tokens_est[0m[2m=[0m1301 [3mmessage_count[0m[2m=[0m1
[2m2026-07-11T12:07:48.149553Z[0m [32m INFO[0m [1mturn[0m[1m{[0m[3msession[0m[2m=[0m942fc0f5-2b61-4598-9cfc-875ef351493a[1m}[0m[2m:[0m [2mbraze_engine::hooks[0m[2m:[0m prompt budget breakdown (PromptBudgetAuditHook) [3msystem_tokens_est[0m[2m=[0m268 [3mtools_tokens_est[0m[2m=[0m1013 [3mhistory_tokens_est[0m[2m=[0m49 [3mtotal_tokens_est[0m[2m=[0m1331 [3mmessage_count[0m[2m=[0m3
-> ollama:qwen2.5:3b+plan:ollama:gemma4:e4b+ablate:task-list :: glob_basic (rep 1/5)
[2m2026-07-11T12:07:53.720859Z[0m [32m INFO[0m [1mturn[0m[1m{[0m[3msession[0m[2m=[0m44c9b9a1-57aa-41df-992d-9532f2694f17[1m}[0m[2m:[0m [2mbraze_engine::engine[0m[2m:[0m planner produced a single-step (or unstructured) plan; discarding it — the executor's first round covers it without the plan-in-prompt cost
[2m2026-07-11T12:07:53.722471Z[0m [32m INFO[0m [1mturn[0m[1m{[0m[3msession[0m[2m=[0m44c9b9a1-57aa-41df-992d-9532f2694f17[1m}[0m[2m:[0m [2mbraze_engine::hooks[0m[2m:[0m prompt budget breakdown (PromptBudgetAuditHook) [3msystem_tokens_est[0m[2m=[0m268 [3mtools_tokens_est[0m[2m=[0m1013 [3mhistory_tokens_est[0m[2m=[0m17 [3mtotal_tokens_est[0m[2m=[0m1299 [3mmessage_count[0m[2m=[0m1
[2m2026-07-11T12:07:55.572875Z[0m [32m INFO[0m [1mturn[0m[1m{[0m[3msession[0m[2m=[0m44c9b9a1-57aa-41df-992d-9532f2694f17[1m}[0m[2m:[0m [2mbraze_engine::hooks[0m[2m:[0m prompt budget breakdown (PromptBudgetAuditHook) [3msystem_tokens_est[0m[2m=[0m268 [3mtools_tokens_est[0m[2m=[0m1013 [3mhistory_tokens_est[0m[2m=[0m50 [3mtotal_tokens_est[0m[2m=[0m1332 [3mmessage_count[0m[2m=[0m3
-> ollama:qwen2.5:3b+plan:ollama:gemma4:e4b+ablate:task-list :: glob_basic (rep 2/5)
[2m2026-07-11T12:08:01.543990Z[0m [32m INFO[0m [1mturn[0m[1m{[0m[3msession[0m[2m=[0m1ca73e2d-5d5c-4cf5-8eaa-2e8c6c6f435a[1m}[0m[2m:[0m [2mbraze_engine::engine[0m[2m:[0m planner produced a single-step (or unstructured) plan; discarding it — the executor's first round covers it without the plan-in-prompt cost
[2m2026-07-11T12:08:01.545486Z[0m [32m INFO[0m [1mturn[0m[1m{[0m[3msession[0m[2m=[0m1ca73e2d-5d5c-4cf5-8eaa-2e8c6c6f435a[1m}[0m[2m:[0m [2mbraze_engine::hooks[0m[2m:[0m prompt budget breakdown (PromptBudgetAuditHook) [3msystem_tokens_est[0m[2m=[0m268 [3mtools_tokens_est[0m[2m=[0m1013 [3mhistory_tokens_est[0m[2m=[0m17 [3mtotal_tokens_est[0m[2m=[0m1299 [3mmessage_count[0m[2m=[0m1
[2m2026-07-11T12:08:03.337441Z[0m [32m INFO[0m [1mturn[0m[1m{[0m[3msession[0m[2m=[0m1ca73e2d-5d5c-4cf5-8eaa-2e8c6c6f435a[1m}[0m[2m:[0m [2mbraze_engine::hooks[0m[2m:[0m prompt budget breakdown (PromptBudgetAuditHook) [3msystem_tokens_est[0m[2m=[0m268 [3mtools_tokens_est[0m[2m=[0m1013 [3mhistory_tokens_est[0m[2m=[0m50 [3mtotal_tokens_est[0m[2m=[0m1332 [3mmessage_count[0m[2m=[0m3
-> ollama:qwen2.5:3b+plan:ollama:gemma4:e4b+ablate:task-list :: glob_basic (rep 3/5)
[2m2026-07-11T12:08:10.734060Z[0m [32m INFO[0m [1mturn[0m[1m{[0m[3msession[0m[2m=[0m35316d87-4b91-499a-bd67-8caa46909e16[1m}[0m[2m:[0m [2mbraze_engine::engine[0m[2m:[0m planner produced a single-step (or unstructured) plan; discarding it — the executor's first round covers it without the plan-in-prompt cost
[2m2026-07-11T12:08:10.735284Z[0m [32m INFO[0m [1mturn[0m[1m{[0m[3msession[0m[2m=[0m35316d87-4b91-499a-bd67-8caa46909e16[1m}[0m[2m:[0m [2mbraze_engine::hooks[0m[2m:[0m prompt budget breakdown (PromptBudgetAuditHook) [3msystem_tokens_est[0m[2m=[0m268 [3mtools_tokens_est[0m[2m=[0m1013 [3mhistory_tokens_est[0m[2m=[0m17 [3mtotal_tokens_est[0m[2m=[0m1299 [3mmessage_count[0m[2m=[0m1
[2m2026-07-11T12:08:12.532469Z[0m [32m INFO[0m [1mturn[0m[1m{[0m[3msession[0m[2m=[0m35316d87-4b91-499a-bd67-8caa46909e16[1m}[0m[2m:[0m [2mbraze_engine::hooks[0m[2m:[0m prompt budget breakdown (PromptBudgetAuditHook) [3msystem_tokens_est[0m[2m=[0m268 [3mtools_tokens_est[0m[2m=[0m1013 [3mhistory_tokens_est[0m[2m=[0m50 [3mtotal_tokens_est[0m[2m=[0m1332 [3mmessage_count[0m[2m=[0m3
-> ollama:qwen2.5:3b+plan:ollama:gemma4:e4b+ablate:task-list :: glob_basic (rep 4/5)
[2m2026-07-11T12:08:18.747424Z[0m [32m INFO[0m [1mturn[0m[1m{[0m[3msession[0m[2m=[0ma85ca750-86f5-45f0-a530-98493f5a2624[1m}[0m[2m:[0m [2mbraze_engine::engine[0m[2m:[0m planner produced a single-step (or unstructured) plan; discarding it — the executor's first round covers it without the plan-in-prompt cost
[2m2026-07-11T12:08:18.749106Z[0m [32m INFO[0m [1mturn[0m[1m{[0m[3msession[0m[2m=[0ma85ca750-86f5-45f0-a530-98493f5a2624[1m}[0m[2m:[0m [2mbraze_engine::hooks[0m[2m:[0m prompt budget breakdown (PromptBudgetAuditHook) [3msystem_tokens_est[0m[2m=[0m268 [3mtools_tokens_est[0m[2m=[0m1013 [3mhistory_tokens_est[0m[2m=[0m17 [3mtotal_tokens_est[0m[2m=[0m1299 [3mmessage_count[0m[2m=[0m1
[2m2026-07-11T12:08:20.550094Z[0m [32m INFO[0m [1mturn[0m[1m{[0m[3msession[0m[2m=[0ma85ca750-86f5-45f0-a530-98493f5a2624[1m}[0m[2m:[0m [2mbraze_engine::hooks[0m[2m:[0m prompt budget breakdown (PromptBudgetAuditHook) [3msystem_tokens_est[0m[2m=[0m268 [3mtools_tokens_est[0m[2m=[0m1013 [3mhistory_tokens_est[0m[2m=[0m50 [3mtotal_tokens_est[0m[2m=[0m1332 [3mmessage_count[0m[2m=[0m3
-> ollama:qwen2.5:3b+plan:ollama:gemma4:e4b+ablate:task-list :: glob_basic (rep 5/5)
[2m2026-07-11T12:08:27.978606Z[0m [32m INFO[0m [1mturn[0m[1m{[0m[3msession[0m[2m=[0m43b8d4a4-9b6f-42c0-8a83-de7c96abb672[1m}[0m[2m:[0m [2mbraze_engine::engine[0m[2m:[0m planner produced a single-step (or unstructured) plan; discarding it — the executor's first round covers it without the plan-in-prompt cost
[2m2026-07-11T12:08:27.981299Z[0m [32m INFO[0m [1mturn[0m[1m{[0m[3msession[0m[2m=[0m43b8d4a4-9b6f-42c0-8a83-de7c96abb672[1m}[0m[2m:[0m [2mbraze_engine::hooks[0m[2m:[0m prompt budget breakdown (PromptBudgetAuditHook) [3msystem_tokens_est[0m[2m=[0m268 [3mtools_tokens_est[0m[2m=[0m1013 [3mhistory_tokens_est[0m[2m=[0m17 [3mtotal_tokens_est[0m[2m=[0m1299 [3mmessage_count[0m[2m=[0m1
[2m2026-07-11T12:08:29.811618Z[0m [32m INFO[0m [1mturn[0m[1m{[0m[3msession[0m[2m=[0m43b8d4a4-9b6f-42c0-8a83-de7c96abb672[1m}[0m[2m:[0m [2mbraze_engine::hooks[0m[2m:[0m prompt budget breakdown (PromptBudgetAuditHook) [3msystem_tokens_est[0m[2m=[0m268 [3mtools_tokens_est[0m[2m=[0m1013 [3mhistory_tokens_est[0m[2m=[0m50 [3mtotal_tokens_est[0m[2m=[0m1332 [3mmessage_count[0m[2m=[0m3
-> ollama:qwen2.5:3b+plan:ollama:gemma4:e4b+ablate:task-list :: write_file_basic (rep 1/5)
[2m2026-07-11T12:08:36.065555Z[0m [32m INFO[0m [1mturn[0m[1m{[0m[3msession[0m[2m=[0m37b89c5a-5e08-4911-9e99-9d22c748bac4[1m}[0m[2m:[0m [2mbraze_engine::engine[0m[2m:[0m planner produced a single-step (or unstructured) plan; discarding it — the executor's first round covers it without the plan-in-prompt cost
[2m2026-07-11T12:08:36.066729Z[0m [32m INFO[0m [1mturn[0m[1m{[0m[3msession[0m[2m=[0m37b89c5a-5e08-4911-9e99-9d22c748bac4[1m}[0m[2m:[0m [2mbraze_engine::hooks[0m[2m:[0m prompt budget breakdown (PromptBudgetAuditHook) [3msystem_tokens_est[0m[2m=[0m270 [3mtools_tokens_est[0m[2m=[0m1013 [3mhistory_tokens_est[0m[2m=[0m22 [3mtotal_tokens_est[0m[2m=[0m1305 [3mmessage_count[0m[2m=[0m1
[2m2026-07-11T12:08:38.224908Z[0m [32m INFO[0m [1mturn[0m[1m{[0m[3msession[0m[2m=[0m37b89c5a-5e08-4911-9e99-9d22c748bac4[1m}[0m[2m:[0m [2mbraze_engine::hooks[0m[2m:[0m prompt budget breakdown (PromptBudgetAuditHook) [3msystem_tokens_est[0m[2m=[0m270 [3mtools_tokens_est[0m[2m=[0m1013 [3mhistory_tokens_est[0m[2m=[0m56 [3mtotal_tokens_est[0m[2m=[0m1339 [3mmessage_count[0m[2m=[0m3
-> ollama:qwen2.5:3b+plan:ollama:gemma4:e4b+ablate:task-list :: write_file_basic (rep 2/5)
[2m2026-07-11T12:08:42.559594Z[0m [32m INFO[0m [1mturn[0m[1m{[0m[3msession[0m[2m=[0m991fb3ba-1a28-46a5-8b00-26eebafba6ec[1m}[0m[2m:[0m [2mbraze_engine::engine[0m[2m:[0m planner produced a single-step (or unstructured) plan; discarding it — the executor's first round covers it without the plan-in-prompt cost
[2m2026-07-11T12:08:42.561078Z[0m [32m INFO[0m [1mturn[0m[1m{[0m[3msession[0m[2m=[0m991fb3ba-1a28-46a5-8b00-26eebafba6ec[1m}[0m[2m:[0m [2mbraze_engine::hooks[0m[2m:[0m prompt budget breakdown (PromptBudgetAuditHook) [3msystem_tokens_est[0m[2m=[0m270 [3mtools_tokens_est[0m[2m=[0m1013 [3mhistory_tokens_est[0m[2m=[0m22 [3mtotal_tokens_est[0m[2m=[0m1305 [3mmessage_count[0m[2m=[0m1
[2m2026-07-11T12:08:44.738731Z[0m [32m INFO[0m [1mturn[0m[1m{[0m[3msession[0m[2m=[0m991fb3ba-1a28-46a5-8b00-26eebafba6ec[1m}[0m[2m:[0m [2mbraze_engine::hooks[0m[2m:[0m prompt budget breakdown (PromptBudgetAuditHook) [3msystem_tokens_est[0m[2m=[0m270 [3mtools_tokens_est[0m[2m=[0m1013 [3mhistory_tokens_est[0m[2m=[0m56 [3mtotal_tokens_est[0m[2m=[0m1339 [3mmessage_count[0m[2m=[0m3
-> ollama:qwen2.5:3b+plan:ollama:gemma4:e4b+ablate:task-list :: write_file_basic (rep 3/5)
[2m2026-07-11T12:08:49.006171Z[0m [32m INFO[0m [1mturn[0m[1m{[0m[3msession[0m[2m=[0m2e26fbd0-9118-49ef-b420-77a6d39b083b[1m}[0m[2m:[0m [2mbraze_engine::engine[0m[2m:[0m planner produced a single-step (or unstructured) plan; discarding it — the executor's first round covers it without the plan-in-prompt cost
[2m2026-07-11T12:08:49.007191Z[0m [32m INFO[0m [1mturn[0m[1m{[0m[3msession[0m[2m=[0m2e26fbd0-9118-49ef-b420-77a6d39b083b[1m}[0m[2m:[0m [2mbraze_engine::hooks[0m[2m:[0m prompt budget breakdown (PromptBudgetAuditHook) [3msystem_tokens_est[0m[2m=[0m270 [3mtools_tokens_est[0m[2m=[0m1013 [3mhistory_tokens_est[0m[2m=[0m22 [3mtotal_tokens_est[0m[2m=[0m1305 [3mmessage_count[0m[2m=[0m1
[2m2026-07-11T12:08:51.306898Z[0m [32m INFO[0m [1mturn[0m[1m{[0m[3msession[0m[2m=[0m2e26fbd0-9118-49ef-b420-77a6d39b083b[1m}[0m[2m:[0m [2mbraze_engine::hooks[0m[2m:[0m prompt budget breakdown (PromptBudgetAuditHook) [3msystem_tokens_est[0m[2m=[0m270 [3mtools_tokens_est[0m[2m=[0m1013 [3mhistory_tokens_est[0m[2m=[0m56 [3mtotal_tokens_est[0m[2m=[0m1339 [3mmessage_count[0m[2m=[0m3
-> ollama:qwen2.5:3b+plan:ollama:gemma4:e4b+ablate:task-list :: write_file_basic (rep 4/5)
[2m2026-07-11T12:08:55.519812Z[0m [32m INFO[0m [1mturn[0m[1m{[0m[3msession[0m[2m=[0medacc7c1-eb7a-4070-bfe3-6114b7f47576[1m}[0m[2m:[0m [2mbraze_engine::engine[0m[2m:[0m planner produced a single-step (or unstructured) plan; discarding it — the executor's first round covers it without the plan-in-prompt cost
[2m2026-07-11T12:08:55.521714Z[0m [32m INFO[0m [1mturn[0m[1m{[0m[3msession[0m[2m=[0medacc7c1-eb7a-4070-bfe3-6114b7f47576[1m}[0m[2m:[0m [2mbraze_engine::hooks[0m[2m:[0m prompt budget breakdown (PromptBudgetAuditHook) [3msystem_tokens_est[0m[2m=[0m270 [3mtools_tokens_est[0m[2m=[0m1013 [3mhistory_tokens_est[0m[2m=[0m22 [3mtotal_tokens_est[0m[2m=[0m1305 [3mmessage_count[0m[2m=[0m1
[2m2026-07-11T12:08:57.673294Z[0m [32m INFO[0m [1mturn[0m[1m{[0m[3msession[0m[2m=[0medacc7c1-eb7a-4070-bfe3-6114b7f47576[1m}[0m[2m:[0m [2mbraze_engine::hooks[0m[2m:[0m prompt budget breakdown (PromptBudgetAuditHook) [3msystem_tokens_est[0m[2m=[0m270 [3mtools_tokens_est[0m[2m=[0m1013 [3mhistory_tokens_est[0m[2m=[0m56 [3mtotal_tokens_est[0m[2m=[0m1339 [3mmessage_count[0m[2m=[0m3
-> ollama:qwen2.5:3b+plan:ollama:gemma4:e4b+ablate:task-list :: write_file_basic (rep 5/5)
[2m2026-07-11T12:09:01.905004Z[0m [32m INFO[0m [1mturn[0m[1m{[0m[3msession[0m[2m=[0md9e8674f-18f8-4e2f-b48b-7a0cd6d7bc9f[1m}[0m[2m:[0m [2mbraze_engine::engine[0m[2m:[0m planner produced a single-step (or unstructured) plan; discarding it — the executor's first round covers it without the plan-in-prompt cost
[2m2026-07-11T12:09:01.905803Z[0m [32m INFO[0m [1mturn[0m[1m{[0m[3msession[0m[2m=[0md9e8674f-18f8-4e2f-b48b-7a0cd6d7bc9f[1m}[0m[2m:[0m [2mbraze_engine::hooks[0m[2m:[0m prompt budget breakdown (PromptBudgetAuditHook) [3msystem_tokens_est[0m[2m=[0m270 [3mtools_tokens_est[0m[2m=[0m1013 [3mhistory_tokens_est[0m[2m=[0m22 [3mtotal_tokens_est[0m[2m=[0m1305 [3mmessage_count[0m[2m=[0m1
[2m2026-07-11T12:09:04.098999Z[0m [32m INFO[0m [1mturn[0m[1m{[0m[3msession[0m[2m=[0md9e8674f-18f8-4e2f-b48b-7a0cd6d7bc9f[1m}[0m[2m:[0m [2mbraze_engine::hooks[0m[2m:[0m prompt budget breakdown (PromptBudgetAuditHook) [3msystem_tokens_est[0m[2m=[0m270 [3mtools_tokens_est[0m[2m=[0m1013 [3mhistory_tokens_est[0m[2m=[0m56 [3mtotal_tokens_est[0m[2m=[0m1339 [3mmessage_count[0m[2m=[0m3
-> ollama:qwen2.5:3b+plan:ollama:gemma4:e4b+ablate:task-list :: edit_file_basic (rep 1/5)
[2m2026-07-11T12:09:11.302855Z[0m [32m INFO[0m [1mturn[0m[1m{[0m[3msession[0m[2m=[0mc72a3387-0d54-4ae8-a465-1e06da80ceaf[1m}[0m[2m:[0m [2mbraze_engine::engine[0m[2m:[0m planner produced a single-step (or unstructured) plan; discarding it — the executor's first round covers it without the plan-in-prompt cost
[2m2026-07-11T12:09:11.303980Z[0m [32m INFO[0m [1mturn[0m[1m{[0m[3msession[0m[2m=[0mc72a3387-0d54-4ae8-a465-1e06da80ceaf[1m}[0m[2m:[0m [2mbraze_engine::hooks[0m[2m:[0m prompt budget breakdown (PromptBudgetAuditHook) [3msystem_tokens_est[0m[2m=[0m270 [3mtools_tokens_est[0m[2m=[0m1013 [3mhistory_tokens_est[0m[2m=[0m21 [3mtotal_tokens_est[0m[2m=[0m1305 [3mmessage_count[0m[2m=[0m1
[2m2026-07-11T12:09:13.824765Z[0m [32m INFO[0m [1mturn[0m[1m{[0m[3msession[0m[2m=[0mc72a3387-0d54-4ae8-a465-1e06da80ceaf[1m}[0m[2m:[0m [2mbraze_engine::hooks[0m[2m:[0m prompt budget breakdown (PromptBudgetAuditHook) [3msystem_tokens_est[0m[2m=[0m270 [3mtools_tokens_est[0m[2m=[0m1013 [3mhistory_tokens_est[0m[2m=[0m59 [3mtotal_tokens_est[0m[2m=[0m1342 [3mmessage_count[0m[2m=[0m3
-> ollama:qwen2.5:3b+plan:ollama:gemma4:e4b+ablate:task-list :: edit_file_basic (rep 2/5)
[2m2026-07-11T12:09:19.091347Z[0m [32m INFO[0m [1mturn[0m[1m{[0m[3msession[0m[2m=[0m03d650bd-907e-473e-8842-6bde591c7785[1m}[0m[2m:[0m [2mbraze_engine::engine[0m[2m:[0m planner produced a single-step (or unstructured) plan; discarding it — the executor's first round covers it without the plan-in-prompt cost
[2m2026-07-11T12:09:19.092975Z[0m [32m INFO[0m [1mturn[0m[1m{[0m[3msession[0m[2m=[0m03d650bd-907e-473e-8842-6bde591c7785[1m}[0m[2m:[0m [2mbraze_engine::hooks[0m[2m:[0m prompt budget breakdown (PromptBudgetAuditHook) [3msystem_tokens_est[0m[2m=[0m270 [3mtools_tokens_est[0m[2m=[0m1013 [3mhistory_tokens_est[0m[2m=[0m21 [3mtotal_tokens_est[0m[2m=[0m1305 [3mmessage_count[0m[2m=[0m1
[2m2026-07-11T12:09:21.606567Z[0m [32m INFO[0m [1mturn[0m[1m{[0m[3msession[0m[2m=[0m03d650bd-907e-473e-8842-6bde591c7785[1m}[0m[2m:[0m [2mbraze_engine::hooks[0m[2m:[0m prompt budget breakdown (PromptBudgetAuditHook) [3msystem_tokens_est[0m[2m=[0m270 [3mtools_tokens_est[0m[2m=[0m1013 [3mhistory_tokens_est[0m[2m=[0m59 [3mtotal_tokens_est[0m[2m=[0m1342 [3mmessage_count[0m[2m=[0m3
-> ollama:qwen2.5:3b+plan:ollama:gemma4:e4b+ablate:task-list :: edit_file_basic (rep 3/5)
[2m2026-07-11T12:09:28.495842Z[0m [32m INFO[0m [1mturn[0m[1m{[0m[3msession[0m[2m=[0me746252d-6aff-4213-ac10-9b3252dd5679[1m}[0m[2m:[0m [2mbraze_engine::engine[0m[2m:[0m planner produced a single-step (or unstructured) plan; discarding it — the executor's first round covers it without the plan-in-prompt cost
[2m2026-07-11T12:09:28.498952Z[0m [32m INFO[0m [1mturn[0m[1m{[0m[3msession[0m[2m=[0me746252d-6aff-4213-ac10-9b3252dd5679[1m}[0m[2m:[0m [2mbraze_engine::hooks[0m[2m:[0m prompt budget breakdown (PromptBudgetAuditHook) [3msystem_tokens_est[0m[2m=[0m270 [3mtools_tokens_est[0m[2m=[0m1013 [3mhistory_tokens_est[0m[2m=[0m21 [3mtotal_tokens_est[0m[2m=[0m1305 [3mmessage_count[0m[2m=[0m1
[2m2026-07-11T12:09:31.079012Z[0m [32m INFO[0m [1mturn[0m[1m{[0m[3msession[0m[2m=[0me746252d-6aff-4213-ac10-9b3252dd5679[1m}[0m[2m:[0m [2mbraze_engine::hooks[0m[2m:[0m prompt budget breakdown (PromptBudgetAuditHook) [3msystem_tokens_est[0m[2m=[0m270 [3mtools_tokens_est[0m[2m=[0m1013 [3mhistory_tokens_est[0m[2m=[0m59 [3mtotal_tokens_est[0m[2m=[0m1342 [3mmessage_count[0m[2m=[0m3
-> ollama:qwen2.5:3b+plan:ollama:gemma4:e4b+ablate:task-list :: edit_file_basic (rep 4/5)
[2m2026-07-11T12:09:36.434101Z[0m [32m INFO[0m [1mturn[0m[1m{[0m[3msession[0m[2m=[0mf7ecea86-8f57-4514-a07e-86601022db16[1m}[0m[2m:[0m [2mbraze_engine::engine[0m[2m:[0m planner produced a single-step (or unstructured) plan; discarding it — the executor's first round covers it without the plan-in-prompt cost
[2m2026-07-11T12:09:36.435289Z[0m [32m INFO[0m [1mturn[0m[1m{[0m[3msession[0m[2m=[0mf7ecea86-8f57-4514-a07e-86601022db16[1m}[0m[2m:[0m [2mbraze_engine::hooks[0m[2m:[0m prompt budget breakdown (PromptBudgetAuditHook) [3msystem_tokens_est[0m[2m=[0m270 [3mtools_tokens_est[0m[2m=[0m1013 [3mhistory_tokens_est[0m[2m=[0m21 [3mtotal_tokens_est[0m[2m=[0m1305 [3mmessage_count[0m[2m=[0m1
[2m2026-07-11T12:09:39.031787Z[0m [32m INFO[0m [1mturn[0m[1m{[0m[3msession[0m[2m=[0mf7ecea86-8f57-4514-a07e-86601022db16[1m}[0m[2m:[0m [2mbraze_engine::hooks[0m[2m:[0m prompt budget breakdown (PromptBudgetAuditHook) [3msystem_tokens_est[0m[2m=[0m270 [3mtools_tokens_est[0m[2m=[0m1013 [3mhistory_tokens_est[0m[2m=[0m59 [3mtotal_tokens_est[0m[2m=[0m1342 [3mmessage_count[0m[2m=[0m3
-> ollama:qwen2.5:3b+plan:ollama:gemma4:e4b+ablate:task-list :: edit_file_basic (rep 5/5)
[2m2026-07-11T12:09:45.311302Z[0m [32m INFO[0m [1mturn[0m[1m{[0m[3msession[0m[2m=[0m9f6f2165-286e-45d7-a05b-96dbc1110aa8[1m}[0m[2m:[0m [2mbraze_engine::engine[0m[2m:[0m planner produced a single-step (or unstructured) plan; discarding it — the executor's first round covers it without the plan-in-prompt cost
[2m2026-07-11T12:09:45.312994Z[0m [32m INFO[0m [1mturn[0m[1m{[0m[3msession[0m[2m=[0m9f6f2165-286e-45d7-a05b-96dbc1110aa8[1m}[0m[2m:[0m [2mbraze_engine::hooks[0m[2m:[0m prompt budget breakdown (PromptBudgetAuditHook) [3msystem_tokens_est[0m[2m=[0m270 [3mtools_tokens_est[0m[2m=[0m1013 [3mhistory_tokens_est[0m[2m=[0m21 [3mtotal_tokens_est[0m[2m=[0m1305 [3mmessage_count[0m[2m=[0m1
[2m2026-07-11T12:09:47.966612Z[0m [32m INFO[0m [1mturn[0m[1m{[0m[3msession[0m[2m=[0m9f6f2165-286e-45d7-a05b-96dbc1110aa8[1m}[0m[2m:[0m [2mbraze_engine::hooks[0m[2m:[0m prompt budget breakdown (PromptBudgetAuditHook) [3msystem_tokens_est[0m[2m=[0m270 [3mtools_tokens_est[0m[2m=[0m1013 [3mhistory_tokens_est[0m[2m=[0m59 [3mtotal_tokens_est[0m[2m=[0m1342 [3mmessage_count[0m[2m=[0m3
-> ollama:qwen2.5:3b+plan:ollama:gemma4:e4b+ablate:task-list :: shell_exec_basic (rep 1/5)
[2m2026-07-11T12:09:52.133466Z[0m [32m INFO[0m [1mturn[0m[1m{[0m[3msession[0m[2m=[0mbae59ad8-b01d-41aa-99f1-96a2c342c3a6[1m}[0m[2m:[0m [2mbraze_engine::engine[0m[2m:[0m planner produced a single-step (or unstructured) plan; discarding it — the executor's first round covers it without the plan-in-prompt cost
[2m2026-07-11T12:09:52.135652Z[0m [32m INFO[0m [1mturn[0m[1m{[0m[3msession[0m[2m=[0mbae59ad8-b01d-41aa-99f1-96a2c342c3a6[1m}[0m[2m:[0m [2mbraze_engine::hooks[0m[2m:[0m prompt budget breakdown (PromptBudgetAuditHook) [3msystem_tokens_est[0m[2m=[0m270 [3mtools_tokens_est[0m[2m=[0m1013 [3mhistory_tokens_est[0m[2m=[0m18 [3mtotal_tokens_est[0m[2m=[0m1301 [3mmessage_count[0m[2m=[0m1
-> ollama:qwen2.5:3b+plan:ollama:gemma4:e4b+ablate:task-list :: shell_exec_basic (rep 2/5)
[2m2026-07-11T12:09:56.568945Z[0m [32m INFO[0m [1mturn[0m[1m{[0m[3msession[0m[2m=[0mcb232bd9-5443-431d-873c-02ecf2167201[1m}[0m[2m:[0m [2mbraze_engine::engine[0m[2m:[0m planner produced a single-step (or unstructured) plan; discarding it — the executor's first round covers it without the plan-in-prompt cost
[2m2026-07-11T12:09:56.571321Z[0m [32m INFO[0m [1mturn[0m[1m{[0m[3msession[0m[2m=[0mcb232bd9-5443-431d-873c-02ecf2167201[1m}[0m[2m:[0m [2mbraze_engine::hooks[0m[2m:[0m prompt budget breakdown (PromptBudgetAuditHook) [3msystem_tokens_est[0m[2m=[0m270 [3mtools_tokens_est[0m[2m=[0m1013 [3mhistory_tokens_est[0m[2m=[0m18 [3mtotal_tokens_est[0m[2m=[0m1301 [3mmessage_count[0m[2m=[0m1
[2m2026-07-11T12:09:58.445957Z[0m [32m INFO[0m [1mturn[0m[1m{[0m[3msession[0m[2m=[0mcb232bd9-5443-431d-873c-02ecf2167201[1m}[0m[2m:[0m [2mbraze_engine::hooks[0m[2m:[0m prompt budget breakdown (PromptBudgetAuditHook) [3msystem_tokens_est[0m[2m=[0m270 [3mtools_tokens_est[0m[2m=[0m1013 [3mhistory_tokens_est[0m[2m=[0m39 [3mtotal_tokens_est[0m[2m=[0m1323 [3mmessage_count[0m[2m=[0m3
-> ollama:qwen2.5:3b+plan:ollama:gemma4:e4b+ablate:task-list :: shell_exec_basic (rep 3/5)
[2m2026-07-11T12:10:02.319862Z[0m [32m INFO[0m [1mturn[0m[1m{[0m[3msession[0m[2m=[0m361999f9-50b3-4192-8acc-07cef21a2b3f[1m}[0m[2m:[0m [2mbraze_engine::engine[0m[2m:[0m planner produced a single-step (or unstructured) plan; discarding it — the executor's first round covers it without the plan-in-prompt cost
[2m2026-07-11T12:10:02.321990Z[0m [32m INFO[0m [1mturn[0m[1m{[0m[3msession[0m[2m=[0m361999f9-50b3-4192-8acc-07cef21a2b3f[1m}[0m[2m:[0m [2mbraze_engine::hooks[0m[2m:[0m prompt budget breakdown (PromptBudgetAuditHook) [3msystem_tokens_est[0m[2m=[0m270 [3mtools_tokens_est[0m[2m=[0m1013 [3mhistory_tokens_est[0m[2m=[0m18 [3mtotal_tokens_est[0m[2m=[0m1301 [3mmessage_count[0m[2m=[0m1
-> ollama:qwen2.5:3b+plan:ollama:gemma4:e4b+ablate:task-list :: shell_exec_basic (rep 4/5)
[2m2026-07-11T12:10:06.872742Z[0m [32m INFO[0m [1mturn[0m[1m{[0m[3msession[0m[2m=[0m75bf9c23-8c0e-4a90-8566-5394c2c3740f[1m}[0m[2m:[0m [2mbraze_engine::engine[0m[2m:[0m planner produced a single-step (or unstructured) plan; discarding it — the executor's first round covers it without the plan-in-prompt cost
[2m2026-07-11T12:10:06.874797Z[0m [32m INFO[0m [1mturn[0m[1m{[0m[3msession[0m[2m=[0m75bf9c23-8c0e-4a90-8566-5394c2c3740f[1m}[0m[2m:[0m [2mbraze_engine::hooks[0m[2m:[0m prompt budget breakdown (PromptBudgetAuditHook) [3msystem_tokens_est[0m[2m=[0m270 [3mtools_tokens_est[0m[2m=[0m1013 [3mhistory_tokens_est[0m[2m=[0m18 [3mtotal_tokens_est[0m[2m=[0m1301 [3mmessage_count[0m[2m=[0m1
[2m2026-07-11T12:10:08.760195Z[0m [32m INFO[0m [1mturn[0m[1m{[0m[3msession[0m[2m=[0m75bf9c23-8c0e-4a90-8566-5394c2c3740f[1m}[0m[2m:[0m [2mbraze_engine::hooks[0m[2m:[0m prompt budget breakdown (PromptBudgetAuditHook) [3msystem_tokens_est[0m[2m=[0m270 [3mtools_tokens_est[0m[2m=[0m1013 [3mhistory_tokens_est[0m[2m=[0m39 [3mtotal_tokens_est[0m[2m=[0m1323 [3mmessage_count[0m[2m=[0m3
-> ollama:qwen2.5:3b+plan:ollama:gemma4:e4b+ablate:task-list :: shell_exec_basic (rep 5/5)
[2m2026-07-11T12:10:12.517518Z[0m [32m INFO[0m [1mturn[0m[1m{[0m[3msession[0m[2m=[0m2e410a86-cc81-4a93-aa63-f9936de607d6[1m}[0m[2m:[0m [2mbraze_engine::engine[0m[2m:[0m planner produced a single-step (or unstructured) plan; discarding it — the executor's first round covers it without the plan-in-prompt cost
[2m2026-07-11T12:10:12.519534Z[0m [32m INFO[0m [1mturn[0m[1m{[0m[3msession[0m[2m=[0m2e410a86-cc81-4a93-aa63-f9936de607d6[1m}[0m[2m:[0m [2mbraze_engine::hooks[0m[2m:[0m prompt budget breakdown (PromptBudgetAuditHook) [3msystem_tokens_est[0m[2m=[0m270 [3mtools_tokens_est[0m[2m=[0m1013 [3mhistory_tokens_est[0m[2m=[0m18 [3mtotal_tokens_est[0m[2m=[0m1301 [3mmessage_count[0m[2m=[0m1
-> ollama:qwen2.5:3b+plan:ollama:gemma4:e4b+ablate:task-list :: no_tool_qa (rep 1/5)
[2m2026-07-11T12:10:16.754220Z[0m [32m INFO[0m [1mturn[0m[1m{[0m[3msession[0m[2m=[0mf800bfed-3a79-4774-93ad-d5eb519782dc[1m}[0m[2m:[0m [2mbraze_engine::engine[0m[2m:[0m planner produced a single-step (or unstructured) plan; discarding it — the executor's first round covers it without the plan-in-prompt cost
[2m2026-07-11T12:10:16.756085Z[0m [32m INFO[0m [1mturn[0m[1m{[0m[3msession[0m[2m=[0mf800bfed-3a79-4774-93ad-d5eb519782dc[1m}[0m[2m:[0m [2mbraze_engine::hooks[0m[2m:[0m prompt budget breakdown (PromptBudgetAuditHook) [3msystem_tokens_est[0m[2m=[0m268 [3mtools_tokens_est[0m[2m=[0m1013 [3mhistory_tokens_est[0m[2m=[0m19 [3mtotal_tokens_est[0m[2m=[0m1301 [3mmessage_count[0m[2m=[0m1
-> ollama:qwen2.5:3b+plan:ollama:gemma4:e4b+ablate:task-list :: no_tool_qa (rep 2/5)
[2m2026-07-11T12:10:20.284419Z[0m [32m INFO[0m [1mturn[0m[1m{[0m[3msession[0m[2m=[0me37ed81a-9dbe-43ea-a29d-649a4fd74bdf[1m}[0m[2m:[0m [2mbraze_engine::engine[0m[2m:[0m planner produced a single-step (or unstructured) plan; discarding it — the executor's first round covers it without the plan-in-prompt cost
[2m2026-07-11T12:10:20.285252Z[0m [32m INFO[0m [1mturn[0m[1m{[0m[3msession[0m[2m=[0me37ed81a-9dbe-43ea-a29d-649a4fd74bdf[1m}[0m[2m:[0m [2mbraze_engine::hooks[0m[2m:[0m prompt budget breakdown (PromptBudgetAuditHook) [3msystem_tokens_est[0m[2m=[0m268 [3mtools_tokens_est[0m[2m=[0m1013 [3mhistory_tokens_est[0m[2m=[0m19 [3mtotal_tokens_est[0m[2m=[0m1301 [3mmessage_count[0m[2m=[0m1
-> ollama:qwen2.5:3b+plan:ollama:gemma4:e4b+ablate:task-list :: no_tool_qa (rep 3/5)
[2m2026-07-11T12:10:23.928590Z[0m [32m INFO[0m [1mturn[0m[1m{[0m[3msession[0m[2m=[0md3d37031-cbde-43ea-9740-392b79838c18[1m}[0m[2m:[0m [2mbraze_engine::engine[0m[2m:[0m planner produced a single-step (or unstructured) plan; discarding it — the executor's first round covers it without the plan-in-prompt cost
[2m2026-07-11T12:10:23.929629Z[0m [32m INFO[0m [1mturn[0m[1m{[0m[3msession[0m[2m=[0md3d37031-cbde-43ea-9740-392b79838c18[1m}[0m[2m:[0m [2mbraze_engine::hooks[0m[2m:[0m prompt budget breakdown (PromptBudgetAuditHook) [3msystem_tokens_est[0m[2m=[0m268 [3mtools_tokens_est[0m[2m=[0m1013 [3mhistory_tokens_est[0m[2m=[0m19 [3mtotal_tokens_est[0m[2m=[0m1301 [3mmessage_count[0m[2m=[0m1
-> ollama:qwen2.5:3b+plan:ollama:gemma4:e4b+ablate:task-list :: no_tool_qa (rep 4/5)
[2m2026-07-11T12:10:27.297146Z[0m [32m INFO[0m [1mturn[0m[1m{[0m[3msession[0m[2m=[0me95c7a6c-4c7d-4e7d-806c-dab336af4f03[1m}[0m[2m:[0m [2mbraze_engine::engine[0m[2m:[0m planner produced a single-step (or unstructured) plan; discarding it — the executor's first round covers it without the plan-in-prompt cost
[2m2026-07-11T12:10:27.298296Z[0m [32m INFO[0m [1mturn[0m[1m{[0m[3msession[0m[2m=[0me95c7a6c-4c7d-4e7d-806c-dab336af4f03[1m}[0m[2m:[0m [2mbraze_engine::hooks[0m[2m:[0m prompt budget breakdown (PromptBudgetAuditHook) [3msystem_tokens_est[0m[2m=[0m268 [3mtools_tokens_est[0m[2m=[0m1013 [3mhistory_tokens_est[0m[2m=[0m19 [3mtotal_tokens_est[0m[2m=[0m1301 [3mmessage_count[0m[2m=[0m1
-> ollama:qwen2.5:3b+plan:ollama:gemma4:e4b+ablate:task-list :: no_tool_qa (rep 5/5)
[2m2026-07-11T12:10:30.983931Z[0m [32m INFO[0m [1mturn[0m[1m{[0m[3msession[0m[2m=[0mad7b9de7-d589-4472-9b6b-2ef19d3c9d01[1m}[0m[2m:[0m [2mbraze_engine::engine[0m[2m:[0m planner produced a single-step (or unstructured) plan; discarding it — the executor's first round covers it without the plan-in-prompt cost
[2m2026-07-11T12:10:30.984661Z[0m [32m INFO[0m [1mturn[0m[1m{[0m[3msession[0m[2m=[0mad7b9de7-d589-4472-9b6b-2ef19d3c9d01[1m}[0m[2m:[0m [2mbraze_engine::hooks[0m[2m:[0m prompt budget breakdown (PromptBudgetAuditHook) [3msystem_tokens_est[0m[2m=[0m268 [3mtools_tokens_est[0m[2m=[0m1013 [3mhistory_tokens_est[0m[2m=[0m19 [3mtotal_tokens_est[0m[2m=[0m1301 [3mmessage_count[0m[2m=[0m1
-> ollama:qwen2.5:3b+plan:ollama:gemma4:e4b+ablate:task-list :: multi_step_read_count_write (rep 1/5)
[2m2026-07-11T12:10:40.020209Z[0m [32m INFO[0m [1mturn[0m[1m{[0m[3msession[0m[2m=[0m7e20bfc9-e295-48a1-84ae-7872ed0148c9[1m}[0m[2m:[0m [2mbraze_engine::engine[0m[2m:[0m plan delivered as typed tasks instead of prose (task list enabled) [3mseeded[0m[2m=[0m3
[2m2026-07-11T12:10:40.020808Z[0m [32m INFO[0m [1mturn[0m[1m{[0m[3msession[0m[2m=[0m7e20bfc9-e295-48a1-84ae-7872ed0148c9[1m}[0m[2m:[0m [2mbraze_engine::hooks[0m[2m:[0m prompt budget breakdown (PromptBudgetAuditHook) [3msystem_tokens_est[0m[2m=[0m273 [3mtools_tokens_est[0m[2m=[0m1013 [3mhistory_tokens_est[0m[2m=[0m128 [3mtotal_tokens_est[0m[2m=[0m1415 [3mmessage_count[0m[2m=[0m2
[2m2026-07-11T12:10:42.248108Z[0m [32m INFO[0m [1mturn[0m[1m{[0m[3msession[0m[2m=[0m7e20bfc9-e295-48a1-84ae-7872ed0148c9[1m}[0m[2m:[0m [2mbraze_engine::hooks[0m[2m:[0m prompt budget breakdown (PromptBudgetAuditHook) [3msystem_tokens_est[0m[2m=[0m273 [3mtools_tokens_est[0m[2m=[0m1013 [3mhistory_tokens_est[0m[2m=[0m154 [3mtotal_tokens_est[0m[2m=[0m1440 [3mmessage_count[0m[2m=[0m4
[2m2026-07-11T12:10:45.496222Z[0m [32m INFO[0m [1mturn[0m[1m{[0m[3msession[0m[2m=[0m7e20bfc9-e295-48a1-84ae-7872ed0148c9[1m}[0m[2m:[0m [2mbraze_engine::hooks[0m[2m:[0m prompt budget breakdown (PromptBudgetAuditHook) [3msystem_tokens_est[0m[2m=[0m273 [3mtools_tokens_est[0m[2m=[0m1013 [3mhistory_tokens_est[0m[2m=[0m320 [3mtotal_tokens_est[0m[2m=[0m1607 [3mmessage_count[0m[2m=[0m10
[2m2026-07-11T12:10:46.957104Z[0m [32m INFO[0m [1mturn[0m[1m{[0m[3msession[0m[2m=[0m7e20bfc9-e295-48a1-84ae-7872ed0148c9[1m}[0m[2m:[0m [2mbraze_engine::hooks[0m[2m:[0m prompt budget breakdown (PromptBudgetAuditHook) [3msystem_tokens_est[0m[2m=[0m273 [3mtools_tokens_est[0m[2m=[0m1013 [3mhistory_tokens_est[0m[2m=[0m426 [3mtotal_tokens_est[0m[2m=[0m1713 [3mmessage_count[0m[2m=[0m12
-> ollama:qwen2.5:3b+plan:ollama:gemma4:e4b+ablate:task-list :: multi_step_read_count_write (rep 2/5)
[2m2026-07-11T12:11:02.467747Z[0m [32m INFO[0m [1mturn[0m[1m{[0m[3msession[0m[2m=[0m2f5b30f6-fa72-4dfa-a177-c836439627f6[1m}[0m[2m:[0m [2mbraze_engine::engine[0m[2m:[0m plan delivered as typed tasks instead of prose (task list enabled) [3mseeded[0m[2m=[0m2
[2m2026-07-11T12:11:02.468420Z[0m [32m INFO[0m [1mturn[0m[1m{[0m[3msession[0m[2m=[0m2f5b30f6-fa72-4dfa-a177-c836439627f6[1m}[0m[2m:[0m [2mbraze_engine::hooks[0m[2m:[0m prompt budget breakdown (PromptBudgetAuditHook) [3msystem_tokens_est[0m[2m=[0m273 [3mtools_tokens_est[0m[2m=[0m1013 [3mhistory_tokens_est[0m[2m=[0m120 [3mtotal_tokens_est[0m[2m=[0m1406 [3mmessage_count[0m[2m=[0m2
[2m2026-07-11T12:11:04.923012Z[0m [32m INFO[0m [1mturn[0m[1m{[0m[3msession[0m[2m=[0m2f5b30f6-fa72-4dfa-a177-c836439627f6[1m}[0m[2m:[0m [2mbraze_engine::hooks[0m[2m:[0m prompt budget breakdown (PromptBudgetAuditHook) [3msystem_tokens_est[0m[2m=[0m273 [3mtools_tokens_est[0m[2m=[0m1013 [3mhistory_tokens_est[0m[2m=[0m145 [3mtotal_tokens_est[0m[2m=[0m1431 [3mmessage_count[0m[2m=[0m4
[2m2026-07-11T12:11:07.331026Z[0m [32m INFO[0m [1mturn[0m[1m{[0m[3msession[0m[2m=[0m2f5b30f6-fa72-4dfa-a177-c836439627f6[1m}[0m[2m:[0m [2mbraze_engine::hooks[0m[2m:[0m prompt budget breakdown (PromptBudgetAuditHook) [3msystem_tokens_est[0m[2m=[0m273 [3mtools_tokens_est[0m[2m=[0m1013 [3mhistory_tokens_est[0m[2m=[0m354 [3mtotal_tokens_est[0m[2m=[0m1640 [3mmessage_count[0m[2m=[0m8
[2m2026-07-11T12:11:10.223090Z[0m [32m INFO[0m [1mturn[0m[1m{[0m[3msession[0m[2m=[0m2f5b30f6-fa72-4dfa-a177-c836439627f6[1m}[0m[2m:[0m [2mbraze_engine::hooks[0m[2m:[0m prompt budget breakdown (PromptBudgetAuditHook) [3msystem_tokens_est[0m[2m=[0m273 [3mtools_tokens_est[0m[2m=[0m1013 [3mhistory_tokens_est[0m[2m=[0m412 [3mtotal_tokens_est[0m[2m=[0m1698 [3mmessage_count[0m[2m=[0m11
[2m2026-07-11T12:11:14.820825Z[0m [32m INFO[0m [1mturn[0m[1m{[0m[3msession[0m[2m=[0m2f5b30f6-fa72-4dfa-a177-c836439627f6[1m}[0m[2m:[0m [2mbraze_engine::hooks[0m[2m:[0m prompt budget breakdown (PromptBudgetAuditHook) [3msystem_tokens_est[0m[2m=[0m273 [3mtools_tokens_est[0m[2m=[0m1013 [3mhistory_tokens_est[0m[2m=[0m520 [3mtotal_tokens_est[0m[2m=[0m1806 [3mmessage_count[0m[2m=[0m14
-> ollama:qwen2.5:3b+plan:ollama:gemma4:e4b+ablate:task-list :: multi_step_read_count_write (rep 3/5)
[2m2026-07-11T12:11:20.022384Z[0m [33m WARN[0m [1mturn[0m[1m{[0m[3msession[0m[2m=[0m1f92340c-d163-4904-a4ca-3317ae60056b[1m}[0m[2m:[0m [2mbraze_engine::engine[0m[2m:[0m planner call failed; proceeding without a plan [3merror[0m[2m=[0mmodel backend error: request to model backend failed: ollama request failed: error sending request for url (http://192.168.1.8:11434/api/chat)
[2m2026-07-11T12:11:20.024324Z[0m [32m INFO[0m [1mturn[0m[1m{[0m[3msession[0m[2m=[0m1f92340c-d163-4904-a4ca-3317ae60056b[1m}[0m[2m:[0m [2mbraze_engine::hooks[0m[2m:[0m prompt budget breakdown (PromptBudgetAuditHook) [3msystem_tokens_est[0m[2m=[0m273 [3mtools_tokens_est[0m[2m=[0m1013 [3mhistory_tokens_est[0m[2m=[0m45 [3mtotal_tokens_est[0m[2m=[0m1331 [3mmessage_count[0m[2m=[0m1
-> ollama:qwen2.5:3b+plan:ollama:gemma4:e4b+ablate:task-list :: multi_step_read_count_write (rep 4/5)
[2m2026-07-11T12:11:20.051075Z[0m [33m WARN[0m [1mturn[0m[1m{[0m[3msession[0m[2m=[0m6ccca647-1f97-4529-9408-ee69d1ee0beb[1m}[0m[2m:[0m [2mbraze_engine::engine[0m[2m:[0m planner call failed; proceeding without a plan [3merror[0m[2m=[0mmodel backend error: request to model backend failed: ollama request failed: error sending request for url (http://192.168.1.8:11434/api/chat)
[2m2026-07-11T12:11:20.055826Z[0m [32m INFO[0m [1mturn[0m[1m{[0m[3msession[0m[2m=[0m6ccca647-1f97-4529-9408-ee69d1ee0beb[1m}[0m[2m:[0m [2mbraze_engine::hooks[0m[2m:[0m prompt budget breakdown (PromptBudgetAuditHook) [3msystem_tokens_est[0m[2m=[0m273 [3mtools_tokens_est[0m[2m=[0m1013 [3mhistory_tokens_est[0m[2m=[0m45 [3mtotal_tokens_est[0m[2m=[0m1331 [3mmessage_count[0m[2m=[0m1
-> ollama:qwen2.5:3b+plan:ollama:gemma4:e4b+ablate:task-list :: multi_step_read_count_write (rep 5/5)
[2m2026-07-11T12:11:20.122566Z[0m [33m WARN[0m [1mturn[0m[1m{[0m[3msession[0m[2m=[0mcb7caace-aba1-4b8b-93ee-b95dd2e8c387[1m}[0m[2m:[0m [2mbraze_engine::engine[0m[2m:[0m planner call failed; proceeding without a plan [3merror[0m[2m=[0mmodel backend error: request to model backend failed: ollama request failed: error sending request for url (http://192.168.1.8:11434/api/chat)
[2m2026-07-11T12:11:20.124350Z[0m [32m INFO[0m [1mturn[0m[1m{[0m[3msession[0m[2m=[0mcb7caace-aba1-4b8b-93ee-b95dd2e8c387[1m}[0m[2m:[0m [2mbraze_engine::hooks[0m[2m:[0m prompt budget breakdown (PromptBudgetAuditHook) [3msystem_tokens_est[0m[2m=[0m273 [3mtools_tokens_est[0m[2m=[0m1013 [3mhistory_tokens_est[0m[2m=[0m45 [3mtotal_tokens_est[0m[2m=[0m1331 [3mmessage_count[0m[2m=[0m1
-> ollama:qwen2.5:3b+plan:ollama:gemma4:e4b+ablate:task-list :: error_recovery_wrong_filename (rep 1/5)
[2m2026-07-11T12:11:20.272509Z[0m [33m WARN[0m [1mturn[0m[1m{[0m[3msession[0m[2m=[0me0f5a812-8741-4e2b-bf4e-060ee4a45dd3[1m}[0m[2m:[0m [2mbraze_engine::engine[0m[2m:[0m planner call failed; proceeding without a plan [3merror[0m[2m=[0mmodel backend error: request to model backend failed: ollama request failed: error sending request for url (http://192.168.1.8:11434/api/chat)
[2m2026-07-11T12:11:20.273693Z[0m [32m INFO[0m [1mturn[0m[1m{[0m[3msession[0m[2m=[0me0f5a812-8741-4e2b-bf4e-060ee4a45dd3[1m}[0m[2m:[0m [2mbraze_engine::hooks[0m[2m:[0m prompt budget breakdown (PromptBudgetAuditHook) [3msystem_tokens_est[0m[2m=[0m273 [3mtools_tokens_est[0m[2m=[0m1013 [3mhistory_tokens_est[0m[2m=[0m34 [3mtotal_tokens_est[0m[2m=[0m1321 [3mmessage_count[0m[2m=[0m1
-> ollama:qwen2.5:3b+plan:ollama:gemma4:e4b+ablate:task-list :: error_recovery_wrong_filename (rep 2/5)
[2m2026-07-11T12:11:20.296348Z[0m [33m WARN[0m [1mturn[0m[1m{[0m[3msession[0m[2m=[0ma3a106a5-fda5-4a14-8d97-27b8fe04be86[1m}[0m[2m:[0m [2mbraze_engine::engine[0m[2m:[0m planner call failed; proceeding without a plan [3merror[0m[2m=[0mmodel backend error: request to model backend failed: ollama request failed: error sending request for url (http://192.168.1.8:11434/api/chat)
[2m2026-07-11T12:11:20.299034Z[0m [32m INFO[0m [1mturn[0m[1m{[0m[3msession[0m[2m=[0ma3a106a5-fda5-4a14-8d97-27b8fe04be86[1m}[0m[2m:[0m [2mbraze_engine::hooks[0m[2m:[0m prompt budget breakdown (PromptBudgetAuditHook) [3msystem_tokens_est[0m[2m=[0m273 [3mtools_tokens_est[0m[2m=[0m1013 [3mhistory_tokens_est[0m[2m=[0m34 [3mtotal_tokens_est[0m[2m=[0m1321 [3mmessage_count[0m[2m=[0m1
-> ollama:qwen2.5:3b+plan:ollama:gemma4:e4b+ablate:task-list :: error_recovery_wrong_filename (rep 3/5)
[2m2026-07-11T12:11:20.342635Z[0m [33m WARN[0m [1mturn[0m[1m{[0m[3msession[0m[2m=[0m54d62de1-6cca-4386-8de1-4db5010e7317[1m}[0m[2m:[0m [2mbraze_engine::engine[0m[2m:[0m planner call failed; proceeding without a plan [3merror[0m[2m=[0mmodel backend error: request to model backend failed: ollama request failed: error sending request for url (http://192.168.1.8:11434/api/chat)
[2m2026-07-11T12:11:20.344978Z[0m [32m INFO[0m [1mturn[0m[1m{[0m[3msession[0m[2m=[0m54d62de1-6cca-4386-8de1-4db5010e7317[1m}[0m[2m:[0m [2mbraze_engine::hooks[0m[2m:[0m prompt budget breakdown (PromptBudgetAuditHook) [3msystem_tokens_est[0m[2m=[0m273 [3mtools_tokens_est[0m[2m=[0m1013 [3mhistory_tokens_est[0m[2m=[0m34 [3mtotal_tokens_est[0m[2m=[0m1321 [3mmessage_count[0m[2m=[0m1
-> ollama:qwen2.5:3b+plan:ollama:gemma4:e4b+ablate:task-list :: error_recovery_wrong_filename (rep 4/5)
[2m2026-07-11T12:11:20.368675Z[0m [33m WARN[0m [1mturn[0m[1m{[0m[3msession[0m[2m=[0m4d13b0f3-6472-46d3-92f6-692fba9fe192[1m}[0m[2m:[0m [2mbraze_engine::engine[0m[2m:[0m planner call failed; proceeding without a plan [3merror[0m[2m=[0mmodel backend error: request to model backend failed: ollama request failed: error sending request for url (http://192.168.1.8:11434/api/chat)
[2m2026-07-11T12:11:20.370557Z[0m [32m INFO[0m [1mturn[0m[1m{[0m[3msession[0m[2m=[0m4d13b0f3-6472-46d3-92f6-692fba9fe192[1m}[0m[2m:[0m [2mbraze_engine::hooks[0m[2m:[0m prompt budget breakdown (PromptBudgetAuditHook) [3msystem_tokens_est[0m[2m=[0m273 [3mtools_tokens_est[0m[2m=[0m1013 [3mhistory_tokens_est[0m[2m=[0m34 [3mtotal_tokens_est[0m[2m=[0m1321 [3mmessage_count[0m[2m=[0m1
-> ollama:qwen2.5:3b+plan:ollama:gemma4:e4b+ablate:task-list :: error_recovery_wrong_filename (rep 5/5)
[2m2026-07-11T12:11:20.510107Z[0m [33m WARN[0m [1mturn[0m[1m{[0m[3msession[0m[2m=[0m6b2da5e1-c804-461a-8558-6d5123d96d98[1m}[0m[2m:[0m [2mbraze_engine::engine[0m[2m:[0m planner call failed; proceeding without a plan [3merror[0m[2m=[0mmodel backend error: request to model backend failed: ollama request failed: error sending request for url (http://192.168.1.8:11434/api/chat)
[2m2026-07-11T12:11:20.511926Z[0m [32m INFO[0m [1mturn[0m[1m{[0m[3msession[0m[2m=[0m6b2da5e1-c804-461a-8558-6d5123d96d98[1m}[0m[2m:[0m [2mbraze_engine::hooks[0m[2m:[0m prompt budget breakdown (PromptBudgetAuditHook) [3msystem_tokens_est[0m[2m=[0m273 [3mtools_tokens_est[0m[2m=[0m1013 [3mhistory_tokens_est[0m[2m=[0m34 [3mtotal_tokens_est[0m[2m=[0m1321 [3mmessage_count[0m[2m=[0m1
-> ollama:qwen2.5:3b+plan:ollama:gemma4:e4b+ablate:task-list :: distractor_selection_among_files (rep 1/5)
[2m2026-07-11T12:11:20.535097Z[0m [33m WARN[0m [1mturn[0m[1m{[0m[3msession[0m[2m=[0mcb13ce02-6679-4ea8-bcf5-800700582223[1m}[0m[2m:[0m [2mbraze_engine::engine[0m[2m:[0m planner call failed; proceeding without a plan [3merror[0m[2m=[0mmodel backend error: request to model backend failed: ollama request failed: error sending request for url (http://192.168.1.8:11434/api/chat)
[2m2026-07-11T12:11:20.536888Z[0m [32m INFO[0m [1mturn[0m[1m{[0m[3msession[0m[2m=[0mcb13ce02-6679-4ea8-bcf5-800700582223[1m}[0m[2m:[0m [2mbraze_engine::hooks[0m[2m:[0m prompt budget breakdown (PromptBudgetAuditHook) [3msystem_tokens_est[0m[2m=[0m274 [3mtools_tokens_est[0m[2m=[0m1013 [3mhistory_tokens_est[0m[2m=[0m34 [3mtotal_tokens_est[0m[2m=[0m1321 [3mmessage_count[0m[2m=[0m1
-> ollama:qwen2.5:3b+plan:ollama:gemma4:e4b+ablate:task-list :: distractor_selection_among_files (rep 2/5)
[2m2026-07-11T12:11:20.606064Z[0m [33m WARN[0m [1mturn[0m[1m{[0m[3msession[0m[2m=[0m413fc032-cdac-4a55-af79-3a925437c2c2[1m}[0m[2m:[0m [2mbraze_engine::engine[0m[2m:[0m planner call failed; proceeding without a plan [3merror[0m[2m=[0mmodel backend error: request to model backend failed: ollama request failed: error sending request for url (http://192.168.1.8:11434/api/chat)
[2m2026-07-11T12:11:20.607711Z[0m [32m INFO[0m [1mturn[0m[1m{[0m[3msession[0m[2m=[0m413fc032-cdac-4a55-af79-3a925437c2c2[1m}[0m[2m:[0m [2mbraze_engine::hooks[0m[2m:[0m prompt budget breakdown (PromptBudgetAuditHook) [3msystem_tokens_est[0m[2m=[0m274 [3mtools_tokens_est[0m[2m=[0m1013 [3mhistory_tokens_est[0m[2m=[0m34 [3mtotal_tokens_est[0m[2m=[0m1321 [3mmessage_count[0m[2m=[0m1
-> ollama:qwen2.5:3b+plan:ollama:gemma4:e4b+ablate:task-list :: distractor_selection_among_files (rep 3/5)
[2m2026-07-11T12:11:20.746078Z[0m [33m WARN[0m [1mturn[0m[1m{[0m[3msession[0m[2m=[0m97076af4-0b18-43a8-9fcc-51a9c430a835[1m}[0m[2m:[0m [2mbraze_engine::engine[0m[2m:[0m planner call failed; proceeding without a plan [3merror[0m[2m=[0mmodel backend error: request to model backend failed: ollama request failed: error sending request for url (http://192.168.1.8:11434/api/chat)
[2m2026-07-11T12:11:20.747679Z[0m [32m INFO[0m [1mturn[0m[1m{[0m[3msession[0m[2m=[0m97076af4-0b18-43a8-9fcc-51a9c430a835[1m}[0m[2m:[0m [2mbraze_engine::hooks[0m[2m:[0m prompt budget breakdown (PromptBudgetAuditHook) [3msystem_tokens_est[0m[2m=[0m274 [3mtools_tokens_est[0m[2m=[0m1013 [3mhistory_tokens_est[0m[2m=[0m34 [3mtotal_tokens_est[0m[2m=[0m1321 [3mmessage_count[0m[2m=[0m1
-> ollama:qwen2.5:3b+plan:ollama:gemma4:e4b+ablate:task-list :: distractor_selection_among_files (rep 4/5)
[2m2026-07-11T12:11:20.765639Z[0m [33m WARN[0m [1mturn[0m[1m{[0m[3msession[0m[2m=[0mcfbbfce3-09cd-4a96-ac6b-1e8ae282b531[1m}[0m[2m:[0m [2mbraze_engine::engine[0m[2m:[0m planner call failed; proceeding without a plan [3merror[0m[2m=[0mmodel backend error: request to model backend failed: ollama request failed: error sending request for url (http://192.168.1.8:11434/api/chat)
[2m2026-07-11T12:11:20.767700Z[0m [32m INFO[0m [1mturn[0m[1m{[0m[3msession[0m[2m=[0mcfbbfce3-09cd-4a96-ac6b-1e8ae282b531[1m}[0m[2m:[0m [2mbraze_engine::hooks[0m[2m:[0m prompt budget breakdown (PromptBudgetAuditHook) [3msystem_tokens_est[0m[2m=[0m274 [3mtools_tokens_est[0m[2m=[0m1013 [3mhistory_tokens_est[0m[2m=[0m34 [3mtotal_tokens_est[0m[2m=[0m1321 [3mmessage_count[0m[2m=[0m1
-> ollama:qwen2.5:3b+plan:ollama:gemma4:e4b+ablate:task-list :: distractor_selection_among_files (rep 5/5)
[2m2026-07-11T12:11:20.813303Z[0m [33m WARN[0m [1mturn[0m[1m{[0m[3msession[0m[2m=[0me9f76e7c-2485-46ab-8969-a1b857fbc376[1m}[0m[2m:[0m [2mbraze_engine::engine[0m[2m:[0m planner call failed; proceeding without a plan [3merror[0m[2m=[0mmodel backend error: request to model backend failed: ollama request failed: error sending request for url (http://192.168.1.8:11434/api/chat)
[2m2026-07-11T12:11:20.815838Z[0m [32m INFO[0m [1mturn[0m[1m{[0m[3msession[0m[2m=[0me9f76e7c-2485-46ab-8969-a1b857fbc376[1m}[0m[2m:[0m [2mbraze_engine::hooks[0m[2m:[0m prompt budget breakdown (PromptBudgetAuditHook) [3msystem_tokens_est[0m[2m=[0m274 [3mtools_tokens_est[0m[2m=[0m1013 [3mhistory_tokens_est[0m[2m=[0m34 [3mtotal_tokens_est[0m[2m=[0m1321 [3mmessage_count[0m[2m=[0m1
-> ollama:qwen2.5:3b+plan:ollama:gemma4:e4b+ablate:task-list :: edit_file_function_body (rep 1/5)
[2m2026-07-11T12:11:20.854175Z[0m [33m WARN[0m [1mturn[0m[1m{[0m[3msession[0m[2m=[0m1447b63b-c918-4bd3-a470-9ca8ec31dc71[1m}[0m[2m:[0m [2mbraze_engine::engine[0m[2m:[0m planner call failed; proceeding without a plan [3merror[0m[2m=[0mmodel backend error: request to model backend failed: ollama request failed: error sending request for url (http://192.168.1.8:11434/api/chat)
[2m2026-07-11T12:11:20.855274Z[0m [32m INFO[0m [1mturn[0m[1m{[0m[3msession[0m[2m=[0m1447b63b-c918-4bd3-a470-9ca8ec31dc71[1m}[0m[2m:[0m [2mbraze_engine::hooks[0m[2m:[0m prompt budget breakdown (PromptBudgetAuditHook) [3msystem_tokens_est[0m[2m=[0m272 [3mtools_tokens_est[0m[2m=[0m1013 [3mhistory_tokens_est[0m[2m=[0m28 [3mtotal_tokens_est[0m[2m=[0m1313 [3mmessage_count[0m[2m=[0m1
-> ollama:qwen2.5:3b+plan:ollama:gemma4:e4b+ablate:task-list :: edit_file_function_body (rep 2/5)
[2m2026-07-11T12:11:21.005366Z[0m [33m WARN[0m [1mturn[0m[1m{[0m[3msession[0m[2m=[0m5fc329f9-948d-40e0-b22a-deaf45fd9daa[1m}[0m[2m:[0m [2mbraze_engine::engine[0m[2m:[0m planner call failed; proceeding without a plan [3merror[0m[2m=[0mmodel backend error: request to model backend failed: ollama request failed: error sending request for url (http://192.168.1.8:11434/api/chat)
[2m2026-07-11T12:11:21.007127Z[0m [32m INFO[0m [1mturn[0m[1m{[0m[3msession[0m[2m=[0m5fc329f9-948d-40e0-b22a-deaf45fd9daa[1m}[0m[2m:[0m [2mbraze_engine::hooks[0m[2m:[0m prompt budget breakdown (PromptBudgetAuditHook) [3msystem_tokens_est[0m[2m=[0m272 [3mtools_tokens_est[0m[2m=[0m1013 [3mhistory_tokens_est[0m[2m=[0m28 [3mtotal_tokens_est[0m[2m=[0m1313 [3mmessage_count[0m[2m=[0m1
-> ollama:qwen2.5:3b+plan:ollama:gemma4:e4b+ablate:task-list :: edit_file_function_body (rep 3/5)
[2m2026-07-11T12:11:21.030025Z[0m [33m WARN[0m [1mturn[0m[1m{[0m[3msession[0m[2m=[0m6098a04f-16cf-4274-a743-2c12fd6fb1f5[1m}[0m[2m:[0m [2mbraze_engine::engine[0m[2m:[0m planner call failed; proceeding without a plan [3merror[0m[2m=[0mmodel backend error: request to model backend failed: ollama request failed: error sending request for url (http://192.168.1.8:11434/api/chat)
[2m2026-07-11T12:11:21.031464Z[0m [32m INFO[0m [1mturn[0m[1m{[0m[3msession[0m[2m=[0m6098a04f-16cf-4274-a743-2c12fd6fb1f5[1m}[0m[2m:[0m [2mbraze_engine::hooks[0m[2m:[0m prompt budget breakdown (PromptBudgetAuditHook) [3msystem_tokens_est[0m[2m=[0m272 [3mtools_tokens_est[0m[2m=[0m1013 [3mhistory_tokens_est[0m[2m=[0m28 [3mtotal_tokens_est[0m[2m=[0m1313 [3mmessage_count[0m[2m=[0m1
-> ollama:qwen2.5:3b+plan:ollama:gemma4:e4b+ablate:task-list :: edit_file_function_body (rep 4/5)
[2m2026-07-11T12:11:21.047914Z[0m [33m WARN[0m [1mturn[0m[1m{[0m[3msession[0m[2m=[0ma9055b15-2249-4a3f-9f8b-dc3ebf8774c2[1m}[0m[2m:[0m [2mbraze_engine::engine[0m[2m:[0m planner call failed; proceeding without a plan [3merror[0m[2m=[0mmodel backend error: request to model backend failed: ollama request failed: error sending request for url (http://192.168.1.8:11434/api/chat)
[2m2026-07-11T12:11:21.049627Z[0m [32m INFO[0m [1mturn[0m[1m{[0m[3msession[0m[2m=[0ma9055b15-2249-4a3f-9f8b-dc3ebf8774c2[1m}[0m[2m:[0m [2mbraze_engine::hooks[0m[2m:[0m prompt budget breakdown (PromptBudgetAuditHook) [3msystem_tokens_est[0m[2m=[0m272 [3mtools_tokens_est[0m[2m=[0m1013 [3mhistory_tokens_est[0m[2m=[0m28 [3mtotal_tokens_est[0m[2m=[0m1313 [3mmessage_count[0m[2m=[0m1
-> ollama:qwen2.5:3b+plan:ollama:gemma4:e4b+ablate:task-list :: edit_file_function_body (rep 5/5)
[2m2026-07-11T12:11:21.072402Z[0m [33m WARN[0m [1mturn[0m[1m{[0m[3msession[0m[2m=[0ma3e78911-fdc5-4f83-b87f-7cdea167eb2f[1m}[0m[2m:[0m [2mbraze_engine::engine[0m[2m:[0m planner call failed; proceeding without a plan [3merror[0m[2m=[0mmodel backend error: request to model backend failed: ollama request failed: error sending request for url (http://192.168.1.8:11434/api/chat)
[2m2026-07-11T12:11:21.073882Z[0m [32m INFO[0m [1mturn[0m[1m{[0m[3msession[0m[2m=[0ma3e78911-fdc5-4f83-b87f-7cdea167eb2f[1m}[0m[2m:[0m [2mbraze_engine::hooks[0m[2m:[0m prompt budget breakdown (PromptBudgetAuditHook) [3msystem_tokens_est[0m[2m=[0m272 [3mtools_tokens_est[0m[2m=[0m1013 [3mhistory_tokens_est[0m[2m=[0m28 [3mtotal_tokens_est[0m[2m=[0m1313 [3mmessage_count[0m[2m=[0m1
-> ollama:qwen2.5:3b+plan:ollama:gemma4:e4b+ablate:task-list :: no_tool_capital_question (rep 1/5)
[2m2026-07-11T12:11:21.229287Z[0m [33m WARN[0m [1mturn[0m[1m{[0m[3msession[0m[2m=[0m9895a4e3-b6d0-4683-8b15-206d36572076[1m}[0m[2m:[0m [2mbraze_engine::engine[0m[2m:[0m planner call failed; proceeding without a plan [3merror[0m[2m=[0mmodel backend error: request to model backend failed: ollama request failed: error sending request for url (http://192.168.1.8:11434/api/chat)
[2m2026-07-11T12:11:21.230976Z[0m [32m INFO[0m [1mturn[0m[1m{[0m[3msession[0m[2m=[0m9895a4e3-b6d0-4683-8b15-206d36572076[1m}[0m[2m:[0m [2mbraze_engine::hooks[0m[2m:[0m prompt budget breakdown (PromptBudgetAuditHook) [3msystem_tokens_est[0m[2m=[0m272 [3mtools_tokens_est[0m[2m=[0m1013 [3mhistory_tokens_est[0m[2m=[0m25 [3mtotal_tokens_est[0m[2m=[0m1311 [3mmessage_count[0m[2m=[0m1
-> ollama:qwen2.5:3b+plan:ollama:gemma4:e4b+ablate:task-list :: no_tool_capital_question (rep 2/5)
[2m2026-07-11T12:11:21.254738Z[0m [33m WARN[0m [1mturn[0m[1m{[0m[3msession[0m[2m=[0m0a43e12c-c0e8-4920-9980-eba50d623685[1m}[0m[2m:[0m [2mbraze_engine::engine[0m[2m:[0m planner call failed; proceeding without a plan [3merror[0m[2m=[0mmodel backend error: request to model backend failed: ollama request failed: error sending request for url (http://192.168.1.8:11434/api/chat)
[2m2026-07-11T12:11:21.255802Z[0m [32m INFO[0m [1mturn[0m[1m{[0m[3msession[0m[2m=[0m0a43e12c-c0e8-4920-9980-eba50d623685[1m}[0m[2m:[0m [2mbraze_engine::hooks[0m[2m:[0m prompt budget breakdown (PromptBudgetAuditHook) [3msystem_tokens_est[0m[2m=[0m272 [3mtools_tokens_est[0m[2m=[0m1013 [3mhistory_tokens_est[0m[2m=[0m25 [3mtotal_tokens_est[0m[2m=[0m1311 [3mmessage_count[0m[2m=[0m1
-> ollama:qwen2.5:3b+plan:ollama:gemma4:e4b+ablate:task-list :: no_tool_capital_question (rep 3/5)
[2m2026-07-11T12:11:21.315685Z[0m [33m WARN[0m [1mturn[0m[1m{[0m[3msession[0m[2m=[0m6114986d-9a6a-44f1-b5ca-0aebc1b501f2[1m}[0m[2m:[0m [2mbraze_engine::engine[0m[2m:[0m planner call failed; proceeding without a plan [3merror[0m[2m=[0mmodel backend error: request to model backend failed: ollama request failed: error sending request for url (http://192.168.1.8:11434/api/chat)
[2m2026-07-11T12:11:21.317286Z[0m [32m INFO[0m [1mturn[0m[1m{[0m[3msession[0m[2m=[0m6114986d-9a6a-44f1-b5ca-0aebc1b501f2[1m}[0m[2m:[0m [2mbraze_engine::hooks[0m[2m:[0m prompt budget breakdown (PromptBudgetAuditHook) [3msystem_tokens_est[0m[2m=[0m272 [3mtools_tokens_est[0m[2m=[0m1013 [3mhistory_tokens_est[0m[2m=[0m25 [3mtotal_tokens_est[0m[2m=[0m1311 [3mmessage_count[0m[2m=[0m1
-> ollama:qwen2.5:3b+plan:ollama:gemma4:e4b+ablate:task-list :: no_tool_capital_question (rep 4/5)
[2m2026-07-11T12:11:21.337834Z[0m [33m WARN[0m [1mturn[0m[1m{[0m[3msession[0m[2m=[0m8e9e2fe8-a8e4-48a3-8394-a3dd50903666[1m}[0m[2m:[0m [2mbraze_engine::engine[0m[2m:[0m planner call failed; proceeding without a plan [3merror[0m[2m=[0mmodel backend error: request to model backend failed: ollama request failed: error sending request for url (http://192.168.1.8:11434/api/chat)
[2m2026-07-11T12:11:21.339490Z[0m [32m INFO[0m [1mturn[0m[1m{[0m[3msession[0m[2m=[0m8e9e2fe8-a8e4-48a3-8394-a3dd50903666[1m}[0m[2m:[0m [2mbraze_engine::hooks[0m[2m:[0m prompt budget breakdown (PromptBudgetAuditHook) [3msystem_tokens_est[0m[2m=[0m272 [3mtools_tokens_est[0m[2m=[0m1013 [3mhistory_tokens_est[0m[2m=[0m25 [3mtotal_tokens_est[0m[2m=[0m1311 [3mmessage_count[0m[2m=[0m1
-> ollama:qwen2.5:3b+plan:ollama:gemma4:e4b+ablate:task-list :: no_tool_capital_question (rep 5/5)
[2m2026-07-11T12:11:21.528605Z[0m [33m WARN[0m [1mturn[0m[1m{[0m[3msession[0m[2m=[0mcc3bb730-3a81-4656-ad4b-2488747b7884[1m}[0m[2m:[0m [2mbraze_engine::engine[0m[2m:[0m planner call failed; proceeding without a plan [3merror[0m[2m=[0mmodel backend error: request to model backend failed: ollama request failed: error sending request for url (http://192.168.1.8:11434/api/chat)
[2m2026-07-11T12:11:21.530073Z[0m [32m INFO[0m [1mturn[0m[1m{[0m[3msession[0m[2m=[0mcc3bb730-3a81-4656-ad4b-2488747b7884[1m}[0m[2m:[0m [2mbraze_engine::hooks[0m[2m:[0m prompt budget breakdown (PromptBudgetAuditHook) [3msystem_tokens_est[0m[2m=[0m272 [3mtools_tokens_est[0m[2m=[0m1013 [3mhistory_tokens_est[0m[2m=[0m25 [3mtotal_tokens_est[0m[2m=[0m1311 [3mmessage_count[0m[2m=[0m1
-> ollama:qwen2.5:3b+plan:ollama:gemma4:e4b+ablate:task-list :: no_tool_subtraction (rep 1/5)
[2m2026-07-11T12:11:21.569982Z[0m [33m WARN[0m [1mturn[0m[1m{[0m[3msession[0m[2m=[0mf8e32b90-34e6-40fd-a24a-02ee425dc19a[1m}[0m[2m:[0m [2mbraze_engine::engine[0m[2m:[0m planner call failed; proceeding without a plan [3merror[0m[2m=[0mmodel backend error: request to model backend failed: ollama request failed: error sending request for url (http://192.168.1.8:11434/api/chat)
[2m2026-07-11T12:11:21.572220Z[0m [32m INFO[0m [1mturn[0m[1m{[0m[3msession[0m[2m=[0mf8e32b90-34e6-40fd-a24a-02ee425dc19a[1m}[0m[2m:[0m [2mbraze_engine::hooks[0m[2m:[0m prompt budget breakdown (PromptBudgetAuditHook) [3msystem_tokens_est[0m[2m=[0m271 [3mtools_tokens_est[0m[2m=[0m1013 [3mhistory_tokens_est[0m[2m=[0m21 [3mtotal_tokens_est[0m[2m=[0m1305 [3mmessage_count[0m[2m=[0m1
-> ollama:qwen2.5:3b+plan:ollama:gemma4:e4b+ablate:task-list :: no_tool_subtraction (rep 2/5)
[2m2026-07-11T12:11:21.723831Z[0m [33m WARN[0m [1mturn[0m[1m{[0m[3msession[0m[2m=[0ma130886d-e89f-436a-8352-ccbe5c4b46d1[1m}[0m[2m:[0m [2mbraze_engine::engine[0m[2m:[0m planner call failed; proceeding without a plan [3merror[0m[2m=[0mmodel backend error: request to model backend failed: ollama request failed: error sending request for url (http://192.168.1.8:11434/api/chat)
[2m2026-07-11T12:11:21.726527Z[0m [32m INFO[0m [1mturn[0m[1m{[0m[3msession[0m[2m=[0ma130886d-e89f-436a-8352-ccbe5c4b46d1[1m}[0m[2m:[0m [2mbraze_engine::hooks[0m[2m:[0m prompt budget breakdown (PromptBudgetAuditHook) [3msystem_tokens_est[0m[2m=[0m271 [3mtools_tokens_est[0m[2m=[0m1013 [3mhistory_tokens_est[0m[2m=[0m21 [3mtotal_tokens_est[0m[2m=[0m1305 [3mmessage_count[0m[2m=[0m1
-> ollama:qwen2.5:3b+plan:ollama:gemma4:e4b+ablate:task-list :: no_tool_subtraction (rep 3/5)
[2m2026-07-11T12:11:21.757287Z[0m [33m WARN[0m [1mturn[0m[1m{[0m[3msession[0m[2m=[0me335b4ff-f4a5-4ca9-8020-e46de5a61883[1m}[0m[2m:[0m [2mbraze_engine::engine[0m[2m:[0m planner call failed; proceeding without a plan [3merror[0m[2m=[0mmodel backend error: request to model backend failed: ollama request failed: error sending request for url (http://192.168.1.8:11434/api/chat)
[2m2026-07-11T12:11:21.758804Z[0m [32m INFO[0m [1mturn[0m[1m{[0m[3msession[0m[2m=[0me335b4ff-f4a5-4ca9-8020-e46de5a61883[1m}[0m[2m:[0m [2mbraze_engine::hooks[0m[2m:[0m prompt budget breakdown (PromptBudgetAuditHook) [3msystem_tokens_est[0m[2m=[0m271 [3mtools_tokens_est[0m[2m=[0m1013 [3mhistory_tokens_est[0m[2m=[0m21 [3mtotal_tokens_est[0m[2m=[0m1305 [3mmessage_count[0m[2m=[0m1
-> ollama:qwen2.5:3b+plan:ollama:gemma4:e4b+ablate:task-list :: no_tool_subtraction (rep 4/5)
[2m2026-07-11T12:11:21.776875Z[0m [33m WARN[0m [1mturn[0m[1m{[0m[3msession[0m[2m=[0mb12b0e7f-8dd6-4ffb-8381-cf37032caccd[1m}[0m[2m:[0m [2mbraze_engine::engine[0m[2m:[0m planner call failed; proceeding without a plan [3merror[0m[2m=[0mmodel backend error: request to model backend failed: ollama request failed: error sending request for url (http://192.168.1.8:11434/api/chat)
[2m2026-07-11T12:11:21.778335Z[0m [32m INFO[0m [1mturn[0m[1m{[0m[3msession[0m[2m=[0mb12b0e7f-8dd6-4ffb-8381-cf37032caccd[1m}[0m[2m:[0m [2mbraze_engine::hooks[0m[2m:[0m prompt budget breakdown (PromptBudgetAuditHook) [3msystem_tokens_est[0m[2m=[0m271 [3mtools_tokens_est[0m[2m=[0m1013 [3mhistory_tokens_est[0m[2m=[0m21 [3mtotal_tokens_est[0m[2m=[0m1305 [3mmessage_count[0m[2m=[0m1
-> ollama:qwen2.5:3b+plan:ollama:gemma4:e4b+ablate:task-list :: no_tool_subtraction (rep 5/5)
[2m2026-07-11T12:11:21.804760Z[0m [33m WARN[0m [1mturn[0m[1m{[0m[3msession[0m[2m=[0m25ec16d9-b7a7-4edd-b32a-a2ab45536418[1m}[0m[2m:[0m [2mbraze_engine::engine[0m[2m:[0m planner call failed; proceeding without a plan [3merror[0m[2m=[0mmodel backend error: request to model backend failed: ollama request failed: error sending request for url (http://192.168.1.8:11434/api/chat)
[2m2026-07-11T12:11:21.806093Z[0m [32m INFO[0m [1mturn[0m[1m{[0m[3msession[0m[2m=[0m25ec16d9-b7a7-4edd-b32a-a2ab45536418[1m}[0m[2m:[0m [2mbraze_engine::hooks[0m[2m:[0m prompt budget breakdown (PromptBudgetAuditHook) [3msystem_tokens_est[0m[2m=[0m271 [3mtools_tokens_est[0m[2m=[0m1013 [3mhistory_tokens_est[0m[2m=[0m21 [3mtotal_tokens_est[0m[2m=[0m1305 [3mmessage_count[0m[2m=[0m1
-> ollama:qwen2.5:3b+plan:ollama:gemma4:e4b+ablate:task-list :: multi_step_sum_two_files (rep 1/5)
[2m2026-07-11T12:11:21.952604Z[0m [33m WARN[0m [1mturn[0m[1m{[0m[3msession[0m[2m=[0mc49cf04a-a4d7-4e9c-98f4-0170a822bc25[1m}[0m[2m:[0m [2mbraze_engine::engine[0m[2m:[0m planner call failed; proceeding without a plan [3merror[0m[2m=[0mmodel backend error: request to model backend failed: ollama request failed: error sending request for url (http://192.168.1.8:11434/api/chat)
[2m2026-07-11T12:11:21.954678Z[0m [32m INFO[0m [1mturn[0m[1m{[0m[3msession[0m[2m=[0mc49cf04a-a4d7-4e9c-98f4-0170a822bc25[1m}[0m[2m:[0m [2mbraze_engine::hooks[0m[2m:[0m prompt budget breakdown (PromptBudgetAuditHook) [3msystem_tokens_est[0m[2m=[0m272 [3mtools_tokens_est[0m[2m=[0m1013 [3mhistory_tokens_est[0m[2m=[0m49 [3mtotal_tokens_est[0m[2m=[0m1335 [3mmessage_count[0m[2m=[0m1
-> ollama:qwen2.5:3b+plan:ollama:gemma4:e4b+ablate:task-list :: multi_step_sum_two_files (rep 2/5)
[2m2026-07-11T12:11:21.983033Z[0m [33m WARN[0m [1mturn[0m[1m{[0m[3msession[0m[2m=[0m857110a6-7e3b-4f7a-9704-7266b668fe30[1m}[0m[2m:[0m [2mbraze_engine::engine[0m[2m:[0m planner call failed; proceeding without a plan [3merror[0m[2m=[0mmodel backend error: request to model backend failed: ollama request failed: error sending request for url (http://192.168.1.8:11434/api/chat)
[2m2026-07-11T12:11:21.984648Z[0m [32m INFO[0m [1mturn[0m[1m{[0m[3msession[0m[2m=[0m857110a6-7e3b-4f7a-9704-7266b668fe30[1m}[0m[2m:[0m [2mbraze_engine::hooks[0m[2m:[0m prompt budget breakdown (PromptBudgetAuditHook) [3msystem_tokens_est[0m[2m=[0m272 [3mtools_tokens_est[0m[2m=[0m1013 [3mhistory_tokens_est[0m[2m=[0m49 [3mtotal_tokens_est[0m[2m=[0m1335 [3mmessage_count[0m[2m=[0m1
-> ollama:qwen2.5:3b+plan:ollama:gemma4:e4b+ablate:task-list :: multi_step_sum_two_files (rep 3/5)
[2m2026-07-11T12:11:22.046551Z[0m [33m WARN[0m [1mturn[0m[1m{[0m[3msession[0m[2m=[0md242056e-bc7b-4ff6-8456-62ae16a36157[1m}[0m[2m:[0m [2mbraze_engine::engine[0m[2m:[0m planner call failed; proceeding without a plan [3merror[0m[2m=[0mmodel backend error: request to model backend failed: ollama request failed: error sending request for url (http://192.168.1.8:11434/api/chat)
[2m2026-07-11T12:11:22.048301Z[0m [32m INFO[0m [1mturn[0m[1m{[0m[3msession[0m[2m=[0md242056e-bc7b-4ff6-8456-62ae16a36157[1m}[0m[2m:[0m [2mbraze_engine::hooks[0m[2m:[0m prompt budget breakdown (PromptBudgetAuditHook) [3msystem_tokens_est[0m[2m=[0m272 [3mtools_tokens_est[0m[2m=[0m1013 [3mhistory_tokens_est[0m[2m=[0m49 [3mtotal_tokens_est[0m[2m=[0m1335 [3mmessage_count[0m[2m=[0m1
-> ollama:qwen2.5:3b+plan:ollama:gemma4:e4b+ablate:task-list :: multi_step_sum_two_files (rep 4/5)
[2m2026-07-11T12:11:22.193106Z[0m [33m WARN[0m [1mturn[0m[1m{[0m[3msession[0m[2m=[0m21ab884f-73b8-47f9-8cc2-ba2cdabb72c8[1m}[0m[2m:[0m [2mbraze_engine::engine[0m[2m:[0m planner call failed; proceeding without a plan [3merror[0m[2m=[0mmodel backend error: request to model backend failed: ollama request failed: error sending request for url (http://192.168.1.8:11434/api/chat)
[2m2026-07-11T12:11:22.194954Z[0m [32m INFO[0m [1mturn[0m[1m{[0m[3msession[0m[2m=[0m21ab884f-73b8-47f9-8cc2-ba2cdabb72c8[1m}[0m[2m:[0m [2mbraze_engine::hooks[0m[2m:[0m prompt budget breakdown (PromptBudgetAuditHook) [3msystem_tokens_est[0m[2m=[0m272 [3mtools_tokens_est[0m[2m=[0m1013 [3mhistory_tokens_est[0m[2m=[0m49 [3mtotal_tokens_est[0m[2m=[0m1335 [3mmessage_count[0m[2m=[0m1
-> ollama:qwen2.5:3b+plan:ollama:gemma4:e4b+ablate:task-list :: multi_step_sum_two_files (rep 5/5)
[2m2026-07-11T12:11:22.259408Z[0m [33m WARN[0m [1mturn[0m[1m{[0m[3msession[0m[2m=[0m7e79a7a0-a503-44b7-8799-22aab62df66d[1m}[0m[2m:[0m [2mbraze_engine::engine[0m[2m:[0m planner call failed; proceeding without a plan [3merror[0m[2m=[0mmodel backend error: request to model backend failed: ollama request failed: error sending request for url (http://192.168.1.8:11434/api/chat)
[2m2026-07-11T12:11:22.263026Z[0m [32m INFO[0m [1mturn[0m[1m{[0m[3msession[0m[2m=[0m7e79a7a0-a503-44b7-8799-22aab62df66d[1m}[0m[2m:[0m [2mbraze_engine::hooks[0m[2m:[0m prompt budget breakdown (PromptBudgetAuditHook) [3msystem_tokens_est[0m[2m=[0m272 [3mtools_tokens_est[0m[2m=[0m1013 [3mhistory_tokens_est[0m[2m=[0m49 [3mtotal_tokens_est[0m[2m=[0m1335 [3mmessage_count[0m[2m=[0m1
-> ollama:qwen2.5:3b+plan:ollama:gemma4:e4b+ablate:task-list :: multi_step_multiply_and_write (rep 1/5)
[2m2026-07-11T12:11:22.287796Z[0m [33m WARN[0m [1mturn[0m[1m{[0m[3msession[0m[2m=[0mc6b4ae7f-7ec3-4c75-a542-735fd258bf3f[1m}[0m[2m:[0m [2mbraze_engine::engine[0m[2m:[0m planner call failed; proceeding without a plan [3merror[0m[2m=[0mmodel backend error: request to model backend failed: ollama request failed: error sending request for url (http://192.168.1.8:11434/api/chat)
[2m2026-07-11T12:11:22.290174Z[0m [32m INFO[0m [1mturn[0m[1m{[0m[3msession[0m[2m=[0mc6b4ae7f-7ec3-4c75-a542-735fd258bf3f[1m}[0m[2m:[0m [2mbraze_engine::hooks[0m[2m:[0m prompt budget breakdown (PromptBudgetAuditHook) [3msystem_tokens_est[0m[2m=[0m273 [3mtools_tokens_est[0m[2m=[0m1013 [3mhistory_tokens_est[0m[2m=[0m53 [3mtotal_tokens_est[0m[2m=[0m1339 [3mmessage_count[0m[2m=[0m1
-> ollama:qwen2.5:3b+plan:ollama:gemma4:e4b+ablate:task-list :: multi_step_multiply_and_write (rep 2/5)
[2m2026-07-11T12:11:22.433988Z[0m [33m WARN[0m [1mturn[0m[1m{[0m[3msession[0m[2m=[0md2d0d3e0-6d17-42bd-aaf8-9d9bb882f7ea[1m}[0m[2m:[0m [2mbraze_engine::engine[0m[2m:[0m planner call failed; proceeding without a plan [3merror[0m[2m=[0mmodel backend error: request to model backend failed: ollama request failed: error sending request for url (http://192.168.1.8:11434/api/chat)
[2m2026-07-11T12:11:22.436025Z[0m [32m INFO[0m [1mturn[0m[1m{[0m[3msession[0m[2m=[0md2d0d3e0-6d17-42bd-aaf8-9d9bb882f7ea[1m}[0m[2m:[0m [2mbraze_engine::hooks[0m[2m:[0m prompt budget breakdown (PromptBudgetAuditHook) [3msystem_tokens_est[0m[2m=[0m273 [3mtools_tokens_est[0m[2m=[0m1013 [3mhistory_tokens_est[0m[2m=[0m53 [3mtotal_tokens_est[0m[2m=[0m1339 [3mmessage_count[0m[2m=[0m1
-> ollama:qwen2.5:3b+plan:ollama:gemma4:e4b+ablate:task-list :: multi_step_multiply_and_write (rep 3/5)
[2m2026-07-11T12:11:22.460536Z[0m [33m WARN[0m [1mturn[0m[1m{[0m[3msession[0m[2m=[0m363483cd-bc4b-4469-9ef5-c41b2407e264[1m}[0m[2m:[0m [2mbraze_engine::engine[0m[2m:[0m planner call failed; proceeding without a plan [3merror[0m[2m=[0mmodel backend error: request to model backend failed: ollama request failed: error sending request for url (http://192.168.1.8:11434/api/chat)
[2m2026-07-11T12:11:22.463361Z[0m [32m INFO[0m [1mturn[0m[1m{[0m[3msession[0m[2m=[0m363483cd-bc4b-4469-9ef5-c41b2407e264[1m}[0m[2m:[0m [2mbraze_engine::hooks[0m[2m:[0m prompt budget breakdown (PromptBudgetAuditHook) [3msystem_tokens_est[0m[2m=[0m273 [3mtools_tokens_est[0m[2m=[0m1013 [3mhistory_tokens_est[0m[2m=[0m53 [3mtotal_tokens_est[0m[2m=[0m1339 [3mmessage_count[0m[2m=[0m1
-> ollama:qwen2.5:3b+plan:ollama:gemma4:e4b+ablate:task-list :: multi_step_multiply_and_write (rep 4/5)
[2m2026-07-11T12:11:22.487841Z[0m [33m WARN[0m [1mturn[0m[1m{[0m[3msession[0m[2m=[0m4a521aa4-1e2d-4e7f-b7cb-4c5a281c94d2[1m}[0m[2m:[0m [2mbraze_engine::engine[0m[2m:[0m planner call failed; proceeding without a plan [3merror[0m[2m=[0mmodel backend error: request to model backend failed: ollama request failed: error sending request for url (http://192.168.1.8:11434/api/chat)
[2m2026-07-11T12:11:22.489513Z[0m [32m INFO[0m [1mturn[0m[1m{[0m[3msession[0m[2m=[0m4a521aa4-1e2d-4e7f-b7cb-4c5a281c94d2[1m}[0m[2m:[0m [2mbraze_engine::hooks[0m[2m:[0m prompt budget breakdown (PromptBudgetAuditHook) [3msystem_tokens_est[0m[2m=[0m273 [3mtools_tokens_est[0m[2m=[0m1013 [3mhistory_tokens_est[0m[2m=[0m53 [3mtotal_tokens_est[0m[2m=[0m1339 [3mmessage_count[0m[2m=[0m1
-> ollama:qwen2.5:3b+plan:ollama:gemma4:e4b+ablate:task-list :: multi_step_multiply_and_write (rep 5/5)
[2m2026-07-11T12:11:22.506293Z[0m [33m WARN[0m [1mturn[0m[1m{[0m[3msession[0m[2m=[0m5a763a1c-f40f-4035-a6d2-18d3ca607041[1m}[0m[2m:[0m [2mbraze_engine::engine[0m[2m:[0m planner call failed; proceeding without a plan [3merror[0m[2m=[0mmodel backend error: request to model backend failed: ollama request failed: error sending request for url (http://192.168.1.8:11434/api/chat)
[2m2026-07-11T12:11:22.508015Z[0m [32m INFO[0m [1mturn[0m[1m{[0m[3msession[0m[2m=[0m5a763a1c-f40f-4035-a6d2-18d3ca607041[1m}[0m[2m:[0m [2mbraze_engine::hooks[0m[2m:[0m prompt budget breakdown (PromptBudgetAuditHook) [3msystem_tokens_est[0m[2m=[0m273 [3mtools_tokens_est[0m[2m=[0m1013 [3mhistory_tokens_est[0m[2m=[0m53 [3mtotal_tokens_est[0m[2m=[0m1339 [3mmessage_count[0m[2m=[0m1
-> ollama:qwen2.5:3b+plan:ollama:gemma4:e4b+ablate:task-list :: error_recovery_wrong_config_extension (rep 1/5)
[2m2026-07-11T12:11:22.527240Z[0m [33m WARN[0m [1mturn[0m[1m{[0m[3msession[0m[2m=[0mda36233f-2238-4b1a-bcaf-d5444dd12e51[1m}[0m[2m:[0m [2mbraze_engine::engine[0m[2m:[0m planner call failed; proceeding without a plan [3merror[0m[2m=[0mmodel backend error: request to model backend failed: ollama request failed: error sending request for url (http://192.168.1.8:11434/api/chat)
[2m2026-07-11T12:11:22.529064Z[0m [32m INFO[0m [1mturn[0m[1m{[0m[3msession[0m[2m=[0mda36233f-2238-4b1a-bcaf-d5444dd12e51[1m}[0m[2m:[0m [2mbraze_engine::hooks[0m[2m:[0m prompt budget breakdown (PromptBudgetAuditHook) [3msystem_tokens_est[0m[2m=[0m275 [3mtools_tokens_est[0m[2m=[0m1013 [3mhistory_tokens_est[0m[2m=[0m39 [3mtotal_tokens_est[0m[2m=[0m1328 [3mmessage_count[0m[2m=[0m1
-> ollama:qwen2.5:3b+plan:ollama:gemma4:e4b+ablate:task-list :: error_recovery_wrong_config_extension (rep 2/5)
[2m2026-07-11T12:11:22.742257Z[0m [33m WARN[0m [1mturn[0m[1m{[0m[3msession[0m[2m=[0m046bf635-4696-4666-8399-021a5521d549[1m}[0m[2m:[0m [2mbraze_engine::engine[0m[2m:[0m planner call failed; proceeding without a plan [3merror[0m[2m=[0mmodel backend error: request to model backend failed: ollama request failed: error sending request for url (http://192.168.1.8:11434/api/chat)
[2m2026-07-11T12:11:22.744346Z[0m [32m INFO[0m [1mturn[0m[1m{[0m[3msession[0m[2m=[0m046bf635-4696-4666-8399-021a5521d549[1m}[0m[2m:[0m [2mbraze_engine::hooks[0m[2m:[0m prompt budget breakdown (PromptBudgetAuditHook) [3msystem_tokens_est[0m[2m=[0m275 [3mtools_tokens_est[0m[2m=[0m1013 [3mhistory_tokens_est[0m[2m=[0m39 [3mtotal_tokens_est[0m[2m=[0m1328 [3mmessage_count[0m[2m=[0m1
-> ollama:qwen2.5:3b+plan:ollama:gemma4:e4b+ablate:task-list :: error_recovery_wrong_config_extension (rep 3/5)
[2m2026-07-11T12:11:22.768882Z[0m [33m WARN[0m [1mturn[0m[1m{[0m[3msession[0m[2m=[0m532f1cd0-fed7-4ab9-b4b7-ca8ffd7d613c[1m}[0m[2m:[0m [2mbraze_engine::engine[0m[2m:[0m planner call failed; proceeding without a plan [3merror[0m[2m=[0mmodel backend error: request to model backend failed: ollama request failed: error sending request for url (http://192.168.1.8:11434/api/chat)
[2m2026-07-11T12:11:22.771118Z[0m [32m INFO[0m [1mturn[0m[1m{[0m[3msession[0m[2m=[0m532f1cd0-fed7-4ab9-b4b7-ca8ffd7d613c[1m}[0m[2m:[0m [2mbraze_engine::hooks[0m[2m:[0m prompt budget breakdown (PromptBudgetAuditHook) [3msystem_tokens_est[0m[2m=[0m275 [3mtools_tokens_est[0m[2m=[0m1013 [3mhistory_tokens_est[0m[2m=[0m39 [3mtotal_tokens_est[0m[2m=[0m1328 [3mmessage_count[0m[2m=[0m1
-> ollama:qwen2.5:3b+plan:ollama:gemma4:e4b+ablate:task-list :: error_recovery_wrong_config_extension (rep 4/5)
[2m2026-07-11T12:11:22.825688Z[0m [33m WARN[0m [1mturn[0m[1m{[0m[3msession[0m[2m=[0mdfea9bf1-9737-47ec-a98e-1df55900e60c[1m}[0m[2m:[0m [2mbraze_engine::engine[0m[2m:[0m planner call failed; proceeding without a plan [3merror[0m[2m=[0mmodel backend error: request to model backend failed: ollama request failed: error sending request for url (http://192.168.1.8:11434/api/chat)
[2m2026-07-11T12:11:22.827888Z[0m [32m INFO[0m [1mturn[0m[1m{[0m[3msession[0m[2m=[0mdfea9bf1-9737-47ec-a98e-1df55900e60c[1m}[0m[2m:[0m [2mbraze_engine::hooks[0m[2m:[0m prompt budget breakdown (PromptBudgetAuditHook) [3msystem_tokens_est[0m[2m=[0m275 [3mtools_tokens_est[0m[2m=[0m1013 [3mhistory_tokens_est[0m[2m=[0m39 [3mtotal_tokens_est[0m[2m=[0m1328 [3mmessage_count[0m[2m=[0m1
-> ollama:qwen2.5:3b+plan:ollama:gemma4:e4b+ablate:task-list :: error_recovery_wrong_config_extension (rep 5/5)
[2m2026-07-11T12:11:22.879852Z[0m [33m WARN[0m [1mturn[0m[1m{[0m[3msession[0m[2m=[0mc23ed077-6c3e-4fc0-836f-81f79672d35b[1m}[0m[2m:[0m [2mbraze_engine::engine[0m[2m:[0m planner call failed; proceeding without a plan [3merror[0m[2m=[0mmodel backend error: request to model backend failed: ollama request failed: error sending request for url (http://192.168.1.8:11434/api/chat)
[2m2026-07-11T12:11:22.881658Z[0m [32m INFO[0m [1mturn[0m[1m{[0m[3msession[0m[2m=[0mc23ed077-6c3e-4fc0-836f-81f79672d35b[1m}[0m[2m:[0m [2mbraze_engine::hooks[0m[2m:[0m prompt budget breakdown (PromptBudgetAuditHook) [3msystem_tokens_est[0m[2m=[0m275 [3mtools_tokens_est[0m[2m=[0m1013 [3mhistory_tokens_est[0m[2m=[0m39 [3mtotal_tokens_est[0m[2m=[0m1328 [3mmessage_count[0m[2m=[0m1
-> ollama:qwen2.5:3b+plan:ollama:gemma4:e4b+ablate:task-list :: error_recovery_edit_wrong_filename (rep 1/5)
[2m2026-07-11T12:11:22.912631Z[0m [33m WARN[0m [1mturn[0m[1m{[0m[3msession[0m[2m=[0m252b6554-2a4c-4279-a56e-c3a643de3a43[1m}[0m[2m:[0m [2mbraze_engine::engine[0m[2m:[0m planner call failed; proceeding without a plan [3merror[0m[2m=[0mmodel backend error: request to model backend failed: ollama request failed: error sending request for url (http://192.168.1.8:11434/api/chat)
[2m2026-07-11T12:11:22.913769Z[0m [32m INFO[0m [1mturn[0m[1m{[0m[3msession[0m[2m=[0m252b6554-2a4c-4279-a56e-c3a643de3a43[1m}[0m[2m:[0m [2mbraze_engine::hooks[0m[2m:[0m prompt budget breakdown (PromptBudgetAuditHook) [3msystem_tokens_est[0m[2m=[0m274 [3mtools_tokens_est[0m[2m=[0m1013 [3mhistory_tokens_est[0m[2m=[0m40 [3mtotal_tokens_est[0m[2m=[0m1328 [3mmessage_count[0m[2m=[0m1
-> ollama:qwen2.5:3b+plan:ollama:gemma4:e4b+ablate:task-list :: error_recovery_edit_wrong_filename (rep 2/5)
[2m2026-07-11T12:11:22.931757Z[0m [33m WARN[0m [1mturn[0m[1m{[0m[3msession[0m[2m=[0mc8b16843-5bc2-423d-8570-be20ae7e9e6d[1m}[0m[2m:[0m [2mbraze_engine::engine[0m[2m:[0m planner call failed; proceeding without a plan [3merror[0m[2m=[0mmodel backend error: request to model backend failed: ollama request failed: error sending request for url (http://192.168.1.8:11434/api/chat)
[2m2026-07-11T12:11:22.933984Z[0m [32m INFO[0m [1mturn[0m[1m{[0m[3msession[0m[2m=[0mc8b16843-5bc2-423d-8570-be20ae7e9e6d[1m}[0m[2m:[0m [2mbraze_engine::hooks[0m[2m:[0m prompt budget breakdown (PromptBudgetAuditHook) [3msystem_tokens_est[0m[2m=[0m274 [3mtools_tokens_est[0m[2m=[0m1013 [3mhistory_tokens_est[0m[2m=[0m40 [3mtotal_tokens_est[0m[2m=[0m1328 [3mmessage_count[0m[2m=[0m1
-> ollama:qwen2.5:3b+plan:ollama:gemma4:e4b+ablate:task-list :: error_recovery_edit_wrong_filename (rep 3/5)
[2m2026-07-11T12:11:22.958879Z[0m [33m WARN[0m [1mturn[0m[1m{[0m[3msession[0m[2m=[0macfde955-5cff-4a26-b364-ece49f8e91cf[1m}[0m[2m:[0m [2mbraze_engine::engine[0m[2m:[0m planner call failed; proceeding without a plan [3merror[0m[2m=[0mmodel backend error: request to model backend failed: ollama request failed: error sending request for url (http://192.168.1.8:11434/api/chat)
[2m2026-07-11T12:11:22.961685Z[0m [32m INFO[0m [1mturn[0m[1m{[0m[3msession[0m[2m=[0macfde955-5cff-4a26-b364-ece49f8e91cf[1m}[0m[2m:[0m [2mbraze_engine::hooks[0m[2m:[0m prompt budget breakdown (PromptBudgetAuditHook) [3msystem_tokens_est[0m[2m=[0m274 [3mtools_tokens_est[0m[2m=[0m1013 [3mhistory_tokens_est[0m[2m=[0m40 [3mtotal_tokens_est[0m[2m=[0m1328 [3mmessage_count[0m[2m=[0m1
-> ollama:qwen2.5:3b+plan:ollama:gemma4:e4b+ablate:task-list :: error_recovery_edit_wrong_filename (rep 4/5)
[2m2026-07-11T12:11:23.034852Z[0m [33m WARN[0m [1mturn[0m[1m{[0m[3msession[0m[2m=[0m522f42f2-cd41-4f20-934b-1fb5f3323331[1m}[0m[2m:[0m [2mbraze_engine::engine[0m[2m:[0m planner call failed; proceeding without a plan [3merror[0m[2m=[0mmodel backend error: request to model backend failed: ollama request failed: error sending request for url (http://192.168.1.8:11434/api/chat)
[2m2026-07-11T12:11:23.037130Z[0m [32m INFO[0m [1mturn[0m[1m{[0m[3msession[0m[2m=[0m522f42f2-cd41-4f20-934b-1fb5f3323331[1m}[0m[2m:[0m [2mbraze_engine::hooks[0m[2m:[0m prompt budget breakdown (PromptBudgetAuditHook) [3msystem_tokens_est[0m[2m=[0m274 [3mtools_tokens_est[0m[2m=[0m1013 [3mhistory_tokens_est[0m[2m=[0m40 [3mtotal_tokens_est[0m[2m=[0m1328 [3mmessage_count[0m[2m=[0m1
-> ollama:qwen2.5:3b+plan:ollama:gemma4:e4b+ablate:task-list :: error_recovery_edit_wrong_filename (rep 5/5)
[2m2026-07-11T12:11:23.066294Z[0m [33m WARN[0m [1mturn[0m[1m{[0m[3msession[0m[2m=[0m876aaafc-86f0-45e8-8b70-adecafd687f2[1m}[0m[2m:[0m [2mbraze_engine::engine[0m[2m:[0m planner call failed; proceeding without a plan [3merror[0m[2m=[0mmodel backend error: request to model backend failed: ollama request failed: error sending request for url (http://192.168.1.8:11434/api/chat)
[2m2026-07-11T12:11:23.068375Z[0m [32m INFO[0m [1mturn[0m[1m{[0m[3msession[0m[2m=[0m876aaafc-86f0-45e8-8b70-adecafd687f2[1m}[0m[2m:[0m [2mbraze_engine::hooks[0m[2m:[0m prompt budget breakdown (PromptBudgetAuditHook) [3msystem_tokens_est[0m[2m=[0m274 [3mtools_tokens_est[0m[2m=[0m1013 [3mhistory_tokens_est[0m[2m=[0m40 [3mtotal_tokens_est[0m[2m=[0m1328 [3mmessage_count[0m[2m=[0m1
-> ollama:qwen2.5:3b+plan:ollama:gemma4:e4b+ablate:task-list :: distractor_selection_log_with_error (rep 1/5)
[2m2026-07-11T12:11:23.094878Z[0m [33m WARN[0m [1mturn[0m[1m{[0m[3msession[0m[2m=[0m8bcaa9dd-d96e-490c-a600-f09395470bb1[1m}[0m[2m:[0m [2mbraze_engine::engine[0m[2m:[0m planner call failed; proceeding without a plan [3merror[0m[2m=[0mmodel backend error: request to model backend failed: ollama request failed: error sending request for url (http://192.168.1.8:11434/api/chat)
[2m2026-07-11T12:11:23.096617Z[0m [32m INFO[0m [1mturn[0m[1m{[0m[3msession[0m[2m=[0m8bcaa9dd-d96e-490c-a600-f09395470bb1[1m}[0m[2m:[0m [2mbraze_engine::hooks[0m[2m:[0m prompt budget breakdown (PromptBudgetAuditHook) [3msystem_tokens_est[0m[2m=[0m275 [3mtools_tokens_est[0m[2m=[0m1013 [3mhistory_tokens_est[0m[2m=[0m32 [3mtotal_tokens_est[0m[2m=[0m1321 [3mmessage_count[0m[2m=[0m1
-> ollama:qwen2.5:3b+plan:ollama:gemma4:e4b+ablate:task-list :: distractor_selection_log_with_error (rep 2/5)
[2m2026-07-11T12:11:23.189800Z[0m [33m WARN[0m [1mturn[0m[1m{[0m[3msession[0m[2m=[0me76b715d-d302-4061-a665-12d71cbf3175[1m}[0m[2m:[0m [2mbraze_engine::engine[0m[2m:[0m planner call failed; proceeding without a plan [3merror[0m[2m=[0mmodel backend error: request to model backend failed: ollama request failed: error sending request for url (http://192.168.1.8:11434/api/chat)
[2m2026-07-11T12:11:23.192821Z[0m [32m INFO[0m [1mturn[0m[1m{[0m[3msession[0m[2m=[0me76b715d-d302-4061-a665-12d71cbf3175[1m}[0m[2m:[0m [2mbraze_engine::hooks[0m[2m:[0m prompt budget breakdown (PromptBudgetAuditHook) [3msystem_tokens_est[0m[2m=[0m275 [3mtools_tokens_est[0m[2m=[0m1013 [3mhistory_tokens_est[0m[2m=[0m32 [3mtotal_tokens_est[0m[2m=[0m1321 [3mmessage_count[0m[2m=[0m1
-> ollama:qwen2.5:3b+plan:ollama:gemma4:e4b+ablate:task-list :: distractor_selection_log_with_error (rep 3/5)
[2m2026-07-11T12:11:23.246858Z[0m [33m WARN[0m [1mturn[0m[1m{[0m[3msession[0m[2m=[0m57b87a8d-a427-4d65-a571-a9dd5a7ef385[1m}[0m[2m:[0m [2mbraze_engine::engine[0m[2m:[0m planner call failed; proceeding without a plan [3merror[0m[2m=[0mmodel backend error: request to model backend failed: ollama request failed: error sending request for url (http://192.168.1.8:11434/api/chat)
[2m2026-07-11T12:11:23.249781Z[0m [32m INFO[0m [1mturn[0m[1m{[0m[3msession[0m[2m=[0m57b87a8d-a427-4d65-a571-a9dd5a7ef385[1m}[0m[2m:[0m [2mbraze_engine::hooks[0m[2m:[0m prompt budget breakdown (PromptBudgetAuditHook) [3msystem_tokens_est[0m[2m=[0m275 [3mtools_tokens_est[0m[2m=[0m1013 [3mhistory_tokens_est[0m[2m=[0m32 [3mtotal_tokens_est[0m[2m=[0m1321 [3mmessage_count[0m[2m=[0m1
-> ollama:qwen2.5:3b+plan:ollama:gemma4:e4b+ablate:task-list :: distractor_selection_log_with_error (rep 4/5)
[2m2026-07-11T12:11:23.276760Z[0m [33m WARN[0m [1mturn[0m[1m{[0m[3msession[0m[2m=[0mdde05fed-2631-48e5-b5b8-688989ca534f[1m}[0m[2m:[0m [2mbraze_engine::engine[0m[2m:[0m planner call failed; proceeding without a plan [3merror[0m[2m=[0mmodel backend error: request to model backend failed: ollama request failed: error sending request for url (http://192.168.1.8:11434/api/chat)
[2m2026-07-11T12:11:23.278387Z[0m [32m INFO[0m [1mturn[0m[1m{[0m[3msession[0m[2m=[0mdde05fed-2631-48e5-b5b8-688989ca534f[1m}[0m[2m:[0m [2mbraze_engine::hooks[0m[2m:[0m prompt budget breakdown (PromptBudgetAuditHook) [3msystem_tokens_est[0m[2m=[0m275 [3mtools_tokens_est[0m[2m=[0m1013 [3mhistory_tokens_est[0m[2m=[0m32 [3mtotal_tokens_est[0m[2m=[0m1321 [3mmessage_count[0m[2m=[0m1
-> ollama:qwen2.5:3b+plan:ollama:gemma4:e4b+ablate:task-list :: distractor_selection_log_with_error (rep 5/5)
[2m2026-07-11T12:11:23.301255Z[0m [33m WARN[0m [1mturn[0m[1m{[0m[3msession[0m[2m=[0mbc99720e-2c11-425b-abe8-43ad1060002f[1m}[0m[2m:[0m [2mbraze_engine::engine[0m[2m:[0m planner call failed; proceeding without a plan [3merror[0m[2m=[0mmodel backend error: request to model backend failed: ollama request failed: error sending request for url (http://192.168.1.8:11434/api/chat)
[2m2026-07-11T12:11:23.303263Z[0m [32m INFO[0m [1mturn[0m[1m{[0m[3msession[0m[2m=[0mbc99720e-2c11-425b-abe8-43ad1060002f[1m}[0m[2m:[0m [2mbraze_engine::hooks[0m[2m:[0m prompt budget breakdown (PromptBudgetAuditHook) [3msystem_tokens_est[0m[2m=[0m275 [3mtools_tokens_est[0m[2m=[0m1013 [3mhistory_tokens_est[0m[2m=[0m32 [3mtotal_tokens_est[0m[2m=[0m1321 [3mmessage_count[0m[2m=[0m1
-> ollama:qwen2.5:3b+plan:ollama:gemma4:e4b+ablate:task-list :: distractor_selection_debug_config (rep 1/5)
[2m2026-07-11T12:11:23.327728Z[0m [33m WARN[0m [1mturn[0m[1m{[0m[3msession[0m[2m=[0md70005cb-175f-4c27-a812-9125e98ecefb[1m}[0m[2m:[0m [2mbraze_engine::engine[0m[2m:[0m planner call failed; proceeding without a plan [3merror[0m[2m=[0mmodel backend error: request to model backend failed: ollama request failed: error sending request for url (http://192.168.1.8:11434/api/chat)
[2m2026-07-11T12:11:23.330016Z[0m [32m INFO[0m [1mturn[0m[1m{[0m[3msession[0m[2m=[0md70005cb-175f-4c27-a812-9125e98ecefb[1m}[0m[2m:[0m [2mbraze_engine::hooks[0m[2m:[0m prompt budget breakdown (PromptBudgetAuditHook) [3msystem_tokens_est[0m[2m=[0m274 [3mtools_tokens_est[0m[2m=[0m1013 [3mhistory_tokens_est[0m[2m=[0m28 [3mtotal_tokens_est[0m[2m=[0m1316 [3mmessage_count[0m[2m=[0m1
-> ollama:qwen2.5:3b+plan:ollama:gemma4:e4b+ablate:task-list :: distractor_selection_debug_config (rep 2/5)
[2m2026-07-11T12:11:23.348094Z[0m [33m WARN[0m [1mturn[0m[1m{[0m[3msession[0m[2m=[0ma5e26a11-291a-4171-a92a-2069c120e336[1m}[0m[2m:[0m [2mbraze_engine::engine[0m[2m:[0m planner call failed; proceeding without a plan [3merror[0m[2m=[0mmodel backend error: request to model backend failed: ollama request failed: error sending request for url (http://192.168.1.8:11434/api/chat)
[2m2026-07-11T12:11:23.349454Z[0m [32m INFO[0m [1mturn[0m[1m{[0m[3msession[0m[2m=[0ma5e26a11-291a-4171-a92a-2069c120e336[1m}[0m[2m:[0m [2mbraze_engine::hooks[0m[2m:[0m prompt budget breakdown (PromptBudgetAuditHook) [3msystem_tokens_est[0m[2m=[0m274 [3mtools_tokens_est[0m[2m=[0m1013 [3mhistory_tokens_est[0m[2m=[0m28 [3mtotal_tokens_est[0m[2m=[0m1316 [3mmessage_count[0m[2m=[0m1
-> ollama:qwen2.5:3b+plan:ollama:gemma4:e4b+ablate:task-list :: distractor_selection_debug_config (rep 3/5)
[2m2026-07-11T12:11:23.399278Z[0m [33m WARN[0m [1mturn[0m[1m{[0m[3msession[0m[2m=[0m263b276f-8a78-4c95-9f0d-e791c9325036[1m}[0m[2m:[0m [2mbraze_engine::engine[0m[2m:[0m planner call failed; proceeding without a plan [3merror[0m[2m=[0mmodel backend error: request to model backend failed: ollama request failed: error sending request for url (http://192.168.1.8:11434/api/chat)
[2m2026-07-11T12:11:23.401047Z[0m [32m INFO[0m [1mturn[0m[1m{[0m[3msession[0m[2m=[0m263b276f-8a78-4c95-9f0d-e791c9325036[1m}[0m[2m:[0m [2mbraze_engine::hooks[0m[2m:[0m prompt budget breakdown (PromptBudgetAuditHook) [3msystem_tokens_est[0m[2m=[0m274 [3mtools_tokens_est[0m[2m=[0m1013 [3mhistory_tokens_est[0m[2m=[0m28 [3mtotal_tokens_est[0m[2m=[0m1316 [3mmessage_count[0m[2m=[0m1
-> ollama:qwen2.5:3b+plan:ollama:gemma4:e4b+ablate:task-list :: distractor_selection_debug_config (rep 4/5)
[2m2026-07-11T12:11:23.445726Z[0m [33m WARN[0m [1mturn[0m[1m{[0m[3msession[0m[2m=[0m69969678-1ef3-4b9d-84b4-3fb373839775[1m}[0m[2m:[0m [2mbraze_engine::engine[0m[2m:[0m planner call failed; proceeding without a plan [3merror[0m[2m=[0mmodel backend error: request to model backend failed: ollama request failed: error sending request for url (http://192.168.1.8:11434/api/chat)
[2m2026-07-11T12:11:23.447799Z[0m [32m INFO[0m [1mturn[0m[1m{[0m[3msession[0m[2m=[0m69969678-1ef3-4b9d-84b4-3fb373839775[1m}[0m[2m:[0m [2mbraze_engine::hooks[0m[2m:[0m prompt budget breakdown (PromptBudgetAuditHook) [3msystem_tokens_est[0m[2m=[0m274 [3mtools_tokens_est[0m[2m=[0m1013 [3mhistory_tokens_est[0m[2m=[0m28 [3mtotal_tokens_est[0m[2m=[0m1316 [3mmessage_count[0m[2m=[0m1
-> ollama:qwen2.5:3b+plan:ollama:gemma4:e4b+ablate:task-list :: distractor_selection_debug_config (rep 5/5)
[2m2026-07-11T12:11:23.472032Z[0m [33m WARN[0m [1mturn[0m[1m{[0m[3msession[0m[2m=[0mef245192-12f5-4d2f-8585-e8674c77745d[1m}[0m[2m:[0m [2mbraze_engine::engine[0m[2m:[0m planner call failed; proceeding without a plan [3merror[0m[2m=[0mmodel backend error: request to model backend failed: ollama request failed: error sending request for url (http://192.168.1.8:11434/api/chat)
[2m2026-07-11T12:11:23.473603Z[0m [32m INFO[0m [1mturn[0m[1m{[0m[3msession[0m[2m=[0mef245192-12f5-4d2f-8585-e8674c77745d[1m}[0m[2m:[0m [2mbraze_engine::hooks[0m[2m:[0m prompt budget breakdown (PromptBudgetAuditHook) [3msystem_tokens_est[0m[2m=[0m274 [3mtools_tokens_est[0m[2m=[0m1013 [3mhistory_tokens_est[0m[2m=[0m28 [3mtotal_tokens_est[0m[2m=[0m1316 [3mmessage_count[0m[2m=[0m1
-> ollama:qwen3.5-coder :: read_file_basic (rep 1/5)
[2m2026-07-11T12:11:23.514653Z[0m [32m INFO[0m [1mturn[0m[1m{[0m[3msession[0m[2m=[0m21182e6b-d4b0-49b8-b556-e0aee7456979[1m}[0m[2m:[0m [2mbraze_engine::hooks[0m[2m:[0m prompt budget breakdown (PromptBudgetAuditHook) [3msystem_tokens_est[0m[2m=[0m288 [3mtools_tokens_est[0m[2m=[0m850 [3mhistory_tokens_est[0m[2m=[0m19 [3mtotal_tokens_est[0m[2m=[0m1158 [3mmessage_count[0m[2m=[0m1
-> ollama:qwen3.5-coder :: read_file_basic (rep 2/5)
[2m2026-07-11T12:11:23.543724Z[0m [32m INFO[0m [1mturn[0m[1m{[0m[3msession[0m[2m=[0m1ef64717-38f8-44d2-92db-5f6dd859f98e[1m}[0m[2m:[0m [2mbraze_engine::hooks[0m[2m:[0m prompt budget breakdown (PromptBudgetAuditHook) [3msystem_tokens_est[0m[2m=[0m288 [3mtools_tokens_est[0m[2m=[0m850 [3mhistory_tokens_est[0m[2m=[0m19 [3mtotal_tokens_est[0m[2m=[0m1158 [3mmessage_count[0m[2m=[0m1
-> ollama:qwen3.5-coder :: read_file_basic (rep 3/5)
[2m2026-07-11T12:11:23.562302Z[0m [32m INFO[0m [1mturn[0m[1m{[0m[3msession[0m[2m=[0m28e193e1-1fd5-4ef4-9e25-79a80e6ce03f[1m}[0m[2m:[0m [2mbraze_engine::hooks[0m[2m:[0m prompt budget breakdown (PromptBudgetAuditHook) [3msystem_tokens_est[0m[2m=[0m288 [3mtools_tokens_est[0m[2m=[0m850 [3mhistory_tokens_est[0m[2m=[0m19 [3mtotal_tokens_est[0m[2m=[0m1158 [3mmessage_count[0m[2m=[0m1
-> ollama:qwen3.5-coder :: read_file_basic (rep 4/5)
[2m2026-07-11T12:11:23.583542Z[0m [32m INFO[0m [1mturn[0m[1m{[0m[3msession[0m[2m=[0mdb5996fd-8b1f-482d-8971-39885eb203e7[1m}[0m[2m:[0m [2mbraze_engine::hooks[0m[2m:[0m prompt budget breakdown (PromptBudgetAuditHook) [3msystem_tokens_est[0m[2m=[0m288 [3mtools_tokens_est[0m[2m=[0m850 [3mhistory_tokens_est[0m[2m=[0m19 [3mtotal_tokens_est[0m[2m=[0m1158 [3mmessage_count[0m[2m=[0m1
-> ollama:qwen3.5-coder :: read_file_basic (rep 5/5)
[2m2026-07-11T12:11:23.621502Z[0m [32m INFO[0m [1mturn[0m[1m{[0m[3msession[0m[2m=[0mcc409158-e7e7-4cd1-8765-cfc116531d0e[1m}[0m[2m:[0m [2mbraze_engine::hooks[0m[2m:[0m prompt budget breakdown (PromptBudgetAuditHook) [3msystem_tokens_est[0m[2m=[0m288 [3mtools_tokens_est[0m[2m=[0m850 [3mhistory_tokens_est[0m[2m=[0m19 [3mtotal_tokens_est[0m[2m=[0m1158 [3mmessage_count[0m[2m=[0m1
-> ollama:qwen3.5-coder :: grep_basic (rep 1/5)
[2m2026-07-11T12:11:23.648076Z[0m [32m INFO[0m [1mturn[0m[1m{[0m[3msession[0m[2m=[0mf085f24f-a1ee-462f-86e1-7e28e1b1d680[1m}[0m[2m:[0m [2mbraze_engine::hooks[0m[2m:[0m prompt budget breakdown (PromptBudgetAuditHook) [3msystem_tokens_est[0m[2m=[0m287 [3mtools_tokens_est[0m[2m=[0m850 [3mhistory_tokens_est[0m[2m=[0m19 [3mtotal_tokens_est[0m[2m=[0m1157 [3mmessage_count[0m[2m=[0m1
-> ollama:qwen3.5-coder :: grep_basic (rep 2/5)
[2m2026-07-11T12:11:23.668996Z[0m [32m INFO[0m [1mturn[0m[1m{[0m[3msession[0m[2m=[0m4182ad5d-fef1-48c0-ae78-9d063278de51[1m}[0m[2m:[0m [2mbraze_engine::hooks[0m[2m:[0m prompt budget breakdown (PromptBudgetAuditHook) [3msystem_tokens_est[0m[2m=[0m287 [3mtools_tokens_est[0m[2m=[0m850 [3mhistory_tokens_est[0m[2m=[0m19 [3mtotal_tokens_est[0m[2m=[0m1157 [3mmessage_count[0m[2m=[0m1
-> ollama:qwen3.5-coder :: grep_basic (rep 3/5)
[2m2026-07-11T12:11:23.713769Z[0m [32m INFO[0m [1mturn[0m[1m{[0m[3msession[0m[2m=[0m142ce9cc-4678-4a7e-bcb3-43005d06bdaf[1m}[0m[2m:[0m [2mbraze_engine::hooks[0m[2m:[0m prompt budget breakdown (PromptBudgetAuditHook) [3msystem_tokens_est[0m[2m=[0m287 [3mtools_tokens_est[0m[2m=[0m850 [3mhistory_tokens_est[0m[2m=[0m19 [3mtotal_tokens_est[0m[2m=[0m1157 [3mmessage_count[0m[2m=[0m1
[2m2026-07-11T12:11:50.472836Z[0m [32m INFO[0m [1mturn[0m[1m{[0m[3msession[0m[2m=[0m142ce9cc-4678-4a7e-bcb3-43005d06bdaf[1m}[0m[2m:[0m [2mbraze_engine::hooks[0m[2m:[0m prompt budget breakdown (PromptBudgetAuditHook) [3msystem_tokens_est[0m[2m=[0m287 [3mtools_tokens_est[0m[2m=[0m850 [3mhistory_tokens_est[0m[2m=[0m37 [3mtotal_tokens_est[0m[2m=[0m1174 [3mmessage_count[0m[2m=[0m3
[2m2026-07-11T12:11:56.462828Z[0m [32m INFO[0m [1mturn[0m[1m{[0m[3msession[0m[2m=[0m142ce9cc-4678-4a7e-bcb3-43005d06bdaf[1m}[0m[2m:[0m [2mbraze_engine::hooks[0m[2m:[0m prompt budget breakdown (PromptBudgetAuditHook) [3msystem_tokens_est[0m[2m=[0m287 [3mtools_tokens_est[0m[2m=[0m850 [3mhistory_tokens_est[0m[2m=[0m67 [3mtotal_tokens_est[0m[2m=[0m1204 [3mmessage_count[0m[2m=[0m5
[2m2026-07-11T12:12:02.582507Z[0m [33m WARN[0m [1mturn[0m[1m{[0m[3msession[0m[2m=[0m142ce9cc-4678-4a7e-bcb3-43005d06bdaf[1m}[0m[2m:[0m [2mbraze_engine::engine[0m[2m:[0m model repeated an identical tool call this turn; nudging instead of re-dispatching [3mtool[0m[2m=[0mread_file
[2m2026-07-11T12:12:02.584375Z[0m [32m INFO[0m [1mturn[0m[1m{[0m[3msession[0m[2m=[0m142ce9cc-4678-4a7e-bcb3-43005d06bdaf[1m}[0m[2m:[0m [2mbraze_engine::hooks[0m[2m:[0m prompt budget breakdown (PromptBudgetAuditHook) [3msystem_tokens_est[0m[2m=[0m287 [3mtools_tokens_est[0m[2m=[0m850 [3mhistory_tokens_est[0m[2m=[0m136 [3mtotal_tokens_est[0m[2m=[0m1273 [3mmessage_count[0m[2m=[0m7
[2m2026-07-11T12:12:09.705003Z[0m [33m WARN[0m [1mturn[0m[1m{[0m[3msession[0m[2m=[0m142ce9cc-4678-4a7e-bcb3-43005d06bdaf[1m}[0m[2m:[0m [2mbraze_engine::engine[0m[2m:[0m model repeated an identical tool call this turn; nudging instead of re-dispatching [3mtool[0m[2m=[0mread_file
[2m2026-07-11T12:12:09.706749Z[0m [32m INFO[0m [1mturn[0m[1m{[0m[3msession[0m[2m=[0m142ce9cc-4678-4a7e-bcb3-43005d06bdaf[1m}[0m[2m:[0m [2mbraze_engine::hooks[0m[2m:[0m prompt budget breakdown (PromptBudgetAuditHook) [3msystem_tokens_est[0m[2m=[0m287 [3mtools_tokens_est[0m[2m=[0m850 [3mhistory_tokens_est[0m[2m=[0m205 [3mtotal_tokens_est[0m[2m=[0m1342 [3mmessage_count[0m[2m=[0m9
[2m2026-07-11T12:12:13.254474Z[0m [32m INFO[0m [1mturn[0m[1m{[0m[3msession[0m[2m=[0m142ce9cc-4678-4a7e-bcb3-43005d06bdaf[1m}[0m[2m:[0m [2mbraze_engine::hooks[0m[2m:[0m prompt budget breakdown (PromptBudgetAuditHook) [3msystem_tokens_est[0m[2m=[0m287 [3mtools_tokens_est[0m[2m=[0m850 [3mhistory_tokens_est[0m[2m=[0m228 [3mtotal_tokens_est[0m[2m=[0m1366 [3mmessage_count[0m[2m=[0m11
-> ollama:qwen3.5-coder :: grep_basic (rep 4/5)
[2m2026-07-11T12:12:17.935007Z[0m [32m INFO[0m [1mturn[0m[1m{[0m[3msession[0m[2m=[0m423c2751-cbf2-4cae-b0eb-4e92ca692f9d[1m}[0m[2m:[0m [2mbraze_engine::hooks[0m[2m:[0m prompt budget breakdown (PromptBudgetAuditHook) [3msystem_tokens_est[0m[2m=[0m287 [3mtools_tokens_est[0m[2m=[0m850 [3mhistory_tokens_est[0m[2m=[0m19 [3mtotal_tokens_est[0m[2m=[0m1157 [3mmessage_count[0m[2m=[0m1
[2m2026-07-11T12:12:26.512821Z[0m [32m INFO[0m [1mturn[0m[1m{[0m[3msession[0m[2m=[0m423c2751-cbf2-4cae-b0eb-4e92ca692f9d[1m}[0m[2m:[0m [2mbraze_engine::hooks[0m[2m:[0m prompt budget breakdown (PromptBudgetAuditHook) [3msystem_tokens_est[0m[2m=[0m287 [3mtools_tokens_est[0m[2m=[0m850 [3mhistory_tokens_est[0m[2m=[0m37 [3mtotal_tokens_est[0m[2m=[0m1174 [3mmessage_count[0m[2m=[0m3
-> ollama:qwen3.5-coder :: grep_basic (rep 5/5)
[2m2026-07-11T12:12:31.957607Z[0m [32m INFO[0m [1mturn[0m[1m{[0m[3msession[0m[2m=[0m89d878f0-6be4-482b-8346-ac0a0c7f5b03[1m}[0m[2m:[0m [2mbraze_engine::hooks[0m[2m:[0m prompt budget breakdown (PromptBudgetAuditHook) [3msystem_tokens_est[0m[2m=[0m287 [3mtools_tokens_est[0m[2m=[0m850 [3mhistory_tokens_est[0m[2m=[0m19 [3mtotal_tokens_est[0m[2m=[0m1157 [3mmessage_count[0m[2m=[0m1
[2m2026-07-11T12:12:40.594501Z[0m [32m INFO[0m [1mturn[0m[1m{[0m[3msession[0m[2m=[0m89d878f0-6be4-482b-8346-ac0a0c7f5b03[1m}[0m[2m:[0m [2mbraze_engine::hooks[0m[2m:[0m prompt budget breakdown (PromptBudgetAuditHook) [3msystem_tokens_est[0m[2m=[0m287 [3mtools_tokens_est[0m[2m=[0m850 [3mhistory_tokens_est[0m[2m=[0m37 [3mtotal_tokens_est[0m[2m=[0m1174 [3mmessage_count[0m[2m=[0m3
[2m2026-07-11T12:12:46.611433Z[0m [32m INFO[0m [1mturn[0m[1m{[0m[3msession[0m[2m=[0m89d878f0-6be4-482b-8346-ac0a0c7f5b03[1m}[0m[2m:[0m [2mbraze_engine::hooks[0m[2m:[0m prompt budget breakdown (PromptBudgetAuditHook) [3msystem_tokens_est[0m[2m=[0m287 [3mtools_tokens_est[0m[2m=[0m850 [3mhistory_tokens_est[0m[2m=[0m67 [3mtotal_tokens_est[0m[2m=[0m1204 [3mmessage_count[0m[2m=[0m5
-> ollama:qwen3.5-coder :: glob_basic (rep 1/5)
[2m2026-07-11T12:12:53.564651Z[0m [32m INFO[0m [1mturn[0m[1m{[0m[3msession[0m[2m=[0m9a3af62a-0fa7-44f0-aec9-54095d2925c6[1m}[0m[2m:[0m [2mbraze_engine::hooks[0m[2m:[0m prompt budget breakdown (PromptBudgetAuditHook) [3msystem_tokens_est[0m[2m=[0m287 [3mtools_tokens_est[0m[2m=[0m850 [3mhistory_tokens_est[0m[2m=[0m17 [3mtotal_tokens_est[0m[2m=[0m1154 [3mmessage_count[0m[2m=[0m1
[2m2026-07-11T12:13:01.072917Z[0m [32m INFO[0m [1mturn[0m[1m{[0m[3msession[0m[2m=[0m9a3af62a-0fa7-44f0-aec9-54095d2925c6[1m}[0m[2m:[0m [2mbraze_engine::hooks[0m[2m:[0m prompt budget breakdown (PromptBudgetAuditHook) [3msystem_tokens_est[0m[2m=[0m287 [3mtools_tokens_est[0m[2m=[0m850 [3mhistory_tokens_est[0m[2m=[0m50 [3mtotal_tokens_est[0m[2m=[0m1187 [3mmessage_count[0m[2m=[0m3
-> ollama:qwen3.5-coder :: glob_basic (rep 2/5)
[2m2026-07-11T12:13:14.605430Z[0m [32m INFO[0m [1mturn[0m[1m{[0m[3msession[0m[2m=[0m526e32b9-c410-4ccb-8b24-86aa6097ef8e[1m}[0m[2m:[0m [2mbraze_engine::hooks[0m[2m:[0m prompt budget breakdown (PromptBudgetAuditHook) [3msystem_tokens_est[0m[2m=[0m287 [3mtools_tokens_est[0m[2m=[0m850 [3mhistory_tokens_est[0m[2m=[0m17 [3mtotal_tokens_est[0m[2m=[0m1154 [3mmessage_count[0m[2m=[0m1
[2m2026-07-11T12:13:23.163953Z[0m [32m INFO[0m [1mturn[0m[1m{[0m[3msession[0m[2m=[0m526e32b9-c410-4ccb-8b24-86aa6097ef8e[1m}[0m[2m:[0m [2mbraze_engine::hooks[0m[2m:[0m prompt budget breakdown (PromptBudgetAuditHook) [3msystem_tokens_est[0m[2m=[0m287 [3mtools_tokens_est[0m[2m=[0m850 [3mhistory_tokens_est[0m[2m=[0m52 [3mtotal_tokens_est[0m[2m=[0m1190 [3mmessage_count[0m[2m=[0m3
-> ollama:qwen3.5-coder :: glob_basic (rep 3/5)
[2m2026-07-11T12:13:34.946127Z[0m [32m INFO[0m [1mturn[0m[1m{[0m[3msession[0m[2m=[0m79b3db99-1098-4c71-a7b9-d0da4b718be6[1m}[0m[2m:[0m [2mbraze_engine::hooks[0m[2m:[0m prompt budget breakdown (PromptBudgetAuditHook) [3msystem_tokens_est[0m[2m=[0m287 [3mtools_tokens_est[0m[2m=[0m850 [3mhistory_tokens_est[0m[2m=[0m17 [3mtotal_tokens_est[0m[2m=[0m1154 [3mmessage_count[0m[2m=[0m1
[2m2026-07-11T12:13:42.437551Z[0m [32m INFO[0m [1mturn[0m[1m{[0m[3msession[0m[2m=[0m79b3db99-1098-4c71-a7b9-d0da4b718be6[1m}[0m[2m:[0m [2mbraze_engine::hooks[0m[2m:[0m prompt budget breakdown (PromptBudgetAuditHook) [3msystem_tokens_est[0m[2m=[0m287 [3mtools_tokens_est[0m[2m=[0m850 [3mhistory_tokens_est[0m[2m=[0m50 [3mtotal_tokens_est[0m[2m=[0m1187 [3mmessage_count[0m[2m=[0m3
-> ollama:qwen3.5-coder :: glob_basic (rep 4/5)
[2m2026-07-11T12:13:55.425895Z[0m [32m INFO[0m [1mturn[0m[1m{[0m[3msession[0m[2m=[0m5c60f1b8-8bdd-485d-adc7-b66f97e7a0eb[1m}[0m[2m:[0m [2mbraze_engine::hooks[0m[2m:[0m prompt budget breakdown (PromptBudgetAuditHook) [3msystem_tokens_est[0m[2m=[0m287 [3mtools_tokens_est[0m[2m=[0m850 [3mhistory_tokens_est[0m[2m=[0m17 [3mtotal_tokens_est[0m[2m=[0m1154 [3mmessage_count[0m[2m=[0m1
[2m2026-07-11T12:14:03.028340Z[0m [32m INFO[0m [1mturn[0m[1m{[0m[3msession[0m[2m=[0m5c60f1b8-8bdd-485d-adc7-b66f97e7a0eb[1m}[0m[2m:[0m [2mbraze_engine::hooks[0m[2m:[0m prompt budget breakdown (PromptBudgetAuditHook) [3msystem_tokens_est[0m[2m=[0m287 [3mtools_tokens_est[0m[2m=[0m850 [3mhistory_tokens_est[0m[2m=[0m50 [3mtotal_tokens_est[0m[2m=[0m1187 [3mmessage_count[0m[2m=[0m3
-> ollama:qwen3.5-coder :: glob_basic (rep 5/5)
[2m2026-07-11T12:14:15.798090Z[0m [32m INFO[0m [1mturn[0m[1m{[0m[3msession[0m[2m=[0mf9153850-44a3-4a9b-ace6-07daf747d9c2[1m}[0m[2m:[0m [2mbraze_engine::hooks[0m[2m:[0m prompt budget breakdown (PromptBudgetAuditHook) [3msystem_tokens_est[0m[2m=[0m287 [3mtools_tokens_est[0m[2m=[0m850 [3mhistory_tokens_est[0m[2m=[0m17 [3mtotal_tokens_est[0m[2m=[0m1154 [3mmessage_count[0m[2m=[0m1
[2m2026-07-11T12:14:22.637684Z[0m [32m INFO[0m [1mturn[0m[1m{[0m[3msession[0m[2m=[0mf9153850-44a3-4a9b-ace6-07daf747d9c2[1m}[0m[2m:[0m [2mbraze_engine::hooks[0m[2m:[0m prompt budget breakdown (PromptBudgetAuditHook) [3msystem_tokens_est[0m[2m=[0m287 [3mtools_tokens_est[0m[2m=[0m850 [3mhistory_tokens_est[0m[2m=[0m50 [3mtotal_tokens_est[0m[2m=[0m1187 [3mmessage_count[0m[2m=[0m3
-> ollama:qwen3.5-coder :: write_file_basic (rep 1/5)
[2m2026-07-11T12:14:35.711041Z[0m [32m INFO[0m [1mturn[0m[1m{[0m[3msession[0m[2m=[0m3032c89f-aa18-44a4-9959-ec9c406d18f4[1m}[0m[2m:[0m [2mbraze_engine::hooks[0m[2m:[0m prompt budget breakdown (PromptBudgetAuditHook) [3msystem_tokens_est[0m[2m=[0m288 [3mtools_tokens_est[0m[2m=[0m850 [3mhistory_tokens_est[0m[2m=[0m22 [3mtotal_tokens_est[0m[2m=[0m1161 [3mmessage_count[0m[2m=[0m1
[2m2026-07-11T12:14:46.586406Z[0m [32m INFO[0m [1mturn[0m[1m{[0m[3msession[0m[2m=[0m3032c89f-aa18-44a4-9959-ec9c406d18f4[1m}[0m[2m:[0m [2mbraze_engine::hooks[0m[2m:[0m prompt budget breakdown (PromptBudgetAuditHook) [3msystem_tokens_est[0m[2m=[0m288 [3mtools_tokens_est[0m[2m=[0m850 [3mhistory_tokens_est[0m[2m=[0m69 [3mtotal_tokens_est[0m[2m=[0m1209 [3mmessage_count[0m[2m=[0m3
-> ollama:qwen3.5-coder :: write_file_basic (rep 2/5)
[2m2026-07-11T12:14:52.430426Z[0m [32m INFO[0m [1mturn[0m[1m{[0m[3msession[0m[2m=[0m75dc2271-33ee-4019-acfe-aca476502ec1[1m}[0m[2m:[0m [2mbraze_engine::hooks[0m[2m:[0m prompt budget breakdown (PromptBudgetAuditHook) [3msystem_tokens_est[0m[2m=[0m288 [3mtools_tokens_est[0m[2m=[0m850 [3mhistory_tokens_est[0m[2m=[0m22 [3mtotal_tokens_est[0m[2m=[0m1161 [3mmessage_count[0m[2m=[0m1
[2m2026-07-11T12:15:03.632503Z[0m [32m INFO[0m [1mturn[0m[1m{[0m[3msession[0m[2m=[0m75dc2271-33ee-4019-acfe-aca476502ec1[1m}[0m[2m:[0m [2mbraze_engine::hooks[0m[2m:[0m prompt budget breakdown (PromptBudgetAuditHook) [3msystem_tokens_est[0m[2m=[0m288 [3mtools_tokens_est[0m[2m=[0m850 [3mhistory_tokens_est[0m[2m=[0m69 [3mtotal_tokens_est[0m[2m=[0m1209 [3mmessage_count[0m[2m=[0m3
-> ollama:qwen3.5-coder :: write_file_basic (rep 3/5)
[2m2026-07-11T12:15:06.915359Z[0m [32m INFO[0m [1mturn[0m[1m{[0m[3msession[0m[2m=[0md03a6ac3-0359-4792-b52b-7df78dc7af82[1m}[0m[2m:[0m [2mbraze_engine::hooks[0m[2m:[0m prompt budget breakdown (PromptBudgetAuditHook) [3msystem_tokens_est[0m[2m=[0m288 [3mtools_tokens_est[0m[2m=[0m850 [3mhistory_tokens_est[0m[2m=[0m22 [3mtotal_tokens_est[0m[2m=[0m1161 [3mmessage_count[0m[2m=[0m1
[2m2026-07-11T12:15:17.788453Z[0m [32m INFO[0m [1mturn[0m[1m{[0m[3msession[0m[2m=[0md03a6ac3-0359-4792-b52b-7df78dc7af82[1m}[0m[2m:[0m [2mbraze_engine::hooks[0m[2m:[0m prompt budget breakdown (PromptBudgetAuditHook) [3msystem_tokens_est[0m[2m=[0m288 [3mtools_tokens_est[0m[2m=[0m850 [3mhistory_tokens_est[0m[2m=[0m69 [3mtotal_tokens_est[0m[2m=[0m1209 [3mmessage_count[0m[2m=[0m3
-> ollama:qwen3.5-coder :: write_file_basic (rep 4/5)
[2m2026-07-11T12:15:23.582644Z[0m [32m INFO[0m [1mturn[0m[1m{[0m[3msession[0m[2m=[0m420bacf4-4559-4436-969b-d3167e8ddba3[1m}[0m[2m:[0m [2mbraze_engine::hooks[0m[2m:[0m prompt budget breakdown (PromptBudgetAuditHook) [3msystem_tokens_est[0m[2m=[0m288 [3mtools_tokens_est[0m[2m=[0m850 [3mhistory_tokens_est[0m[2m=[0m22 [3mtotal_tokens_est[0m[2m=[0m1161 [3mmessage_count[0m[2m=[0m1
[2m2026-07-11T12:15:32.174814Z[0m [32m INFO[0m [1mturn[0m[1m{[0m[3msession[0m[2m=[0m420bacf4-4559-4436-969b-d3167e8ddba3[1m}[0m[2m:[0m [2mbraze_engine::hooks[0m[2m:[0m prompt budget breakdown (PromptBudgetAuditHook) [3msystem_tokens_est[0m[2m=[0m288 [3mtools_tokens_est[0m[2m=[0m850 [3mhistory_tokens_est[0m[2m=[0m56 [3mtotal_tokens_est[0m[2m=[0m1195 [3mmessage_count[0m[2m=[0m3
-> ollama:qwen3.5-coder :: write_file_basic (rep 5/5)
[2m2026-07-11T12:15:37.171185Z[0m [32m INFO[0m [1mturn[0m[1m{[0m[3msession[0m[2m=[0me9a8cf83-df2c-4c2e-852e-ddb77127f3e7[1m}[0m[2m:[0m [2mbraze_engine::hooks[0m[2m:[0m prompt budget breakdown (PromptBudgetAuditHook) [3msystem_tokens_est[0m[2m=[0m288 [3mtools_tokens_est[0m[2m=[0m850 [3mhistory_tokens_est[0m[2m=[0m22 [3mtotal_tokens_est[0m[2m=[0m1161 [3mmessage_count[0m[2m=[0m1
[2m2026-07-11T12:15:46.083885Z[0m [32m INFO[0m [1mturn[0m[1m{[0m[3msession[0m[2m=[0me9a8cf83-df2c-4c2e-852e-ddb77127f3e7[1m}[0m[2m:[0m [2mbraze_engine::hooks[0m[2m:[0m prompt budget breakdown (PromptBudgetAuditHook) [3msystem_tokens_est[0m[2m=[0m288 [3mtools_tokens_est[0m[2m=[0m850 [3mhistory_tokens_est[0m[2m=[0m56 [3mtotal_tokens_est[0m[2m=[0m1195 [3mmessage_count[0m[2m=[0m3
-> ollama:qwen3.5-coder :: edit_file_basic (rep 1/5)
[2m2026-07-11T12:15:50.989998Z[0m [32m INFO[0m [1mturn[0m[1m{[0m[3msession[0m[2m=[0mf8e909bf-576e-46ed-b7a4-21fb70e9f179[1m}[0m[2m:[0m [2mbraze_engine::hooks[0m[2m:[0m prompt budget breakdown (PromptBudgetAuditHook) [3msystem_tokens_est[0m[2m=[0m288 [3mtools_tokens_est[0m[2m=[0m850 [3mhistory_tokens_est[0m[2m=[0m21 [3mtotal_tokens_est[0m[2m=[0m1160 [3mmessage_count[0m[2m=[0m1
[2m2026-07-11T12:15:59.387649Z[0m [32m INFO[0m [1mturn[0m[1m{[0m[3msession[0m[2m=[0mf8e909bf-576e-46ed-b7a4-21fb70e9f179[1m}[0m[2m:[0m [2mbraze_engine::hooks[0m[2m:[0m prompt budget breakdown (PromptBudgetAuditHook) [3msystem_tokens_est[0m[2m=[0m288 [3mtools_tokens_est[0m[2m=[0m850 [3mhistory_tokens_est[0m[2m=[0m31 [3mtotal_tokens_est[0m[2m=[0m1170 [3mmessage_count[0m[2m=[0m3
[2m2026-07-11T12:16:07.907751Z[0m [32m INFO[0m [1mturn[0m[1m{[0m[3msession[0m[2m=[0mf8e909bf-576e-46ed-b7a4-21fb70e9f179[1m}[0m[2m:[0m [2mbraze_engine::hooks[0m[2m:[0m prompt budget breakdown (PromptBudgetAuditHook) [3msystem_tokens_est[0m[2m=[0m288 [3mtools_tokens_est[0m[2m=[0m850 [3mhistory_tokens_est[0m[2m=[0m69 [3mtotal_tokens_est[0m[2m=[0m1208 [3mmessage_count[0m[2m=[0m5
-> ollama:qwen3.5-coder :: edit_file_basic (rep 2/5)
[2m2026-07-11T12:16:14.638991Z[0m [32m INFO[0m [1mturn[0m[1m{[0m[3msession[0m[2m=[0mfa798164-c479-442d-b061-26b550f81b6a[1m}[0m[2m:[0m [2mbraze_engine::hooks[0m[2m:[0m prompt budget breakdown (PromptBudgetAuditHook) [3msystem_tokens_est[0m[2m=[0m288 [3mtools_tokens_est[0m[2m=[0m850 [3mhistory_tokens_est[0m[2m=[0m21 [3mtotal_tokens_est[0m[2m=[0m1160 [3mmessage_count[0m[2m=[0m1
[2m2026-07-11T12:16:22.623042Z[0m [32m INFO[0m [1mturn[0m[1m{[0m[3msession[0m[2m=[0mfa798164-c479-442d-b061-26b550f81b6a[1m}[0m[2m:[0m [2mbraze_engine::hooks[0m[2m:[0m prompt budget breakdown (PromptBudgetAuditHook) [3msystem_tokens_est[0m[2m=[0m288 [3mtools_tokens_est[0m[2m=[0m850 [3mhistory_tokens_est[0m[2m=[0m31 [3mtotal_tokens_est[0m[2m=[0m1170 [3mmessage_count[0m[2m=[0m3
[2m2026-07-11T12:16:31.250413Z[0m [32m INFO[0m [1mturn[0m[1m{[0m[3msession[0m[2m=[0mfa798164-c479-442d-b061-26b550f81b6a[1m}[0m[2m:[0m [2mbraze_engine::hooks[0m[2m:[0m prompt budget breakdown (PromptBudgetAuditHook) [3msystem_tokens_est[0m[2m=[0m288 [3mtools_tokens_est[0m[2m=[0m850 [3mhistory_tokens_est[0m[2m=[0m69 [3mtotal_tokens_est[0m[2m=[0m1208 [3mmessage_count[0m[2m=[0m5
-> ollama:qwen3.5-coder :: edit_file_basic (rep 3/5)
[2m2026-07-11T12:16:38.031309Z[0m [32m INFO[0m [1mturn[0m[1m{[0m[3msession[0m[2m=[0m401dffd7-3619-4fbb-8f1d-c1473ad56728[1m}[0m[2m:[0m [2mbraze_engine::hooks[0m[2m:[0m prompt budget breakdown (PromptBudgetAuditHook) [3msystem_tokens_est[0m[2m=[0m288 [3mtools_tokens_est[0m[2m=[0m850 [3mhistory_tokens_est[0m[2m=[0m21 [3mtotal_tokens_est[0m[2m=[0m1160 [3mmessage_count[0m[2m=[0m1
[2m2026-07-11T12:16:46.182253Z[0m [32m INFO[0m [1mturn[0m[1m{[0m[3msession[0m[2m=[0m401dffd7-3619-4fbb-8f1d-c1473ad56728[1m}[0m[2m:[0m [2mbraze_engine::hooks[0m[2m:[0m prompt budget breakdown (PromptBudgetAuditHook) [3msystem_tokens_est[0m[2m=[0m288 [3mtools_tokens_est[0m[2m=[0m850 [3mhistory_tokens_est[0m[2m=[0m31 [3mtotal_tokens_est[0m[2m=[0m1170 [3mmessage_count[0m[2m=[0m3
[2m2026-07-11T12:16:54.430394Z[0m [32m INFO[0m [1mturn[0m[1m{[0m[3msession[0m[2m=[0m401dffd7-3619-4fbb-8f1d-c1473ad56728[1m}[0m[2m:[0m [2mbraze_engine::hooks[0m[2m:[0m prompt budget breakdown (PromptBudgetAuditHook) [3msystem_tokens_est[0m[2m=[0m288 [3mtools_tokens_est[0m[2m=[0m850 [3mhistory_tokens_est[0m[2m=[0m69 [3mtotal_tokens_est[0m[2m=[0m1208 [3mmessage_count[0m[2m=[0m5
-> ollama:qwen3.5-coder :: edit_file_basic (rep 4/5)
[2m2026-07-11T12:17:01.158656Z[0m [32m INFO[0m [1mturn[0m[1m{[0m[3msession[0m[2m=[0me560b5c9-5efa-4659-ac8d-1b8eb920e17d[1m}[0m[2m:[0m [2mbraze_engine::hooks[0m[2m:[0m prompt budget breakdown (PromptBudgetAuditHook) [3msystem_tokens_est[0m[2m=[0m288 [3mtools_tokens_est[0m[2m=[0m850 [3mhistory_tokens_est[0m[2m=[0m21 [3mtotal_tokens_est[0m[2m=[0m1160 [3mmessage_count[0m[2m=[0m1
[2m2026-07-11T12:17:10.012244Z[0m [32m INFO[0m [1mturn[0m[1m{[0m[3msession[0m[2m=[0me560b5c9-5efa-4659-ac8d-1b8eb920e17d[1m}[0m[2m:[0m [2mbraze_engine::hooks[0m[2m:[0m prompt budget breakdown (PromptBudgetAuditHook) [3msystem_tokens_est[0m[2m=[0m288 [3mtools_tokens_est[0m[2m=[0m850 [3mhistory_tokens_est[0m[2m=[0m31 [3mtotal_tokens_est[0m[2m=[0m1170 [3mmessage_count[0m[2m=[0m3
[2m2026-07-11T12:17:18.642156Z[0m [32m INFO[0m [1mturn[0m[1m{[0m[3msession[0m[2m=[0me560b5c9-5efa-4659-ac8d-1b8eb920e17d[1m}[0m[2m:[0m [2mbraze_engine::hooks[0m[2m:[0m prompt budget breakdown (PromptBudgetAuditHook) [3msystem_tokens_est[0m[2m=[0m288 [3mtools_tokens_est[0m[2m=[0m850 [3mhistory_tokens_est[0m[2m=[0m69 [3mtotal_tokens_est[0m[2m=[0m1208 [3mmessage_count[0m[2m=[0m5
-> ollama:qwen3.5-coder :: edit_file_basic (rep 5/5)
[2m2026-07-11T12:17:25.510179Z[0m [32m INFO[0m [1mturn[0m[1m{[0m[3msession[0m[2m=[0md9137a9a-73dc-4d18-84ba-804fb17b3b48[1m}[0m[2m:[0m [2mbraze_engine::hooks[0m[2m:[0m prompt budget breakdown (PromptBudgetAuditHook) [3msystem_tokens_est[0m[2m=[0m288 [3mtools_tokens_est[0m[2m=[0m850 [3mhistory_tokens_est[0m[2m=[0m21 [3mtotal_tokens_est[0m[2m=[0m1160 [3mmessage_count[0m[2m=[0m1
[2m2026-07-11T12:17:33.806616Z[0m [32m INFO[0m [1mturn[0m[1m{[0m[3msession[0m[2m=[0md9137a9a-73dc-4d18-84ba-804fb17b3b48[1m}[0m[2m:[0m [2mbraze_engine::hooks[0m[2m:[0m prompt budget breakdown (PromptBudgetAuditHook) [3msystem_tokens_est[0m[2m=[0m288 [3mtools_tokens_est[0m[2m=[0m850 [3mhistory_tokens_est[0m[2m=[0m31 [3mtotal_tokens_est[0m[2m=[0m1170 [3mmessage_count[0m[2m=[0m3
[2m2026-07-11T12:17:42.281213Z[0m [32m INFO[0m [1mturn[0m[1m{[0m[3msession[0m[2m=[0md9137a9a-73dc-4d18-84ba-804fb17b3b48[1m}[0m[2m:[0m [2mbraze_engine::hooks[0m[2m:[0m prompt budget breakdown (PromptBudgetAuditHook) [3msystem_tokens_est[0m[2m=[0m288 [3mtools_tokens_est[0m[2m=[0m850 [3mhistory_tokens_est[0m[2m=[0m69 [3mtotal_tokens_est[0m[2m=[0m1208 [3mmessage_count[0m[2m=[0m5
-> ollama:qwen3.5-coder :: shell_exec_basic (rep 1/5)
[2m2026-07-11T12:17:48.988649Z[0m [32m INFO[0m [1mturn[0m[1m{[0m[3msession[0m[2m=[0mff50148b-bc7b-4abf-acf2-97b18bb69bc5[1m}[0m[2m:[0m [2mbraze_engine::hooks[0m[2m:[0m prompt budget breakdown (PromptBudgetAuditHook) [3msystem_tokens_est[0m[2m=[0m288 [3mtools_tokens_est[0m[2m=[0m850 [3mhistory_tokens_est[0m[2m=[0m18 [3mtotal_tokens_est[0m[2m=[0m1157 [3mmessage_count[0m[2m=[0m1
[2m2026-07-11T12:17:56.581023Z[0m [32m INFO[0m [1mturn[0m[1m{[0m[3msession[0m[2m=[0mff50148b-bc7b-4abf-acf2-97b18bb69bc5[1m}[0m[2m:[0m [2mbraze_engine::hooks[0m[2m:[0m prompt budget breakdown (PromptBudgetAuditHook) [3msystem_tokens_est[0m[2m=[0m288 [3mtools_tokens_est[0m[2m=[0m850 [3mhistory_tokens_est[0m[2m=[0m39 [3mtotal_tokens_est[0m[2m=[0m1178 [3mmessage_count[0m[2m=[0m3
-> ollama:qwen3.5-coder :: shell_exec_basic (rep 2/5)
[2m2026-07-11T12:18:02.879660Z[0m [32m INFO[0m [1mturn[0m[1m{[0m[3msession[0m[2m=[0m8162a02f-f488-416a-bab6-b14f19c09ec7[1m}[0m[2m:[0m [2mbraze_engine::hooks[0m[2m:[0m prompt budget breakdown (PromptBudgetAuditHook) [3msystem_tokens_est[0m[2m=[0m288 [3mtools_tokens_est[0m[2m=[0m850 [3mhistory_tokens_est[0m[2m=[0m18 [3mtotal_tokens_est[0m[2m=[0m1157 [3mmessage_count[0m[2m=[0m1
[2m2026-07-11T12:18:10.470713Z[0m [32m INFO[0m [1mturn[0m[1m{[0m[3msession[0m[2m=[0m8162a02f-f488-416a-bab6-b14f19c09ec7[1m}[0m[2m:[0m [2mbraze_engine::hooks[0m[2m:[0m prompt budget breakdown (PromptBudgetAuditHook) [3msystem_tokens_est[0m[2m=[0m288 [3mtools_tokens_est[0m[2m=[0m850 [3mhistory_tokens_est[0m[2m=[0m39 [3mtotal_tokens_est[0m[2m=[0m1178 [3mmessage_count[0m[2m=[0m3
-> ollama:qwen3.5-coder :: shell_exec_basic (rep 3/5)
[2m2026-07-11T12:18:16.376589Z[0m [32m INFO[0m [1mturn[0m[1m{[0m[3msession[0m[2m=[0m31a26b82-44da-4ecc-92d2-b6a214a9b47c[1m}[0m[2m:[0m [2mbraze_engine::hooks[0m[2m:[0m prompt budget breakdown (PromptBudgetAuditHook) [3msystem_tokens_est[0m[2m=[0m288 [3mtools_tokens_est[0m[2m=[0m850 [3mhistory_tokens_est[0m[2m=[0m18 [3mtotal_tokens_est[0m[2m=[0m1157 [3mmessage_count[0m[2m=[0m1
[2m2026-07-11T12:18:24.025703Z[0m [32m INFO[0m [1mturn[0m[1m{[0m[3msession[0m[2m=[0m31a26b82-44da-4ecc-92d2-b6a214a9b47c[1m}[0m[2m:[0m [2mbraze_engine::hooks[0m[2m:[0m prompt budget breakdown (PromptBudgetAuditHook) [3msystem_tokens_est[0m[2m=[0m288 [3mtools_tokens_est[0m[2m=[0m850 [3mhistory_tokens_est[0m[2m=[0m39 [3mtotal_tokens_est[0m[2m=[0m1178 [3mmessage_count[0m[2m=[0m3
-> ollama:qwen3.5-coder :: shell_exec_basic (rep 4/5)
[2m2026-07-11T12:18:30.146287Z[0m [32m INFO[0m [1mturn[0m[1m{[0m[3msession[0m[2m=[0m08686f94-64f1-4123-916e-6304831dbecd[1m}[0m[2m:[0m [2mbraze_engine::hooks[0m[2m:[0m prompt budget breakdown (PromptBudgetAuditHook) [3msystem_tokens_est[0m[2m=[0m288 [3mtools_tokens_est[0m[2m=[0m850 [3mhistory_tokens_est[0m[2m=[0m18 [3mtotal_tokens_est[0m[2m=[0m1157 [3mmessage_count[0m[2m=[0m1
[2m2026-07-11T12:18:37.721214Z[0m [32m INFO[0m [1mturn[0m[1m{[0m[3msession[0m[2m=[0m08686f94-64f1-4123-916e-6304831dbecd[1m}[0m[2m:[0m [2mbraze_engine::hooks[0m[2m:[0m prompt budget breakdown (PromptBudgetAuditHook) [3msystem_tokens_est[0m[2m=[0m288 [3mtools_tokens_est[0m[2m=[0m850 [3mhistory_tokens_est[0m[2m=[0m39 [3mtotal_tokens_est[0m[2m=[0m1178 [3mmessage_count[0m[2m=[0m3
-> ollama:qwen3.5-coder :: shell_exec_basic (rep 5/5)
[2m2026-07-11T12:18:44.071710Z[0m [32m INFO[0m [1mturn[0m[1m{[0m[3msession[0m[2m=[0m523b6f74-2044-4690-b2b2-32d807de727e[1m}[0m[2m:[0m [2mbraze_engine::hooks[0m[2m:[0m prompt budget breakdown (PromptBudgetAuditHook) [3msystem_tokens_est[0m[2m=[0m288 [3mtools_tokens_est[0m[2m=[0m850 [3mhistory_tokens_est[0m[2m=[0m18 [3mtotal_tokens_est[0m[2m=[0m1157 [3mmessage_count[0m[2m=[0m1
[2m2026-07-11T12:18:51.654722Z[0m [32m INFO[0m [1mturn[0m[1m{[0m[3msession[0m[2m=[0m523b6f74-2044-4690-b2b2-32d807de727e[1m}[0m[2m:[0m [2mbraze_engine::hooks[0m[2m:[0m prompt budget breakdown (PromptBudgetAuditHook) [3msystem_tokens_est[0m[2m=[0m288 [3mtools_tokens_est[0m[2m=[0m850 [3mhistory_tokens_est[0m[2m=[0m39 [3mtotal_tokens_est[0m[2m=[0m1178 [3mmessage_count[0m[2m=[0m3
-> ollama:qwen3.5-coder :: no_tool_qa (rep 1/5)
[2m2026-07-11T12:18:57.840762Z[0m [32m INFO[0m [1mturn[0m[1m{[0m[3msession[0m[2m=[0m4b053f00-86c8-4dc1-90e2-ca7e3587ffd0[1m}[0m[2m:[0m [2mbraze_engine::hooks[0m[2m:[0m prompt budget breakdown (PromptBudgetAuditHook) [3msystem_tokens_est[0m[2m=[0m287 [3mtools_tokens_est[0m[2m=[0m850 [3mhistory_tokens_est[0m[2m=[0m19 [3mtotal_tokens_est[0m[2m=[0m1157 [3mmessage_count[0m[2m=[0m1
-> ollama:qwen3.5-coder :: no_tool_qa (rep 2/5)
[2m2026-07-11T12:19:04.573507Z[0m [32m INFO[0m [1mturn[0m[1m{[0m[3msession[0m[2m=[0m06db3363-c3b6-44a4-8bd8-1eb1318f93b0[1m}[0m[2m:[0m [2mbraze_engine::hooks[0m[2m:[0m prompt budget breakdown (PromptBudgetAuditHook) [3msystem_tokens_est[0m[2m=[0m287 [3mtools_tokens_est[0m[2m=[0m850 [3mhistory_tokens_est[0m[2m=[0m19 [3mtotal_tokens_est[0m[2m=[0m1157 [3mmessage_count[0m[2m=[0m1
-> ollama:qwen3.5-coder :: no_tool_qa (rep 3/5)
[2m2026-07-11T12:19:11.247839Z[0m [32m INFO[0m [1mturn[0m[1m{[0m[3msession[0m[2m=[0m08b69e39-2021-40f5-9fc4-61bba35e0892[1m}[0m[2m:[0m [2mbraze_engine::hooks[0m[2m:[0m prompt budget breakdown (PromptBudgetAuditHook) [3msystem_tokens_est[0m[2m=[0m287 [3mtools_tokens_est[0m[2m=[0m850 [3mhistory_tokens_est[0m[2m=[0m19 [3mtotal_tokens_est[0m[2m=[0m1157 [3mmessage_count[0m[2m=[0m1
-> ollama:qwen3.5-coder :: no_tool_qa (rep 4/5)
[2m2026-07-11T12:19:17.986829Z[0m [32m INFO[0m [1mturn[0m[1m{[0m[3msession[0m[2m=[0m0cbb05c5-7f6d-427b-820e-94c4777eaf26[1m}[0m[2m:[0m [2mbraze_engine::hooks[0m[2m:[0m prompt budget breakdown (PromptBudgetAuditHook) [3msystem_tokens_est[0m[2m=[0m287 [3mtools_tokens_est[0m[2m=[0m850 [3mhistory_tokens_est[0m[2m=[0m19 [3mtotal_tokens_est[0m[2m=[0m1157 [3mmessage_count[0m[2m=[0m1
-> ollama:qwen3.5-coder :: no_tool_qa (rep 5/5)
[2m2026-07-11T12:19:24.731910Z[0m [32m INFO[0m [1mturn[0m[1m{[0m[3msession[0m[2m=[0mf099880d-39a7-4677-b672-828d2e4b68a1[1m}[0m[2m:[0m [2mbraze_engine::hooks[0m[2m:[0m prompt budget breakdown (PromptBudgetAuditHook) [3msystem_tokens_est[0m[2m=[0m287 [3mtools_tokens_est[0m[2m=[0m850 [3mhistory_tokens_est[0m[2m=[0m19 [3mtotal_tokens_est[0m[2m=[0m1157 [3mmessage_count[0m[2m=[0m1
-> ollama:qwen3.5-coder :: multi_step_read_count_write (rep 1/5)
[2m2026-07-11T12:19:32.383357Z[0m [32m INFO[0m [1mturn[0m[1m{[0m[3msession[0m[2m=[0mab5b938e-5953-4b23-9ec9-bc77539be31c[1m}[0m[2m:[0m [2mbraze_engine::hooks[0m[2m:[0m prompt budget breakdown (PromptBudgetAuditHook) [3msystem_tokens_est[0m[2m=[0m291 [3mtools_tokens_est[0m[2m=[0m850 [3mhistory_tokens_est[0m[2m=[0m45 [3mtotal_tokens_est[0m[2m=[0m1187 [3mmessage_count[0m[2m=[0m1
[2m2026-07-11T12:19:43.139056Z[0m [32m INFO[0m [1mturn[0m[1m{[0m[3msession[0m[2m=[0mab5b938e-5953-4b23-9ec9-bc77539be31c[1m}[0m[2m:[0m [2mbraze_engine::hooks[0m[2m:[0m prompt budget breakdown (PromptBudgetAuditHook) [3msystem_tokens_est[0m[2m=[0m291 [3mtools_tokens_est[0m[2m=[0m850 [3mhistory_tokens_est[0m[2m=[0m59 [3mtotal_tokens_est[0m[2m=[0m1201 [3mmessage_count[0m[2m=[0m3
[2m2026-07-11T12:19:49.681305Z[0m [32m INFO[0m [1mturn[0m[1m{[0m[3msession[0m[2m=[0mab5b938e-5953-4b23-9ec9-bc77539be31c[1m}[0m[2m:[0m [2mbraze_engine::hooks[0m[2m:[0m prompt budget breakdown (PromptBudgetAuditHook) [3msystem_tokens_est[0m[2m=[0m291 [3mtools_tokens_est[0m[2m=[0m850 [3mhistory_tokens_est[0m[2m=[0m111 [3mtotal_tokens_est[0m[2m=[0m1253 [3mmessage_count[0m[2m=[0m6
[2m2026-07-11T12:19:53.532351Z[0m [33m WARN[0m [1mturn[0m[1m{[0m[3msession[0m[2m=[0mab5b938e-5953-4b23-9ec9-bc77539be31c[1m}[0m[2m:[0m [2mbraze_engine::engine[0m[2m:[0m round produced neither text nor a tool call after this turn already dispatched at least one; attempting a tools-free summary round instead of discarding that progress [3mround[0m[2m=[0m2
-> ollama:qwen3.5-coder :: multi_step_read_count_write (rep 2/5)
[2m2026-07-11T12:19:58.249733Z[0m [32m INFO[0m [1mturn[0m[1m{[0m[3msession[0m[2m=[0m784cbfd2-aff7-4d6b-9c9a-03ffee8f2d8f[1m}[0m[2m:[0m [2mbraze_engine::hooks[0m[2m:[0m prompt budget breakdown (PromptBudgetAuditHook) [3msystem_tokens_est[0m[2m=[0m291 [3mtools_tokens_est[0m[2m=[0m850 [3mhistory_tokens_est[0m[2m=[0m45 [3mtotal_tokens_est[0m[2m=[0m1187 [3mmessage_count[0m[2m=[0m1
[2m2026-07-11T12:20:09.101445Z[0m [32m INFO[0m [1mturn[0m[1m{[0m[3msession[0m[2m=[0m784cbfd2-aff7-4d6b-9c9a-03ffee8f2d8f[1m}[0m[2m:[0m [2mbraze_engine::hooks[0m[2m:[0m prompt budget breakdown (PromptBudgetAuditHook) [3msystem_tokens_est[0m[2m=[0m291 [3mtools_tokens_est[0m[2m=[0m850 [3mhistory_tokens_est[0m[2m=[0m59 [3mtotal_tokens_est[0m[2m=[0m1201 [3mmessage_count[0m[2m=[0m3
[2m2026-07-11T12:20:15.863305Z[0m [32m INFO[0m [1mturn[0m[1m{[0m[3msession[0m[2m=[0m784cbfd2-aff7-4d6b-9c9a-03ffee8f2d8f[1m}[0m[2m:[0m [2mbraze_engine::hooks[0m[2m:[0m prompt budget breakdown (PromptBudgetAuditHook) [3msystem_tokens_est[0m[2m=[0m291 [3mtools_tokens_est[0m[2m=[0m850 [3mhistory_tokens_est[0m[2m=[0m93 [3mtotal_tokens_est[0m[2m=[0m1235 [3mmessage_count[0m[2m=[0m5
-> ollama:qwen3.5-coder :: multi_step_read_count_write (rep 3/5)
[2m2026-07-11T12:20:23.656109Z[0m [32m INFO[0m [1mturn[0m[1m{[0m[3msession[0m[2m=[0m4b5099ee-2a4d-4bdb-838f-c0cdcb2f407f[1m}[0m[2m:[0m [2mbraze_engine::hooks[0m[2m:[0m prompt budget breakdown (PromptBudgetAuditHook) [3msystem_tokens_est[0m[2m=[0m291 [3mtools_tokens_est[0m[2m=[0m850 [3mhistory_tokens_est[0m[2m=[0m45 [3mtotal_tokens_est[0m[2m=[0m1187 [3mmessage_count[0m[2m=[0m1
[2m2026-07-11T12:20:34.422860Z[0m [32m INFO[0m [1mturn[0m[1m{[0m[3msession[0m[2m=[0m4b5099ee-2a4d-4bdb-838f-c0cdcb2f407f[1m}[0m[2m:[0m [2mbraze_engine::hooks[0m[2m:[0m prompt budget breakdown (PromptBudgetAuditHook) [3msystem_tokens_est[0m[2m=[0m291 [3mtools_tokens_est[0m[2m=[0m850 [3mhistory_tokens_est[0m[2m=[0m59 [3mtotal_tokens_est[0m[2m=[0m1201 [3mmessage_count[0m[2m=[0m3
[2m2026-07-11T12:20:40.787151Z[0m [32m INFO[0m [1mturn[0m[1m{[0m[3msession[0m[2m=[0m4b5099ee-2a4d-4bdb-838f-c0cdcb2f407f[1m}[0m[2m:[0m [2mbraze_engine::hooks[0m[2m:[0m prompt budget breakdown (PromptBudgetAuditHook) [3msystem_tokens_est[0m[2m=[0m291 [3mtools_tokens_est[0m[2m=[0m850 [3mhistory_tokens_est[0m[2m=[0m93 [3mtotal_tokens_est[0m[2m=[0m1235 [3mmessage_count[0m[2m=[0m5
-> ollama:qwen3.5-coder :: multi_step_read_count_write (rep 4/5)
[2m2026-07-11T12:20:47.423966Z[0m [32m INFO[0m [1mturn[0m[1m{[0m[3msession[0m[2m=[0m3ef5a4ca-807d-4e79-bc67-f010b5b0acdc[1m}[0m[2m:[0m [2mbraze_engine::hooks[0m[2m:[0m prompt budget breakdown (PromptBudgetAuditHook) [3msystem_tokens_est[0m[2m=[0m291 [3mtools_tokens_est[0m[2m=[0m850 [3mhistory_tokens_est[0m[2m=[0m45 [3mtotal_tokens_est[0m[2m=[0m1187 [3mmessage_count[0m[2m=[0m1
[2m2026-07-11T12:20:58.234039Z[0m [32m INFO[0m [1mturn[0m[1m{[0m[3msession[0m[2m=[0m3ef5a4ca-807d-4e79-bc67-f010b5b0acdc[1m}[0m[2m:[0m [2mbraze_engine::hooks[0m[2m:[0m prompt budget breakdown (PromptBudgetAuditHook) [3msystem_tokens_est[0m[2m=[0m291 [3mtools_tokens_est[0m[2m=[0m850 [3mhistory_tokens_est[0m[2m=[0m59 [3mtotal_tokens_est[0m[2m=[0m1201 [3mmessage_count[0m[2m=[0m3
[2m2026-07-11T12:21:04.707900Z[0m [32m INFO[0m [1mturn[0m[1m{[0m[3msession[0m[2m=[0m3ef5a4ca-807d-4e79-bc67-f010b5b0acdc[1m}[0m[2m:[0m [2mbraze_engine::hooks[0m[2m:[0m prompt budget breakdown (PromptBudgetAuditHook) [3msystem_tokens_est[0m[2m=[0m291 [3mtools_tokens_est[0m[2m=[0m850 [3mhistory_tokens_est[0m[2m=[0m93 [3mtotal_tokens_est[0m[2m=[0m1235 [3mmessage_count[0m[2m=[0m5
-> ollama:qwen3.5-coder :: multi_step_read_count_write (rep 5/5)
[2m2026-07-11T12:21:10.041672Z[0m [32m INFO[0m [1mturn[0m[1m{[0m[3msession[0m[2m=[0mc4c74ccd-e5fd-4c4f-ac70-85b886477f11[1m}[0m[2m:[0m [2mbraze_engine::hooks[0m[2m:[0m prompt budget breakdown (PromptBudgetAuditHook) [3msystem_tokens_est[0m[2m=[0m291 [3mtools_tokens_est[0m[2m=[0m850 [3mhistory_tokens_est[0m[2m=[0m45 [3mtotal_tokens_est[0m[2m=[0m1187 [3mmessage_count[0m[2m=[0m1
[2m2026-07-11T12:21:20.809484Z[0m [32m INFO[0m [1mturn[0m[1m{[0m[3msession[0m[2m=[0mc4c74ccd-e5fd-4c4f-ac70-85b886477f11[1m}[0m[2m:[0m [2mbraze_engine::hooks[0m[2m:[0m prompt budget breakdown (PromptBudgetAuditHook) [3msystem_tokens_est[0m[2m=[0m291 [3mtools_tokens_est[0m[2m=[0m850 [3mhistory_tokens_est[0m[2m=[0m59 [3mtotal_tokens_est[0m[2m=[0m1201 [3mmessage_count[0m[2m=[0m3
[2m2026-07-11T12:21:27.324646Z[0m [32m INFO[0m [1mturn[0m[1m{[0m[3msession[0m[2m=[0mc4c74ccd-e5fd-4c4f-ac70-85b886477f11[1m}[0m[2m:[0m [2mbraze_engine::hooks[0m[2m:[0m prompt budget breakdown (PromptBudgetAuditHook) [3msystem_tokens_est[0m[2m=[0m291 [3mtools_tokens_est[0m[2m=[0m850 [3mhistory_tokens_est[0m[2m=[0m110 [3mtotal_tokens_est[0m[2m=[0m1252 [3mmessage_count[0m[2m=[0m6
-> ollama:qwen3.5-coder :: error_recovery_wrong_filename (rep 1/5)
[2m2026-07-11T12:21:34.302890Z[0m [32m INFO[0m [1mturn[0m[1m{[0m[3msession[0m[2m=[0m95be945e-049d-4a80-ad37-0fc0c7e061ff[1m}[0m[2m:[0m [2mbraze_engine::hooks[0m[2m:[0m prompt budget breakdown (PromptBudgetAuditHook) [3msystem_tokens_est[0m[2m=[0m291 [3mtools_tokens_est[0m[2m=[0m850 [3mhistory_tokens_est[0m[2m=[0m34 [3mtotal_tokens_est[0m[2m=[0m1177 [3mmessage_count[0m[2m=[0m1
[2m2026-07-11T12:21:45.193873Z[0m [32m INFO[0m [1mturn[0m[1m{[0m[3msession[0m[2m=[0m95be945e-049d-4a80-ad37-0fc0c7e061ff[1m}[0m[2m:[0m [2mbraze_engine::hooks[0m[2m:[0m prompt budget breakdown (PromptBudgetAuditHook) [3msystem_tokens_est[0m[2m=[0m291 [3mtools_tokens_est[0m[2m=[0m850 [3mhistory_tokens_est[0m[2m=[0m63 [3mtotal_tokens_est[0m[2m=[0m1206 [3mmessage_count[0m[2m=[0m3
[2m2026-07-11T12:21:52.264453Z[0m [32m INFO[0m [1mturn[0m[1m{[0m[3msession[0m[2m=[0m95be945e-049d-4a80-ad37-0fc0c7e061ff[1m}[0m[2m:[0m [2mbraze_engine::hooks[0m[2m:[0m prompt budget breakdown (PromptBudgetAuditHook) [3msystem_tokens_est[0m[2m=[0m291 [3mtools_tokens_est[0m[2m=[0m850 [3mhistory_tokens_est[0m[2m=[0m126 [3mtotal_tokens_est[0m[2m=[0m1269 [3mmessage_count[0m[2m=[0m5
-> ollama:qwen3.5-coder :: error_recovery_wrong_filename (rep 2/5)
[2m2026-07-11T12:21:57.011854Z[0m [32m INFO[0m [1mturn[0m[1m{[0m[3msession[0m[2m=[0ma71ddc9e-2a91-4f07-ad71-15dc36994f82[1m}[0m[2m:[0m [2mbraze_engine::hooks[0m[2m:[0m prompt budget breakdown (PromptBudgetAuditHook) [3msystem_tokens_est[0m[2m=[0m291 [3mtools_tokens_est[0m[2m=[0m850 [3mhistory_tokens_est[0m[2m=[0m34 [3mtotal_tokens_est[0m[2m=[0m1177 [3mmessage_count[0m[2m=[0m1
[2m2026-07-11T12:22:07.636316Z[0m [32m INFO[0m [1mturn[0m[1m{[0m[3msession[0m[2m=[0ma71ddc9e-2a91-4f07-ad71-15dc36994f82[1m}[0m[2m:[0m [2mbraze_engine::hooks[0m[2m:[0m prompt budget breakdown (PromptBudgetAuditHook) [3msystem_tokens_est[0m[2m=[0m291 [3mtools_tokens_est[0m[2m=[0m850 [3mhistory_tokens_est[0m[2m=[0m63 [3mtotal_tokens_est[0m[2m=[0m1206 [3mmessage_count[0m[2m=[0m3
[2m2026-07-11T12:22:14.737334Z[0m [32m INFO[0m [1mturn[0m[1m{[0m[3msession[0m[2m=[0ma71ddc9e-2a91-4f07-ad71-15dc36994f82[1m}[0m[2m:[0m [2mbraze_engine::hooks[0m[2m:[0m prompt budget breakdown (PromptBudgetAuditHook) [3msystem_tokens_est[0m[2m=[0m291 [3mtools_tokens_est[0m[2m=[0m850 [3mhistory_tokens_est[0m[2m=[0m126 [3mtotal_tokens_est[0m[2m=[0m1269 [3mmessage_count[0m[2m=[0m5
-> ollama:qwen3.5-coder :: error_recovery_wrong_filename (rep 3/5)
[2m2026-07-11T12:22:19.516764Z[0m [32m INFO[0m [1mturn[0m[1m{[0m[3msession[0m[2m=[0m66be6760-fcf8-4e94-999d-ffb51ab163c2[1m}[0m[2m:[0m [2mbraze_engine::hooks[0m[2m:[0m prompt budget breakdown (PromptBudgetAuditHook) [3msystem_tokens_est[0m[2m=[0m291 [3mtools_tokens_est[0m[2m=[0m850 [3mhistory_tokens_est[0m[2m=[0m34 [3mtotal_tokens_est[0m[2m=[0m1177 [3mmessage_count[0m[2m=[0m1
[2m2026-07-11T12:22:28.156284Z[0m [32m INFO[0m [1mturn[0m[1m{[0m[3msession[0m[2m=[0m66be6760-fcf8-4e94-999d-ffb51ab163c2[1m}[0m[2m:[0m [2mbraze_engine::hooks[0m[2m:[0m prompt budget breakdown (PromptBudgetAuditHook) [3msystem_tokens_est[0m[2m=[0m291 [3mtools_tokens_est[0m[2m=[0m850 [3mhistory_tokens_est[0m[2m=[0m63 [3mtotal_tokens_est[0m[2m=[0m1206 [3mmessage_count[0m[2m=[0m3
[2m2026-07-11T12:22:35.218852Z[0m [32m INFO[0m [1mturn[0m[1m{[0m[3msession[0m[2m=[0m66be6760-fcf8-4e94-999d-ffb51ab163c2[1m}[0m[2m:[0m [2mbraze_engine::hooks[0m[2m:[0m prompt budget breakdown (PromptBudgetAuditHook) [3msystem_tokens_est[0m[2m=[0m291 [3mtools_tokens_est[0m[2m=[0m850 [3mhistory_tokens_est[0m[2m=[0m126 [3mtotal_tokens_est[0m[2m=[0m1269 [3mmessage_count[0m[2m=[0m5
-> ollama:qwen3.5-coder :: error_recovery_wrong_filename (rep 4/5)
[2m2026-07-11T12:22:40.130512Z[0m [32m INFO[0m [1mturn[0m[1m{[0m[3msession[0m[2m=[0m0bb8ce6b-b9e2-473e-9ea9-f36ec0d09384[1m}[0m[2m:[0m [2mbraze_engine::hooks[0m[2m:[0m prompt budget breakdown (PromptBudgetAuditHook) [3msystem_tokens_est[0m[2m=[0m291 [3mtools_tokens_est[0m[2m=[0m850 [3mhistory_tokens_est[0m[2m=[0m34 [3mtotal_tokens_est[0m[2m=[0m1177 [3mmessage_count[0m[2m=[0m1
[2m2026-07-11T12:22:49.420850Z[0m [32m INFO[0m [1mturn[0m[1m{[0m[3msession[0m[2m=[0m0bb8ce6b-b9e2-473e-9ea9-f36ec0d09384[1m}[0m[2m:[0m [2mbraze_engine::hooks[0m[2m:[0m prompt budget breakdown (PromptBudgetAuditHook) [3msystem_tokens_est[0m[2m=[0m291 [3mtools_tokens_est[0m[2m=[0m850 [3mhistory_tokens_est[0m[2m=[0m63 [3mtotal_tokens_est[0m[2m=[0m1206 [3mmessage_count[0m[2m=[0m3
[2m2026-07-11T12:22:56.476098Z[0m [32m INFO[0m [1mturn[0m[1m{[0m[3msession[0m[2m=[0m0bb8ce6b-b9e2-473e-9ea9-f36ec0d09384[1m}[0m[2m:[0m [2mbraze_engine::hooks[0m[2m:[0m prompt budget breakdown (PromptBudgetAuditHook) [3msystem_tokens_est[0m[2m=[0m291 [3mtools_tokens_est[0m[2m=[0m850 [3mhistory_tokens_est[0m[2m=[0m126 [3mtotal_tokens_est[0m[2m=[0m1269 [3mmessage_count[0m[2m=[0m5
-> ollama:qwen3.5-coder :: error_recovery_wrong_filename (rep 5/5)
[2m2026-07-11T12:23:01.317369Z[0m [32m INFO[0m [1mturn[0m[1m{[0m[3msession[0m[2m=[0mce8d43a3-bbc2-4b67-82b8-c8715b7096de[1m}[0m[2m:[0m [2mbraze_engine::hooks[0m[2m:[0m prompt budget breakdown (PromptBudgetAuditHook) [3msystem_tokens_est[0m[2m=[0m291 [3mtools_tokens_est[0m[2m=[0m850 [3mhistory_tokens_est[0m[2m=[0m34 [3mtotal_tokens_est[0m[2m=[0m1177 [3mmessage_count[0m[2m=[0m1
[2m2026-07-11T12:23:12.366129Z[0m [32m INFO[0m [1mturn[0m[1m{[0m[3msession[0m[2m=[0mce8d43a3-bbc2-4b67-82b8-c8715b7096de[1m}[0m[2m:[0m [2mbraze_engine::hooks[0m[2m:[0m prompt budget breakdown (PromptBudgetAuditHook) [3msystem_tokens_est[0m[2m=[0m291 [3mtools_tokens_est[0m[2m=[0m850 [3mhistory_tokens_est[0m[2m=[0m63 [3mtotal_tokens_est[0m[2m=[0m1206 [3mmessage_count[0m[2m=[0m3
[2m2026-07-11T12:23:19.547318Z[0m [32m INFO[0m [1mturn[0m[1m{[0m[3msession[0m[2m=[0mce8d43a3-bbc2-4b67-82b8-c8715b7096de[1m}[0m[2m:[0m [2mbraze_engine::hooks[0m[2m:[0m prompt budget breakdown (PromptBudgetAuditHook) [3msystem_tokens_est[0m[2m=[0m291 [3mtools_tokens_est[0m[2m=[0m850 [3mhistory_tokens_est[0m[2m=[0m126 [3mtotal_tokens_est[0m[2m=[0m1269 [3mmessage_count[0m[2m=[0m5
-> ollama:qwen3.5-coder :: distractor_selection_among_files (rep 1/5)
[2m2026-07-11T12:23:24.515473Z[0m [32m INFO[0m [1mturn[0m[1m{[0m[3msession[0m[2m=[0m7a2b18d8-eac2-4fdb-9bb0-ecbbb8ce08a5[1m}[0m[2m:[0m [2mbraze_engine::hooks[0m[2m:[0m prompt budget breakdown (PromptBudgetAuditHook) [3msystem_tokens_est[0m[2m=[0m292 [3mtools_tokens_est[0m[2m=[0m850 [3mhistory_tokens_est[0m[2m=[0m34 [3mtotal_tokens_est[0m[2m=[0m1177 [3mmessage_count[0m[2m=[0m1
[2m2026-07-11T12:23:36.209481Z[0m [32m INFO[0m [1mturn[0m[1m{[0m[3msession[0m[2m=[0m7a2b18d8-eac2-4fdb-9bb0-ecbbb8ce08a5[1m}[0m[2m:[0m [2mbraze_engine::hooks[0m[2m:[0m prompt budget breakdown (PromptBudgetAuditHook) [3msystem_tokens_est[0m[2m=[0m292 [3mtools_tokens_est[0m[2m=[0m850 [3mhistory_tokens_est[0m[2m=[0m95 [3mtotal_tokens_est[0m[2m=[0m1238 [3mmessage_count[0m[2m=[0m3
-> ollama:qwen3.5-coder :: distractor_selection_among_files (rep 2/5)
[2m2026-07-11T12:23:42.741100Z[0m [32m INFO[0m [1mturn[0m[1m{[0m[3msession[0m[2m=[0mb3427c8e-4896-463e-840c-f4bbda906566[1m}[0m[2m:[0m [2mbraze_engine::hooks[0m[2m:[0m prompt budget breakdown (PromptBudgetAuditHook) [3msystem_tokens_est[0m[2m=[0m292 [3mtools_tokens_est[0m[2m=[0m850 [3mhistory_tokens_est[0m[2m=[0m34 [3mtotal_tokens_est[0m[2m=[0m1177 [3mmessage_count[0m[2m=[0m1
[2m2026-07-11T12:23:55.401462Z[0m [32m INFO[0m [1mturn[0m[1m{[0m[3msession[0m[2m=[0mb3427c8e-4896-463e-840c-f4bbda906566[1m}[0m[2m:[0m [2mbraze_engine::hooks[0m[2m:[0m prompt budget breakdown (PromptBudgetAuditHook) [3msystem_tokens_est[0m[2m=[0m292 [3mtools_tokens_est[0m[2m=[0m850 [3mhistory_tokens_est[0m[2m=[0m95 [3mtotal_tokens_est[0m[2m=[0m1238 [3mmessage_count[0m[2m=[0m3
-> ollama:qwen3.5-coder :: distractor_selection_among_files (rep 3/5)
[2m2026-07-11T12:24:01.932175Z[0m [32m INFO[0m [1mturn[0m[1m{[0m[3msession[0m[2m=[0m68efd0a0-48b1-431e-98c0-faf450af367b[1m}[0m[2m:[0m [2mbraze_engine::hooks[0m[2m:[0m prompt budget breakdown (PromptBudgetAuditHook) [3msystem_tokens_est[0m[2m=[0m292 [3mtools_tokens_est[0m[2m=[0m850 [3mhistory_tokens_est[0m[2m=[0m34 [3mtotal_tokens_est[0m[2m=[0m1177 [3mmessage_count[0m[2m=[0m1
[2m2026-07-11T12:24:17.848241Z[0m [32m INFO[0m [1mturn[0m[1m{[0m[3msession[0m[2m=[0m68efd0a0-48b1-431e-98c0-faf450af367b[1m}[0m[2m:[0m [2mbraze_engine::hooks[0m[2m:[0m prompt budget breakdown (PromptBudgetAuditHook) [3msystem_tokens_est[0m[2m=[0m292 [3mtools_tokens_est[0m[2m=[0m850 [3mhistory_tokens_est[0m[2m=[0m95 [3mtotal_tokens_est[0m[2m=[0m1238 [3mmessage_count[0m[2m=[0m3
[2m2026-07-11T12:24:26.293421Z[0m [32m INFO[0m [1mturn[0m[1m{[0m[3msession[0m[2m=[0m68efd0a0-48b1-431e-98c0-faf450af367b[1m}[0m[2m:[0m [2mbraze_engine::hooks[0m[2m:[0m prompt budget breakdown (PromptBudgetAuditHook) [3msystem_tokens_est[0m[2m=[0m292 [3mtools_tokens_est[0m[2m=[0m850 [3mhistory_tokens_est[0m[2m=[0m133 [3mtotal_tokens_est[0m[2m=[0m1276 [3mmessage_count[0m[2m=[0m5
-> ollama:qwen3.5-coder :: distractor_selection_among_files (rep 4/5)
[2m2026-07-11T12:24:33.254378Z[0m [32m INFO[0m [1mturn[0m[1m{[0m[3msession[0m[2m=[0m3bdf4226-62e5-4b0d-9c26-0cec84e40cdc[1m}[0m[2m:[0m [2mbraze_engine::hooks[0m[2m:[0m prompt budget breakdown (PromptBudgetAuditHook) [3msystem_tokens_est[0m[2m=[0m292 [3mtools_tokens_est[0m[2m=[0m850 [3mhistory_tokens_est[0m[2m=[0m34 [3mtotal_tokens_est[0m[2m=[0m1177 [3mmessage_count[0m[2m=[0m1
[2m2026-07-11T12:24:44.178357Z[0m [32m INFO[0m [1mturn[0m[1m{[0m[3msession[0m[2m=[0m3bdf4226-62e5-4b0d-9c26-0cec84e40cdc[1m}[0m[2m:[0m [2mbraze_engine::hooks[0m[2m:[0m prompt budget breakdown (PromptBudgetAuditHook) [3msystem_tokens_est[0m[2m=[0m292 [3mtools_tokens_est[0m[2m=[0m850 [3mhistory_tokens_est[0m[2m=[0m107 [3mtotal_tokens_est[0m[2m=[0m1251 [3mmessage_count[0m[2m=[0m3
[2m2026-07-11T12:24:57.593428Z[0m [32m INFO[0m [1mturn[0m[1m{[0m[3msession[0m[2m=[0m3bdf4226-62e5-4b0d-9c26-0cec84e40cdc[1m}[0m[2m:[0m [2mbraze_engine::hooks[0m[2m:[0m prompt budget breakdown (PromptBudgetAuditHook) [3msystem_tokens_est[0m[2m=[0m292 [3mtools_tokens_est[0m[2m=[0m850 [3mhistory_tokens_est[0m[2m=[0m169 [3mtotal_tokens_est[0m[2m=[0m1312 [3mmessage_count[0m[2m=[0m5
-> ollama:qwen3.5-coder :: distractor_selection_among_files (rep 5/5)
[2m2026-07-11T12:25:04.317464Z[0m [32m INFO[0m [1mturn[0m[1m{[0m[3msession[0m[2m=[0m95c67763-2a57-4726-a865-e2aa0a85477c[1m}[0m[2m:[0m [2mbraze_engine::hooks[0m[2m:[0m prompt budget breakdown (PromptBudgetAuditHook) [3msystem_tokens_est[0m[2m=[0m292 [3mtools_tokens_est[0m[2m=[0m850 [3mhistory_tokens_est[0m[2m=[0m34 [3mtotal_tokens_est[0m[2m=[0m1177 [3mmessage_count[0m[2m=[0m1
[2m2026-07-11T12:25:18.853708Z[0m [32m INFO[0m [1mturn[0m[1m{[0m[3msession[0m[2m=[0m95c67763-2a57-4726-a865-e2aa0a85477c[1m}[0m[2m:[0m [2mbraze_engine::hooks[0m[2m:[0m prompt budget breakdown (PromptBudgetAuditHook) [3msystem_tokens_est[0m[2m=[0m292 [3mtools_tokens_est[0m[2m=[0m850 [3mhistory_tokens_est[0m[2m=[0m75 [3mtotal_tokens_est[0m[2m=[0m1219 [3mmessage_count[0m[2m=[0m3
[2m2026-07-11T12:25:31.285423Z[0m [32m INFO[0m [1mturn[0m[1m{[0m[3msession[0m[2m=[0m95c67763-2a57-4726-a865-e2aa0a85477c[1m}[0m[2m:[0m [2mbraze_engine::hooks[0m[2m:[0m prompt budget breakdown (PromptBudgetAuditHook) [3msystem_tokens_est[0m[2m=[0m292 [3mtools_tokens_est[0m[2m=[0m850 [3mhistory_tokens_est[0m[2m=[0m136 [3mtotal_tokens_est[0m[2m=[0m1280 [3mmessage_count[0m[2m=[0m5
[2m2026-07-11T12:25:40.801709Z[0m [32m INFO[0m [1mturn[0m[1m{[0m[3msession[0m[2m=[0m95c67763-2a57-4726-a865-e2aa0a85477c[1m}[0m[2m:[0m [2mbraze_engine::hooks[0m[2m:[0m prompt budget breakdown (PromptBudgetAuditHook) [3msystem_tokens_est[0m[2m=[0m292 [3mtools_tokens_est[0m[2m=[0m850 [3mhistory_tokens_est[0m[2m=[0m166 [3mtotal_tokens_est[0m[2m=[0m1310 [3mmessage_count[0m[2m=[0m7
[2m2026-07-11T12:25:49.961362Z[0m [32m INFO[0m [1mturn[0m[1m{[0m[3msession[0m[2m=[0m95c67763-2a57-4726-a865-e2aa0a85477c[1m}[0m[2m:[0m [2mbraze_engine::hooks[0m[2m:[0m prompt budget breakdown (PromptBudgetAuditHook) [3msystem_tokens_est[0m[2m=[0m292 [3mtools_tokens_est[0m[2m=[0m850 [3mhistory_tokens_est[0m[2m=[0m258 [3mtotal_tokens_est[0m[2m=[0m1401 [3mmessage_count[0m[2m=[0m9
[2m2026-07-11T12:25:58.651058Z[0m [32m INFO[0m [1mturn[0m[1m{[0m[3msession[0m[2m=[0m95c67763-2a57-4726-a865-e2aa0a85477c[1m}[0m[2m:[0m [2mbraze_engine::hooks[0m[2m:[0m prompt budget breakdown (PromptBudgetAuditHook) [3msystem_tokens_est[0m[2m=[0m292 [3mtools_tokens_est[0m[2m=[0m850 [3mhistory_tokens_est[0m[2m=[0m296 [3mtotal_tokens_est[0m[2m=[0m1440 [3mmessage_count[0m[2m=[0m11
[2m2026-07-11T12:26:07.181157Z[0m [32m INFO[0m [1mturn[0m[1m{[0m[3msession[0m[2m=[0m95c67763-2a57-4726-a865-e2aa0a85477c[1m}[0m[2m:[0m [2mbraze_engine::hooks[0m[2m:[0m prompt budget breakdown (PromptBudgetAuditHook) [3msystem_tokens_est[0m[2m=[0m292 [3mtools_tokens_est[0m[2m=[0m850 [3mhistory_tokens_est[0m[2m=[0m386 [3mtotal_tokens_est[0m[2m=[0m1529 [3mmessage_count[0m[2m=[0m14
[2m2026-07-11T12:26:15.643857Z[0m [32m INFO[0m [1mturn[0m[1m{[0m[3msession[0m[2m=[0m95c67763-2a57-4726-a865-e2aa0a85477c[1m}[0m[2m:[0m [2mbraze_engine::hooks[0m[2m:[0m prompt budget breakdown (PromptBudgetAuditHook) [3msystem_tokens_est[0m[2m=[0m292 [3mtools_tokens_est[0m[2m=[0m850 [3mhistory_tokens_est[0m[2m=[0m411 [3mtotal_tokens_est[0m[2m=[0m1554 [3mmessage_count[0m[2m=[0m16
-> ollama:qwen3.5-coder :: edit_file_function_body (rep 1/5)
[2m2026-07-11T12:26:30.876129Z[0m [32m INFO[0m [1mturn[0m[1m{[0m[3msession[0m[2m=[0m3dd89c9e-191f-432a-ba9e-04ec6f54f814[1m}[0m[2m:[0m [2mbraze_engine::hooks[0m[2m:[0m prompt budget breakdown (PromptBudgetAuditHook) [3msystem_tokens_est[0m[2m=[0m290 [3mtools_tokens_est[0m[2m=[0m850 [3mhistory_tokens_est[0m[2m=[0m28 [3mtotal_tokens_est[0m[2m=[0m1169 [3mmessage_count[0m[2m=[0m1
[2m2026-07-11T12:26:40.297104Z[0m [32m INFO[0m [1mturn[0m[1m{[0m[3msession[0m[2m=[0m3dd89c9e-191f-432a-ba9e-04ec6f54f814[1m}[0m[2m:[0m [2mbraze_engine::hooks[0m[2m:[0m prompt budget breakdown (PromptBudgetAuditHook) [3msystem_tokens_est[0m[2m=[0m290 [3mtools_tokens_est[0m[2m=[0m850 [3mhistory_tokens_est[0m[2m=[0m52 [3mtotal_tokens_est[0m[2m=[0m1193 [3mmessage_count[0m[2m=[0m3
[2m2026-07-11T12:26:50.881262Z[0m [32m INFO[0m [1mturn[0m[1m{[0m[3msession[0m[2m=[0m3dd89c9e-191f-432a-ba9e-04ec6f54f814[1m}[0m[2m:[0m [2mbraze_engine::hooks[0m[2m:[0m prompt budget breakdown (PromptBudgetAuditHook) [3msystem_tokens_est[0m[2m=[0m290 [3mtools_tokens_est[0m[2m=[0m850 [3mhistory_tokens_est[0m[2m=[0m113 [3mtotal_tokens_est[0m[2m=[0m1254 [3mmessage_count[0m[2m=[0m5
-> ollama:qwen3.5-coder :: edit_file_function_body (rep 2/5)
[2m2026-07-11T12:26:59.239080Z[0m [32m INFO[0m [1mturn[0m[1m{[0m[3msession[0m[2m=[0m0d3581cb-f79e-4c39-a041-b9c287b24640[1m}[0m[2m:[0m [2mbraze_engine::hooks[0m[2m:[0m prompt budget breakdown (PromptBudgetAuditHook) [3msystem_tokens_est[0m[2m=[0m290 [3mtools_tokens_est[0m[2m=[0m850 [3mhistory_tokens_est[0m[2m=[0m28 [3mtotal_tokens_est[0m[2m=[0m1169 [3mmessage_count[0m[2m=[0m1
[2m2026-07-11T12:27:08.567784Z[0m [32m INFO[0m [1mturn[0m[1m{[0m[3msession[0m[2m=[0m0d3581cb-f79e-4c39-a041-b9c287b24640[1m}[0m[2m:[0m [2mbraze_engine::hooks[0m[2m:[0m prompt budget breakdown (PromptBudgetAuditHook) [3msystem_tokens_est[0m[2m=[0m290 [3mtools_tokens_est[0m[2m=[0m850 [3mhistory_tokens_est[0m[2m=[0m52 [3mtotal_tokens_est[0m[2m=[0m1193 [3mmessage_count[0m[2m=[0m3
[2m2026-07-11T12:27:20.111554Z[0m [32m INFO[0m [1mturn[0m[1m{[0m[3msession[0m[2m=[0m0d3581cb-f79e-4c39-a041-b9c287b24640[1m}[0m[2m:[0m [2mbraze_engine::hooks[0m[2m:[0m prompt budget breakdown (PromptBudgetAuditHook) [3msystem_tokens_est[0m[2m=[0m290 [3mtools_tokens_est[0m[2m=[0m850 [3mhistory_tokens_est[0m[2m=[0m102 [3mtotal_tokens_est[0m[2m=[0m1243 [3mmessage_count[0m[2m=[0m5
-> ollama:qwen3.5-coder :: edit_file_function_body (rep 3/5)
[2m2026-07-11T12:27:28.399335Z[0m [32m INFO[0m [1mturn[0m[1m{[0m[3msession[0m[2m=[0me3a25763-a83b-4875-a46e-f2b7522d1e46[1m}[0m[2m:[0m [2mbraze_engine::hooks[0m[2m:[0m prompt budget breakdown (PromptBudgetAuditHook) [3msystem_tokens_est[0m[2m=[0m290 [3mtools_tokens_est[0m[2m=[0m850 [3mhistory_tokens_est[0m[2m=[0m28 [3mtotal_tokens_est[0m[2m=[0m1169 [3mmessage_count[0m[2m=[0m1
[2m2026-07-11T12:27:37.605584Z[0m [32m INFO[0m [1mturn[0m[1m{[0m[3msession[0m[2m=[0me3a25763-a83b-4875-a46e-f2b7522d1e46[1m}[0m[2m:[0m [2mbraze_engine::hooks[0m[2m:[0m prompt budget breakdown (PromptBudgetAuditHook) [3msystem_tokens_est[0m[2m=[0m290 [3mtools_tokens_est[0m[2m=[0m850 [3mhistory_tokens_est[0m[2m=[0m52 [3mtotal_tokens_est[0m[2m=[0m1193 [3mmessage_count[0m[2m=[0m3
[2m2026-07-11T12:27:48.239315Z[0m [32m INFO[0m [1mturn[0m[1m{[0m[3msession[0m[2m=[0me3a25763-a83b-4875-a46e-f2b7522d1e46[1m}[0m[2m:[0m [2mbraze_engine::hooks[0m[2m:[0m prompt budget breakdown (PromptBudgetAuditHook) [3msystem_tokens_est[0m[2m=[0m290 [3mtools_tokens_est[0m[2m=[0m850 [3mhistory_tokens_est[0m[2m=[0m113 [3mtotal_tokens_est[0m[2m=[0m1254 [3mmessage_count[0m[2m=[0m5
-> ollama:qwen3.5-coder :: edit_file_function_body (rep 4/5)
[2m2026-07-11T12:27:56.634190Z[0m [32m INFO[0m [1mturn[0m[1m{[0m[3msession[0m[2m=[0md6d59981-a76f-4cf8-b466-815d61eb653c[1m}[0m[2m:[0m [2mbraze_engine::hooks[0m[2m:[0m prompt budget breakdown (PromptBudgetAuditHook) [3msystem_tokens_est[0m[2m=[0m290 [3mtools_tokens_est[0m[2m=[0m850 [3mhistory_tokens_est[0m[2m=[0m28 [3mtotal_tokens_est[0m[2m=[0m1169 [3mmessage_count[0m[2m=[0m1
[2m2026-07-11T12:28:05.883651Z[0m [32m INFO[0m [1mturn[0m[1m{[0m[3msession[0m[2m=[0md6d59981-a76f-4cf8-b466-815d61eb653c[1m}[0m[2m:[0m [2mbraze_engine::hooks[0m[2m:[0m prompt budget breakdown (PromptBudgetAuditHook) [3msystem_tokens_est[0m[2m=[0m290 [3mtools_tokens_est[0m[2m=[0m850 [3mhistory_tokens_est[0m[2m=[0m52 [3mtotal_tokens_est[0m[2m=[0m1193 [3mmessage_count[0m[2m=[0m3
[2m2026-07-11T12:28:17.543389Z[0m [32m INFO[0m [1mturn[0m[1m{[0m[3msession[0m[2m=[0md6d59981-a76f-4cf8-b466-815d61eb653c[1m}[0m[2m:[0m [2mbraze_engine::hooks[0m[2m:[0m prompt budget breakdown (PromptBudgetAuditHook) [3msystem_tokens_est[0m[2m=[0m290 [3mtools_tokens_est[0m[2m=[0m850 [3mhistory_tokens_est[0m[2m=[0m113 [3mtotal_tokens_est[0m[2m=[0m1254 [3mmessage_count[0m[2m=[0m5
-> ollama:qwen3.5-coder :: edit_file_function_body (rep 5/5)
[2m2026-07-11T12:28:25.632571Z[0m [32m INFO[0m [1mturn[0m[1m{[0m[3msession[0m[2m=[0m11f8e24b-ecf5-41ed-86b1-45b1d279db84[1m}[0m[2m:[0m [2mbraze_engine::hooks[0m[2m:[0m prompt budget breakdown (PromptBudgetAuditHook) [3msystem_tokens_est[0m[2m=[0m290 [3mtools_tokens_est[0m[2m=[0m850 [3mhistory_tokens_est[0m[2m=[0m28 [3mtotal_tokens_est[0m[2m=[0m1169 [3mmessage_count[0m[2m=[0m1
[2m2026-07-11T12:28:34.143918Z[0m [32m INFO[0m [1mturn[0m[1m{[0m[3msession[0m[2m=[0m11f8e24b-ecf5-41ed-86b1-45b1d279db84[1m}[0m[2m:[0m [2mbraze_engine::hooks[0m[2m:[0m prompt budget breakdown (PromptBudgetAuditHook) [3msystem_tokens_est[0m[2m=[0m290 [3mtools_tokens_est[0m[2m=[0m850 [3mhistory_tokens_est[0m[2m=[0m52 [3mtotal_tokens_est[0m[2m=[0m1193 [3mmessage_count[0m[2m=[0m3
[2m2026-07-11T12:28:45.832051Z[0m [32m INFO[0m [1mturn[0m[1m{[0m[3msession[0m[2m=[0m11f8e24b-ecf5-41ed-86b1-45b1d279db84[1m}[0m[2m:[0m [2mbraze_engine::hooks[0m[2m:[0m prompt budget breakdown (PromptBudgetAuditHook) [3msystem_tokens_est[0m[2m=[0m290 [3mtools_tokens_est[0m[2m=[0m850 [3mhistory_tokens_est[0m[2m=[0m113 [3mtotal_tokens_est[0m[2m=[0m1254 [3mmessage_count[0m[2m=[0m5
-> ollama:qwen3.5-coder :: no_tool_capital_question (rep 1/5)
[2m2026-07-11T12:28:56.934034Z[0m [32m INFO[0m [1mturn[0m[1m{[0m[3msession[0m[2m=[0m14208cfa-ec1b-4801-8e7e-1d860292261c[1m}[0m[2m:[0m [2mbraze_engine::hooks[0m[2m:[0m prompt budget breakdown (PromptBudgetAuditHook) [3msystem_tokens_est[0m[2m=[0m290 [3mtools_tokens_est[0m[2m=[0m850 [3mhistory_tokens_est[0m[2m=[0m25 [3mtotal_tokens_est[0m[2m=[0m1167 [3mmessage_count[0m[2m=[0m1
-> ollama:qwen3.5-coder :: no_tool_capital_question (rep 2/5)
[2m2026-07-11T12:29:04.035150Z[0m [32m INFO[0m [1mturn[0m[1m{[0m[3msession[0m[2m=[0m1f698964-cdf6-4ade-98f6-c6234b191742[1m}[0m[2m:[0m [2mbraze_engine::hooks[0m[2m:[0m prompt budget breakdown (PromptBudgetAuditHook) [3msystem_tokens_est[0m[2m=[0m290 [3mtools_tokens_est[0m[2m=[0m850 [3mhistory_tokens_est[0m[2m=[0m25 [3mtotal_tokens_est[0m[2m=[0m1167 [3mmessage_count[0m[2m=[0m1
-> ollama:qwen3.5-coder :: no_tool_capital_question (rep 3/5)
[2m2026-07-11T12:29:11.217672Z[0m [32m INFO[0m [1mturn[0m[1m{[0m[3msession[0m[2m=[0m13db1335-4a36-4e58-8a58-69ebd1a5d682[1m}[0m[2m:[0m [2mbraze_engine::hooks[0m[2m:[0m prompt budget breakdown (PromptBudgetAuditHook) [3msystem_tokens_est[0m[2m=[0m290 [3mtools_tokens_est[0m[2m=[0m850 [3mhistory_tokens_est[0m[2m=[0m25 [3mtotal_tokens_est[0m[2m=[0m1167 [3mmessage_count[0m[2m=[0m1
-> ollama:qwen3.5-coder :: no_tool_capital_question (rep 4/5)
[2m2026-07-11T12:29:18.359821Z[0m [32m INFO[0m [1mturn[0m[1m{[0m[3msession[0m[2m=[0mdc0c0c04-26b6-49e8-b9cc-6d25b0d16664[1m}[0m[2m:[0m [2mbraze_engine::hooks[0m[2m:[0m prompt budget breakdown (PromptBudgetAuditHook) [3msystem_tokens_est[0m[2m=[0m290 [3mtools_tokens_est[0m[2m=[0m850 [3mhistory_tokens_est[0m[2m=[0m25 [3mtotal_tokens_est[0m[2m=[0m1167 [3mmessage_count[0m[2m=[0m1
-> ollama:qwen3.5-coder :: no_tool_capital_question (rep 5/5)
[2m2026-07-11T12:29:25.475040Z[0m [32m INFO[0m [1mturn[0m[1m{[0m[3msession[0m[2m=[0m670e9a0b-c6d3-4ebc-a1db-411407fc0cba[1m}[0m[2m:[0m [2mbraze_engine::hooks[0m[2m:[0m prompt budget breakdown (PromptBudgetAuditHook) [3msystem_tokens_est[0m[2m=[0m290 [3mtools_tokens_est[0m[2m=[0m850 [3mhistory_tokens_est[0m[2m=[0m25 [3mtotal_tokens_est[0m[2m=[0m1167 [3mmessage_count[0m[2m=[0m1
-> ollama:qwen3.5-coder :: no_tool_subtraction (rep 1/5)
[2m2026-07-11T12:29:33.005911Z[0m [32m INFO[0m [1mturn[0m[1m{[0m[3msession[0m[2m=[0m1ec28caa-357d-4123-b421-dfb7294c9e1a[1m}[0m[2m:[0m [2mbraze_engine::hooks[0m[2m:[0m prompt budget breakdown (PromptBudgetAuditHook) [3msystem_tokens_est[0m[2m=[0m289 [3mtools_tokens_est[0m[2m=[0m850 [3mhistory_tokens_est[0m[2m=[0m21 [3mtotal_tokens_est[0m[2m=[0m1161 [3mmessage_count[0m[2m=[0m1
-> ollama:qwen3.5-coder :: no_tool_subtraction (rep 2/5)
[2m2026-07-11T12:29:41.046660Z[0m [32m INFO[0m [1mturn[0m[1m{[0m[3msession[0m[2m=[0mc8306613-7cd2-46eb-94af-58f71ab61e49[1m}[0m[2m:[0m [2mbraze_engine::hooks[0m[2m:[0m prompt budget breakdown (PromptBudgetAuditHook) [3msystem_tokens_est[0m[2m=[0m289 [3mtools_tokens_est[0m[2m=[0m850 [3mhistory_tokens_est[0m[2m=[0m21 [3mtotal_tokens_est[0m[2m=[0m1161 [3mmessage_count[0m[2m=[0m1
-> ollama:qwen3.5-coder :: no_tool_subtraction (rep 3/5)
[2m2026-07-11T12:29:48.579988Z[0m [32m INFO[0m [1mturn[0m[1m{[0m[3msession[0m[2m=[0m91df29b1-d9da-4a15-aa0b-7c074d3dfa1c[1m}[0m[2m:[0m [2mbraze_engine::hooks[0m[2m:[0m prompt budget breakdown (PromptBudgetAuditHook) [3msystem_tokens_est[0m[2m=[0m289 [3mtools_tokens_est[0m[2m=[0m850 [3mhistory_tokens_est[0m[2m=[0m21 [3mtotal_tokens_est[0m[2m=[0m1161 [3mmessage_count[0m[2m=[0m1
-> ollama:qwen3.5-coder :: no_tool_subtraction (rep 4/5)
[2m2026-07-11T12:29:56.437974Z[0m [32m INFO[0m [1mturn[0m[1m{[0m[3msession[0m[2m=[0mc47229ec-a0c4-4ac5-8c2a-25ebe12a9bd5[1m}[0m[2m:[0m [2mbraze_engine::hooks[0m[2m:[0m prompt budget breakdown (PromptBudgetAuditHook) [3msystem_tokens_est[0m[2m=[0m289 [3mtools_tokens_est[0m[2m=[0m850 [3mhistory_tokens_est[0m[2m=[0m21 [3mtotal_tokens_est[0m[2m=[0m1161 [3mmessage_count[0m[2m=[0m1
-> ollama:qwen3.5-coder :: no_tool_subtraction (rep 5/5)
[2m2026-07-11T12:30:04.985572Z[0m [32m INFO[0m [1mturn[0m[1m{[0m[3msession[0m[2m=[0m8ff01865-83c9-41eb-b263-0ccdf745abcb[1m}[0m[2m:[0m [2mbraze_engine::hooks[0m[2m:[0m prompt budget breakdown (PromptBudgetAuditHook) [3msystem_tokens_est[0m[2m=[0m289 [3mtools_tokens_est[0m[2m=[0m850 [3mhistory_tokens_est[0m[2m=[0m21 [3mtotal_tokens_est[0m[2m=[0m1161 [3mmessage_count[0m[2m=[0m1
-> ollama:qwen3.5-coder :: multi_step_sum_two_files (rep 1/5)
[2m2026-07-11T12:30:12.983495Z[0m [32m INFO[0m [1mturn[0m[1m{[0m[3msession[0m[2m=[0m873976b6-cdfe-4db4-a753-dfda864b7508[1m}[0m[2m:[0m [2mbraze_engine::hooks[0m[2m:[0m prompt budget breakdown (PromptBudgetAuditHook) [3msystem_tokens_est[0m[2m=[0m290 [3mtools_tokens_est[0m[2m=[0m850 [3mhistory_tokens_est[0m[2m=[0m49 [3mtotal_tokens_est[0m[2m=[0m1190 [3mmessage_count[0m[2m=[0m1
[2m2026-07-11T12:30:30.051913Z[0m [32m INFO[0m [1mturn[0m[1m{[0m[3msession[0m[2m=[0m873976b6-cdfe-4db4-a753-dfda864b7508[1m}[0m[2m:[0m [2mbraze_engine::hooks[0m[2m:[0m prompt budget breakdown (PromptBudgetAuditHook) [3msystem_tokens_est[0m[2m=[0m290 [3mtools_tokens_est[0m[2m=[0m850 [3mhistory_tokens_est[0m[2m=[0m72 [3mtotal_tokens_est[0m[2m=[0m1213 [3mmessage_count[0m[2m=[0m3
[2m2026-07-11T12:30:37.766760Z[0m [32m INFO[0m [1mturn[0m[1m{[0m[3msession[0m[2m=[0m873976b6-cdfe-4db4-a753-dfda864b7508[1m}[0m[2m:[0m [2mbraze_engine::hooks[0m[2m:[0m prompt budget breakdown (PromptBudgetAuditHook) [3msystem_tokens_est[0m[2m=[0m290 [3mtools_tokens_est[0m[2m=[0m850 [3mhistory_tokens_est[0m[2m=[0m105 [3mtotal_tokens_est[0m[2m=[0m1246 [3mmessage_count[0m[2m=[0m5
-> ollama:qwen3.5-coder :: multi_step_sum_two_files (rep 2/5)
[2m2026-07-11T12:30:43.688825Z[0m [32m INFO[0m [1mturn[0m[1m{[0m[3msession[0m[2m=[0ma83d29d3-ad32-4896-bba8-a2cb12405273[1m}[0m[2m:[0m [2mbraze_engine::hooks[0m[2m:[0m prompt budget breakdown (PromptBudgetAuditHook) [3msystem_tokens_est[0m[2m=[0m290 [3mtools_tokens_est[0m[2m=[0m850 [3mhistory_tokens_est[0m[2m=[0m49 [3mtotal_tokens_est[0m[2m=[0m1190 [3mmessage_count[0m[2m=[0m1
[2m2026-07-11T12:31:01.157888Z[0m [32m INFO[0m [1mturn[0m[1m{[0m[3msession[0m[2m=[0ma83d29d3-ad32-4896-bba8-a2cb12405273[1m}[0m[2m:[0m [2mbraze_engine::hooks[0m[2m:[0m prompt budget breakdown (PromptBudgetAuditHook) [3msystem_tokens_est[0m[2m=[0m290 [3mtools_tokens_est[0m[2m=[0m850 [3mhistory_tokens_est[0m[2m=[0m72 [3mtotal_tokens_est[0m[2m=[0m1213 [3mmessage_count[0m[2m=[0m3
[2m2026-07-11T12:31:09.018219Z[0m [32m INFO[0m [1mturn[0m[1m{[0m[3msession[0m[2m=[0ma83d29d3-ad32-4896-bba8-a2cb12405273[1m}[0m[2m:[0m [2mbraze_engine::hooks[0m[2m:[0m prompt budget breakdown (PromptBudgetAuditHook) [3msystem_tokens_est[0m[2m=[0m290 [3mtools_tokens_est[0m[2m=[0m850 [3mhistory_tokens_est[0m[2m=[0m105 [3mtotal_tokens_est[0m[2m=[0m1246 [3mmessage_count[0m[2m=[0m5
-> ollama:qwen3.5-coder :: multi_step_sum_two_files (rep 3/5)
[2m2026-07-11T12:31:14.447574Z[0m [32m INFO[0m [1mturn[0m[1m{[0m[3msession[0m[2m=[0m9a7142a2-8796-4682-b8ae-cd7a2977ea89[1m}[0m[2m:[0m [2mbraze_engine::hooks[0m[2m:[0m prompt budget breakdown (PromptBudgetAuditHook) [3msystem_tokens_est[0m[2m=[0m290 [3mtools_tokens_est[0m[2m=[0m850 [3mhistory_tokens_est[0m[2m=[0m49 [3mtotal_tokens_est[0m[2m=[0m1190 [3mmessage_count[0m[2m=[0m1
[2m2026-07-11T12:31:28.359647Z[0m [32m INFO[0m [1mturn[0m[1m{[0m[3msession[0m[2m=[0m9a7142a2-8796-4682-b8ae-cd7a2977ea89[1m}[0m[2m:[0m [2mbraze_engine::hooks[0m[2m:[0m prompt budget breakdown (PromptBudgetAuditHook) [3msystem_tokens_est[0m[2m=[0m290 [3mtools_tokens_est[0m[2m=[0m850 [3mhistory_tokens_est[0m[2m=[0m72 [3mtotal_tokens_est[0m[2m=[0m1213 [3mmessage_count[0m[2m=[0m3
[2m2026-07-11T12:31:36.462873Z[0m [32m INFO[0m [1mturn[0m[1m{[0m[3msession[0m[2m=[0m9a7142a2-8796-4682-b8ae-cd7a2977ea89[1m}[0m[2m:[0m [2mbraze_engine::hooks[0m[2m:[0m prompt budget breakdown (PromptBudgetAuditHook) [3msystem_tokens_est[0m[2m=[0m290 [3mtools_tokens_est[0m[2m=[0m850 [3mhistory_tokens_est[0m[2m=[0m105 [3mtotal_tokens_est[0m[2m=[0m1246 [3mmessage_count[0m[2m=[0m5
-> ollama:qwen3.5-coder :: multi_step_sum_two_files (rep 4/5)
[2m2026-07-11T12:31:40.884799Z[0m [32m INFO[0m [1mturn[0m[1m{[0m[3msession[0m[2m=[0ma35561b8-4aae-452a-ba41-7b4c25556316[1m}[0m[2m:[0m [2mbraze_engine::hooks[0m[2m:[0m prompt budget breakdown (PromptBudgetAuditHook) [3msystem_tokens_est[0m[2m=[0m290 [3mtools_tokens_est[0m[2m=[0m850 [3mhistory_tokens_est[0m[2m=[0m49 [3mtotal_tokens_est[0m[2m=[0m1190 [3mmessage_count[0m[2m=[0m1
[2m2026-07-11T12:31:57.004257Z[0m [32m INFO[0m [1mturn[0m[1m{[0m[3msession[0m[2m=[0ma35561b8-4aae-452a-ba41-7b4c25556316[1m}[0m[2m:[0m [2mbraze_engine::hooks[0m[2m:[0m prompt budget breakdown (PromptBudgetAuditHook) [3msystem_tokens_est[0m[2m=[0m290 [3mtools_tokens_est[0m[2m=[0m850 [3mhistory_tokens_est[0m[2m=[0m72 [3mtotal_tokens_est[0m[2m=[0m1213 [3mmessage_count[0m[2m=[0m3
[2m2026-07-11T12:32:04.882276Z[0m [32m INFO[0m [1mturn[0m[1m{[0m[3msession[0m[2m=[0ma35561b8-4aae-452a-ba41-7b4c25556316[1m}[0m[2m:[0m [2mbraze_engine::hooks[0m[2m:[0m prompt budget breakdown (PromptBudgetAuditHook) [3msystem_tokens_est[0m[2m=[0m290 [3mtools_tokens_est[0m[2m=[0m850 [3mhistory_tokens_est[0m[2m=[0m105 [3mtotal_tokens_est[0m[2m=[0m1246 [3mmessage_count[0m[2m=[0m5
-> ollama:qwen3.5-coder :: multi_step_sum_two_files (rep 5/5)
[2m2026-07-11T12:32:09.297550Z[0m [32m INFO[0m [1mturn[0m[1m{[0m[3msession[0m[2m=[0m2f39dd2a-3ca3-4ba0-b948-5e0f2a11682d[1m}[0m[2m:[0m [2mbraze_engine::hooks[0m[2m:[0m prompt budget breakdown (PromptBudgetAuditHook) [3msystem_tokens_est[0m[2m=[0m290 [3mtools_tokens_est[0m[2m=[0m850 [3mhistory_tokens_est[0m[2m=[0m49 [3mtotal_tokens_est[0m[2m=[0m1190 [3mmessage_count[0m[2m=[0m1
[2m2026-07-11T12:32:25.414788Z[0m [32m INFO[0m [1mturn[0m[1m{[0m[3msession[0m[2m=[0m2f39dd2a-3ca3-4ba0-b948-5e0f2a11682d[1m}[0m[2m:[0m [2mbraze_engine::hooks[0m[2m:[0m prompt budget breakdown (PromptBudgetAuditHook) [3msystem_tokens_est[0m[2m=[0m290 [3mtools_tokens_est[0m[2m=[0m850 [3mhistory_tokens_est[0m[2m=[0m72 [3mtotal_tokens_est[0m[2m=[0m1213 [3mmessage_count[0m[2m=[0m3
[2m2026-07-11T12:32:33.252993Z[0m [32m INFO[0m [1mturn[0m[1m{[0m[3msession[0m[2m=[0m2f39dd2a-3ca3-4ba0-b948-5e0f2a11682d[1m}[0m[2m:[0m [2mbraze_engine::hooks[0m[2m:[0m prompt budget breakdown (PromptBudgetAuditHook) [3msystem_tokens_est[0m[2m=[0m290 [3mtools_tokens_est[0m[2m=[0m850 [3mhistory_tokens_est[0m[2m=[0m105 [3mtotal_tokens_est[0m[2m=[0m1246 [3mmessage_count[0m[2m=[0m5
[2m2026-07-11T12:32:40.695600Z[0m [33m WARN[0m [1mturn[0m[1m{[0m[3msession[0m[2m=[0m2f39dd2a-3ca3-4ba0-b948-5e0f2a11682d[1m}[0m[2m:[0m [2mbraze_engine::engine[0m[2m:[0m round produced neither text nor a tool call after this turn already dispatched at least one; attempting a tools-free summary round instead of discarding that progress [3mround[0m[2m=[0m2
-> ollama:qwen3.5-coder :: multi_step_multiply_and_write (rep 1/5)
[2m2026-07-11T12:32:42.989046Z[0m [32m INFO[0m [1mturn[0m[1m{[0m[3msession[0m[2m=[0mc724c337-ede7-4dd5-8b3a-1f572608ad4e[1m}[0m[2m:[0m [2mbraze_engine::hooks[0m[2m:[0m prompt budget breakdown (PromptBudgetAuditHook) [3msystem_tokens_est[0m[2m=[0m291 [3mtools_tokens_est[0m[2m=[0m850 [3mhistory_tokens_est[0m[2m=[0m53 [3mtotal_tokens_est[0m[2m=[0m1195 [3mmessage_count[0m[2m=[0m1
[2m2026-07-11T12:32:53.851592Z[0m [32m INFO[0m [1mturn[0m[1m{[0m[3msession[0m[2m=[0mc724c337-ede7-4dd5-8b3a-1f572608ad4e[1m}[0m[2m:[0m [2mbraze_engine::hooks[0m[2m:[0m prompt budget breakdown (PromptBudgetAuditHook) [3msystem_tokens_est[0m[2m=[0m291 [3mtools_tokens_est[0m[2m=[0m850 [3mhistory_tokens_est[0m[2m=[0m61 [3mtotal_tokens_est[0m[2m=[0m1203 [3mmessage_count[0m[2m=[0m3
[2m2026-07-11T12:33:01.317328Z[0m [32m INFO[0m [1mturn[0m[1m{[0m[3msession[0m[2m=[0mc724c337-ede7-4dd5-8b3a-1f572608ad4e[1m}[0m[2m:[0m [2mbraze_engine::hooks[0m[2m:[0m prompt budget breakdown (PromptBudgetAuditHook) [3msystem_tokens_est[0m[2m=[0m291 [3mtools_tokens_est[0m[2m=[0m850 [3mhistory_tokens_est[0m[2m=[0m98 [3mtotal_tokens_est[0m[2m=[0m1241 [3mmessage_count[0m[2m=[0m5
-> ollama:qwen3.5-coder :: multi_step_multiply_and_write (rep 2/5)
[2m2026-07-11T12:33:10.189660Z[0m [32m INFO[0m [1mturn[0m[1m{[0m[3msession[0m[2m=[0m2d2ceeb3-359a-494b-8c43-9dff9a6781d2[1m}[0m[2m:[0m [2mbraze_engine::hooks[0m[2m:[0m prompt budget breakdown (PromptBudgetAuditHook) [3msystem_tokens_est[0m[2m=[0m291 [3mtools_tokens_est[0m[2m=[0m850 [3mhistory_tokens_est[0m[2m=[0m53 [3mtotal_tokens_est[0m[2m=[0m1195 [3mmessage_count[0m[2m=[0m1
[2m2026-07-11T12:33:21.693884Z[0m [32m INFO[0m [1mturn[0m[1m{[0m[3msession[0m[2m=[0m2d2ceeb3-359a-494b-8c43-9dff9a6781d2[1m}[0m[2m:[0m [2mbraze_engine::hooks[0m[2m:[0m prompt budget breakdown (PromptBudgetAuditHook) [3msystem_tokens_est[0m[2m=[0m291 [3mtools_tokens_est[0m[2m=[0m850 [3mhistory_tokens_est[0m[2m=[0m61 [3mtotal_tokens_est[0m[2m=[0m1203 [3mmessage_count[0m[2m=[0m3
[2m2026-07-11T12:33:29.655260Z[0m [32m INFO[0m [1mturn[0m[1m{[0m[3msession[0m[2m=[0m2d2ceeb3-359a-494b-8c43-9dff9a6781d2[1m}[0m[2m:[0m [2mbraze_engine::hooks[0m[2m:[0m prompt budget breakdown (PromptBudgetAuditHook) [3msystem_tokens_est[0m[2m=[0m291 [3mtools_tokens_est[0m[2m=[0m850 [3mhistory_tokens_est[0m[2m=[0m98 [3mtotal_tokens_est[0m[2m=[0m1241 [3mmessage_count[0m[2m=[0m5
-> ollama:qwen3.5-coder :: multi_step_multiply_and_write (rep 3/5)
[2m2026-07-11T12:33:38.183323Z[0m [32m INFO[0m [1mturn[0m[1m{[0m[3msession[0m[2m=[0mf625d15c-0896-4b4a-89b8-de778366d2d4[1m}[0m[2m:[0m [2mbraze_engine::hooks[0m[2m:[0m prompt budget breakdown (PromptBudgetAuditHook) [3msystem_tokens_est[0m[2m=[0m291 [3mtools_tokens_est[0m[2m=[0m850 [3mhistory_tokens_est[0m[2m=[0m53 [3mtotal_tokens_est[0m[2m=[0m1195 [3mmessage_count[0m[2m=[0m1
[2m2026-07-11T12:33:49.103502Z[0m [32m INFO[0m [1mturn[0m[1m{[0m[3msession[0m[2m=[0mf625d15c-0896-4b4a-89b8-de778366d2d4[1m}[0m[2m:[0m [2mbraze_engine::hooks[0m[2m:[0m prompt budget breakdown (PromptBudgetAuditHook) [3msystem_tokens_est[0m[2m=[0m291 [3mtools_tokens_est[0m[2m=[0m850 [3mhistory_tokens_est[0m[2m=[0m61 [3mtotal_tokens_est[0m[2m=[0m1203 [3mmessage_count[0m[2m=[0m3
[2m2026-07-11T12:33:56.891007Z[0m [32m INFO[0m [1mturn[0m[1m{[0m[3msession[0m[2m=[0mf625d15c-0896-4b4a-89b8-de778366d2d4[1m}[0m[2m:[0m [2mbraze_engine::hooks[0m[2m:[0m prompt budget breakdown (PromptBudgetAuditHook) [3msystem_tokens_est[0m[2m=[0m291 [3mtools_tokens_est[0m[2m=[0m850 [3mhistory_tokens_est[0m[2m=[0m125 [3mtotal_tokens_est[0m[2m=[0m1268 [3mmessage_count[0m[2m=[0m6
[2m2026-07-11T12:34:01.858767Z[0m [33m WARN[0m [1mturn[0m[1m{[0m[3msession[0m[2m=[0mf625d15c-0896-4b4a-89b8-de778366d2d4[1m}[0m[2m:[0m [2mbraze_engine::engine[0m[2m:[0m round produced neither text nor a tool call after this turn already dispatched at least one; attempting a tools-free summary round instead of discarding that progress [3mround[0m[2m=[0m2
-> ollama:qwen3.5-coder :: multi_step_multiply_and_write (rep 4/5)
[2m2026-07-11T12:34:08.605512Z[0m [32m INFO[0m [1mturn[0m[1m{[0m[3msession[0m[2m=[0m2d7e064d-afaa-4605-ad6f-eb7cc8ac9626[1m}[0m[2m:[0m [2mbraze_engine::hooks[0m[2m:[0m prompt budget breakdown (PromptBudgetAuditHook) [3msystem_tokens_est[0m[2m=[0m291 [3mtools_tokens_est[0m[2m=[0m850 [3mhistory_tokens_est[0m[2m=[0m53 [3mtotal_tokens_est[0m[2m=[0m1195 [3mmessage_count[0m[2m=[0m1
[2m2026-07-11T12:34:20.111616Z[0m [32m INFO[0m [1mturn[0m[1m{[0m[3msession[0m[2m=[0m2d7e064d-afaa-4605-ad6f-eb7cc8ac9626[1m}[0m[2m:[0m [2mbraze_engine::hooks[0m[2m:[0m prompt budget breakdown (PromptBudgetAuditHook) [3msystem_tokens_est[0m[2m=[0m291 [3mtools_tokens_est[0m[2m=[0m850 [3mhistory_tokens_est[0m[2m=[0m61 [3mtotal_tokens_est[0m[2m=[0m1203 [3mmessage_count[0m[2m=[0m3
[2m2026-07-11T12:34:28.007389Z[0m [32m INFO[0m [1mturn[0m[1m{[0m[3msession[0m[2m=[0m2d7e064d-afaa-4605-ad6f-eb7cc8ac9626[1m}[0m[2m:[0m [2mbraze_engine::hooks[0m[2m:[0m prompt budget breakdown (PromptBudgetAuditHook) [3msystem_tokens_est[0m[2m=[0m291 [3mtools_tokens_est[0m[2m=[0m850 [3mhistory_tokens_est[0m[2m=[0m124 [3mtotal_tokens_est[0m[2m=[0m1266 [3mmessage_count[0m[2m=[0m6
[2m2026-07-11T12:34:32.937628Z[0m [33m WARN[0m [1mturn[0m[1m{[0m[3msession[0m[2m=[0m2d7e064d-afaa-4605-ad6f-eb7cc8ac9626[1m}[0m[2m:[0m [2mbraze_engine::engine[0m[2m:[0m round produced neither text nor a tool call after this turn already dispatched at least one; attempting a tools-free summary round instead of discarding that progress [3mround[0m[2m=[0m2
-> ollama:qwen3.5-coder :: multi_step_multiply_and_write (rep 5/5)
[2m2026-07-11T12:34:38.572518Z[0m [32m INFO[0m [1mturn[0m[1m{[0m[3msession[0m[2m=[0me994241a-ab8e-4954-9555-5ddab54ee5ee[1m}[0m[2m:[0m [2mbraze_engine::hooks[0m[2m:[0m prompt budget breakdown (PromptBudgetAuditHook) [3msystem_tokens_est[0m[2m=[0m291 [3mtools_tokens_est[0m[2m=[0m850 [3mhistory_tokens_est[0m[2m=[0m53 [3mtotal_tokens_est[0m[2m=[0m1195 [3mmessage_count[0m[2m=[0m1
[2m2026-07-11T12:34:49.991016Z[0m [32m INFO[0m [1mturn[0m[1m{[0m[3msession[0m[2m=[0me994241a-ab8e-4954-9555-5ddab54ee5ee[1m}[0m[2m:[0m [2mbraze_engine::hooks[0m[2m:[0m prompt budget breakdown (PromptBudgetAuditHook) [3msystem_tokens_est[0m[2m=[0m291 [3mtools_tokens_est[0m[2m=[0m850 [3mhistory_tokens_est[0m[2m=[0m61 [3mtotal_tokens_est[0m[2m=[0m1203 [3mmessage_count[0m[2m=[0m3
[2m2026-07-11T12:34:58.141931Z[0m [32m INFO[0m [1mturn[0m[1m{[0m[3msession[0m[2m=[0me994241a-ab8e-4954-9555-5ddab54ee5ee[1m}[0m[2m:[0m [2mbraze_engine::hooks[0m[2m:[0m prompt budget breakdown (PromptBudgetAuditHook) [3msystem_tokens_est[0m[2m=[0m291 [3mtools_tokens_est[0m[2m=[0m850 [3mhistory_tokens_est[0m[2m=[0m125 [3mtotal_tokens_est[0m[2m=[0m1267 [3mmessage_count[0m[2m=[0m6
-> ollama:qwen3.5-coder :: error_recovery_wrong_config_extension (rep 1/5)
[2m2026-07-11T12:35:07.317274Z[0m [32m INFO[0m [1mturn[0m[1m{[0m[3msession[0m[2m=[0meaf7affb-cee4-49bf-8d9c-8aabe01a046e[1m}[0m[2m:[0m [2mbraze_engine::hooks[0m[2m:[0m prompt budget breakdown (PromptBudgetAuditHook) [3msystem_tokens_est[0m[2m=[0m293 [3mtools_tokens_est[0m[2m=[0m850 [3mhistory_tokens_est[0m[2m=[0m39 [3mtotal_tokens_est[0m[2m=[0m1184 [3mmessage_count[0m[2m=[0m1
[2m2026-07-11T12:35:20.313613Z[0m [32m INFO[0m [1mturn[0m[1m{[0m[3msession[0m[2m=[0meaf7affb-cee4-49bf-8d9c-8aabe01a046e[1m}[0m[2m:[0m [2mbraze_engine::hooks[0m[2m:[0m prompt budget breakdown (PromptBudgetAuditHook) [3msystem_tokens_est[0m[2m=[0m293 [3mtools_tokens_est[0m[2m=[0m850 [3mhistory_tokens_est[0m[2m=[0m68 [3mtotal_tokens_est[0m[2m=[0m1212 [3mmessage_count[0m[2m=[0m3
[2m2026-07-11T12:35:27.545942Z[0m [32m INFO[0m [1mturn[0m[1m{[0m[3msession[0m[2m=[0meaf7affb-cee4-49bf-8d9c-8aabe01a046e[1m}[0m[2m:[0m [2mbraze_engine::hooks[0m[2m:[0m prompt budget breakdown (PromptBudgetAuditHook) [3msystem_tokens_est[0m[2m=[0m293 [3mtools_tokens_est[0m[2m=[0m850 [3mhistory_tokens_est[0m[2m=[0m98 [3mtotal_tokens_est[0m[2m=[0m1242 [3mmessage_count[0m[2m=[0m5
-> ollama:qwen3.5-coder :: error_recovery_wrong_config_extension (rep 2/5)
[2m2026-07-11T12:35:32.511517Z[0m [32m INFO[0m [1mturn[0m[1m{[0m[3msession[0m[2m=[0m70337042-f99a-4940-9ad6-812035e4969d[1m}[0m[2m:[0m [2mbraze_engine::hooks[0m[2m:[0m prompt budget breakdown (PromptBudgetAuditHook) [3msystem_tokens_est[0m[2m=[0m293 [3mtools_tokens_est[0m[2m=[0m850 [3mhistory_tokens_est[0m[2m=[0m39 [3mtotal_tokens_est[0m[2m=[0m1184 [3mmessage_count[0m[2m=[0m1
[2m2026-07-11T12:35:45.427821Z[0m [32m INFO[0m [1mturn[0m[1m{[0m[3msession[0m[2m=[0m70337042-f99a-4940-9ad6-812035e4969d[1m}[0m[2m:[0m [2mbraze_engine::hooks[0m[2m:[0m prompt budget breakdown (PromptBudgetAuditHook) [3msystem_tokens_est[0m[2m=[0m293 [3mtools_tokens_est[0m[2m=[0m850 [3mhistory_tokens_est[0m[2m=[0m68 [3mtotal_tokens_est[0m[2m=[0m1212 [3mmessage_count[0m[2m=[0m3
[2m2026-07-11T12:35:51.320734Z[0m [32m INFO[0m [1mturn[0m[1m{[0m[3msession[0m[2m=[0m70337042-f99a-4940-9ad6-812035e4969d[1m}[0m[2m:[0m [2mbraze_engine::hooks[0m[2m:[0m prompt budget breakdown (PromptBudgetAuditHook) [3msystem_tokens_est[0m[2m=[0m293 [3mtools_tokens_est[0m[2m=[0m850 [3mhistory_tokens_est[0m[2m=[0m98 [3mtotal_tokens_est[0m[2m=[0m1242 [3mmessage_count[0m[2m=[0m5
-> ollama:qwen3.5-coder :: error_recovery_wrong_config_extension (rep 3/5)
[2m2026-07-11T12:35:56.537545Z[0m [32m INFO[0m [1mturn[0m[1m{[0m[3msession[0m[2m=[0m77182be2-b597-41f8-a69a-68b4776e746d[1m}[0m[2m:[0m [2mbraze_engine::hooks[0m[2m:[0m prompt budget breakdown (PromptBudgetAuditHook) [3msystem_tokens_est[0m[2m=[0m293 [3mtools_tokens_est[0m[2m=[0m850 [3mhistory_tokens_est[0m[2m=[0m39 [3mtotal_tokens_est[0m[2m=[0m1184 [3mmessage_count[0m[2m=[0m1
[2m2026-07-11T12:36:09.812257Z[0m [32m INFO[0m [1mturn[0m[1m{[0m[3msession[0m[2m=[0m77182be2-b597-41f8-a69a-68b4776e746d[1m}[0m[2m:[0m [2mbraze_engine::hooks[0m[2m:[0m prompt budget breakdown (PromptBudgetAuditHook) [3msystem_tokens_est[0m[2m=[0m293 [3mtools_tokens_est[0m[2m=[0m850 [3mhistory_tokens_est[0m[2m=[0m68 [3mtotal_tokens_est[0m[2m=[0m1212 [3mmessage_count[0m[2m=[0m3
[2m2026-07-11T12:36:15.724212Z[0m [32m INFO[0m [1mturn[0m[1m{[0m[3msession[0m[2m=[0m77182be2-b597-41f8-a69a-68b4776e746d[1m}[0m[2m:[0m [2mbraze_engine::hooks[0m[2m:[0m prompt budget breakdown (PromptBudgetAuditHook) [3msystem_tokens_est[0m[2m=[0m293 [3mtools_tokens_est[0m[2m=[0m850 [3mhistory_tokens_est[0m[2m=[0m98 [3mtotal_tokens_est[0m[2m=[0m1242 [3mmessage_count[0m[2m=[0m5
-> ollama:qwen3.5-coder :: error_recovery_wrong_config_extension (rep 4/5)
[2m2026-07-11T12:36:20.668231Z[0m [32m INFO[0m [1mturn[0m[1m{[0m[3msession[0m[2m=[0m57cba53d-ef4c-4ed9-a076-a28ece764ee3[1m}[0m[2m:[0m [2mbraze_engine::hooks[0m[2m:[0m prompt budget breakdown (PromptBudgetAuditHook) [3msystem_tokens_est[0m[2m=[0m293 [3mtools_tokens_est[0m[2m=[0m850 [3mhistory_tokens_est[0m[2m=[0m39 [3mtotal_tokens_est[0m[2m=[0m1184 [3mmessage_count[0m[2m=[0m1
[2m2026-07-11T12:36:33.706360Z[0m [32m INFO[0m [1mturn[0m[1m{[0m[3msession[0m[2m=[0m57cba53d-ef4c-4ed9-a076-a28ece764ee3[1m}[0m[2m:[0m [2mbraze_engine::hooks[0m[2m:[0m prompt budget breakdown (PromptBudgetAuditHook) [3msystem_tokens_est[0m[2m=[0m293 [3mtools_tokens_est[0m[2m=[0m850 [3mhistory_tokens_est[0m[2m=[0m68 [3mtotal_tokens_est[0m[2m=[0m1212 [3mmessage_count[0m[2m=[0m3
[2m2026-07-11T12:36:39.620802Z[0m [32m INFO[0m [1mturn[0m[1m{[0m[3msession[0m[2m=[0m57cba53d-ef4c-4ed9-a076-a28ece764ee3[1m}[0m[2m:[0m [2mbraze_engine::hooks[0m[2m:[0m prompt budget breakdown (PromptBudgetAuditHook) [3msystem_tokens_est[0m[2m=[0m293 [3mtools_tokens_est[0m[2m=[0m850 [3mhistory_tokens_est[0m[2m=[0m98 [3mtotal_tokens_est[0m[2m=[0m1242 [3mmessage_count[0m[2m=[0m5
-> ollama:qwen3.5-coder :: error_recovery_wrong_config_extension (rep 5/5)
[2m2026-07-11T12:36:44.480302Z[0m [32m INFO[0m [1mturn[0m[1m{[0m[3msession[0m[2m=[0m48a42ff1-bef5-422c-830f-d46884191ed7[1m}[0m[2m:[0m [2mbraze_engine::hooks[0m[2m:[0m prompt budget breakdown (PromptBudgetAuditHook) [3msystem_tokens_est[0m[2m=[0m293 [3mtools_tokens_est[0m[2m=[0m850 [3mhistory_tokens_est[0m[2m=[0m39 [3mtotal_tokens_est[0m[2m=[0m1184 [3mmessage_count[0m[2m=[0m1
[2m2026-07-11T12:36:57.554920Z[0m [32m INFO[0m [1mturn[0m[1m{[0m[3msession[0m[2m=[0m48a42ff1-bef5-422c-830f-d46884191ed7[1m}[0m[2m:[0m [2mbraze_engine::hooks[0m[2m:[0m prompt budget breakdown (PromptBudgetAuditHook) [3msystem_tokens_est[0m[2m=[0m293 [3mtools_tokens_est[0m[2m=[0m850 [3mhistory_tokens_est[0m[2m=[0m68 [3mtotal_tokens_est[0m[2m=[0m1212 [3mmessage_count[0m[2m=[0m3
[2m2026-07-11T12:37:03.622509Z[0m [32m INFO[0m [1mturn[0m[1m{[0m[3msession[0m[2m=[0m48a42ff1-bef5-422c-830f-d46884191ed7[1m}[0m[2m:[0m [2mbraze_engine::hooks[0m[2m:[0m prompt budget breakdown (PromptBudgetAuditHook) [3msystem_tokens_est[0m[2m=[0m293 [3mtools_tokens_est[0m[2m=[0m850 [3mhistory_tokens_est[0m[2m=[0m98 [3mtotal_tokens_est[0m[2m=[0m1242 [3mmessage_count[0m[2m=[0m5
-> ollama:qwen3.5-coder :: error_recovery_edit_wrong_filename (rep 1/5)
[2m2026-07-11T12:37:08.811711Z[0m [32m INFO[0m [1mturn[0m[1m{[0m[3msession[0m[2m=[0mc1f5617d-7100-4d6c-87c6-858ce45cecb8[1m}[0m[2m:[0m [2mbraze_engine::hooks[0m[2m:[0m prompt budget breakdown (PromptBudgetAuditHook) [3msystem_tokens_est[0m[2m=[0m293 [3mtools_tokens_est[0m[2m=[0m850 [3mhistory_tokens_est[0m[2m=[0m40 [3mtotal_tokens_est[0m[2m=[0m1184 [3mmessage_count[0m[2m=[0m1
[2m2026-07-11T12:37:23.277011Z[0m [32m INFO[0m [1mturn[0m[1m{[0m[3msession[0m[2m=[0mc1f5617d-7100-4d6c-87c6-858ce45cecb8[1m}[0m[2m:[0m [2mbraze_engine::hooks[0m[2m:[0m prompt budget breakdown (PromptBudgetAuditHook) [3msystem_tokens_est[0m[2m=[0m293 [3mtools_tokens_est[0m[2m=[0m850 [3mhistory_tokens_est[0m[2m=[0m71 [3mtotal_tokens_est[0m[2m=[0m1215 [3mmessage_count[0m[2m=[0m3
[2m2026-07-11T12:37:30.176809Z[0m [32m INFO[0m [1mturn[0m[1m{[0m[3msession[0m[2m=[0mc1f5617d-7100-4d6c-87c6-858ce45cecb8[1m}[0m[2m:[0m [2mbraze_engine::hooks[0m[2m:[0m prompt budget breakdown (PromptBudgetAuditHook) [3msystem_tokens_est[0m[2m=[0m293 [3mtools_tokens_est[0m[2m=[0m850 [3mhistory_tokens_est[0m[2m=[0m102 [3mtotal_tokens_est[0m[2m=[0m1246 [3mmessage_count[0m[2m=[0m5
[2m2026-07-11T12:37:38.634476Z[0m [32m INFO[0m [1mturn[0m[1m{[0m[3msession[0m[2m=[0mc1f5617d-7100-4d6c-87c6-858ce45cecb8[1m}[0m[2m:[0m [2mbraze_engine::hooks[0m[2m:[0m prompt budget breakdown (PromptBudgetAuditHook) [3msystem_tokens_est[0m[2m=[0m293 [3mtools_tokens_est[0m[2m=[0m850 [3mhistory_tokens_est[0m[2m=[0m149 [3mtotal_tokens_est[0m[2m=[0m1293 [3mmessage_count[0m[2m=[0m7
[2m2026-07-11T12:37:48.888375Z[0m [32m INFO[0m [1mturn[0m[1m{[0m[3msession[0m[2m=[0mc1f5617d-7100-4d6c-87c6-858ce45cecb8[1m}[0m[2m:[0m [2mbraze_engine::hooks[0m[2m:[0m prompt budget breakdown (PromptBudgetAuditHook) [3msystem_tokens_est[0m[2m=[0m293 [3mtools_tokens_est[0m[2m=[0m850 [3mhistory_tokens_est[0m[2m=[0m179 [3mtotal_tokens_est[0m[2m=[0m1323 [3mmessage_count[0m[2m=[0m9
[2m2026-07-11T12:38:01.558490Z[0m [32m INFO[0m [1mturn[0m[1m{[0m[3msession[0m[2m=[0mc1f5617d-7100-4d6c-87c6-858ce45cecb8[1m}[0m[2m:[0m [2mbraze_engine::hooks[0m[2m:[0m prompt budget breakdown (PromptBudgetAuditHook) [3msystem_tokens_est[0m[2m=[0m293 [3mtools_tokens_est[0m[2m=[0m850 [3mhistory_tokens_est[0m[2m=[0m242 [3mtotal_tokens_est[0m[2m=[0m1386 [3mmessage_count[0m[2m=[0m11
-> ollama:qwen3.5-coder :: error_recovery_edit_wrong_filename (rep 2/5)
[2m2026-07-11T12:38:08.794285Z[0m [32m INFO[0m [1mturn[0m[1m{[0m[3msession[0m[2m=[0mb3207f98-1513-4bd6-af79-4899241b4338[1m}[0m[2m:[0m [2mbraze_engine::hooks[0m[2m:[0m prompt budget breakdown (PromptBudgetAuditHook) [3msystem_tokens_est[0m[2m=[0m293 [3mtools_tokens_est[0m[2m=[0m850 [3mhistory_tokens_est[0m[2m=[0m40 [3mtotal_tokens_est[0m[2m=[0m1184 [3mmessage_count[0m[2m=[0m1
[2m2026-07-11T12:38:22.269673Z[0m [32m INFO[0m [1mturn[0m[1m{[0m[3msession[0m[2m=[0mb3207f98-1513-4bd6-af79-4899241b4338[1m}[0m[2m:[0m [2mbraze_engine::hooks[0m[2m:[0m prompt budget breakdown (PromptBudgetAuditHook) [3msystem_tokens_est[0m[2m=[0m293 [3mtools_tokens_est[0m[2m=[0m850 [3mhistory_tokens_est[0m[2m=[0m57 [3mtotal_tokens_est[0m[2m=[0m1200 [3mmessage_count[0m[2m=[0m3
[2m2026-07-11T12:38:25.717341Z[0m [32m INFO[0m [1mturn[0m[1m{[0m[3msession[0m[2m=[0mb3207f98-1513-4bd6-af79-4899241b4338[1m}[0m[2m:[0m [2mbraze_engine::hooks[0m[2m:[0m prompt budget breakdown (PromptBudgetAuditHook) [3msystem_tokens_est[0m[2m=[0m293 [3mtools_tokens_est[0m[2m=[0m850 [3mhistory_tokens_est[0m[2m=[0m84 [3mtotal_tokens_est[0m[2m=[0m1228 [3mmessage_count[0m[2m=[0m5
[2m2026-07-11T12:38:35.249769Z[0m [32m INFO[0m [1mturn[0m[1m{[0m[3msession[0m[2m=[0mb3207f98-1513-4bd6-af79-4899241b4338[1m}[0m[2m:[0m [2mbraze_engine::hooks[0m[2m:[0m prompt budget breakdown (PromptBudgetAuditHook) [3msystem_tokens_est[0m[2m=[0m293 [3mtools_tokens_est[0m[2m=[0m850 [3mhistory_tokens_est[0m[2m=[0m114 [3mtotal_tokens_est[0m[2m=[0m1258 [3mmessage_count[0m[2m=[0m7
[2m2026-07-11T12:38:47.971402Z[0m [32m INFO[0m [1mturn[0m[1m{[0m[3msession[0m[2m=[0mb3207f98-1513-4bd6-af79-4899241b4338[1m}[0m[2m:[0m [2mbraze_engine::hooks[0m[2m:[0m prompt budget breakdown (PromptBudgetAuditHook) [3msystem_tokens_est[0m[2m=[0m293 [3mtools_tokens_est[0m[2m=[0m850 [3mhistory_tokens_est[0m[2m=[0m177 [3mtotal_tokens_est[0m[2m=[0m1321 [3mmessage_count[0m[2m=[0m9
-> ollama:qwen3.5-coder :: error_recovery_edit_wrong_filename (rep 3/5)
[2m2026-07-11T12:38:55.234257Z[0m [32m INFO[0m [1mturn[0m[1m{[0m[3msession[0m[2m=[0m320f1e17-23f5-48e2-8ca4-f4fd16d0cbd5[1m}[0m[2m:[0m [2mbraze_engine::hooks[0m[2m:[0m prompt budget breakdown (PromptBudgetAuditHook) [3msystem_tokens_est[0m[2m=[0m293 [3mtools_tokens_est[0m[2m=[0m850 [3mhistory_tokens_est[0m[2m=[0m40 [3mtotal_tokens_est[0m[2m=[0m1184 [3mmessage_count[0m[2m=[0m1
[2m2026-07-11T12:39:09.050126Z[0m [32m INFO[0m [1mturn[0m[1m{[0m[3msession[0m[2m=[0m320f1e17-23f5-48e2-8ca4-f4fd16d0cbd5[1m}[0m[2m:[0m [2mbraze_engine::hooks[0m[2m:[0m prompt budget breakdown (PromptBudgetAuditHook) [3msystem_tokens_est[0m[2m=[0m293 [3mtools_tokens_est[0m[2m=[0m850 [3mhistory_tokens_est[0m[2m=[0m71 [3mtotal_tokens_est[0m[2m=[0m1215 [3mmessage_count[0m[2m=[0m3
[2m2026-07-11T12:39:15.901610Z[0m [32m INFO[0m [1mturn[0m[1m{[0m[3msession[0m[2m=[0m320f1e17-23f5-48e2-8ca4-f4fd16d0cbd5[1m}[0m[2m:[0m [2mbraze_engine::hooks[0m[2m:[0m prompt budget breakdown (PromptBudgetAuditHook) [3msystem_tokens_est[0m[2m=[0m293 [3mtools_tokens_est[0m[2m=[0m850 [3mhistory_tokens_est[0m[2m=[0m102 [3mtotal_tokens_est[0m[2m=[0m1246 [3mmessage_count[0m[2m=[0m5
[2m2026-07-11T12:39:24.315328Z[0m [32m INFO[0m [1mturn[0m[1m{[0m[3msession[0m[2m=[0m320f1e17-23f5-48e2-8ca4-f4fd16d0cbd5[1m}[0m[2m:[0m [2mbraze_engine::hooks[0m[2m:[0m prompt budget breakdown (PromptBudgetAuditHook) [3msystem_tokens_est[0m[2m=[0m293 [3mtools_tokens_est[0m[2m=[0m850 [3mhistory_tokens_est[0m[2m=[0m149 [3mtotal_tokens_est[0m[2m=[0m1293 [3mmessage_count[0m[2m=[0m7
[2m2026-07-11T12:39:34.709292Z[0m [32m INFO[0m [1mturn[0m[1m{[0m[3msession[0m[2m=[0m320f1e17-23f5-48e2-8ca4-f4fd16d0cbd5[1m}[0m[2m:[0m [2mbraze_engine::hooks[0m[2m:[0m prompt budget breakdown (PromptBudgetAuditHook) [3msystem_tokens_est[0m[2m=[0m293 [3mtools_tokens_est[0m[2m=[0m850 [3mhistory_tokens_est[0m[2m=[0m179 [3mtotal_tokens_est[0m[2m=[0m1323 [3mmessage_count[0m[2m=[0m9
[2m2026-07-11T12:39:47.174220Z[0m [32m INFO[0m [1mturn[0m[1m{[0m[3msession[0m[2m=[0m320f1e17-23f5-48e2-8ca4-f4fd16d0cbd5[1m}[0m[2m:[0m [2mbraze_engine::hooks[0m[2m:[0m prompt budget breakdown (PromptBudgetAuditHook) [3msystem_tokens_est[0m[2m=[0m293 [3mtools_tokens_est[0m[2m=[0m850 [3mhistory_tokens_est[0m[2m=[0m242 [3mtotal_tokens_est[0m[2m=[0m1386 [3mmessage_count[0m[2m=[0m11
[2m2026-07-11T12:39:50.985020Z[0m [33m WARN[0m [1mturn[0m[1m{[0m[3msession[0m[2m=[0m320f1e17-23f5-48e2-8ca4-f4fd16d0cbd5[1m}[0m[2m:[0m [2mbraze_engine::engine[0m[2m:[0m round produced neither text nor a tool call after this turn already dispatched at least one; attempting a tools-free summary round instead of discarding that progress [3mround[0m[2m=[0m5
-> ollama:qwen3.5-coder :: error_recovery_edit_wrong_filename (rep 4/5)
[2m2026-07-11T12:39:56.993863Z[0m [32m INFO[0m [1mturn[0m[1m{[0m[3msession[0m[2m=[0m09c8980f-24c0-4218-a7f2-ea792c67d48c[1m}[0m[2m:[0m [2mbraze_engine::hooks[0m[2m:[0m prompt budget breakdown (PromptBudgetAuditHook) [3msystem_tokens_est[0m[2m=[0m293 [3mtools_tokens_est[0m[2m=[0m850 [3mhistory_tokens_est[0m[2m=[0m40 [3mtotal_tokens_est[0m[2m=[0m1184 [3mmessage_count[0m[2m=[0m1
[2m2026-07-11T12:40:11.333982Z[0m [32m INFO[0m [1mturn[0m[1m{[0m[3msession[0m[2m=[0m09c8980f-24c0-4218-a7f2-ea792c67d48c[1m}[0m[2m:[0m [2mbraze_engine::hooks[0m[2m:[0m prompt budget breakdown (PromptBudgetAuditHook) [3msystem_tokens_est[0m[2m=[0m293 [3mtools_tokens_est[0m[2m=[0m850 [3mhistory_tokens_est[0m[2m=[0m71 [3mtotal_tokens_est[0m[2m=[0m1215 [3mmessage_count[0m[2m=[0m3
[2m2026-07-11T12:40:20.639049Z[0m [32m INFO[0m [1mturn[0m[1m{[0m[3msession[0m[2m=[0m09c8980f-24c0-4218-a7f2-ea792c67d48c[1m}[0m[2m:[0m [2mbraze_engine::hooks[0m[2m:[0m prompt budget breakdown (PromptBudgetAuditHook) [3msystem_tokens_est[0m[2m=[0m293 [3mtools_tokens_est[0m[2m=[0m850 [3mhistory_tokens_est[0m[2m=[0m118 [3mtotal_tokens_est[0m[2m=[0m1262 [3mmessage_count[0m[2m=[0m5
[2m2026-07-11T12:40:31.008276Z[0m [32m INFO[0m [1mturn[0m[1m{[0m[3msession[0m[2m=[0m09c8980f-24c0-4218-a7f2-ea792c67d48c[1m}[0m[2m:[0m [2mbraze_engine::hooks[0m[2m:[0m prompt budget breakdown (PromptBudgetAuditHook) [3msystem_tokens_est[0m[2m=[0m293 [3mtools_tokens_est[0m[2m=[0m850 [3mhistory_tokens_est[0m[2m=[0m148 [3mtotal_tokens_est[0m[2m=[0m1291 [3mmessage_count[0m[2m=[0m7
[2m2026-07-11T12:40:43.298022Z[0m [32m INFO[0m [1mturn[0m[1m{[0m[3msession[0m[2m=[0m09c8980f-24c0-4218-a7f2-ea792c67d48c[1m}[0m[2m:[0m [2mbraze_engine::hooks[0m[2m:[0m prompt budget breakdown (PromptBudgetAuditHook) [3msystem_tokens_est[0m[2m=[0m293 [3mtools_tokens_est[0m[2m=[0m850 [3mhistory_tokens_est[0m[2m=[0m211 [3mtotal_tokens_est[0m[2m=[0m1355 [3mmessage_count[0m[2m=[0m9
-> ollama:qwen3.5-coder :: error_recovery_edit_wrong_filename (rep 5/5)
[2m2026-07-11T12:40:50.564419Z[0m [32m INFO[0m [1mturn[0m[1m{[0m[3msession[0m[2m=[0m1a8fff69-4e45-4464-9e2f-f5a2759d588c[1m}[0m[2m:[0m [2mbraze_engine::hooks[0m[2m:[0m prompt budget breakdown (PromptBudgetAuditHook) [3msystem_tokens_est[0m[2m=[0m293 [3mtools_tokens_est[0m[2m=[0m850 [3mhistory_tokens_est[0m[2m=[0m40 [3mtotal_tokens_est[0m[2m=[0m1184 [3mmessage_count[0m[2m=[0m1
[2m2026-07-11T12:41:05.048894Z[0m [32m INFO[0m [1mturn[0m[1m{[0m[3msession[0m[2m=[0m1a8fff69-4e45-4464-9e2f-f5a2759d588c[1m}[0m[2m:[0m [2mbraze_engine::hooks[0m[2m:[0m prompt budget breakdown (PromptBudgetAuditHook) [3msystem_tokens_est[0m[2m=[0m293 [3mtools_tokens_est[0m[2m=[0m850 [3mhistory_tokens_est[0m[2m=[0m71 [3mtotal_tokens_est[0m[2m=[0m1215 [3mmessage_count[0m[2m=[0m3
[2m2026-07-11T12:41:15.002977Z[0m [32m INFO[0m [1mturn[0m[1m{[0m[3msession[0m[2m=[0m1a8fff69-4e45-4464-9e2f-f5a2759d588c[1m}[0m[2m:[0m [2mbraze_engine::hooks[0m[2m:[0m prompt budget breakdown (PromptBudgetAuditHook) [3msystem_tokens_est[0m[2m=[0m293 [3mtools_tokens_est[0m[2m=[0m850 [3mhistory_tokens_est[0m[2m=[0m118 [3mtotal_tokens_est[0m[2m=[0m1262 [3mmessage_count[0m[2m=[0m5
[2m2026-07-11T12:41:21.376849Z[0m [32m INFO[0m [1mturn[0m[1m{[0m[3msession[0m[2m=[0m1a8fff69-4e45-4464-9e2f-f5a2759d588c[1m}[0m[2m:[0m [2mbraze_engine::hooks[0m[2m:[0m prompt budget breakdown (PromptBudgetAuditHook) [3msystem_tokens_est[0m[2m=[0m293 [3mtools_tokens_est[0m[2m=[0m850 [3mhistory_tokens_est[0m[2m=[0m148 [3mtotal_tokens_est[0m[2m=[0m1291 [3mmessage_count[0m[2m=[0m7
[2m2026-07-11T12:41:34.504307Z[0m [32m INFO[0m [1mturn[0m[1m{[0m[3msession[0m[2m=[0m1a8fff69-4e45-4464-9e2f-f5a2759d588c[1m}[0m[2m:[0m [2mbraze_engine::hooks[0m[2m:[0m prompt budget breakdown (PromptBudgetAuditHook) [3msystem_tokens_est[0m[2m=[0m293 [3mtools_tokens_est[0m[2m=[0m850 [3mhistory_tokens_est[0m[2m=[0m211 [3mtotal_tokens_est[0m[2m=[0m1355 [3mmessage_count[0m[2m=[0m9
[2m2026-07-11T12:41:38.951527Z[0m [33m WARN[0m [1mturn[0m[1m{[0m[3msession[0m[2m=[0m1a8fff69-4e45-4464-9e2f-f5a2759d588c[1m}[0m[2m:[0m [2mbraze_engine::engine[0m[2m:[0m round produced neither text nor a tool call after this turn already dispatched at least one; attempting a tools-free summary round instead of discarding that progress [3mround[0m[2m=[0m4
-> ollama:qwen3.5-coder :: distractor_selection_log_with_error (rep 1/5)
[2m2026-07-11T12:41:45.051483Z[0m [32m INFO[0m [1mturn[0m[1m{[0m[3msession[0m[2m=[0m03fdb687-0b33-4adb-8b24-30f727fa9619[1m}[0m[2m:[0m [2mbraze_engine::hooks[0m[2m:[0m prompt budget breakdown (PromptBudgetAuditHook) [3msystem_tokens_est[0m[2m=[0m293 [3mtools_tokens_est[0m[2m=[0m850 [3mhistory_tokens_est[0m[2m=[0m32 [3mtotal_tokens_est[0m[2m=[0m1176 [3mmessage_count[0m[2m=[0m1
[2m2026-07-11T12:41:55.613520Z[0m [32m INFO[0m [1mturn[0m[1m{[0m[3msession[0m[2m=[0m03fdb687-0b33-4adb-8b24-30f727fa9619[1m}[0m[2m:[0m [2mbraze_engine::hooks[0m[2m:[0m prompt budget breakdown (PromptBudgetAuditHook) [3msystem_tokens_est[0m[2m=[0m293 [3mtools_tokens_est[0m[2m=[0m850 [3mhistory_tokens_est[0m[2m=[0m104 [3mtotal_tokens_est[0m[2m=[0m1248 [3mmessage_count[0m[2m=[0m3
[2m2026-07-11T12:42:04.180256Z[0m [32m INFO[0m [1mturn[0m[1m{[0m[3msession[0m[2m=[0m03fdb687-0b33-4adb-8b24-30f727fa9619[1m}[0m[2m:[0m [2mbraze_engine::hooks[0m[2m:[0m prompt budget breakdown (PromptBudgetAuditHook) [3msystem_tokens_est[0m[2m=[0m293 [3mtools_tokens_est[0m[2m=[0m850 [3mhistory_tokens_est[0m[2m=[0m163 [3mtotal_tokens_est[0m[2m=[0m1307 [3mmessage_count[0m[2m=[0m5
[2m2026-07-11T12:42:11.973101Z[0m [32m INFO[0m [1mturn[0m[1m{[0m[3msession[0m[2m=[0m03fdb687-0b33-4adb-8b24-30f727fa9619[1m}[0m[2m:[0m [2mbraze_engine::hooks[0m[2m:[0m prompt budget breakdown (PromptBudgetAuditHook) [3msystem_tokens_est[0m[2m=[0m293 [3mtools_tokens_est[0m[2m=[0m850 [3mhistory_tokens_est[0m[2m=[0m200 [3mtotal_tokens_est[0m[2m=[0m1344 [3mmessage_count[0m[2m=[0m7
-> ollama:qwen3.5-coder :: distractor_selection_log_with_error (rep 2/5)
[2m2026-07-11T12:42:16.299438Z[0m [32m INFO[0m [1mturn[0m[1m{[0m[3msession[0m[2m=[0mebfce18c-be0b-4a80-9fbe-5c96c7aaa379[1m}[0m[2m:[0m [2mbraze_engine::hooks[0m[2m:[0m prompt budget breakdown (PromptBudgetAuditHook) [3msystem_tokens_est[0m[2m=[0m293 [3mtools_tokens_est[0m[2m=[0m850 [3mhistory_tokens_est[0m[2m=[0m32 [3mtotal_tokens_est[0m[2m=[0m1176 [3mmessage_count[0m[2m=[0m1
[2m2026-07-11T12:42:26.671368Z[0m [32m INFO[0m [1mturn[0m[1m{[0m[3msession[0m[2m=[0mebfce18c-be0b-4a80-9fbe-5c96c7aaa379[1m}[0m[2m:[0m [2mbraze_engine::hooks[0m[2m:[0m prompt budget breakdown (PromptBudgetAuditHook) [3msystem_tokens_est[0m[2m=[0m293 [3mtools_tokens_est[0m[2m=[0m850 [3mhistory_tokens_est[0m[2m=[0m104 [3mtotal_tokens_est[0m[2m=[0m1248 [3mmessage_count[0m[2m=[0m3
[2m2026-07-11T12:42:35.134207Z[0m [32m INFO[0m [1mturn[0m[1m{[0m[3msession[0m[2m=[0mebfce18c-be0b-4a80-9fbe-5c96c7aaa379[1m}[0m[2m:[0m [2mbraze_engine::hooks[0m[2m:[0m prompt budget breakdown (PromptBudgetAuditHook) [3msystem_tokens_est[0m[2m=[0m293 [3mtools_tokens_est[0m[2m=[0m850 [3mhistory_tokens_est[0m[2m=[0m163 [3mtotal_tokens_est[0m[2m=[0m1307 [3mmessage_count[0m[2m=[0m5
[2m2026-07-11T12:42:42.932572Z[0m [32m INFO[0m [1mturn[0m[1m{[0m[3msession[0m[2m=[0mebfce18c-be0b-4a80-9fbe-5c96c7aaa379[1m}[0m[2m:[0m [2mbraze_engine::hooks[0m[2m:[0m prompt budget breakdown (PromptBudgetAuditHook) [3msystem_tokens_est[0m[2m=[0m293 [3mtools_tokens_est[0m[2m=[0m850 [3mhistory_tokens_est[0m[2m=[0m200 [3mtotal_tokens_est[0m[2m=[0m1344 [3mmessage_count[0m[2m=[0m7
-> ollama:qwen3.5-coder :: distractor_selection_log_with_error (rep 3/5)
[2m2026-07-11T12:42:47.383159Z[0m [32m INFO[0m [1mturn[0m[1m{[0m[3msession[0m[2m=[0m974bba85-3b55-4a0b-b32a-0ee68c66b758[1m}[0m[2m:[0m [2mbraze_engine::hooks[0m[2m:[0m prompt budget breakdown (PromptBudgetAuditHook) [3msystem_tokens_est[0m[2m=[0m293 [3mtools_tokens_est[0m[2m=[0m850 [3mhistory_tokens_est[0m[2m=[0m32 [3mtotal_tokens_est[0m[2m=[0m1176 [3mmessage_count[0m[2m=[0m1
[2m2026-07-11T12:43:03.003573Z[0m [32m INFO[0m [1mturn[0m[1m{[0m[3msession[0m[2m=[0m974bba85-3b55-4a0b-b32a-0ee68c66b758[1m}[0m[2m:[0m [2mbraze_engine::hooks[0m[2m:[0m prompt budget breakdown (PromptBudgetAuditHook) [3msystem_tokens_est[0m[2m=[0m293 [3mtools_tokens_est[0m[2m=[0m850 [3mhistory_tokens_est[0m[2m=[0m91 [3mtotal_tokens_est[0m[2m=[0m1235 [3mmessage_count[0m[2m=[0m3
[2m2026-07-11T12:43:11.615200Z[0m [32m INFO[0m [1mturn[0m[1m{[0m[3msession[0m[2m=[0m974bba85-3b55-4a0b-b32a-0ee68c66b758[1m}[0m[2m:[0m [2mbraze_engine::hooks[0m[2m:[0m prompt budget breakdown (PromptBudgetAuditHook) [3msystem_tokens_est[0m[2m=[0m293 [3mtools_tokens_est[0m[2m=[0m850 [3mhistory_tokens_est[0m[2m=[0m122 [3mtotal_tokens_est[0m[2m=[0m1266 [3mmessage_count[0m[2m=[0m5
[2m2026-07-11T12:43:30.967379Z[0m [32m INFO[0m [1mturn[0m[1m{[0m[3msession[0m[2m=[0m974bba85-3b55-4a0b-b32a-0ee68c66b758[1m}[0m[2m:[0m [2mbraze_engine::hooks[0m[2m:[0m prompt budget breakdown (PromptBudgetAuditHook) [3msystem_tokens_est[0m[2m=[0m293 [3mtools_tokens_est[0m[2m=[0m850 [3mhistory_tokens_est[0m[2m=[0m212 [3mtotal_tokens_est[0m[2m=[0m1356 [3mmessage_count[0m[2m=[0m7
[2m2026-07-11T12:43:38.659614Z[0m [32m INFO[0m [1mturn[0m[1m{[0m[3msession[0m[2m=[0m974bba85-3b55-4a0b-b32a-0ee68c66b758[1m}[0m[2m:[0m [2mbraze_engine::hooks[0m[2m:[0m prompt budget breakdown (PromptBudgetAuditHook) [3msystem_tokens_est[0m[2m=[0m293 [3mtools_tokens_est[0m[2m=[0m850 [3mhistory_tokens_est[0m[2m=[0m249 [3mtotal_tokens_est[0m[2m=[0m1393 [3mmessage_count[0m[2m=[0m9
-> ollama:qwen3.5-coder :: distractor_selection_log_with_error (rep 4/5)
[2m2026-07-11T12:43:44.850635Z[0m [32m INFO[0m [1mturn[0m[1m{[0m[3msession[0m[2m=[0me23d12bf-1f51-4159-8a33-4994c36a57fb[1m}[0m[2m:[0m [2mbraze_engine::hooks[0m[2m:[0m prompt budget breakdown (PromptBudgetAuditHook) [3msystem_tokens_est[0m[2m=[0m293 [3mtools_tokens_est[0m[2m=[0m850 [3mhistory_tokens_est[0m[2m=[0m32 [3mtotal_tokens_est[0m[2m=[0m1176 [3mmessage_count[0m[2m=[0m1
[2m2026-07-11T12:44:01.525687Z[0m [32m INFO[0m [1mturn[0m[1m{[0m[3msession[0m[2m=[0me23d12bf-1f51-4159-8a33-4994c36a57fb[1m}[0m[2m:[0m [2mbraze_engine::hooks[0m[2m:[0m prompt budget breakdown (PromptBudgetAuditHook) [3msystem_tokens_est[0m[2m=[0m293 [3mtools_tokens_est[0m[2m=[0m850 [3mhistory_tokens_est[0m[2m=[0m71 [3mtotal_tokens_est[0m[2m=[0m1215 [3mmessage_count[0m[2m=[0m3
[2m2026-07-11T12:44:11.252806Z[0m [32m INFO[0m [1mturn[0m[1m{[0m[3msession[0m[2m=[0me23d12bf-1f51-4159-8a33-4994c36a57fb[1m}[0m[2m:[0m [2mbraze_engine::hooks[0m[2m:[0m prompt budget breakdown (PromptBudgetAuditHook) [3msystem_tokens_est[0m[2m=[0m293 [3mtools_tokens_est[0m[2m=[0m850 [3mhistory_tokens_est[0m[2m=[0m130 [3mtotal_tokens_est[0m[2m=[0m1274 [3mmessage_count[0m[2m=[0m5
[2m2026-07-11T12:44:19.873039Z[0m [32m INFO[0m [1mturn[0m[1m{[0m[3msession[0m[2m=[0me23d12bf-1f51-4159-8a33-4994c36a57fb[1m}[0m[2m:[0m [2mbraze_engine::hooks[0m[2m:[0m prompt budget breakdown (PromptBudgetAuditHook) [3msystem_tokens_est[0m[2m=[0m293 [3mtools_tokens_est[0m[2m=[0m850 [3mhistory_tokens_est[0m[2m=[0m221 [3mtotal_tokens_est[0m[2m=[0m1365 [3mmessage_count[0m[2m=[0m7
[2m2026-07-11T12:44:27.523767Z[0m [32m INFO[0m [1mturn[0m[1m{[0m[3msession[0m[2m=[0me23d12bf-1f51-4159-8a33-4994c36a57fb[1m}[0m[2m:[0m [2mbraze_engine::hooks[0m[2m:[0m prompt budget breakdown (PromptBudgetAuditHook) [3msystem_tokens_est[0m[2m=[0m293 [3mtools_tokens_est[0m[2m=[0m850 [3mhistory_tokens_est[0m[2m=[0m258 [3mtotal_tokens_est[0m[2m=[0m1402 [3mmessage_count[0m[2m=[0m9
-> ollama:qwen3.5-coder :: distractor_selection_log_with_error (rep 5/5)
[2m2026-07-11T12:44:32.563076Z[0m [32m INFO[0m [1mturn[0m[1m{[0m[3msession[0m[2m=[0m15685f5c-767f-4d81-9793-586967c3ae9c[1m}[0m[2m:[0m [2mbraze_engine::hooks[0m[2m:[0m prompt budget breakdown (PromptBudgetAuditHook) [3msystem_tokens_est[0m[2m=[0m293 [3mtools_tokens_est[0m[2m=[0m850 [3mhistory_tokens_est[0m[2m=[0m32 [3mtotal_tokens_est[0m[2m=[0m1176 [3mmessage_count[0m[2m=[0m1
[2m2026-07-11T12:44:43.832737Z[0m [32m INFO[0m [1mturn[0m[1m{[0m[3msession[0m[2m=[0m15685f5c-767f-4d81-9793-586967c3ae9c[1m}[0m[2m:[0m [2mbraze_engine::hooks[0m[2m:[0m prompt budget breakdown (PromptBudgetAuditHook) [3msystem_tokens_est[0m[2m=[0m293 [3mtools_tokens_est[0m[2m=[0m850 [3mhistory_tokens_est[0m[2m=[0m104 [3mtotal_tokens_est[0m[2m=[0m1248 [3mmessage_count[0m[2m=[0m3
[2m2026-07-11T12:44:52.364748Z[0m [32m INFO[0m [1mturn[0m[1m{[0m[3msession[0m[2m=[0m15685f5c-767f-4d81-9793-586967c3ae9c[1m}[0m[2m:[0m [2mbraze_engine::hooks[0m[2m:[0m prompt budget breakdown (PromptBudgetAuditHook) [3msystem_tokens_est[0m[2m=[0m293 [3mtools_tokens_est[0m[2m=[0m850 [3mhistory_tokens_est[0m[2m=[0m163 [3mtotal_tokens_est[0m[2m=[0m1307 [3mmessage_count[0m[2m=[0m5
[2m2026-07-11T12:45:00.126869Z[0m [32m INFO[0m [1mturn[0m[1m{[0m[3msession[0m[2m=[0m15685f5c-767f-4d81-9793-586967c3ae9c[1m}[0m[2m:[0m [2mbraze_engine::hooks[0m[2m:[0m prompt budget breakdown (PromptBudgetAuditHook) [3msystem_tokens_est[0m[2m=[0m293 [3mtools_tokens_est[0m[2m=[0m850 [3mhistory_tokens_est[0m[2m=[0m200 [3mtotal_tokens_est[0m[2m=[0m1344 [3mmessage_count[0m[2m=[0m7
[2m2026-07-11T12:45:07.710322Z[0m [32m INFO[0m [1mturn[0m[1m{[0m[3msession[0m[2m=[0m15685f5c-767f-4d81-9793-586967c3ae9c[1m}[0m[2m:[0m [2mbraze_engine::hooks[0m[2m:[0m prompt budget breakdown (PromptBudgetAuditHook) [3msystem_tokens_est[0m[2m=[0m293 [3mtools_tokens_est[0m[2m=[0m850 [3mhistory_tokens_est[0m[2m=[0m234 [3mtotal_tokens_est[0m[2m=[0m1378 [3mmessage_count[0m[2m=[0m9
[2m2026-07-11T12:45:14.948163Z[0m [32m INFO[0m [1mturn[0m[1m{[0m[3msession[0m[2m=[0m15685f5c-767f-4d81-9793-586967c3ae9c[1m}[0m[2m:[0m [2mbraze_engine::hooks[0m[2m:[0m prompt budget breakdown (PromptBudgetAuditHook) [3msystem_tokens_est[0m[2m=[0m293 [3mtools_tokens_est[0m[2m=[0m850 [3mhistory_tokens_est[0m[2m=[0m267 [3mtotal_tokens_est[0m[2m=[0m1411 [3mmessage_count[0m[2m=[0m11
[2m2026-07-11T12:45:22.892333Z[0m [33m WARN[0m [1mturn[0m[1m{[0m[3msession[0m[2m=[0m15685f5c-767f-4d81-9793-586967c3ae9c[1m}[0m[2m:[0m [2mbraze_engine::engine[0m[2m:[0m model repeated an identical tool call this turn; nudging instead of re-dispatching [3mtool[0m[2m=[0mread_file
[2m2026-07-11T12:45:22.894598Z[0m [32m INFO[0m [1mturn[0m[1m{[0m[3msession[0m[2m=[0m15685f5c-767f-4d81-9793-586967c3ae9c[1m}[0m[2m:[0m [2mbraze_engine::hooks[0m[2m:[0m prompt budget breakdown (PromptBudgetAuditHook) [3msystem_tokens_est[0m[2m=[0m293 [3mtools_tokens_est[0m[2m=[0m850 [3mhistory_tokens_est[0m[2m=[0m344 [3mtotal_tokens_est[0m[2m=[0m1488 [3mmessage_count[0m[2m=[0m13
[2m2026-07-11T12:45:33.349337Z[0m [33m WARN[0m [1mturn[0m[1m{[0m[3msession[0m[2m=[0m15685f5c-767f-4d81-9793-586967c3ae9c[1m}[0m[2m:[0m [2mbraze_engine::engine[0m[2m:[0m round produced neither text nor a tool call after this turn already dispatched at least one; attempting a tools-free summary round instead of discarding that progress [3mround[0m[2m=[0m6
-> ollama:qwen3.5-coder :: distractor_selection_debug_config (rep 1/5)
[2m2026-07-11T12:45:41.194369Z[0m [32m INFO[0m [1mturn[0m[1m{[0m[3msession[0m[2m=[0m6a9b1ddb-3608-48d8-bff6-e42f48429af3[1m}[0m[2m:[0m [2mbraze_engine::hooks[0m[2m:[0m prompt budget breakdown (PromptBudgetAuditHook) [3msystem_tokens_est[0m[2m=[0m292 [3mtools_tokens_est[0m[2m=[0m850 [3mhistory_tokens_est[0m[2m=[0m28 [3mtotal_tokens_est[0m[2m=[0m1171 [3mmessage_count[0m[2m=[0m1
[2m2026-07-11T12:45:51.609876Z[0m [32m INFO[0m [1mturn[0m[1m{[0m[3msession[0m[2m=[0m6a9b1ddb-3608-48d8-bff6-e42f48429af3[1m}[0m[2m:[0m [2mbraze_engine::hooks[0m[2m:[0m prompt budget breakdown (PromptBudgetAuditHook) [3msystem_tokens_est[0m[2m=[0m292 [3mtools_tokens_est[0m[2m=[0m850 [3mhistory_tokens_est[0m[2m=[0m101 [3mtotal_tokens_est[0m[2m=[0m1244 [3mmessage_count[0m[2m=[0m3
[2m2026-07-11T12:45:58.405619Z[0m [32m INFO[0m [1mturn[0m[1m{[0m[3msession[0m[2m=[0m6a9b1ddb-3608-48d8-bff6-e42f48429af3[1m}[0m[2m:[0m [2mbraze_engine::hooks[0m[2m:[0m prompt budget breakdown (PromptBudgetAuditHook) [3msystem_tokens_est[0m[2m=[0m292 [3mtools_tokens_est[0m[2m=[0m850 [3mhistory_tokens_est[0m[2m=[0m118 [3mtotal_tokens_est[0m[2m=[0m1261 [3mmessage_count[0m[2m=[0m5
[2m2026-07-11T12:46:09.559738Z[0m [32m INFO[0m [1mturn[0m[1m{[0m[3msession[0m[2m=[0m6a9b1ddb-3608-48d8-bff6-e42f48429af3[1m}[0m[2m:[0m [2mbraze_engine::hooks[0m[2m:[0m prompt budget breakdown (PromptBudgetAuditHook) [3msystem_tokens_est[0m[2m=[0m292 [3mtools_tokens_est[0m[2m=[0m850 [3mhistory_tokens_est[0m[2m=[0m160 [3mtotal_tokens_est[0m[2m=[0m1303 [3mmessage_count[0m[2m=[0m7
-> ollama:qwen3.5-coder :: distractor_selection_debug_config (rep 2/5)
[2m2026-07-11T12:46:15.584282Z[0m [32m INFO[0m [1mturn[0m[1m{[0m[3msession[0m[2m=[0m14f4afea-a32b-4bc5-a2ca-80fa8a61ddb8[1m}[0m[2m:[0m [2mbraze_engine::hooks[0m[2m:[0m prompt budget breakdown (PromptBudgetAuditHook) [3msystem_tokens_est[0m[2m=[0m292 [3mtools_tokens_est[0m[2m=[0m850 [3mhistory_tokens_est[0m[2m=[0m28 [3mtotal_tokens_est[0m[2m=[0m1171 [3mmessage_count[0m[2m=[0m1
[2m2026-07-11T12:46:25.559091Z[0m [32m INFO[0m [1mturn[0m[1m{[0m[3msession[0m[2m=[0m14f4afea-a32b-4bc5-a2ca-80fa8a61ddb8[1m}[0m[2m:[0m [2mbraze_engine::hooks[0m[2m:[0m prompt budget breakdown (PromptBudgetAuditHook) [3msystem_tokens_est[0m[2m=[0m292 [3mtools_tokens_est[0m[2m=[0m850 [3mhistory_tokens_est[0m[2m=[0m101 [3mtotal_tokens_est[0m[2m=[0m1244 [3mmessage_count[0m[2m=[0m3
[2m2026-07-11T12:46:31.592849Z[0m [32m INFO[0m [1mturn[0m[1m{[0m[3msession[0m[2m=[0m14f4afea-a32b-4bc5-a2ca-80fa8a61ddb8[1m}[0m[2m:[0m [2mbraze_engine::hooks[0m[2m:[0m prompt budget breakdown (PromptBudgetAuditHook) [3msystem_tokens_est[0m[2m=[0m292 [3mtools_tokens_est[0m[2m=[0m850 [3mhistory_tokens_est[0m[2m=[0m136 [3mtotal_tokens_est[0m[2m=[0m1279 [3mmessage_count[0m[2m=[0m5
[2m2026-07-11T12:46:39.193752Z[0m [32m INFO[0m [1mturn[0m[1m{[0m[3msession[0m[2m=[0m14f4afea-a32b-4bc5-a2ca-80fa8a61ddb8[1m}[0m[2m:[0m [2mbraze_engine::hooks[0m[2m:[0m prompt budget breakdown (PromptBudgetAuditHook) [3msystem_tokens_est[0m[2m=[0m292 [3mtools_tokens_est[0m[2m=[0m850 [3mhistory_tokens_est[0m[2m=[0m167 [3mtotal_tokens_est[0m[2m=[0m1311 [3mmessage_count[0m[2m=[0m7
-> ollama:qwen3.5-coder :: distractor_selection_debug_config (rep 3/5)
[2m2026-07-11T12:46:44.061580Z[0m [32m INFO[0m [1mturn[0m[1m{[0m[3msession[0m[2m=[0mf35fc1cc-cc3a-457f-bc9b-80bc12bd12db[1m}[0m[2m:[0m [2mbraze_engine::hooks[0m[2m:[0m prompt budget breakdown (PromptBudgetAuditHook) [3msystem_tokens_est[0m[2m=[0m292 [3mtools_tokens_est[0m[2m=[0m850 [3mhistory_tokens_est[0m[2m=[0m28 [3mtotal_tokens_est[0m[2m=[0m1171 [3mmessage_count[0m[2m=[0m1
[2m2026-07-11T12:46:58.143326Z[0m [32m INFO[0m [1mturn[0m[1m{[0m[3msession[0m[2m=[0mf35fc1cc-cc3a-457f-bc9b-80bc12bd12db[1m}[0m[2m:[0m [2mbraze_engine::hooks[0m[2m:[0m prompt budget breakdown (PromptBudgetAuditHook) [3msystem_tokens_est[0m[2m=[0m292 [3mtools_tokens_est[0m[2m=[0m850 [3mhistory_tokens_est[0m[2m=[0m80 [3mtotal_tokens_est[0m[2m=[0m1223 [3mmessage_count[0m[2m=[0m3
[2m2026-07-11T12:47:05.492292Z[0m [32m INFO[0m [1mturn[0m[1m{[0m[3msession[0m[2m=[0mf35fc1cc-cc3a-457f-bc9b-80bc12bd12db[1m}[0m[2m:[0m [2mbraze_engine::hooks[0m[2m:[0m prompt budget breakdown (PromptBudgetAuditHook) [3msystem_tokens_est[0m[2m=[0m292 [3mtools_tokens_est[0m[2m=[0m850 [3mhistory_tokens_est[0m[2m=[0m111 [3mtotal_tokens_est[0m[2m=[0m1255 [3mmessage_count[0m[2m=[0m5
-> ollama:qwen3.5-coder :: distractor_selection_debug_config (rep 4/5)
[2m2026-07-11T12:47:11.708450Z[0m [32m INFO[0m [1mturn[0m[1m{[0m[3msession[0m[2m=[0mdd3a333b-a7fc-43d7-910d-c6849098bbc0[1m}[0m[2m:[0m [2mbraze_engine::hooks[0m[2m:[0m prompt budget breakdown (PromptBudgetAuditHook) [3msystem_tokens_est[0m[2m=[0m292 [3mtools_tokens_est[0m[2m=[0m850 [3mhistory_tokens_est[0m[2m=[0m28 [3mtotal_tokens_est[0m[2m=[0m1171 [3mmessage_count[0m[2m=[0m1
[2m2026-07-11T12:47:25.931916Z[0m [32m INFO[0m [1mturn[0m[1m{[0m[3msession[0m[2m=[0mdd3a333b-a7fc-43d7-910d-c6849098bbc0[1m}[0m[2m:[0m [2mbraze_engine::hooks[0m[2m:[0m prompt budget breakdown (PromptBudgetAuditHook) [3msystem_tokens_est[0m[2m=[0m292 [3mtools_tokens_est[0m[2m=[0m850 [3mhistory_tokens_est[0m[2m=[0m80 [3mtotal_tokens_est[0m[2m=[0m1223 [3mmessage_count[0m[2m=[0m3
-> ollama:qwen3.5-coder :: distractor_selection_debug_config (rep 5/5)
[2m2026-07-11T12:47:33.671801Z[0m [32m INFO[0m [1mturn[0m[1m{[0m[3msession[0m[2m=[0mc7f83166-18ef-4f35-bc83-1d8799affd9c[1m}[0m[2m:[0m [2mbraze_engine::hooks[0m[2m:[0m prompt budget breakdown (PromptBudgetAuditHook) [3msystem_tokens_est[0m[2m=[0m292 [3mtools_tokens_est[0m[2m=[0m850 [3mhistory_tokens_est[0m[2m=[0m28 [3mtotal_tokens_est[0m[2m=[0m1171 [3mmessage_count[0m[2m=[0m1
[2m2026-07-11T12:47:47.108649Z[0m [32m INFO[0m [1mturn[0m[1m{[0m[3msession[0m[2m=[0mc7f83166-18ef-4f35-bc83-1d8799affd9c[1m}[0m[2m:[0m [2mbraze_engine::hooks[0m[2m:[0m prompt budget breakdown (PromptBudgetAuditHook) [3msystem_tokens_est[0m[2m=[0m292 [3mtools_tokens_est[0m[2m=[0m850 [3mhistory_tokens_est[0m[2m=[0m45 [3mtotal_tokens_est[0m[2m=[0m1189 [3mmessage_count[0m[2m=[0m3
[2m2026-07-11T12:47:50.496664Z[0m [32m INFO[0m [1mturn[0m[1m{[0m[3msession[0m[2m=[0mc7f83166-18ef-4f35-bc83-1d8799affd9c[1m}[0m[2m:[0m [2mbraze_engine::hooks[0m[2m:[0m prompt budget breakdown (PromptBudgetAuditHook) [3msystem_tokens_est[0m[2m=[0m292 [3mtools_tokens_est[0m[2m=[0m850 [3mhistory_tokens_est[0m[2m=[0m117 [3mtotal_tokens_est[0m[2m=[0m1260 [3mmessage_count[0m[2m=[0m5
[2m2026-07-11T12:47:58.437237Z[0m [32m INFO[0m [1mturn[0m[1m{[0m[3msession[0m[2m=[0mc7f83166-18ef-4f35-bc83-1d8799affd9c[1m}[0m[2m:[0m [2mbraze_engine::hooks[0m[2m:[0m prompt budget breakdown (PromptBudgetAuditHook) [3msystem_tokens_est[0m[2m=[0m292 [3mtools_tokens_est[0m[2m=[0m850 [3mhistory_tokens_est[0m[2m=[0m158 [3mtotal_tokens_est[0m[2m=[0m1302 [3mmessage_count[0m[2m=[0m7
[2m2026-07-11T12:48:05.879857Z[0m [32m INFO[0m [1mturn[0m[1m{[0m[3msession[0m[2m=[0mc7f83166-18ef-4f35-bc83-1d8799affd9c[1m}[0m[2m:[0m [2mbraze_engine::hooks[0m[2m:[0m prompt budget breakdown (PromptBudgetAuditHook) [3msystem_tokens_est[0m[2m=[0m292 [3mtools_tokens_est[0m[2m=[0m850 [3mhistory_tokens_est[0m[2m=[0m190 [3mtotal_tokens_est[0m[2m=[0m1333 [3mmessage_count[0m[2m=[0m9
[2m2026-07-11T12:48:13.455834Z[0m [32m INFO[0m [1mturn[0m[1m{[0m[3msession[0m[2m=[0mc7f83166-18ef-4f35-bc83-1d8799affd9c[1m}[0m[2m:[0m [2mbraze_engine::hooks[0m[2m:[0m prompt budget breakdown (PromptBudgetAuditHook) [3msystem_tokens_est[0m[2m=[0m292 [3mtools_tokens_est[0m[2m=[0m850 [3mhistory_tokens_est[0m[2m=[0m221 [3mtotal_tokens_est[0m[2m=[0m1365 [3mmessage_count[0m[2m=[0m11
[2m2026-07-11T12:48:19.727870Z[0m [32m INFO[0m [1mturn[0m[1m{[0m[3msession[0m[2m=[0mc7f83166-18ef-4f35-bc83-1d8799affd9c[1m}[0m[2m:[0m [2mbraze_engine::hooks[0m[2m:[0m prompt budget breakdown (PromptBudgetAuditHook) [3msystem_tokens_est[0m[2m=[0m292 [3mtools_tokens_est[0m[2m=[0m850 [3mhistory_tokens_est[0m[2m=[0m306 [3mtotal_tokens_est[0m[2m=[0m1450 [3mmessage_count[0m[2m=[0m14
-> ollama:qwen3.5-coder+plan:ollama:gemma4:e4b :: read_file_basic (rep 1/5)
[2m2026-07-11T12:48:42.331137Z[0m [32m INFO[0m [1mturn[0m[1m{[0m[3msession[0m[2m=[0m53a3cb16-c866-407f-a6b3-24afcdf57ab5[1m}[0m[2m:[0m [2mbraze_engine::engine[0m[2m:[0m planner produced a single-step (or unstructured) plan; discarding it — the executor's first round covers it without the plan-in-prompt cost
[2m2026-07-11T12:48:42.331505Z[0m [32m INFO[0m [1mturn[0m[1m{[0m[3msession[0m[2m=[0m53a3cb16-c866-407f-a6b3-24afcdf57ab5[1m}[0m[2m:[0m [2mbraze_engine::hooks[0m[2m:[0m prompt budget breakdown (PromptBudgetAuditHook) [3msystem_tokens_est[0m[2m=[0m288 [3mtools_tokens_est[0m[2m=[0m850 [3mhistory_tokens_est[0m[2m=[0m19 [3mtotal_tokens_est[0m[2m=[0m1158 [3mmessage_count[0m[2m=[0m1
[2m2026-07-11T12:49:04.567393Z[0m [32m INFO[0m [1mturn[0m[1m{[0m[3msession[0m[2m=[0m53a3cb16-c866-407f-a6b3-24afcdf57ab5[1m}[0m[2m:[0m [2mbraze_engine::hooks[0m[2m:[0m prompt budget breakdown (PromptBudgetAuditHook) [3msystem_tokens_est[0m[2m=[0m288 [3mtools_tokens_est[0m[2m=[0m850 [3mhistory_tokens_est[0m[2m=[0m34 [3mtotal_tokens_est[0m[2m=[0m1173 [3mmessage_count[0m[2m=[0m3
-> ollama:qwen3.5-coder+plan:ollama:gemma4:e4b :: read_file_basic (rep 2/5)
[2m2026-07-11T12:49:22.007595Z[0m [32m INFO[0m [1mturn[0m[1m{[0m[3msession[0m[2m=[0m358139fd-7b48-4728-b072-6e401ac5cf6a[1m}[0m[2m:[0m [2mbraze_engine::engine[0m[2m:[0m planner produced a single-step (or unstructured) plan; discarding it — the executor's first round covers it without the plan-in-prompt cost
[2m2026-07-11T12:49:22.007953Z[0m [32m INFO[0m [1mturn[0m[1m{[0m[3msession[0m[2m=[0m358139fd-7b48-4728-b072-6e401ac5cf6a[1m}[0m[2m:[0m [2mbraze_engine::hooks[0m[2m:[0m prompt budget breakdown (PromptBudgetAuditHook) [3msystem_tokens_est[0m[2m=[0m288 [3mtools_tokens_est[0m[2m=[0m850 [3mhistory_tokens_est[0m[2m=[0m19 [3mtotal_tokens_est[0m[2m=[0m1158 [3mmessage_count[0m[2m=[0m1
[2m2026-07-11T12:49:45.981812Z[0m [32m INFO[0m [1mturn[0m[1m{[0m[3msession[0m[2m=[0m358139fd-7b48-4728-b072-6e401ac5cf6a[1m}[0m[2m:[0m [2mbraze_engine::hooks[0m[2m:[0m prompt budget breakdown (PromptBudgetAuditHook) [3msystem_tokens_est[0m[2m=[0m288 [3mtools_tokens_est[0m[2m=[0m850 [3mhistory_tokens_est[0m[2m=[0m34 [3mtotal_tokens_est[0m[2m=[0m1173 [3mmessage_count[0m[2m=[0m3
-> ollama:qwen3.5-coder+plan:ollama:gemma4:e4b :: read_file_basic (rep 3/5)
[2m2026-07-11T12:50:03.246705Z[0m [32m INFO[0m [1mturn[0m[1m{[0m[3msession[0m[2m=[0mbb837f5e-d914-4afe-851d-066bd0c894de[1m}[0m[2m:[0m [2mbraze_engine::engine[0m[2m:[0m planner produced a single-step (or unstructured) plan; discarding it — the executor's first round covers it without the plan-in-prompt cost
[2m2026-07-11T12:50:03.247041Z[0m [32m INFO[0m [1mturn[0m[1m{[0m[3msession[0m[2m=[0mbb837f5e-d914-4afe-851d-066bd0c894de[1m}[0m[2m:[0m [2mbraze_engine::hooks[0m[2m:[0m prompt budget breakdown (PromptBudgetAuditHook) [3msystem_tokens_est[0m[2m=[0m288 [3mtools_tokens_est[0m[2m=[0m850 [3mhistory_tokens_est[0m[2m=[0m19 [3mtotal_tokens_est[0m[2m=[0m1158 [3mmessage_count[0m[2m=[0m1
[2m2026-07-11T12:50:28.285882Z[0m [32m INFO[0m [1mturn[0m[1m{[0m[3msession[0m[2m=[0mbb837f5e-d914-4afe-851d-066bd0c894de[1m}[0m[2m:[0m [2mbraze_engine::hooks[0m[2m:[0m prompt budget breakdown (PromptBudgetAuditHook) [3msystem_tokens_est[0m[2m=[0m288 [3mtools_tokens_est[0m[2m=[0m850 [3mhistory_tokens_est[0m[2m=[0m34 [3mtotal_tokens_est[0m[2m=[0m1173 [3mmessage_count[0m[2m=[0m3
-> ollama:qwen3.5-coder+plan:ollama:gemma4:e4b :: read_file_basic (rep 4/5)
[2m2026-07-11T12:50:44.717378Z[0m [32m INFO[0m [1mturn[0m[1m{[0m[3msession[0m[2m=[0m2243c81a-aa4b-4b01-8ba9-f3b7b23d3997[1m}[0m[2m:[0m [2mbraze_engine::engine[0m[2m:[0m planner produced a single-step (or unstructured) plan; discarding it — the executor's first round covers it without the plan-in-prompt cost
[2m2026-07-11T12:50:44.717994Z[0m [32m INFO[0m [1mturn[0m[1m{[0m[3msession[0m[2m=[0m2243c81a-aa4b-4b01-8ba9-f3b7b23d3997[1m}[0m[2m:[0m [2mbraze_engine::hooks[0m[2m:[0m prompt budget breakdown (PromptBudgetAuditHook) [3msystem_tokens_est[0m[2m=[0m288 [3mtools_tokens_est[0m[2m=[0m850 [3mhistory_tokens_est[0m[2m=[0m19 [3mtotal_tokens_est[0m[2m=[0m1158 [3mmessage_count[0m[2m=[0m1
[2m2026-07-11T12:51:11.270648Z[0m [32m INFO[0m [1mturn[0m[1m{[0m[3msession[0m[2m=[0m2243c81a-aa4b-4b01-8ba9-f3b7b23d3997[1m}[0m[2m:[0m [2mbraze_engine::hooks[0m[2m:[0m prompt budget breakdown (PromptBudgetAuditHook) [3msystem_tokens_est[0m[2m=[0m288 [3mtools_tokens_est[0m[2m=[0m850 [3mhistory_tokens_est[0m[2m=[0m34 [3mtotal_tokens_est[0m[2m=[0m1173 [3mmessage_count[0m[2m=[0m3
-> ollama:qwen3.5-coder+plan:ollama:gemma4:e4b :: read_file_basic (rep 5/5)
[2m2026-07-11T12:51:28.587352Z[0m [32m INFO[0m [1mturn[0m[1m{[0m[3msession[0m[2m=[0mc180aa7e-9807-45aa-813e-e15a9097add9[1m}[0m[2m:[0m [2mbraze_engine::engine[0m[2m:[0m planner produced a single-step (or unstructured) plan; discarding it — the executor's first round covers it without the plan-in-prompt cost
[2m2026-07-11T12:51:28.588340Z[0m [32m INFO[0m [1mturn[0m[1m{[0m[3msession[0m[2m=[0mc180aa7e-9807-45aa-813e-e15a9097add9[1m}[0m[2m:[0m [2mbraze_engine::hooks[0m[2m:[0m prompt budget breakdown (PromptBudgetAuditHook) [3msystem_tokens_est[0m[2m=[0m288 [3mtools_tokens_est[0m[2m=[0m850 [3mhistory_tokens_est[0m[2m=[0m19 [3mtotal_tokens_est[0m[2m=[0m1158 [3mmessage_count[0m[2m=[0m1
[2m2026-07-11T12:51:51.130696Z[0m [32m INFO[0m [1mturn[0m[1m{[0m[3msession[0m[2m=[0mc180aa7e-9807-45aa-813e-e15a9097add9[1m}[0m[2m:[0m [2mbraze_engine::hooks[0m[2m:[0m prompt budget breakdown (PromptBudgetAuditHook) [3msystem_tokens_est[0m[2m=[0m288 [3mtools_tokens_est[0m[2m=[0m850 [3mhistory_tokens_est[0m[2m=[0m34 [3mtotal_tokens_est[0m[2m=[0m1173 [3mmessage_count[0m[2m=[0m3
-> ollama:qwen3.5-coder+plan:ollama:gemma4:e4b :: grep_basic (rep 1/5)
[2m2026-07-11T12:52:05.277316Z[0m [32m INFO[0m [1mturn[0m[1m{[0m[3msession[0m[2m=[0m7d60ddca-f0fb-4f9b-92c9-00c474f1d069[1m}[0m[2m:[0m [2mbraze_engine::engine[0m[2m:[0m planner produced a single-step (or unstructured) plan; discarding it — the executor's first round covers it without the plan-in-prompt cost
[2m2026-07-11T12:52:05.278125Z[0m [32m INFO[0m [1mturn[0m[1m{[0m[3msession[0m[2m=[0m7d60ddca-f0fb-4f9b-92c9-00c474f1d069[1m}[0m[2m:[0m [2mbraze_engine::hooks[0m[2m:[0m prompt budget breakdown (PromptBudgetAuditHook) [3msystem_tokens_est[0m[2m=[0m287 [3mtools_tokens_est[0m[2m=[0m850 [3mhistory_tokens_est[0m[2m=[0m19 [3mtotal_tokens_est[0m[2m=[0m1157 [3mmessage_count[0m[2m=[0m1
[2m2026-07-11T12:52:29.416257Z[0m [32m INFO[0m [1mturn[0m[1m{[0m[3msession[0m[2m=[0m7d60ddca-f0fb-4f9b-92c9-00c474f1d069[1m}[0m[2m:[0m [2mbraze_engine::hooks[0m[2m:[0m prompt budget breakdown (PromptBudgetAuditHook) [3msystem_tokens_est[0m[2m=[0m287 [3mtools_tokens_est[0m[2m=[0m850 [3mhistory_tokens_est[0m[2m=[0m37 [3mtotal_tokens_est[0m[2m=[0m1174 [3mmessage_count[0m[2m=[0m3
-> ollama:qwen3.5-coder+plan:ollama:gemma4:e4b :: grep_basic (rep 2/5)
[2m2026-07-11T12:52:43.948776Z[0m [32m INFO[0m [1mturn[0m[1m{[0m[3msession[0m[2m=[0me491e951-01c6-4e02-8684-4c1b961097c5[1m}[0m[2m:[0m [2mbraze_engine::engine[0m[2m:[0m planner produced a single-step (or unstructured) plan; discarding it — the executor's first round covers it without the plan-in-prompt cost
[2m2026-07-11T12:52:43.949294Z[0m [32m INFO[0m [1mturn[0m[1m{[0m[3msession[0m[2m=[0me491e951-01c6-4e02-8684-4c1b961097c5[1m}[0m[2m:[0m [2mbraze_engine::hooks[0m[2m:[0m prompt budget breakdown (PromptBudgetAuditHook) [3msystem_tokens_est[0m[2m=[0m287 [3mtools_tokens_est[0m[2m=[0m850 [3mhistory_tokens_est[0m[2m=[0m19 [3mtotal_tokens_est[0m[2m=[0m1157 [3mmessage_count[0m[2m=[0m1
[2m2026-07-11T12:53:07.685126Z[0m [32m INFO[0m [1mturn[0m[1m{[0m[3msession[0m[2m=[0me491e951-01c6-4e02-8684-4c1b961097c5[1m}[0m[2m:[0m [2mbraze_engine::hooks[0m[2m:[0m prompt budget breakdown (PromptBudgetAuditHook) [3msystem_tokens_est[0m[2m=[0m287 [3mtools_tokens_est[0m[2m=[0m850 [3mhistory_tokens_est[0m[2m=[0m37 [3mtotal_tokens_est[0m[2m=[0m1174 [3mmessage_count[0m[2m=[0m3
-> ollama:qwen3.5-coder+plan:ollama:gemma4:e4b :: grep_basic (rep 3/5)
[2m2026-07-11T12:53:21.745110Z[0m [32m INFO[0m [1mturn[0m[1m{[0m[3msession[0m[2m=[0m400a707c-27b0-4c39-9f68-bc96a999dc1a[1m}[0m[2m:[0m [2mbraze_engine::engine[0m[2m:[0m planner produced a single-step (or unstructured) plan; discarding it — the executor's first round covers it without the plan-in-prompt cost
[2m2026-07-11T12:53:21.745408Z[0m [32m INFO[0m [1mturn[0m[1m{[0m[3msession[0m[2m=[0m400a707c-27b0-4c39-9f68-bc96a999dc1a[1m}[0m[2m:[0m [2mbraze_engine::hooks[0m[2m:[0m prompt budget breakdown (PromptBudgetAuditHook) [3msystem_tokens_est[0m[2m=[0m287 [3mtools_tokens_est[0m[2m=[0m850 [3mhistory_tokens_est[0m[2m=[0m19 [3mtotal_tokens_est[0m[2m=[0m1157 [3mmessage_count[0m[2m=[0m1
[2m2026-07-11T12:53:46.002926Z[0m [32m INFO[0m [1mturn[0m[1m{[0m[3msession[0m[2m=[0m400a707c-27b0-4c39-9f68-bc96a999dc1a[1m}[0m[2m:[0m [2mbraze_engine::hooks[0m[2m:[0m prompt budget breakdown (PromptBudgetAuditHook) [3msystem_tokens_est[0m[2m=[0m287 [3mtools_tokens_est[0m[2m=[0m850 [3mhistory_tokens_est[0m[2m=[0m37 [3mtotal_tokens_est[0m[2m=[0m1174 [3mmessage_count[0m[2m=[0m3
-> ollama:qwen3.5-coder+plan:ollama:gemma4:e4b :: grep_basic (rep 4/5)
[2m2026-07-11T12:54:00.852767Z[0m [32m INFO[0m [1mturn[0m[1m{[0m[3msession[0m[2m=[0m7e2eae69-ae72-4326-be17-c20875900fa2[1m}[0m[2m:[0m [2mbraze_engine::engine[0m[2m:[0m planner produced a single-step (or unstructured) plan; discarding it — the executor's first round covers it without the plan-in-prompt cost
[2m2026-07-11T12:54:00.854374Z[0m [32m INFO[0m [1mturn[0m[1m{[0m[3msession[0m[2m=[0m7e2eae69-ae72-4326-be17-c20875900fa2[1m}[0m[2m:[0m [2mbraze_engine::hooks[0m[2m:[0m prompt budget breakdown (PromptBudgetAuditHook) [3msystem_tokens_est[0m[2m=[0m287 [3mtools_tokens_est[0m[2m=[0m850 [3mhistory_tokens_est[0m[2m=[0m19 [3mtotal_tokens_est[0m[2m=[0m1157 [3mmessage_count[0m[2m=[0m1
[2m2026-07-11T12:54:23.957726Z[0m [32m INFO[0m [1mturn[0m[1m{[0m[3msession[0m[2m=[0m7e2eae69-ae72-4326-be17-c20875900fa2[1m}[0m[2m:[0m [2mbraze_engine::hooks[0m[2m:[0m prompt budget breakdown (PromptBudgetAuditHook) [3msystem_tokens_est[0m[2m=[0m287 [3mtools_tokens_est[0m[2m=[0m850 [3mhistory_tokens_est[0m[2m=[0m37 [3mtotal_tokens_est[0m[2m=[0m1174 [3mmessage_count[0m[2m=[0m3
-> ollama:qwen3.5-coder+plan:ollama:gemma4:e4b :: grep_basic (rep 5/5)
[2m2026-07-11T12:54:38.016232Z[0m [32m INFO[0m [1mturn[0m[1m{[0m[3msession[0m[2m=[0mee154135-2115-4727-a7b9-33ec9a978bdd[1m}[0m[2m:[0m [2mbraze_engine::engine[0m[2m:[0m planner produced a single-step (or unstructured) plan; discarding it — the executor's first round covers it without the plan-in-prompt cost
[2m2026-07-11T12:54:38.017010Z[0m [32m INFO[0m [1mturn[0m[1m{[0m[3msession[0m[2m=[0mee154135-2115-4727-a7b9-33ec9a978bdd[1m}[0m[2m:[0m [2mbraze_engine::hooks[0m[2m:[0m prompt budget breakdown (PromptBudgetAuditHook) [3msystem_tokens_est[0m[2m=[0m287 [3mtools_tokens_est[0m[2m=[0m850 [3mhistory_tokens_est[0m[2m=[0m19 [3mtotal_tokens_est[0m[2m=[0m1157 [3mmessage_count[0m[2m=[0m1
[2m2026-07-11T12:55:02.254684Z[0m [32m INFO[0m [1mturn[0m[1m{[0m[3msession[0m[2m=[0mee154135-2115-4727-a7b9-33ec9a978bdd[1m}[0m[2m:[0m [2mbraze_engine::hooks[0m[2m:[0m prompt budget breakdown (PromptBudgetAuditHook) [3msystem_tokens_est[0m[2m=[0m287 [3mtools_tokens_est[0m[2m=[0m850 [3mhistory_tokens_est[0m[2m=[0m37 [3mtotal_tokens_est[0m[2m=[0m1174 [3mmessage_count[0m[2m=[0m3
-> ollama:qwen3.5-coder+plan:ollama:gemma4:e4b :: glob_basic (rep 1/5)
[2m2026-07-11T12:55:16.682875Z[0m [32m INFO[0m [1mturn[0m[1m{[0m[3msession[0m[2m=[0m24e7177e-84ce-4ceb-9002-e458c832590d[1m}[0m[2m:[0m [2mbraze_engine::engine[0m[2m:[0m planner produced a single-step (or unstructured) plan; discarding it — the executor's first round covers it without the plan-in-prompt cost
[2m2026-07-11T12:55:16.683215Z[0m [32m INFO[0m [1mturn[0m[1m{[0m[3msession[0m[2m=[0m24e7177e-84ce-4ceb-9002-e458c832590d[1m}[0m[2m:[0m [2mbraze_engine::hooks[0m[2m:[0m prompt budget breakdown (PromptBudgetAuditHook) [3msystem_tokens_est[0m[2m=[0m287 [3mtools_tokens_est[0m[2m=[0m850 [3mhistory_tokens_est[0m[2m=[0m17 [3mtotal_tokens_est[0m[2m=[0m1154 [3mmessage_count[0m[2m=[0m1
[2m2026-07-11T12:55:39.912988Z[0m [32m INFO[0m [1mturn[0m[1m{[0m[3msession[0m[2m=[0m24e7177e-84ce-4ceb-9002-e458c832590d[1m}[0m[2m:[0m [2mbraze_engine::hooks[0m[2m:[0m prompt budget breakdown (PromptBudgetAuditHook) [3msystem_tokens_est[0m[2m=[0m287 [3mtools_tokens_est[0m[2m=[0m850 [3mhistory_tokens_est[0m[2m=[0m52 [3mtotal_tokens_est[0m[2m=[0m1190 [3mmessage_count[0m[2m=[0m3
-> ollama:qwen3.5-coder+plan:ollama:gemma4:e4b :: glob_basic (rep 2/5)
[2m2026-07-11T12:56:01.292458Z[0m [32m INFO[0m [1mturn[0m[1m{[0m[3msession[0m[2m=[0m215470a7-6470-4fe7-98b5-97bd51a61827[1m}[0m[2m:[0m [2mbraze_engine::engine[0m[2m:[0m planner produced a single-step (or unstructured) plan; discarding it — the executor's first round covers it without the plan-in-prompt cost
[2m2026-07-11T12:56:01.293062Z[0m [32m INFO[0m [1mturn[0m[1m{[0m[3msession[0m[2m=[0m215470a7-6470-4fe7-98b5-97bd51a61827[1m}[0m[2m:[0m [2mbraze_engine::hooks[0m[2m:[0m prompt budget breakdown (PromptBudgetAuditHook) [3msystem_tokens_est[0m[2m=[0m287 [3mtools_tokens_est[0m[2m=[0m850 [3mhistory_tokens_est[0m[2m=[0m17 [3mtotal_tokens_est[0m[2m=[0m1154 [3mmessage_count[0m[2m=[0m1
[2m2026-07-11T12:56:23.196273Z[0m [32m INFO[0m [1mturn[0m[1m{[0m[3msession[0m[2m=[0m215470a7-6470-4fe7-98b5-97bd51a61827[1m}[0m[2m:[0m [2mbraze_engine::hooks[0m[2m:[0m prompt budget breakdown (PromptBudgetAuditHook) [3msystem_tokens_est[0m[2m=[0m287 [3mtools_tokens_est[0m[2m=[0m850 [3mhistory_tokens_est[0m[2m=[0m50 [3mtotal_tokens_est[0m[2m=[0m1187 [3mmessage_count[0m[2m=[0m3
-> ollama:qwen3.5-coder+plan:ollama:gemma4:e4b :: glob_basic (rep 3/5)
[2m2026-07-11T12:56:38.795267Z[0m [32m INFO[0m [1mturn[0m[1m{[0m[3msession[0m[2m=[0mac7c48de-eb44-453c-89c6-b1f252e51c8a[1m}[0m[2m:[0m [2mbraze_engine::engine[0m[2m:[0m planner produced a single-step (or unstructured) plan; discarding it — the executor's first round covers it without the plan-in-prompt cost
[2m2026-07-11T12:56:38.796190Z[0m [32m INFO[0m [1mturn[0m[1m{[0m[3msession[0m[2m=[0mac7c48de-eb44-453c-89c6-b1f252e51c8a[1m}[0m[2m:[0m [2mbraze_engine::hooks[0m[2m:[0m prompt budget breakdown (PromptBudgetAuditHook) [3msystem_tokens_est[0m[2m=[0m287 [3mtools_tokens_est[0m[2m=[0m850 [3mhistory_tokens_est[0m[2m=[0m17 [3mtotal_tokens_est[0m[2m=[0m1154 [3mmessage_count[0m[2m=[0m1
[2m2026-07-11T12:57:00.888713Z[0m [32m INFO[0m [1mturn[0m[1m{[0m[3msession[0m[2m=[0mac7c48de-eb44-453c-89c6-b1f252e51c8a[1m}[0m[2m:[0m [2mbraze_engine::hooks[0m[2m:[0m prompt budget breakdown (PromptBudgetAuditHook) [3msystem_tokens_est[0m[2m=[0m287 [3mtools_tokens_est[0m[2m=[0m850 [3mhistory_tokens_est[0m[2m=[0m50 [3mtotal_tokens_est[0m[2m=[0m1187 [3mmessage_count[0m[2m=[0m3
-> ollama:qwen3.5-coder+plan:ollama:gemma4:e4b :: glob_basic (rep 4/5)
[2m2026-07-11T12:57:21.801535Z[0m [32m INFO[0m [1mturn[0m[1m{[0m[3msession[0m[2m=[0m3b289859-60b7-42a6-b01c-dc6bf02d57ad[1m}[0m[2m:[0m [2mbraze_engine::engine[0m[2m:[0m planner produced a single-step (or unstructured) plan; discarding it — the executor's first round covers it without the plan-in-prompt cost
[2m2026-07-11T12:57:21.802858Z[0m [32m INFO[0m [1mturn[0m[1m{[0m[3msession[0m[2m=[0m3b289859-60b7-42a6-b01c-dc6bf02d57ad[1m}[0m[2m:[0m [2mbraze_engine::hooks[0m[2m:[0m prompt budget breakdown (PromptBudgetAuditHook) [3msystem_tokens_est[0m[2m=[0m287 [3mtools_tokens_est[0m[2m=[0m850 [3mhistory_tokens_est[0m[2m=[0m17 [3mtotal_tokens_est[0m[2m=[0m1154 [3mmessage_count[0m[2m=[0m1
[2m2026-07-11T12:57:43.992394Z[0m [32m INFO[0m [1mturn[0m[1m{[0m[3msession[0m[2m=[0m3b289859-60b7-42a6-b01c-dc6bf02d57ad[1m}[0m[2m:[0m [2mbraze_engine::hooks[0m[2m:[0m prompt budget breakdown (PromptBudgetAuditHook) [3msystem_tokens_est[0m[2m=[0m287 [3mtools_tokens_est[0m[2m=[0m850 [3mhistory_tokens_est[0m[2m=[0m50 [3mtotal_tokens_est[0m[2m=[0m1187 [3mmessage_count[0m[2m=[0m3
-> ollama:qwen3.5-coder+plan:ollama:gemma4:e4b :: glob_basic (rep 5/5)
[2m2026-07-11T12:58:05.930820Z[0m [32m INFO[0m [1mturn[0m[1m{[0m[3msession[0m[2m=[0m01e2a29d-3aed-49c6-9a3b-2b63bae39d0c[1m}[0m[2m:[0m [2mbraze_engine::engine[0m[2m:[0m planner produced a single-step (or unstructured) plan; discarding it — the executor's first round covers it without the plan-in-prompt cost
[2m2026-07-11T12:58:05.931791Z[0m [32m INFO[0m [1mturn[0m[1m{[0m[3msession[0m[2m=[0m01e2a29d-3aed-49c6-9a3b-2b63bae39d0c[1m}[0m[2m:[0m [2mbraze_engine::hooks[0m[2m:[0m prompt budget breakdown (PromptBudgetAuditHook) [3msystem_tokens_est[0m[2m=[0m287 [3mtools_tokens_est[0m[2m=[0m850 [3mhistory_tokens_est[0m[2m=[0m17 [3mtotal_tokens_est[0m[2m=[0m1154 [3mmessage_count[0m[2m=[0m1
[2m2026-07-11T12:58:27.568216Z[0m [32m INFO[0m [1mturn[0m[1m{[0m[3msession[0m[2m=[0m01e2a29d-3aed-49c6-9a3b-2b63bae39d0c[1m}[0m[2m:[0m [2mbraze_engine::hooks[0m[2m:[0m prompt budget breakdown (PromptBudgetAuditHook) [3msystem_tokens_est[0m[2m=[0m287 [3mtools_tokens_est[0m[2m=[0m850 [3mhistory_tokens_est[0m[2m=[0m50 [3mtotal_tokens_est[0m[2m=[0m1187 [3mmessage_count[0m[2m=[0m3
-> ollama:qwen3.5-coder+plan:ollama:gemma4:e4b :: write_file_basic (rep 1/5)
[2m2026-07-11T12:58:49.934592Z[0m [32m INFO[0m [1mturn[0m[1m{[0m[3msession[0m[2m=[0m2da2c711-cc35-4074-b3db-4db6d0563111[1m}[0m[2m:[0m [2mbraze_engine::engine[0m[2m:[0m planner produced a single-step (or unstructured) plan; discarding it — the executor's first round covers it without the plan-in-prompt cost
[2m2026-07-11T12:58:49.935736Z[0m [32m INFO[0m [1mturn[0m[1m{[0m[3msession[0m[2m=[0m2da2c711-cc35-4074-b3db-4db6d0563111[1m}[0m[2m:[0m [2mbraze_engine::hooks[0m[2m:[0m prompt budget breakdown (PromptBudgetAuditHook) [3msystem_tokens_est[0m[2m=[0m288 [3mtools_tokens_est[0m[2m=[0m850 [3mhistory_tokens_est[0m[2m=[0m22 [3mtotal_tokens_est[0m[2m=[0m1161 [3mmessage_count[0m[2m=[0m1
[2m2026-07-11T12:59:15.412795Z[0m [32m INFO[0m [1mturn[0m[1m{[0m[3msession[0m[2m=[0m2da2c711-cc35-4074-b3db-4db6d0563111[1m}[0m[2m:[0m [2mbraze_engine::hooks[0m[2m:[0m prompt budget breakdown (PromptBudgetAuditHook) [3msystem_tokens_est[0m[2m=[0m288 [3mtools_tokens_est[0m[2m=[0m850 [3mhistory_tokens_est[0m[2m=[0m69 [3mtotal_tokens_est[0m[2m=[0m1209 [3mmessage_count[0m[2m=[0m3
-> ollama:qwen3.5-coder+plan:ollama:gemma4:e4b :: write_file_basic (rep 2/5)
[2m2026-07-11T12:59:30.835813Z[0m [32m INFO[0m [1mturn[0m[1m{[0m[3msession[0m[2m=[0mc477c7ff-f598-4320-8bd5-af1716c4bf77[1m}[0m[2m:[0m [2mbraze_engine::engine[0m[2m:[0m planner produced a single-step (or unstructured) plan; discarding it — the executor's first round covers it without the plan-in-prompt cost
[2m2026-07-11T12:59:30.837372Z[0m [32m INFO[0m [1mturn[0m[1m{[0m[3msession[0m[2m=[0mc477c7ff-f598-4320-8bd5-af1716c4bf77[1m}[0m[2m:[0m [2mbraze_engine::hooks[0m[2m:[0m prompt budget breakdown (PromptBudgetAuditHook) [3msystem_tokens_est[0m[2m=[0m288 [3mtools_tokens_est[0m[2m=[0m850 [3mhistory_tokens_est[0m[2m=[0m22 [3mtotal_tokens_est[0m[2m=[0m1161 [3mmessage_count[0m[2m=[0m1
[2m2026-07-11T12:59:56.993171Z[0m [32m INFO[0m [1mturn[0m[1m{[0m[3msession[0m[2m=[0mc477c7ff-f598-4320-8bd5-af1716c4bf77[1m}[0m[2m:[0m [2mbraze_engine::hooks[0m[2m:[0m prompt budget breakdown (PromptBudgetAuditHook) [3msystem_tokens_est[0m[2m=[0m288 [3mtools_tokens_est[0m[2m=[0m850 [3mhistory_tokens_est[0m[2m=[0m69 [3mtotal_tokens_est[0m[2m=[0m1209 [3mmessage_count[0m[2m=[0m3
-> ollama:qwen3.5-coder+plan:ollama:gemma4:e4b :: write_file_basic (rep 3/5)
[2m2026-07-11T13:00:12.193649Z[0m [32m INFO[0m [1mturn[0m[1m{[0m[3msession[0m[2m=[0mab7dd42b-f4fe-4787-a5e0-0fba7d8b3abe[1m}[0m[2m:[0m [2mbraze_engine::engine[0m[2m:[0m planner produced a single-step (or unstructured) plan; discarding it — the executor's first round covers it without the plan-in-prompt cost
[2m2026-07-11T13:00:12.194082Z[0m [32m INFO[0m [1mturn[0m[1m{[0m[3msession[0m[2m=[0mab7dd42b-f4fe-4787-a5e0-0fba7d8b3abe[1m}[0m[2m:[0m [2mbraze_engine::hooks[0m[2m:[0m prompt budget breakdown (PromptBudgetAuditHook) [3msystem_tokens_est[0m[2m=[0m288 [3mtools_tokens_est[0m[2m=[0m850 [3mhistory_tokens_est[0m[2m=[0m22 [3mtotal_tokens_est[0m[2m=[0m1161 [3mmessage_count[0m[2m=[0m1
[2m2026-07-11T13:00:35.677130Z[0m [32m INFO[0m [1mturn[0m[1m{[0m[3msession[0m[2m=[0mab7dd42b-f4fe-4787-a5e0-0fba7d8b3abe[1m}[0m[2m:[0m [2mbraze_engine::hooks[0m[2m:[0m prompt budget breakdown (PromptBudgetAuditHook) [3msystem_tokens_est[0m[2m=[0m288 [3mtools_tokens_est[0m[2m=[0m850 [3mhistory_tokens_est[0m[2m=[0m56 [3mtotal_tokens_est[0m[2m=[0m1195 [3mmessage_count[0m[2m=[0m3
-> ollama:qwen3.5-coder+plan:ollama:gemma4:e4b :: write_file_basic (rep 4/5)
[2m2026-07-11T13:00:52.327804Z[0m [32m INFO[0m [1mturn[0m[1m{[0m[3msession[0m[2m=[0m062e2a6d-846b-4d4d-bea8-b83618dd7a16[1m}[0m[2m:[0m [2mbraze_engine::engine[0m[2m:[0m planner produced a single-step (or unstructured) plan; discarding it — the executor's first round covers it without the plan-in-prompt cost
[2m2026-07-11T13:00:52.328434Z[0m [32m INFO[0m [1mturn[0m[1m{[0m[3msession[0m[2m=[0m062e2a6d-846b-4d4d-bea8-b83618dd7a16[1m}[0m[2m:[0m [2mbraze_engine::hooks[0m[2m:[0m prompt budget breakdown (PromptBudgetAuditHook) [3msystem_tokens_est[0m[2m=[0m288 [3mtools_tokens_est[0m[2m=[0m850 [3mhistory_tokens_est[0m[2m=[0m22 [3mtotal_tokens_est[0m[2m=[0m1161 [3mmessage_count[0m[2m=[0m1
[2m2026-07-11T13:01:17.962590Z[0m [32m INFO[0m [1mturn[0m[1m{[0m[3msession[0m[2m=[0m062e2a6d-846b-4d4d-bea8-b83618dd7a16[1m}[0m[2m:[0m [2mbraze_engine::hooks[0m[2m:[0m prompt budget breakdown (PromptBudgetAuditHook) [3msystem_tokens_est[0m[2m=[0m288 [3mtools_tokens_est[0m[2m=[0m850 [3mhistory_tokens_est[0m[2m=[0m69 [3mtotal_tokens_est[0m[2m=[0m1209 [3mmessage_count[0m[2m=[0m3
-> ollama:qwen3.5-coder+plan:ollama:gemma4:e4b :: write_file_basic (rep 5/5)
[2m2026-07-11T13:01:32.244837Z[0m [32m INFO[0m [1mturn[0m[1m{[0m[3msession[0m[2m=[0m4fa92e6e-0eff-429e-8cf6-3cee798fdb13[1m}[0m[2m:[0m [2mbraze_engine::engine[0m[2m:[0m planner produced a single-step (or unstructured) plan; discarding it — the executor's first round covers it without the plan-in-prompt cost
[2m2026-07-11T13:01:32.245774Z[0m [32m INFO[0m [1mturn[0m[1m{[0m[3msession[0m[2m=[0m4fa92e6e-0eff-429e-8cf6-3cee798fdb13[1m}[0m[2m:[0m [2mbraze_engine::hooks[0m[2m:[0m prompt budget breakdown (PromptBudgetAuditHook) [3msystem_tokens_est[0m[2m=[0m288 [3mtools_tokens_est[0m[2m=[0m850 [3mhistory_tokens_est[0m[2m=[0m22 [3mtotal_tokens_est[0m[2m=[0m1161 [3mmessage_count[0m[2m=[0m1
[2m2026-07-11T13:01:56.001420Z[0m [32m INFO[0m [1mturn[0m[1m{[0m[3msession[0m[2m=[0m4fa92e6e-0eff-429e-8cf6-3cee798fdb13[1m}[0m[2m:[0m [2mbraze_engine::hooks[0m[2m:[0m prompt budget breakdown (PromptBudgetAuditHook) [3msystem_tokens_est[0m[2m=[0m288 [3mtools_tokens_est[0m[2m=[0m850 [3mhistory_tokens_est[0m[2m=[0m56 [3mtotal_tokens_est[0m[2m=[0m1195 [3mmessage_count[0m[2m=[0m3
-> ollama:qwen3.5-coder+plan:ollama:gemma4:e4b :: edit_file_basic (rep 1/5)
[2m2026-07-11T13:02:11.205218Z[0m [32m INFO[0m [1mturn[0m[1m{[0m[3msession[0m[2m=[0m4bef024e-e4a2-43b9-b522-de44bee15a5a[1m}[0m[2m:[0m [2mbraze_engine::engine[0m[2m:[0m planner produced a single-step (or unstructured) plan; discarding it — the executor's first round covers it without the plan-in-prompt cost
[2m2026-07-11T13:02:11.205661Z[0m [32m INFO[0m [1mturn[0m[1m{[0m[3msession[0m[2m=[0m4bef024e-e4a2-43b9-b522-de44bee15a5a[1m}[0m[2m:[0m [2mbraze_engine::hooks[0m[2m:[0m prompt budget breakdown (PromptBudgetAuditHook) [3msystem_tokens_est[0m[2m=[0m288 [3mtools_tokens_est[0m[2m=[0m850 [3mhistory_tokens_est[0m[2m=[0m21 [3mtotal_tokens_est[0m[2m=[0m1160 [3mmessage_count[0m[2m=[0m1
[2m2026-07-11T13:02:34.601700Z[0m [32m INFO[0m [1mturn[0m[1m{[0m[3msession[0m[2m=[0m4bef024e-e4a2-43b9-b522-de44bee15a5a[1m}[0m[2m:[0m [2mbraze_engine::hooks[0m[2m:[0m prompt budget breakdown (PromptBudgetAuditHook) [3msystem_tokens_est[0m[2m=[0m288 [3mtools_tokens_est[0m[2m=[0m850 [3mhistory_tokens_est[0m[2m=[0m31 [3mtotal_tokens_est[0m[2m=[0m1170 [3mmessage_count[0m[2m=[0m3
[2m2026-07-11T13:02:43.224686Z[0m [32m INFO[0m [1mturn[0m[1m{[0m[3msession[0m[2m=[0m4bef024e-e4a2-43b9-b522-de44bee15a5a[1m}[0m[2m:[0m [2mbraze_engine::hooks[0m[2m:[0m prompt budget breakdown (PromptBudgetAuditHook) [3msystem_tokens_est[0m[2m=[0m288 [3mtools_tokens_est[0m[2m=[0m850 [3mhistory_tokens_est[0m[2m=[0m69 [3mtotal_tokens_est[0m[2m=[0m1208 [3mmessage_count[0m[2m=[0m5
-> ollama:qwen3.5-coder+plan:ollama:gemma4:e4b :: edit_file_basic (rep 2/5)
[2m2026-07-11T13:03:01.079550Z[0m [32m INFO[0m [1mturn[0m[1m{[0m[3msession[0m[2m=[0m2d04eb7f-008d-49cc-bd6f-0c9755089cad[1m}[0m[2m:[0m [2mbraze_engine::engine[0m[2m:[0m planner produced a single-step (or unstructured) plan; discarding it — the executor's first round covers it without the plan-in-prompt cost
[2m2026-07-11T13:03:01.080263Z[0m [32m INFO[0m [1mturn[0m[1m{[0m[3msession[0m[2m=[0m2d04eb7f-008d-49cc-bd6f-0c9755089cad[1m}[0m[2m:[0m [2mbraze_engine::hooks[0m[2m:[0m prompt budget breakdown (PromptBudgetAuditHook) [3msystem_tokens_est[0m[2m=[0m288 [3mtools_tokens_est[0m[2m=[0m850 [3mhistory_tokens_est[0m[2m=[0m21 [3mtotal_tokens_est[0m[2m=[0m1160 [3mmessage_count[0m[2m=[0m1
[2m2026-07-11T13:03:23.135804Z[0m [32m INFO[0m [1mturn[0m[1m{[0m[3msession[0m[2m=[0m2d04eb7f-008d-49cc-bd6f-0c9755089cad[1m}[0m[2m:[0m [2mbraze_engine::hooks[0m[2m:[0m prompt budget breakdown (PromptBudgetAuditHook) [3msystem_tokens_est[0m[2m=[0m288 [3mtools_tokens_est[0m[2m=[0m850 [3mhistory_tokens_est[0m[2m=[0m31 [3mtotal_tokens_est[0m[2m=[0m1170 [3mmessage_count[0m[2m=[0m3
[2m2026-07-11T13:03:31.580380Z[0m [32m INFO[0m [1mturn[0m[1m{[0m[3msession[0m[2m=[0m2d04eb7f-008d-49cc-bd6f-0c9755089cad[1m}[0m[2m:[0m [2mbraze_engine::hooks[0m[2m:[0m prompt budget breakdown (PromptBudgetAuditHook) [3msystem_tokens_est[0m[2m=[0m288 [3mtools_tokens_est[0m[2m=[0m850 [3mhistory_tokens_est[0m[2m=[0m69 [3mtotal_tokens_est[0m[2m=[0m1208 [3mmessage_count[0m[2m=[0m5
-> ollama:qwen3.5-coder+plan:ollama:gemma4:e4b :: edit_file_basic (rep 3/5)
[2m2026-07-11T13:03:48.782289Z[0m [32m INFO[0m [1mturn[0m[1m{[0m[3msession[0m[2m=[0mbdc3e942-56a4-4377-ae6e-b1785e5ebf27[1m}[0m[2m:[0m [2mbraze_engine::engine[0m[2m:[0m planner produced a single-step (or unstructured) plan; discarding it — the executor's first round covers it without the plan-in-prompt cost
[2m2026-07-11T13:03:48.782816Z[0m [32m INFO[0m [1mturn[0m[1m{[0m[3msession[0m[2m=[0mbdc3e942-56a4-4377-ae6e-b1785e5ebf27[1m}[0m[2m:[0m [2mbraze_engine::hooks[0m[2m:[0m prompt budget breakdown (PromptBudgetAuditHook) [3msystem_tokens_est[0m[2m=[0m288 [3mtools_tokens_est[0m[2m=[0m850 [3mhistory_tokens_est[0m[2m=[0m21 [3mtotal_tokens_est[0m[2m=[0m1160 [3mmessage_count[0m[2m=[0m1
[2m2026-07-11T13:04:11.054927Z[0m [32m INFO[0m [1mturn[0m[1m{[0m[3msession[0m[2m=[0mbdc3e942-56a4-4377-ae6e-b1785e5ebf27[1m}[0m[2m:[0m [2mbraze_engine::hooks[0m[2m:[0m prompt budget breakdown (PromptBudgetAuditHook) [3msystem_tokens_est[0m[2m=[0m288 [3mtools_tokens_est[0m[2m=[0m850 [3mhistory_tokens_est[0m[2m=[0m31 [3mtotal_tokens_est[0m[2m=[0m1170 [3mmessage_count[0m[2m=[0m3
[2m2026-07-11T13:04:19.842279Z[0m [32m INFO[0m [1mturn[0m[1m{[0m[3msession[0m[2m=[0mbdc3e942-56a4-4377-ae6e-b1785e5ebf27[1m}[0m[2m:[0m [2mbraze_engine::hooks[0m[2m:[0m prompt budget breakdown (PromptBudgetAuditHook) [3msystem_tokens_est[0m[2m=[0m288 [3mtools_tokens_est[0m[2m=[0m850 [3mhistory_tokens_est[0m[2m=[0m69 [3mtotal_tokens_est[0m[2m=[0m1208 [3mmessage_count[0m[2m=[0m5
-> ollama:qwen3.5-coder+plan:ollama:gemma4:e4b :: edit_file_basic (rep 4/5)
[2m2026-07-11T13:04:36.886211Z[0m [32m INFO[0m [1mturn[0m[1m{[0m[3msession[0m[2m=[0m58cb1593-0c3e-4fc5-a067-3bdf04981b95[1m}[0m[2m:[0m [2mbraze_engine::engine[0m[2m:[0m planner produced a single-step (or unstructured) plan; discarding it — the executor's first round covers it without the plan-in-prompt cost
[2m2026-07-11T13:04:36.886677Z[0m [32m INFO[0m [1mturn[0m[1m{[0m[3msession[0m[2m=[0m58cb1593-0c3e-4fc5-a067-3bdf04981b95[1m}[0m[2m:[0m [2mbraze_engine::hooks[0m[2m:[0m prompt budget breakdown (PromptBudgetAuditHook) [3msystem_tokens_est[0m[2m=[0m288 [3mtools_tokens_est[0m[2m=[0m850 [3mhistory_tokens_est[0m[2m=[0m21 [3mtotal_tokens_est[0m[2m=[0m1160 [3mmessage_count[0m[2m=[0m1
[2m2026-07-11T13:04:59.922636Z[0m [32m INFO[0m [1mturn[0m[1m{[0m[3msession[0m[2m=[0m58cb1593-0c3e-4fc5-a067-3bdf04981b95[1m}[0m[2m:[0m [2mbraze_engine::hooks[0m[2m:[0m prompt budget breakdown (PromptBudgetAuditHook) [3msystem_tokens_est[0m[2m=[0m288 [3mtools_tokens_est[0m[2m=[0m850 [3mhistory_tokens_est[0m[2m=[0m31 [3mtotal_tokens_est[0m[2m=[0m1170 [3mmessage_count[0m[2m=[0m3
[2m2026-07-11T13:05:08.659797Z[0m [32m INFO[0m [1mturn[0m[1m{[0m[3msession[0m[2m=[0m58cb1593-0c3e-4fc5-a067-3bdf04981b95[1m}[0m[2m:[0m [2mbraze_engine::hooks[0m[2m:[0m prompt budget breakdown (PromptBudgetAuditHook) [3msystem_tokens_est[0m[2m=[0m288 [3mtools_tokens_est[0m[2m=[0m850 [3mhistory_tokens_est[0m[2m=[0m69 [3mtotal_tokens_est[0m[2m=[0m1208 [3mmessage_count[0m[2m=[0m5
-> ollama:qwen3.5-coder+plan:ollama:gemma4:e4b :: edit_file_basic (rep 5/5)
[2m2026-07-11T13:05:25.726942Z[0m [32m INFO[0m [1mturn[0m[1m{[0m[3msession[0m[2m=[0m87569e09-b103-48d1-a560-2b1fc2a48c05[1m}[0m[2m:[0m [2mbraze_engine::engine[0m[2m:[0m planner produced a single-step (or unstructured) plan; discarding it — the executor's first round covers it without the plan-in-prompt cost
[2m2026-07-11T13:05:25.727319Z[0m [32m INFO[0m [1mturn[0m[1m{[0m[3msession[0m[2m=[0m87569e09-b103-48d1-a560-2b1fc2a48c05[1m}[0m[2m:[0m [2mbraze_engine::hooks[0m[2m:[0m prompt budget breakdown (PromptBudgetAuditHook) [3msystem_tokens_est[0m[2m=[0m288 [3mtools_tokens_est[0m[2m=[0m850 [3mhistory_tokens_est[0m[2m=[0m21 [3mtotal_tokens_est[0m[2m=[0m1160 [3mmessage_count[0m[2m=[0m1
[2m2026-07-11T13:05:49.383926Z[0m [32m INFO[0m [1mturn[0m[1m{[0m[3msession[0m[2m=[0m87569e09-b103-48d1-a560-2b1fc2a48c05[1m}[0m[2m:[0m [2mbraze_engine::hooks[0m[2m:[0m prompt budget breakdown (PromptBudgetAuditHook) [3msystem_tokens_est[0m[2m=[0m288 [3mtools_tokens_est[0m[2m=[0m850 [3mhistory_tokens_est[0m[2m=[0m31 [3mtotal_tokens_est[0m[2m=[0m1170 [3mmessage_count[0m[2m=[0m3
[2m2026-07-11T13:05:57.963084Z[0m [32m INFO[0m [1mturn[0m[1m{[0m[3msession[0m[2m=[0m87569e09-b103-48d1-a560-2b1fc2a48c05[1m}[0m[2m:[0m [2mbraze_engine::hooks[0m[2m:[0m prompt budget breakdown (PromptBudgetAuditHook) [3msystem_tokens_est[0m[2m=[0m288 [3mtools_tokens_est[0m[2m=[0m850 [3mhistory_tokens_est[0m[2m=[0m69 [3mtotal_tokens_est[0m[2m=[0m1208 [3mmessage_count[0m[2m=[0m5
-> ollama:qwen3.5-coder+plan:ollama:gemma4:e4b :: shell_exec_basic (rep 1/5)
[2m2026-07-11T13:06:12.893066Z[0m [32m INFO[0m [1mturn[0m[1m{[0m[3msession[0m[2m=[0md75a63f9-4682-42bf-bf89-a18eed493d78[1m}[0m[2m:[0m [2mbraze_engine::engine[0m[2m:[0m planner produced a single-step (or unstructured) plan; discarding it — the executor's first round covers it without the plan-in-prompt cost
[2m2026-07-11T13:06:12.893456Z[0m [32m INFO[0m [1mturn[0m[1m{[0m[3msession[0m[2m=[0md75a63f9-4682-42bf-bf89-a18eed493d78[1m}[0m[2m:[0m [2mbraze_engine::hooks[0m[2m:[0m prompt budget breakdown (PromptBudgetAuditHook) [3msystem_tokens_est[0m[2m=[0m288 [3mtools_tokens_est[0m[2m=[0m850 [3mhistory_tokens_est[0m[2m=[0m18 [3mtotal_tokens_est[0m[2m=[0m1157 [3mmessage_count[0m[2m=[0m1
[2m2026-07-11T13:06:35.477647Z[0m [32m INFO[0m [1mturn[0m[1m{[0m[3msession[0m[2m=[0md75a63f9-4682-42bf-bf89-a18eed493d78[1m}[0m[2m:[0m [2mbraze_engine::hooks[0m[2m:[0m prompt budget breakdown (PromptBudgetAuditHook) [3msystem_tokens_est[0m[2m=[0m288 [3mtools_tokens_est[0m[2m=[0m850 [3mhistory_tokens_est[0m[2m=[0m39 [3mtotal_tokens_est[0m[2m=[0m1178 [3mmessage_count[0m[2m=[0m3
-> ollama:qwen3.5-coder+plan:ollama:gemma4:e4b :: shell_exec_basic (rep 2/5)
[2m2026-07-11T13:06:49.947116Z[0m [32m INFO[0m [1mturn[0m[1m{[0m[3msession[0m[2m=[0mf9e74fbd-0bfc-48cc-a95e-ba7ad4234381[1m}[0m[2m:[0m [2mbraze_engine::engine[0m[2m:[0m planner produced a single-step (or unstructured) plan; discarding it — the executor's first round covers it without the plan-in-prompt cost
[2m2026-07-11T13:06:49.947481Z[0m [32m INFO[0m [1mturn[0m[1m{[0m[3msession[0m[2m=[0mf9e74fbd-0bfc-48cc-a95e-ba7ad4234381[1m}[0m[2m:[0m [2mbraze_engine::hooks[0m[2m:[0m prompt budget breakdown (PromptBudgetAuditHook) [3msystem_tokens_est[0m[2m=[0m288 [3mtools_tokens_est[0m[2m=[0m850 [3mhistory_tokens_est[0m[2m=[0m18 [3mtotal_tokens_est[0m[2m=[0m1157 [3mmessage_count[0m[2m=[0m1
[2m2026-07-11T13:07:12.432747Z[0m [32m INFO[0m [1mturn[0m[1m{[0m[3msession[0m[2m=[0mf9e74fbd-0bfc-48cc-a95e-ba7ad4234381[1m}[0m[2m:[0m [2mbraze_engine::hooks[0m[2m:[0m prompt budget breakdown (PromptBudgetAuditHook) [3msystem_tokens_est[0m[2m=[0m288 [3mtools_tokens_est[0m[2m=[0m850 [3mhistory_tokens_est[0m[2m=[0m39 [3mtotal_tokens_est[0m[2m=[0m1178 [3mmessage_count[0m[2m=[0m3
-> ollama:qwen3.5-coder+plan:ollama:gemma4:e4b :: shell_exec_basic (rep 3/5)
[2m2026-07-11T13:07:28.129988Z[0m [32m INFO[0m [1mturn[0m[1m{[0m[3msession[0m[2m=[0m44605c95-fe9c-41e3-bdab-ba7c123ed7d9[1m}[0m[2m:[0m [2mbraze_engine::engine[0m[2m:[0m planner produced a single-step (or unstructured) plan; discarding it — the executor's first round covers it without the plan-in-prompt cost
[2m2026-07-11T13:07:28.131573Z[0m [32m INFO[0m [1mturn[0m[1m{[0m[3msession[0m[2m=[0m44605c95-fe9c-41e3-bdab-ba7c123ed7d9[1m}[0m[2m:[0m [2mbraze_engine::hooks[0m[2m:[0m prompt budget breakdown (PromptBudgetAuditHook) [3msystem_tokens_est[0m[2m=[0m288 [3mtools_tokens_est[0m[2m=[0m850 [3mhistory_tokens_est[0m[2m=[0m18 [3mtotal_tokens_est[0m[2m=[0m1157 [3mmessage_count[0m[2m=[0m1
[2m2026-07-11T13:07:51.017340Z[0m [32m INFO[0m [1mturn[0m[1m{[0m[3msession[0m[2m=[0m44605c95-fe9c-41e3-bdab-ba7c123ed7d9[1m}[0m[2m:[0m [2mbraze_engine::hooks[0m[2m:[0m prompt budget breakdown (PromptBudgetAuditHook) [3msystem_tokens_est[0m[2m=[0m288 [3mtools_tokens_est[0m[2m=[0m850 [3mhistory_tokens_est[0m[2m=[0m39 [3mtotal_tokens_est[0m[2m=[0m1178 [3mmessage_count[0m[2m=[0m3
-> ollama:qwen3.5-coder+plan:ollama:gemma4:e4b :: shell_exec_basic (rep 4/5)
[2m2026-07-11T13:08:06.013983Z[0m [32m INFO[0m [1mturn[0m[1m{[0m[3msession[0m[2m=[0m257532ba-ab38-4195-90a4-e186473b5c4a[1m}[0m[2m:[0m [2mbraze_engine::engine[0m[2m:[0m planner produced a single-step (or unstructured) plan; discarding it — the executor's first round covers it without the plan-in-prompt cost
[2m2026-07-11T13:08:06.014884Z[0m [32m INFO[0m [1mturn[0m[1m{[0m[3msession[0m[2m=[0m257532ba-ab38-4195-90a4-e186473b5c4a[1m}[0m[2m:[0m [2mbraze_engine::hooks[0m[2m:[0m prompt budget breakdown (PromptBudgetAuditHook) [3msystem_tokens_est[0m[2m=[0m288 [3mtools_tokens_est[0m[2m=[0m850 [3mhistory_tokens_est[0m[2m=[0m18 [3mtotal_tokens_est[0m[2m=[0m1157 [3mmessage_count[0m[2m=[0m1
[2m2026-07-11T13:08:28.456322Z[0m [32m INFO[0m [1mturn[0m[1m{[0m[3msession[0m[2m=[0m257532ba-ab38-4195-90a4-e186473b5c4a[1m}[0m[2m:[0m [2mbraze_engine::hooks[0m[2m:[0m prompt budget breakdown (PromptBudgetAuditHook) [3msystem_tokens_est[0m[2m=[0m288 [3mtools_tokens_est[0m[2m=[0m850 [3mhistory_tokens_est[0m[2m=[0m39 [3mtotal_tokens_est[0m[2m=[0m1178 [3mmessage_count[0m[2m=[0m3
-> ollama:qwen3.5-coder+plan:ollama:gemma4:e4b :: shell_exec_basic (rep 5/5)
[2m2026-07-11T13:08:45.288974Z[0m [32m INFO[0m [1mturn[0m[1m{[0m[3msession[0m[2m=[0mad164d9b-864e-4361-87ed-5fef68e52afb[1m}[0m[2m:[0m [2mbraze_engine::engine[0m[2m:[0m planner produced a single-step (or unstructured) plan; discarding it — the executor's first round covers it without the plan-in-prompt cost
[2m2026-07-11T13:08:45.289896Z[0m [32m INFO[0m [1mturn[0m[1m{[0m[3msession[0m[2m=[0mad164d9b-864e-4361-87ed-5fef68e52afb[1m}[0m[2m:[0m [2mbraze_engine::hooks[0m[2m:[0m prompt budget breakdown (PromptBudgetAuditHook) [3msystem_tokens_est[0m[2m=[0m288 [3mtools_tokens_est[0m[2m=[0m850 [3mhistory_tokens_est[0m[2m=[0m18 [3mtotal_tokens_est[0m[2m=[0m1157 [3mmessage_count[0m[2m=[0m1
[2m2026-07-11T13:09:07.567788Z[0m [32m INFO[0m [1mturn[0m[1m{[0m[3msession[0m[2m=[0mad164d9b-864e-4361-87ed-5fef68e52afb[1m}[0m[2m:[0m [2mbraze_engine::hooks[0m[2m:[0m prompt budget breakdown (PromptBudgetAuditHook) [3msystem_tokens_est[0m[2m=[0m288 [3mtools_tokens_est[0m[2m=[0m850 [3mhistory_tokens_est[0m[2m=[0m39 [3mtotal_tokens_est[0m[2m=[0m1178 [3mmessage_count[0m[2m=[0m3
-> ollama:qwen3.5-coder+plan:ollama:gemma4:e4b :: no_tool_qa (rep 1/5)
[2m2026-07-11T13:09:22.167283Z[0m [32m INFO[0m [1mturn[0m[1m{[0m[3msession[0m[2m=[0m358b3f87-db18-43fe-9fb3-e8c644ca9e63[1m}[0m[2m:[0m [2mbraze_engine::engine[0m[2m:[0m planner produced a single-step (or unstructured) plan; discarding it — the executor's first round covers it without the plan-in-prompt cost
[2m2026-07-11T13:09:22.167826Z[0m [32m INFO[0m [1mturn[0m[1m{[0m[3msession[0m[2m=[0m358b3f87-db18-43fe-9fb3-e8c644ca9e63[1m}[0m[2m:[0m [2mbraze_engine::hooks[0m[2m:[0m prompt budget breakdown (PromptBudgetAuditHook) [3msystem_tokens_est[0m[2m=[0m287 [3mtools_tokens_est[0m[2m=[0m850 [3mhistory_tokens_est[0m[2m=[0m19 [3mtotal_tokens_est[0m[2m=[0m1157 [3mmessage_count[0m[2m=[0m1
-> ollama:qwen3.5-coder+plan:ollama:gemma4:e4b :: no_tool_qa (rep 2/5)
[2m2026-07-11T13:09:54.019694Z[0m [32m INFO[0m [1mturn[0m[1m{[0m[3msession[0m[2m=[0m6c62c4c4-7f63-42c5-9103-8e4317fa3878[1m}[0m[2m:[0m [2mbraze_engine::engine[0m[2m:[0m planner produced a single-step (or unstructured) plan; discarding it — the executor's first round covers it without the plan-in-prompt cost
[2m2026-07-11T13:09:54.020890Z[0m [32m INFO[0m [1mturn[0m[1m{[0m[3msession[0m[2m=[0m6c62c4c4-7f63-42c5-9103-8e4317fa3878[1m}[0m[2m:[0m [2mbraze_engine::hooks[0m[2m:[0m prompt budget breakdown (PromptBudgetAuditHook) [3msystem_tokens_est[0m[2m=[0m287 [3mtools_tokens_est[0m[2m=[0m850 [3mhistory_tokens_est[0m[2m=[0m19 [3mtotal_tokens_est[0m[2m=[0m1157 [3mmessage_count[0m[2m=[0m1
-> ollama:qwen3.5-coder+plan:ollama:gemma4:e4b :: no_tool_qa (rep 3/5)
[2m2026-07-11T13:10:24.943196Z[0m [32m INFO[0m [1mturn[0m[1m{[0m[3msession[0m[2m=[0mbe20128e-f4a1-4820-939b-545034552468[1m}[0m[2m:[0m [2mbraze_engine::engine[0m[2m:[0m planner produced a single-step (or unstructured) plan; discarding it — the executor's first round covers it without the plan-in-prompt cost
[2m2026-07-11T13:10:24.944597Z[0m [32m INFO[0m [1mturn[0m[1m{[0m[3msession[0m[2m=[0mbe20128e-f4a1-4820-939b-545034552468[1m}[0m[2m:[0m [2mbraze_engine::hooks[0m[2m:[0m prompt budget breakdown (PromptBudgetAuditHook) [3msystem_tokens_est[0m[2m=[0m287 [3mtools_tokens_est[0m[2m=[0m850 [3mhistory_tokens_est[0m[2m=[0m19 [3mtotal_tokens_est[0m[2m=[0m1157 [3mmessage_count[0m[2m=[0m1
-> ollama:qwen3.5-coder+plan:ollama:gemma4:e4b :: no_tool_qa (rep 4/5)
[2m2026-07-11T13:10:57.014676Z[0m [32m INFO[0m [1mturn[0m[1m{[0m[3msession[0m[2m=[0mbbc2bdf0-baf2-48a8-b93f-42adc7b64471[1m}[0m[2m:[0m [2mbraze_engine::engine[0m[2m:[0m planner produced a single-step (or unstructured) plan; discarding it — the executor's first round covers it without the plan-in-prompt cost
[2m2026-07-11T13:10:57.015178Z[0m [32m INFO[0m [1mturn[0m[1m{[0m[3msession[0m[2m=[0mbbc2bdf0-baf2-48a8-b93f-42adc7b64471[1m}[0m[2m:[0m [2mbraze_engine::hooks[0m[2m:[0m prompt budget breakdown (PromptBudgetAuditHook) [3msystem_tokens_est[0m[2m=[0m287 [3mtools_tokens_est[0m[2m=[0m850 [3mhistory_tokens_est[0m[2m=[0m19 [3mtotal_tokens_est[0m[2m=[0m1157 [3mmessage_count[0m[2m=[0m1
-> ollama:qwen3.5-coder+plan:ollama:gemma4:e4b :: no_tool_qa (rep 5/5)
[2m2026-07-11T13:11:27.622988Z[0m [32m INFO[0m [1mturn[0m[1m{[0m[3msession[0m[2m=[0ma84d41d5-2daa-4d56-bbe5-1af0a45d8449[1m}[0m[2m:[0m [2mbraze_engine::engine[0m[2m:[0m planner produced a single-step (or unstructured) plan; discarding it — the executor's first round covers it without the plan-in-prompt cost
[2m2026-07-11T13:11:27.624321Z[0m [32m INFO[0m [1mturn[0m[1m{[0m[3msession[0m[2m=[0ma84d41d5-2daa-4d56-bbe5-1af0a45d8449[1m}[0m[2m:[0m [2mbraze_engine::hooks[0m[2m:[0m prompt budget breakdown (PromptBudgetAuditHook) [3msystem_tokens_est[0m[2m=[0m287 [3mtools_tokens_est[0m[2m=[0m850 [3mhistory_tokens_est[0m[2m=[0m19 [3mtotal_tokens_est[0m[2m=[0m1157 [3mmessage_count[0m[2m=[0m1
-> ollama:qwen3.5-coder+plan:ollama:gemma4:e4b :: multi_step_read_count_write (rep 1/5)
[2m2026-07-11T13:12:05.470152Z[0m [32m INFO[0m [1mturn[0m[1m{[0m[3msession[0m[2m=[0mb1f07080-7d58-4a92-98f4-b1afe84f9f74[1m}[0m[2m:[0m [2mbraze_engine::hooks[0m[2m:[0m prompt budget breakdown (PromptBudgetAuditHook) [3msystem_tokens_est[0m[2m=[0m291 [3mtools_tokens_est[0m[2m=[0m850 [3mhistory_tokens_est[0m[2m=[0m133 [3mtotal_tokens_est[0m[2m=[0m1275 [3mmessage_count[0m[2m=[0m2
[2m2026-07-11T13:12:30.769315Z[0m [32m INFO[0m [1mturn[0m[1m{[0m[3msession[0m[2m=[0mb1f07080-7d58-4a92-98f4-b1afe84f9f74[1m}[0m[2m:[0m [2mbraze_engine::hooks[0m[2m:[0m prompt budget breakdown (PromptBudgetAuditHook) [3msystem_tokens_est[0m[2m=[0m291 [3mtools_tokens_est[0m[2m=[0m850 [3mhistory_tokens_est[0m[2m=[0m158 [3mtotal_tokens_est[0m[2m=[0m1300 [3mmessage_count[0m[2m=[0m4
[2m2026-07-11T13:12:37.177476Z[0m [32m INFO[0m [1mturn[0m[1m{[0m[3msession[0m[2m=[0mb1f07080-7d58-4a92-98f4-b1afe84f9f74[1m}[0m[2m:[0m [2mbraze_engine::hooks[0m[2m:[0m prompt budget breakdown (PromptBudgetAuditHook) [3msystem_tokens_est[0m[2m=[0m291 [3mtools_tokens_est[0m[2m=[0m850 [3mhistory_tokens_est[0m[2m=[0m193 [3mtotal_tokens_est[0m[2m=[0m1335 [3mmessage_count[0m[2m=[0m6
-> ollama:qwen3.5-coder+plan:ollama:gemma4:e4b :: multi_step_read_count_write (rep 2/5)
[2m2026-07-11T13:13:03.225381Z[0m [32m INFO[0m [1mturn[0m[1m{[0m[3msession[0m[2m=[0m56984409-f89e-468c-bc2b-e3c824221394[1m}[0m[2m:[0m [2mbraze_engine::hooks[0m[2m:[0m prompt budget breakdown (PromptBudgetAuditHook) [3msystem_tokens_est[0m[2m=[0m291 [3mtools_tokens_est[0m[2m=[0m850 [3mhistory_tokens_est[0m[2m=[0m147 [3mtotal_tokens_est[0m[2m=[0m1289 [3mmessage_count[0m[2m=[0m2
[2m2026-07-11T13:13:28.629466Z[0m [32m INFO[0m [1mturn[0m[1m{[0m[3msession[0m[2m=[0m56984409-f89e-468c-bc2b-e3c824221394[1m}[0m[2m:[0m [2mbraze_engine::hooks[0m[2m:[0m prompt budget breakdown (PromptBudgetAuditHook) [3msystem_tokens_est[0m[2m=[0m291 [3mtools_tokens_est[0m[2m=[0m850 [3mhistory_tokens_est[0m[2m=[0m172 [3mtotal_tokens_est[0m[2m=[0m1314 [3mmessage_count[0m[2m=[0m4
[2m2026-07-11T13:13:35.039707Z[0m [32m INFO[0m [1mturn[0m[1m{[0m[3msession[0m[2m=[0m56984409-f89e-468c-bc2b-e3c824221394[1m}[0m[2m:[0m [2mbraze_engine::hooks[0m[2m:[0m prompt budget breakdown (PromptBudgetAuditHook) [3msystem_tokens_est[0m[2m=[0m291 [3mtools_tokens_est[0m[2m=[0m850 [3mhistory_tokens_est[0m[2m=[0m206 [3mtotal_tokens_est[0m[2m=[0m1348 [3mmessage_count[0m[2m=[0m6
-> ollama:qwen3.5-coder+plan:ollama:gemma4:e4b :: multi_step_read_count_write (rep 3/5)
[2m2026-07-11T13:13:57.127173Z[0m [32m INFO[0m [1mturn[0m[1m{[0m[3msession[0m[2m=[0m59d3e129-c089-4971-8470-50455a085537[1m}[0m[2m:[0m [2mbraze_engine::hooks[0m[2m:[0m prompt budget breakdown (PromptBudgetAuditHook) [3msystem_tokens_est[0m[2m=[0m291 [3mtools_tokens_est[0m[2m=[0m850 [3mhistory_tokens_est[0m[2m=[0m132 [3mtotal_tokens_est[0m[2m=[0m1274 [3mmessage_count[0m[2m=[0m2
[2m2026-07-11T13:14:21.577028Z[0m [32m INFO[0m [1mturn[0m[1m{[0m[3msession[0m[2m=[0m59d3e129-c089-4971-8470-50455a085537[1m}[0m[2m:[0m [2mbraze_engine::hooks[0m[2m:[0m prompt budget breakdown (PromptBudgetAuditHook) [3msystem_tokens_est[0m[2m=[0m291 [3mtools_tokens_est[0m[2m=[0m850 [3mhistory_tokens_est[0m[2m=[0m157 [3mtotal_tokens_est[0m[2m=[0m1299 [3mmessage_count[0m[2m=[0m4
[2m2026-07-11T13:14:27.991956Z[0m [32m INFO[0m [1mturn[0m[1m{[0m[3msession[0m[2m=[0m59d3e129-c089-4971-8470-50455a085537[1m}[0m[2m:[0m [2mbraze_engine::hooks[0m[2m:[0m prompt budget breakdown (PromptBudgetAuditHook) [3msystem_tokens_est[0m[2m=[0m291 [3mtools_tokens_est[0m[2m=[0m850 [3mhistory_tokens_est[0m[2m=[0m192 [3mtotal_tokens_est[0m[2m=[0m1334 [3mmessage_count[0m[2m=[0m6
-> ollama:qwen3.5-coder+plan:ollama:gemma4:e4b :: multi_step_read_count_write (rep 4/5)
[2m2026-07-11T13:14:48.765822Z[0m [32m INFO[0m [1mturn[0m[1m{[0m[3msession[0m[2m=[0m6a7161ae-c3ff-4ed9-94f1-85633b386f83[1m}[0m[2m:[0m [2mbraze_engine::hooks[0m[2m:[0m prompt budget breakdown (PromptBudgetAuditHook) [3msystem_tokens_est[0m[2m=[0m291 [3mtools_tokens_est[0m[2m=[0m850 [3mhistory_tokens_est[0m[2m=[0m136 [3mtotal_tokens_est[0m[2m=[0m1278 [3mmessage_count[0m[2m=[0m2
[2m2026-07-11T13:15:13.374787Z[0m [32m INFO[0m [1mturn[0m[1m{[0m[3msession[0m[2m=[0m6a7161ae-c3ff-4ed9-94f1-85633b386f83[1m}[0m[2m:[0m [2mbraze_engine::hooks[0m[2m:[0m prompt budget breakdown (PromptBudgetAuditHook) [3msystem_tokens_est[0m[2m=[0m291 [3mtools_tokens_est[0m[2m=[0m850 [3mhistory_tokens_est[0m[2m=[0m162 [3mtotal_tokens_est[0m[2m=[0m1304 [3mmessage_count[0m[2m=[0m4
[2m2026-07-11T13:15:19.824590Z[0m [32m INFO[0m [1mturn[0m[1m{[0m[3msession[0m[2m=[0m6a7161ae-c3ff-4ed9-94f1-85633b386f83[1m}[0m[2m:[0m [2mbraze_engine::hooks[0m[2m:[0m prompt budget breakdown (PromptBudgetAuditHook) [3msystem_tokens_est[0m[2m=[0m291 [3mtools_tokens_est[0m[2m=[0m850 [3mhistory_tokens_est[0m[2m=[0m196 [3mtotal_tokens_est[0m[2m=[0m1338 [3mmessage_count[0m[2m=[0m6
-> ollama:qwen3.5-coder+plan:ollama:gemma4:e4b :: multi_step_read_count_write (rep 5/5)
[2m2026-07-11T13:15:40.227437Z[0m [32m INFO[0m [1mturn[0m[1m{[0m[3msession[0m[2m=[0mc6b25687-0232-4ac3-8346-d573d9d8ac2c[1m}[0m[2m:[0m [2mbraze_engine::hooks[0m[2m:[0m prompt budget breakdown (PromptBudgetAuditHook) [3msystem_tokens_est[0m[2m=[0m291 [3mtools_tokens_est[0m[2m=[0m850 [3mhistory_tokens_est[0m[2m=[0m131 [3mtotal_tokens_est[0m[2m=[0m1273 [3mmessage_count[0m[2m=[0m2
[2m2026-07-11T13:16:05.409538Z[0m [32m INFO[0m [1mturn[0m[1m{[0m[3msession[0m[2m=[0mc6b25687-0232-4ac3-8346-d573d9d8ac2c[1m}[0m[2m:[0m [2mbraze_engine::hooks[0m[2m:[0m prompt budget breakdown (PromptBudgetAuditHook) [3msystem_tokens_est[0m[2m=[0m291 [3mtools_tokens_est[0m[2m=[0m850 [3mhistory_tokens_est[0m[2m=[0m156 [3mtotal_tokens_est[0m[2m=[0m1298 [3mmessage_count[0m[2m=[0m4
[2m2026-07-11T13:16:12.709413Z[0m [32m INFO[0m [1mturn[0m[1m{[0m[3msession[0m[2m=[0mc6b25687-0232-4ac3-8346-d573d9d8ac2c[1m}[0m[2m:[0m [2mbraze_engine::hooks[0m[2m:[0m prompt budget breakdown (PromptBudgetAuditHook) [3msystem_tokens_est[0m[2m=[0m291 [3mtools_tokens_est[0m[2m=[0m850 [3mhistory_tokens_est[0m[2m=[0m190 [3mtotal_tokens_est[0m[2m=[0m1332 [3mmessage_count[0m[2m=[0m6
-> ollama:qwen3.5-coder+plan:ollama:gemma4:e4b :: error_recovery_wrong_filename (rep 1/5)
[2m2026-07-11T13:16:33.198342Z[0m [32m INFO[0m [1mturn[0m[1m{[0m[3msession[0m[2m=[0m3d5e39c1-de9b-4179-a471-13b3ec4e3728[1m}[0m[2m:[0m [2mbraze_engine::hooks[0m[2m:[0m prompt budget breakdown (PromptBudgetAuditHook) [3msystem_tokens_est[0m[2m=[0m291 [3mtools_tokens_est[0m[2m=[0m850 [3mhistory_tokens_est[0m[2m=[0m143 [3mtotal_tokens_est[0m[2m=[0m1285 [3mmessage_count[0m[2m=[0m2
[2m2026-07-11T13:16:56.712451Z[0m [32m INFO[0m [1mturn[0m[1m{[0m[3msession[0m[2m=[0m3d5e39c1-de9b-4179-a471-13b3ec4e3728[1m}[0m[2m:[0m [2mbraze_engine::hooks[0m[2m:[0m prompt budget breakdown (PromptBudgetAuditHook) [3msystem_tokens_est[0m[2m=[0m291 [3mtools_tokens_est[0m[2m=[0m850 [3mhistory_tokens_est[0m[2m=[0m172 [3mtotal_tokens_est[0m[2m=[0m1314 [3mmessage_count[0m[2m=[0m4
[2m2026-07-11T13:17:07.094506Z[0m [32m INFO[0m [1mturn[0m[1m{[0m[3msession[0m[2m=[0m3d5e39c1-de9b-4179-a471-13b3ec4e3728[1m}[0m[2m:[0m [2mbraze_engine::hooks[0m[2m:[0m prompt budget breakdown (PromptBudgetAuditHook) [3msystem_tokens_est[0m[2m=[0m291 [3mtools_tokens_est[0m[2m=[0m850 [3mhistory_tokens_est[0m[2m=[0m235 [3mtotal_tokens_est[0m[2m=[0m1377 [3mmessage_count[0m[2m=[0m6
-> ollama:qwen3.5-coder+plan:ollama:gemma4:e4b :: error_recovery_wrong_filename (rep 2/5)
[2m2026-07-11T13:17:23.489879Z[0m [32m INFO[0m [1mturn[0m[1m{[0m[3msession[0m[2m=[0m5f0ddd9b-f623-4a9a-91bb-738297068a34[1m}[0m[2m:[0m [2mbraze_engine::hooks[0m[2m:[0m prompt budget breakdown (PromptBudgetAuditHook) [3msystem_tokens_est[0m[2m=[0m291 [3mtools_tokens_est[0m[2m=[0m850 [3mhistory_tokens_est[0m[2m=[0m137 [3mtotal_tokens_est[0m[2m=[0m1280 [3mmessage_count[0m[2m=[0m2
[2m2026-07-11T13:17:48.591464Z[0m [32m INFO[0m [1mturn[0m[1m{[0m[3msession[0m[2m=[0m5f0ddd9b-f623-4a9a-91bb-738297068a34[1m}[0m[2m:[0m [2mbraze_engine::hooks[0m[2m:[0m prompt budget breakdown (PromptBudgetAuditHook) [3msystem_tokens_est[0m[2m=[0m291 [3mtools_tokens_est[0m[2m=[0m850 [3mhistory_tokens_est[0m[2m=[0m166 [3mtotal_tokens_est[0m[2m=[0m1309 [3mmessage_count[0m[2m=[0m4
[2m2026-07-11T13:17:56.498889Z[0m [32m INFO[0m [1mturn[0m[1m{[0m[3msession[0m[2m=[0m5f0ddd9b-f623-4a9a-91bb-738297068a34[1m}[0m[2m:[0m [2mbraze_engine::hooks[0m[2m:[0m prompt budget breakdown (PromptBudgetAuditHook) [3msystem_tokens_est[0m[2m=[0m291 [3mtools_tokens_est[0m[2m=[0m850 [3mhistory_tokens_est[0m[2m=[0m196 [3mtotal_tokens_est[0m[2m=[0m1339 [3mmessage_count[0m[2m=[0m6
-> ollama:qwen3.5-coder+plan:ollama:gemma4:e4b :: error_recovery_wrong_filename (rep 3/5)
[2m2026-07-11T13:18:21.118221Z[0m [32m INFO[0m [1mturn[0m[1m{[0m[3msession[0m[2m=[0m815312c6-4359-47e2-a4f2-65116480c61e[1m}[0m[2m:[0m [2mbraze_engine::hooks[0m[2m:[0m prompt budget breakdown (PromptBudgetAuditHook) [3msystem_tokens_est[0m[2m=[0m291 [3mtools_tokens_est[0m[2m=[0m850 [3mhistory_tokens_est[0m[2m=[0m162 [3mtotal_tokens_est[0m[2m=[0m1304 [3mmessage_count[0m[2m=[0m2
[2m2026-07-11T13:18:46.583392Z[0m [32m INFO[0m [1mturn[0m[1m{[0m[3msession[0m[2m=[0m815312c6-4359-47e2-a4f2-65116480c61e[1m}[0m[2m:[0m [2mbraze_engine::hooks[0m[2m:[0m prompt budget breakdown (PromptBudgetAuditHook) [3msystem_tokens_est[0m[2m=[0m291 [3mtools_tokens_est[0m[2m=[0m850 [3mhistory_tokens_est[0m[2m=[0m191 [3mtotal_tokens_est[0m[2m=[0m1333 [3mmessage_count[0m[2m=[0m4
[2m2026-07-11T13:18:56.183590Z[0m [32m INFO[0m [1mturn[0m[1m{[0m[3msession[0m[2m=[0m815312c6-4359-47e2-a4f2-65116480c61e[1m}[0m[2m:[0m [2mbraze_engine::hooks[0m[2m:[0m prompt budget breakdown (PromptBudgetAuditHook) [3msystem_tokens_est[0m[2m=[0m291 [3mtools_tokens_est[0m[2m=[0m850 [3mhistory_tokens_est[0m[2m=[0m254 [3mtotal_tokens_est[0m[2m=[0m1396 [3mmessage_count[0m[2m=[0m6
-> ollama:qwen3.5-coder+plan:ollama:gemma4:e4b :: error_recovery_wrong_filename (rep 4/5)
[2m2026-07-11T13:19:16.638523Z[0m [32m INFO[0m [1mturn[0m[1m{[0m[3msession[0m[2m=[0m38f60ebe-45d3-4318-a158-708e5aa9c44b[1m}[0m[2m:[0m [2mbraze_engine::hooks[0m[2m:[0m prompt budget breakdown (PromptBudgetAuditHook) [3msystem_tokens_est[0m[2m=[0m291 [3mtools_tokens_est[0m[2m=[0m850 [3mhistory_tokens_est[0m[2m=[0m118 [3mtotal_tokens_est[0m[2m=[0m1261 [3mmessage_count[0m[2m=[0m2
[2m2026-07-11T13:19:40.048453Z[0m [32m INFO[0m [1mturn[0m[1m{[0m[3msession[0m[2m=[0m38f60ebe-45d3-4318-a158-708e5aa9c44b[1m}[0m[2m:[0m [2mbraze_engine::hooks[0m[2m:[0m prompt budget breakdown (PromptBudgetAuditHook) [3msystem_tokens_est[0m[2m=[0m291 [3mtools_tokens_est[0m[2m=[0m850 [3mhistory_tokens_est[0m[2m=[0m147 [3mtotal_tokens_est[0m[2m=[0m1290 [3mmessage_count[0m[2m=[0m4
[2m2026-07-11T13:19:47.234935Z[0m [32m INFO[0m [1mturn[0m[1m{[0m[3msession[0m[2m=[0m38f60ebe-45d3-4318-a158-708e5aa9c44b[1m}[0m[2m:[0m [2mbraze_engine::hooks[0m[2m:[0m prompt budget breakdown (PromptBudgetAuditHook) [3msystem_tokens_est[0m[2m=[0m291 [3mtools_tokens_est[0m[2m=[0m850 [3mhistory_tokens_est[0m[2m=[0m177 [3mtotal_tokens_est[0m[2m=[0m1320 [3mmessage_count[0m[2m=[0m6
-> ollama:qwen3.5-coder+plan:ollama:gemma4:e4b :: error_recovery_wrong_filename (rep 5/5)
[2m2026-07-11T13:20:05.117785Z[0m [32m INFO[0m [1mturn[0m[1m{[0m[3msession[0m[2m=[0m9b29bc99-f07e-4707-a446-4987427b01b5[1m}[0m[2m:[0m [2mbraze_engine::hooks[0m[2m:[0m prompt budget breakdown (PromptBudgetAuditHook) [3msystem_tokens_est[0m[2m=[0m291 [3mtools_tokens_est[0m[2m=[0m850 [3mhistory_tokens_est[0m[2m=[0m126 [3mtotal_tokens_est[0m[2m=[0m1268 [3mmessage_count[0m[2m=[0m2
[2m2026-07-11T13:20:30.225565Z[0m [32m INFO[0m [1mturn[0m[1m{[0m[3msession[0m[2m=[0m9b29bc99-f07e-4707-a446-4987427b01b5[1m}[0m[2m:[0m [2mbraze_engine::hooks[0m[2m:[0m prompt budget breakdown (PromptBudgetAuditHook) [3msystem_tokens_est[0m[2m=[0m291 [3mtools_tokens_est[0m[2m=[0m850 [3mhistory_tokens_est[0m[2m=[0m155 [3mtotal_tokens_est[0m[2m=[0m1297 [3mmessage_count[0m[2m=[0m4
[2m2026-07-11T13:20:40.080159Z[0m [32m INFO[0m [1mturn[0m[1m{[0m[3msession[0m[2m=[0m9b29bc99-f07e-4707-a446-4987427b01b5[1m}[0m[2m:[0m [2mbraze_engine::hooks[0m[2m:[0m prompt budget breakdown (PromptBudgetAuditHook) [3msystem_tokens_est[0m[2m=[0m291 [3mtools_tokens_est[0m[2m=[0m850 [3mhistory_tokens_est[0m[2m=[0m218 [3mtotal_tokens_est[0m[2m=[0m1361 [3mmessage_count[0m[2m=[0m6
-> ollama:qwen3.5-coder+plan:ollama:gemma4:e4b :: distractor_selection_among_files (rep 1/5)
[2m2026-07-11T13:20:55.919824Z[0m [32m INFO[0m [1mturn[0m[1m{[0m[3msession[0m[2m=[0m8b18241a-5b2d-490c-958f-5ab4951af40c[1m}[0m[2m:[0m [2mbraze_engine::engine[0m[2m:[0m planner produced a single-step (or unstructured) plan; discarding it — the executor's first round covers it without the plan-in-prompt cost
[2m2026-07-11T13:20:55.920234Z[0m [32m INFO[0m [1mturn[0m[1m{[0m[3msession[0m[2m=[0m8b18241a-5b2d-490c-958f-5ab4951af40c[1m}[0m[2m:[0m [2mbraze_engine::hooks[0m[2m:[0m prompt budget breakdown (PromptBudgetAuditHook) [3msystem_tokens_est[0m[2m=[0m292 [3mtools_tokens_est[0m[2m=[0m850 [3mhistory_tokens_est[0m[2m=[0m34 [3mtotal_tokens_est[0m[2m=[0m1177 [3mmessage_count[0m[2m=[0m1
[2m2026-07-11T13:21:22.339460Z[0m [32m INFO[0m [1mturn[0m[1m{[0m[3msession[0m[2m=[0m8b18241a-5b2d-490c-958f-5ab4951af40c[1m}[0m[2m:[0m [2mbraze_engine::hooks[0m[2m:[0m prompt budget breakdown (PromptBudgetAuditHook) [3msystem_tokens_est[0m[2m=[0m292 [3mtools_tokens_est[0m[2m=[0m850 [3mhistory_tokens_est[0m[2m=[0m95 [3mtotal_tokens_est[0m[2m=[0m1238 [3mmessage_count[0m[2m=[0m3
[2m2026-07-11T13:21:30.883585Z[0m [32m INFO[0m [1mturn[0m[1m{[0m[3msession[0m[2m=[0m8b18241a-5b2d-490c-958f-5ab4951af40c[1m}[0m[2m:[0m [2mbraze_engine::hooks[0m[2m:[0m prompt budget breakdown (PromptBudgetAuditHook) [3msystem_tokens_est[0m[2m=[0m292 [3mtools_tokens_est[0m[2m=[0m850 [3mhistory_tokens_est[0m[2m=[0m133 [3mtotal_tokens_est[0m[2m=[0m1276 [3mmessage_count[0m[2m=[0m5
-> ollama:qwen3.5-coder+plan:ollama:gemma4:e4b :: distractor_selection_among_files (rep 2/5)
[2m2026-07-11T13:21:47.800991Z[0m [32m INFO[0m [1mturn[0m[1m{[0m[3msession[0m[2m=[0mecde174c-61e3-41e3-86af-1d5a1fec7b83[1m}[0m[2m:[0m [2mbraze_engine::engine[0m[2m:[0m planner produced a single-step (or unstructured) plan; discarding it — the executor's first round covers it without the plan-in-prompt cost
[2m2026-07-11T13:21:47.802121Z[0m [32m INFO[0m [1mturn[0m[1m{[0m[3msession[0m[2m=[0mecde174c-61e3-41e3-86af-1d5a1fec7b83[1m}[0m[2m:[0m [2mbraze_engine::hooks[0m[2m:[0m prompt budget breakdown (PromptBudgetAuditHook) [3msystem_tokens_est[0m[2m=[0m292 [3mtools_tokens_est[0m[2m=[0m850 [3mhistory_tokens_est[0m[2m=[0m34 [3mtotal_tokens_est[0m[2m=[0m1177 [3mmessage_count[0m[2m=[0m1
[2m2026-07-11T13:22:14.118808Z[0m [32m INFO[0m [1mturn[0m[1m{[0m[3msession[0m[2m=[0mecde174c-61e3-41e3-86af-1d5a1fec7b83[1m}[0m[2m:[0m [2mbraze_engine::hooks[0m[2m:[0m prompt budget breakdown (PromptBudgetAuditHook) [3msystem_tokens_est[0m[2m=[0m292 [3mtools_tokens_est[0m[2m=[0m850 [3mhistory_tokens_est[0m[2m=[0m107 [3mtotal_tokens_est[0m[2m=[0m1251 [3mmessage_count[0m[2m=[0m3
[2m2026-07-11T13:22:24.212056Z[0m [32m INFO[0m [1mturn[0m[1m{[0m[3msession[0m[2m=[0mecde174c-61e3-41e3-86af-1d5a1fec7b83[1m}[0m[2m:[0m [2mbraze_engine::hooks[0m[2m:[0m prompt budget breakdown (PromptBudgetAuditHook) [3msystem_tokens_est[0m[2m=[0m292 [3mtools_tokens_est[0m[2m=[0m850 [3mhistory_tokens_est[0m[2m=[0m169 [3mtotal_tokens_est[0m[2m=[0m1312 [3mmessage_count[0m[2m=[0m5
[2m2026-07-11T13:22:32.967177Z[0m [32m INFO[0m [1mturn[0m[1m{[0m[3msession[0m[2m=[0mecde174c-61e3-41e3-86af-1d5a1fec7b83[1m}[0m[2m:[0m [2mbraze_engine::hooks[0m[2m:[0m prompt budget breakdown (PromptBudgetAuditHook) [3msystem_tokens_est[0m[2m=[0m292 [3mtools_tokens_est[0m[2m=[0m850 [3mhistory_tokens_est[0m[2m=[0m205 [3mtotal_tokens_est[0m[2m=[0m1348 [3mmessage_count[0m[2m=[0m7
-> ollama:qwen3.5-coder+plan:ollama:gemma4:e4b :: distractor_selection_among_files (rep 3/5)
[2m2026-07-11T13:22:51.872910Z[0m [32m INFO[0m [1mturn[0m[1m{[0m[3msession[0m[2m=[0m0b32b9f6-94cc-4f05-8d7d-fbf1cff6174e[1m}[0m[2m:[0m [2mbraze_engine::engine[0m[2m:[0m planner produced a single-step (or unstructured) plan; discarding it — the executor's first round covers it without the plan-in-prompt cost
[2m2026-07-11T13:22:51.873728Z[0m [32m INFO[0m [1mturn[0m[1m{[0m[3msession[0m[2m=[0m0b32b9f6-94cc-4f05-8d7d-fbf1cff6174e[1m}[0m[2m:[0m [2mbraze_engine::hooks[0m[2m:[0m prompt budget breakdown (PromptBudgetAuditHook) [3msystem_tokens_est[0m[2m=[0m292 [3mtools_tokens_est[0m[2m=[0m850 [3mhistory_tokens_est[0m[2m=[0m34 [3mtotal_tokens_est[0m[2m=[0m1177 [3mmessage_count[0m[2m=[0m1
[2m2026-07-11T13:23:17.023480Z[0m [32m INFO[0m [1mturn[0m[1m{[0m[3msession[0m[2m=[0m0b32b9f6-94cc-4f05-8d7d-fbf1cff6174e[1m}[0m[2m:[0m [2mbraze_engine::hooks[0m[2m:[0m prompt budget breakdown (PromptBudgetAuditHook) [3msystem_tokens_est[0m[2m=[0m292 [3mtools_tokens_est[0m[2m=[0m850 [3mhistory_tokens_est[0m[2m=[0m95 [3mtotal_tokens_est[0m[2m=[0m1238 [3mmessage_count[0m[2m=[0m3
-> ollama:qwen3.5-coder+plan:ollama:gemma4:e4b :: distractor_selection_among_files (rep 4/5)
[2m2026-07-11T13:23:33.945412Z[0m [32m INFO[0m [1mturn[0m[1m{[0m[3msession[0m[2m=[0m1090b532-dbee-4882-85a8-f6d1ad2ecd6b[1m}[0m[2m:[0m [2mbraze_engine::engine[0m[2m:[0m planner produced a single-step (or unstructured) plan; discarding it — the executor's first round covers it without the plan-in-prompt cost
[2m2026-07-11T13:23:33.946018Z[0m [32m INFO[0m [1mturn[0m[1m{[0m[3msession[0m[2m=[0m1090b532-dbee-4882-85a8-f6d1ad2ecd6b[1m}[0m[2m:[0m [2mbraze_engine::hooks[0m[2m:[0m prompt budget breakdown (PromptBudgetAuditHook) [3msystem_tokens_est[0m[2m=[0m292 [3mtools_tokens_est[0m[2m=[0m850 [3mhistory_tokens_est[0m[2m=[0m34 [3mtotal_tokens_est[0m[2m=[0m1177 [3mmessage_count[0m[2m=[0m1
[2m2026-07-11T13:23:58.038672Z[0m [32m INFO[0m [1mturn[0m[1m{[0m[3msession[0m[2m=[0m1090b532-dbee-4882-85a8-f6d1ad2ecd6b[1m}[0m[2m:[0m [2mbraze_engine::hooks[0m[2m:[0m prompt budget breakdown (PromptBudgetAuditHook) [3msystem_tokens_est[0m[2m=[0m292 [3mtools_tokens_est[0m[2m=[0m850 [3mhistory_tokens_est[0m[2m=[0m107 [3mtotal_tokens_est[0m[2m=[0m1251 [3mmessage_count[0m[2m=[0m3
[2m2026-07-11T13:24:10.174955Z[0m [32m INFO[0m [1mturn[0m[1m{[0m[3msession[0m[2m=[0m1090b532-dbee-4882-85a8-f6d1ad2ecd6b[1m}[0m[2m:[0m [2mbraze_engine::hooks[0m[2m:[0m prompt budget breakdown (PromptBudgetAuditHook) [3msystem_tokens_est[0m[2m=[0m292 [3mtools_tokens_est[0m[2m=[0m850 [3mhistory_tokens_est[0m[2m=[0m169 [3mtotal_tokens_est[0m[2m=[0m1312 [3mmessage_count[0m[2m=[0m5
[2m2026-07-11T13:24:18.938833Z[0m [32m INFO[0m [1mturn[0m[1m{[0m[3msession[0m[2m=[0m1090b532-dbee-4882-85a8-f6d1ad2ecd6b[1m}[0m[2m:[0m [2mbraze_engine::hooks[0m[2m:[0m prompt budget breakdown (PromptBudgetAuditHook) [3msystem_tokens_est[0m[2m=[0m292 [3mtools_tokens_est[0m[2m=[0m850 [3mhistory_tokens_est[0m[2m=[0m207 [3mtotal_tokens_est[0m[2m=[0m1350 [3mmessage_count[0m[2m=[0m7
[2m2026-07-11T13:24:29.503671Z[0m [32m INFO[0m [1mturn[0m[1m{[0m[3msession[0m[2m=[0m1090b532-dbee-4882-85a8-f6d1ad2ecd6b[1m}[0m[2m:[0m [2mbraze_engine::hooks[0m[2m:[0m prompt budget breakdown (PromptBudgetAuditHook) [3msystem_tokens_est[0m[2m=[0m292 [3mtools_tokens_est[0m[2m=[0m850 [3mhistory_tokens_est[0m[2m=[0m243 [3mtotal_tokens_est[0m[2m=[0m1387 [3mmessage_count[0m[2m=[0m9
[2m2026-07-11T13:24:35.840599Z[0m [32m INFO[0m [1mturn[0m[1m{[0m[3msession[0m[2m=[0m1090b532-dbee-4882-85a8-f6d1ad2ecd6b[1m}[0m[2m:[0m [2mbraze_engine::hooks[0m[2m:[0m prompt budget breakdown (PromptBudgetAuditHook) [3msystem_tokens_est[0m[2m=[0m292 [3mtools_tokens_est[0m[2m=[0m850 [3mhistory_tokens_est[0m[2m=[0m279 [3mtotal_tokens_est[0m[2m=[0m1422 [3mmessage_count[0m[2m=[0m11
-> ollama:qwen3.5-coder+plan:ollama:gemma4:e4b :: distractor_selection_among_files (rep 5/5)
[2m2026-07-11T13:24:52.327836Z[0m [32m INFO[0m [1mturn[0m[1m{[0m[3msession[0m[2m=[0mce0e3382-ffb3-476f-817d-6eeae338bc8e[1m}[0m[2m:[0m [2mbraze_engine::engine[0m[2m:[0m planner produced a single-step (or unstructured) plan; discarding it — the executor's first round covers it without the plan-in-prompt cost
[2m2026-07-11T13:24:52.328946Z[0m [32m INFO[0m [1mturn[0m[1m{[0m[3msession[0m[2m=[0mce0e3382-ffb3-476f-817d-6eeae338bc8e[1m}[0m[2m:[0m [2mbraze_engine::hooks[0m[2m:[0m prompt budget breakdown (PromptBudgetAuditHook) [3msystem_tokens_est[0m[2m=[0m292 [3mtools_tokens_est[0m[2m=[0m850 [3mhistory_tokens_est[0m[2m=[0m34 [3mtotal_tokens_est[0m[2m=[0m1177 [3mmessage_count[0m[2m=[0m1
[2m2026-07-11T13:25:18.209098Z[0m [32m INFO[0m [1mturn[0m[1m{[0m[3msession[0m[2m=[0mce0e3382-ffb3-476f-817d-6eeae338bc8e[1m}[0m[2m:[0m [2mbraze_engine::hooks[0m[2m:[0m prompt budget breakdown (PromptBudgetAuditHook) [3msystem_tokens_est[0m[2m=[0m292 [3mtools_tokens_est[0m[2m=[0m850 [3mhistory_tokens_est[0m[2m=[0m95 [3mtotal_tokens_est[0m[2m=[0m1238 [3mmessage_count[0m[2m=[0m3
-> ollama:qwen3.5-coder+plan:ollama:gemma4:e4b :: edit_file_function_body (rep 1/5)
[2m2026-07-11T13:25:35.643165Z[0m [32m INFO[0m [1mturn[0m[1m{[0m[3msession[0m[2m=[0m666cbf08-380e-4f8e-82c8-01e97de43e93[1m}[0m[2m:[0m [2mbraze_engine::engine[0m[2m:[0m planner produced a single-step (or unstructured) plan; discarding it — the executor's first round covers it without the plan-in-prompt cost
[2m2026-07-11T13:25:35.643750Z[0m [32m INFO[0m [1mturn[0m[1m{[0m[3msession[0m[2m=[0m666cbf08-380e-4f8e-82c8-01e97de43e93[1m}[0m[2m:[0m [2mbraze_engine::hooks[0m[2m:[0m prompt budget breakdown (PromptBudgetAuditHook) [3msystem_tokens_est[0m[2m=[0m290 [3mtools_tokens_est[0m[2m=[0m850 [3mhistory_tokens_est[0m[2m=[0m28 [3mtotal_tokens_est[0m[2m=[0m1169 [3mmessage_count[0m[2m=[0m1
[2m2026-07-11T13:25:58.514686Z[0m [32m INFO[0m [1mturn[0m[1m{[0m[3msession[0m[2m=[0m666cbf08-380e-4f8e-82c8-01e97de43e93[1m}[0m[2m:[0m [2mbraze_engine::hooks[0m[2m:[0m prompt budget breakdown (PromptBudgetAuditHook) [3msystem_tokens_est[0m[2m=[0m290 [3mtools_tokens_est[0m[2m=[0m850 [3mhistory_tokens_est[0m[2m=[0m52 [3mtotal_tokens_est[0m[2m=[0m1193 [3mmessage_count[0m[2m=[0m3
[2m2026-07-11T13:26:10.578119Z[0m [32m INFO[0m [1mturn[0m[1m{[0m[3msession[0m[2m=[0m666cbf08-380e-4f8e-82c8-01e97de43e93[1m}[0m[2m:[0m [2mbraze_engine::hooks[0m[2m:[0m prompt budget breakdown (PromptBudgetAuditHook) [3msystem_tokens_est[0m[2m=[0m290 [3mtools_tokens_est[0m[2m=[0m850 [3mhistory_tokens_est[0m[2m=[0m113 [3mtotal_tokens_est[0m[2m=[0m1254 [3mmessage_count[0m[2m=[0m5
-> ollama:qwen3.5-coder+plan:ollama:gemma4:e4b :: edit_file_function_body (rep 2/5)
[2m2026-07-11T13:26:27.461807Z[0m [32m INFO[0m [1mturn[0m[1m{[0m[3msession[0m[2m=[0m4b588053-b28d-492b-b598-1c316e1ca90f[1m}[0m[2m:[0m [2mbraze_engine::engine[0m[2m:[0m planner produced a single-step (or unstructured) plan; discarding it — the executor's first round covers it without the plan-in-prompt cost
[2m2026-07-11T13:26:27.462429Z[0m [32m INFO[0m [1mturn[0m[1m{[0m[3msession[0m[2m=[0m4b588053-b28d-492b-b598-1c316e1ca90f[1m}[0m[2m:[0m [2mbraze_engine::hooks[0m[2m:[0m prompt budget breakdown (PromptBudgetAuditHook) [3msystem_tokens_est[0m[2m=[0m290 [3mtools_tokens_est[0m[2m=[0m850 [3mhistory_tokens_est[0m[2m=[0m28 [3mtotal_tokens_est[0m[2m=[0m1169 [3mmessage_count[0m[2m=[0m1
[2m2026-07-11T13:26:50.330156Z[0m [32m INFO[0m [1mturn[0m[1m{[0m[3msession[0m[2m=[0m4b588053-b28d-492b-b598-1c316e1ca90f[1m}[0m[2m:[0m [2mbraze_engine::hooks[0m[2m:[0m prompt budget breakdown (PromptBudgetAuditHook) [3msystem_tokens_est[0m[2m=[0m290 [3mtools_tokens_est[0m[2m=[0m850 [3mhistory_tokens_est[0m[2m=[0m52 [3mtotal_tokens_est[0m[2m=[0m1193 [3mmessage_count[0m[2m=[0m3
[2m2026-07-11T13:27:01.361091Z[0m [32m INFO[0m [1mturn[0m[1m{[0m[3msession[0m[2m=[0m4b588053-b28d-492b-b598-1c316e1ca90f[1m}[0m[2m:[0m [2mbraze_engine::hooks[0m[2m:[0m prompt budget breakdown (PromptBudgetAuditHook) [3msystem_tokens_est[0m[2m=[0m290 [3mtools_tokens_est[0m[2m=[0m850 [3mhistory_tokens_est[0m[2m=[0m129 [3mtotal_tokens_est[0m[2m=[0m1270 [3mmessage_count[0m[2m=[0m6
-> ollama:qwen3.5-coder+plan:ollama:gemma4:e4b :: edit_file_function_body (rep 3/5)
[2m2026-07-11T13:27:20.248248Z[0m [32m INFO[0m [1mturn[0m[1m{[0m[3msession[0m[2m=[0m603c8861-b82d-4fbe-b132-436b8a3116b8[1m}[0m[2m:[0m [2mbraze_engine::engine[0m[2m:[0m planner produced a single-step (or unstructured) plan; discarding it — the executor's first round covers it without the plan-in-prompt cost
[2m2026-07-11T13:27:20.248542Z[0m [32m INFO[0m [1mturn[0m[1m{[0m[3msession[0m[2m=[0m603c8861-b82d-4fbe-b132-436b8a3116b8[1m}[0m[2m:[0m [2mbraze_engine::hooks[0m[2m:[0m prompt budget breakdown (PromptBudgetAuditHook) [3msystem_tokens_est[0m[2m=[0m290 [3mtools_tokens_est[0m[2m=[0m850 [3mhistory_tokens_est[0m[2m=[0m28 [3mtotal_tokens_est[0m[2m=[0m1169 [3mmessage_count[0m[2m=[0m1
[2m2026-07-11T13:27:43.096198Z[0m [32m INFO[0m [1mturn[0m[1m{[0m[3msession[0m[2m=[0m603c8861-b82d-4fbe-b132-436b8a3116b8[1m}[0m[2m:[0m [2mbraze_engine::hooks[0m[2m:[0m prompt budget breakdown (PromptBudgetAuditHook) [3msystem_tokens_est[0m[2m=[0m290 [3mtools_tokens_est[0m[2m=[0m850 [3mhistory_tokens_est[0m[2m=[0m52 [3mtotal_tokens_est[0m[2m=[0m1193 [3mmessage_count[0m[2m=[0m3
[2m2026-07-11T13:27:52.582177Z[0m [32m INFO[0m [1mturn[0m[1m{[0m[3msession[0m[2m=[0m603c8861-b82d-4fbe-b132-436b8a3116b8[1m}[0m[2m:[0m [2mbraze_engine::hooks[0m[2m:[0m prompt budget breakdown (PromptBudgetAuditHook) [3msystem_tokens_est[0m[2m=[0m290 [3mtools_tokens_est[0m[2m=[0m850 [3mhistory_tokens_est[0m[2m=[0m102 [3mtotal_tokens_est[0m[2m=[0m1243 [3mmessage_count[0m[2m=[0m5
-> ollama:qwen3.5-coder+plan:ollama:gemma4:e4b :: edit_file_function_body (rep 4/5)
[2m2026-07-11T13:28:16.266675Z[0m [32m INFO[0m [1mturn[0m[1m{[0m[3msession[0m[2m=[0m25806c4f-1ec3-4133-b32d-6fa55ff0b1e1[1m}[0m[2m:[0m [2mbraze_engine::engine[0m[2m:[0m planner produced a single-step (or unstructured) plan; discarding it — the executor's first round covers it without the plan-in-prompt cost
[2m2026-07-11T13:28:16.267533Z[0m [32m INFO[0m [1mturn[0m[1m{[0m[3msession[0m[2m=[0m25806c4f-1ec3-4133-b32d-6fa55ff0b1e1[1m}[0m[2m:[0m [2mbraze_engine::hooks[0m[2m:[0m prompt budget breakdown (PromptBudgetAuditHook) [3msystem_tokens_est[0m[2m=[0m290 [3mtools_tokens_est[0m[2m=[0m850 [3mhistory_tokens_est[0m[2m=[0m28 [3mtotal_tokens_est[0m[2m=[0m1169 [3mmessage_count[0m[2m=[0m1
[2m2026-07-11T13:28:40.443759Z[0m [32m INFO[0m [1mturn[0m[1m{[0m[3msession[0m[2m=[0m25806c4f-1ec3-4133-b32d-6fa55ff0b1e1[1m}[0m[2m:[0m [2mbraze_engine::hooks[0m[2m:[0m prompt budget breakdown (PromptBudgetAuditHook) [3msystem_tokens_est[0m[2m=[0m290 [3mtools_tokens_est[0m[2m=[0m850 [3mhistory_tokens_est[0m[2m=[0m52 [3mtotal_tokens_est[0m[2m=[0m1193 [3mmessage_count[0m[2m=[0m3
[2m2026-07-11T13:28:52.320772Z[0m [32m INFO[0m [1mturn[0m[1m{[0m[3msession[0m[2m=[0m25806c4f-1ec3-4133-b32d-6fa55ff0b1e1[1m}[0m[2m:[0m [2mbraze_engine::hooks[0m[2m:[0m prompt budget breakdown (PromptBudgetAuditHook) [3msystem_tokens_est[0m[2m=[0m290 [3mtools_tokens_est[0m[2m=[0m850 [3mhistory_tokens_est[0m[2m=[0m113 [3mtotal_tokens_est[0m[2m=[0m1254 [3mmessage_count[0m[2m=[0m5
-> ollama:qwen3.5-coder+plan:ollama:gemma4:e4b :: edit_file_function_body (rep 5/5)
[2m2026-07-11T13:29:13.678791Z[0m [32m INFO[0m [1mturn[0m[1m{[0m[3msession[0m[2m=[0ma06a30db-cff2-4107-b9bd-148efb6cd5f5[1m}[0m[2m:[0m [2mbraze_engine::engine[0m[2m:[0m planner produced a single-step (or unstructured) plan; discarding it — the executor's first round covers it without the plan-in-prompt cost
[2m2026-07-11T13:29:13.679082Z[0m [32m INFO[0m [1mturn[0m[1m{[0m[3msession[0m[2m=[0ma06a30db-cff2-4107-b9bd-148efb6cd5f5[1m}[0m[2m:[0m [2mbraze_engine::hooks[0m[2m:[0m prompt budget breakdown (PromptBudgetAuditHook) [3msystem_tokens_est[0m[2m=[0m290 [3mtools_tokens_est[0m[2m=[0m850 [3mhistory_tokens_est[0m[2m=[0m28 [3mtotal_tokens_est[0m[2m=[0m1169 [3mmessage_count[0m[2m=[0m1
[2m2026-07-11T13:29:37.015732Z[0m [32m INFO[0m [1mturn[0m[1m{[0m[3msession[0m[2m=[0ma06a30db-cff2-4107-b9bd-148efb6cd5f5[1m}[0m[2m:[0m [2mbraze_engine::hooks[0m[2m:[0m prompt budget breakdown (PromptBudgetAuditHook) [3msystem_tokens_est[0m[2m=[0m290 [3mtools_tokens_est[0m[2m=[0m850 [3mhistory_tokens_est[0m[2m=[0m52 [3mtotal_tokens_est[0m[2m=[0m1193 [3mmessage_count[0m[2m=[0m3
[2m2026-07-11T13:29:47.950477Z[0m [32m INFO[0m [1mturn[0m[1m{[0m[3msession[0m[2m=[0ma06a30db-cff2-4107-b9bd-148efb6cd5f5[1m}[0m[2m:[0m [2mbraze_engine::hooks[0m[2m:[0m prompt budget breakdown (PromptBudgetAuditHook) [3msystem_tokens_est[0m[2m=[0m290 [3mtools_tokens_est[0m[2m=[0m850 [3mhistory_tokens_est[0m[2m=[0m113 [3mtotal_tokens_est[0m[2m=[0m1254 [3mmessage_count[0m[2m=[0m5
-> ollama:qwen3.5-coder+plan:ollama:gemma4:e4b :: no_tool_capital_question (rep 1/5)
[2m2026-07-11T13:30:06.361423Z[0m [32m INFO[0m [1mturn[0m[1m{[0m[3msession[0m[2m=[0md0b10343-2364-4161-8a59-60bec0e65624[1m}[0m[2m:[0m [2mbraze_engine::engine[0m[2m:[0m planner produced a single-step (or unstructured) plan; discarding it — the executor's first round covers it without the plan-in-prompt cost
[2m2026-07-11T13:30:06.361821Z[0m [32m INFO[0m [1mturn[0m[1m{[0m[3msession[0m[2m=[0md0b10343-2364-4161-8a59-60bec0e65624[1m}[0m[2m:[0m [2mbraze_engine::hooks[0m[2m:[0m prompt budget breakdown (PromptBudgetAuditHook) [3msystem_tokens_est[0m[2m=[0m290 [3mtools_tokens_est[0m[2m=[0m850 [3mhistory_tokens_est[0m[2m=[0m25 [3mtotal_tokens_est[0m[2m=[0m1167 [3mmessage_count[0m[2m=[0m1
-> ollama:qwen3.5-coder+plan:ollama:gemma4:e4b :: no_tool_capital_question (rep 2/5)
[2m2026-07-11T13:30:37.392182Z[0m [32m INFO[0m [1mturn[0m[1m{[0m[3msession[0m[2m=[0mc4b400f5-6029-4089-adc5-e459beb91b16[1m}[0m[2m:[0m [2mbraze_engine::engine[0m[2m:[0m planner produced a single-step (or unstructured) plan; discarding it — the executor's first round covers it without the plan-in-prompt cost
[2m2026-07-11T13:30:37.393698Z[0m [32m INFO[0m [1mturn[0m[1m{[0m[3msession[0m[2m=[0mc4b400f5-6029-4089-adc5-e459beb91b16[1m}[0m[2m:[0m [2mbraze_engine::hooks[0m[2m:[0m prompt budget breakdown (PromptBudgetAuditHook) [3msystem_tokens_est[0m[2m=[0m290 [3mtools_tokens_est[0m[2m=[0m850 [3mhistory_tokens_est[0m[2m=[0m25 [3mtotal_tokens_est[0m[2m=[0m1167 [3mmessage_count[0m[2m=[0m1
-> ollama:qwen3.5-coder+plan:ollama:gemma4:e4b :: no_tool_capital_question (rep 3/5)
[2m2026-07-11T13:31:07.624513Z[0m [32m INFO[0m [1mturn[0m[1m{[0m[3msession[0m[2m=[0m67b6dda9-0cbd-4efa-b00e-1bd4bd0d8539[1m}[0m[2m:[0m [2mbraze_engine::engine[0m[2m:[0m planner produced a single-step (or unstructured) plan; discarding it — the executor's first round covers it without the plan-in-prompt cost
[2m2026-07-11T13:31:07.625282Z[0m [32m INFO[0m [1mturn[0m[1m{[0m[3msession[0m[2m=[0m67b6dda9-0cbd-4efa-b00e-1bd4bd0d8539[1m}[0m[2m:[0m [2mbraze_engine::hooks[0m[2m:[0m prompt budget breakdown (PromptBudgetAuditHook) [3msystem_tokens_est[0m[2m=[0m290 [3mtools_tokens_est[0m[2m=[0m850 [3mhistory_tokens_est[0m[2m=[0m25 [3mtotal_tokens_est[0m[2m=[0m1167 [3mmessage_count[0m[2m=[0m1
-> ollama:qwen3.5-coder+plan:ollama:gemma4:e4b :: no_tool_capital_question (rep 4/5)
[2m2026-07-11T13:31:38.936909Z[0m [32m INFO[0m [1mturn[0m[1m{[0m[3msession[0m[2m=[0m4a5ce123-87d0-4ea8-a8f5-1d1c87a7926f[1m}[0m[2m:[0m [2mbraze_engine::engine[0m[2m:[0m planner produced a single-step (or unstructured) plan; discarding it — the executor's first round covers it without the plan-in-prompt cost
[2m2026-07-11T13:31:38.937899Z[0m [32m INFO[0m [1mturn[0m[1m{[0m[3msession[0m[2m=[0m4a5ce123-87d0-4ea8-a8f5-1d1c87a7926f[1m}[0m[2m:[0m [2mbraze_engine::hooks[0m[2m:[0m prompt budget breakdown (PromptBudgetAuditHook) [3msystem_tokens_est[0m[2m=[0m290 [3mtools_tokens_est[0m[2m=[0m850 [3mhistory_tokens_est[0m[2m=[0m25 [3mtotal_tokens_est[0m[2m=[0m1167 [3mmessage_count[0m[2m=[0m1
-> ollama:qwen3.5-coder+plan:ollama:gemma4:e4b :: no_tool_capital_question (rep 5/5)
[2m2026-07-11T13:32:10.213189Z[0m [32m INFO[0m [1mturn[0m[1m{[0m[3msession[0m[2m=[0m378e08b2-4bd0-4b83-b7ca-25cb181b41bf[1m}[0m[2m:[0m [2mbraze_engine::engine[0m[2m:[0m planner produced a single-step (or unstructured) plan; discarding it — the executor's first round covers it without the plan-in-prompt cost
[2m2026-07-11T13:32:10.214917Z[0m [32m INFO[0m [1mturn[0m[1m{[0m[3msession[0m[2m=[0m378e08b2-4bd0-4b83-b7ca-25cb181b41bf[1m}[0m[2m:[0m [2mbraze_engine::hooks[0m[2m:[0m prompt budget breakdown (PromptBudgetAuditHook) [3msystem_tokens_est[0m[2m=[0m290 [3mtools_tokens_est[0m[2m=[0m850 [3mhistory_tokens_est[0m[2m=[0m25 [3mtotal_tokens_est[0m[2m=[0m1167 [3mmessage_count[0m[2m=[0m1
-> ollama:qwen3.5-coder+plan:ollama:gemma4:e4b :: no_tool_subtraction (rep 1/5)
[2m2026-07-11T13:32:41.482345Z[0m [32m INFO[0m [1mturn[0m[1m{[0m[3msession[0m[2m=[0m72b89a03-ad29-4cc0-ba52-f02bb8ca7990[1m}[0m[2m:[0m [2mbraze_engine::engine[0m[2m:[0m planner produced a single-step (or unstructured) plan; discarding it — the executor's first round covers it without the plan-in-prompt cost
[2m2026-07-11T13:32:41.483787Z[0m [32m INFO[0m [1mturn[0m[1m{[0m[3msession[0m[2m=[0m72b89a03-ad29-4cc0-ba52-f02bb8ca7990[1m}[0m[2m:[0m [2mbraze_engine::hooks[0m[2m:[0m prompt budget breakdown (PromptBudgetAuditHook) [3msystem_tokens_est[0m[2m=[0m289 [3mtools_tokens_est[0m[2m=[0m850 [3mhistory_tokens_est[0m[2m=[0m21 [3mtotal_tokens_est[0m[2m=[0m1161 [3mmessage_count[0m[2m=[0m1
-> ollama:qwen3.5-coder+plan:ollama:gemma4:e4b :: no_tool_subtraction (rep 2/5)
[2m2026-07-11T13:33:11.588700Z[0m [32m INFO[0m [1mturn[0m[1m{[0m[3msession[0m[2m=[0mc0c66755-b0a7-4679-919a-6d24e45dce30[1m}[0m[2m:[0m [2mbraze_engine::engine[0m[2m:[0m planner produced a single-step (or unstructured) plan; discarding it — the executor's first round covers it without the plan-in-prompt cost
[2m2026-07-11T13:33:11.589674Z[0m [32m INFO[0m [1mturn[0m[1m{[0m[3msession[0m[2m=[0mc0c66755-b0a7-4679-919a-6d24e45dce30[1m}[0m[2m:[0m [2mbraze_engine::hooks[0m[2m:[0m prompt budget breakdown (PromptBudgetAuditHook) [3msystem_tokens_est[0m[2m=[0m289 [3mtools_tokens_est[0m[2m=[0m850 [3mhistory_tokens_est[0m[2m=[0m21 [3mtotal_tokens_est[0m[2m=[0m1161 [3mmessage_count[0m[2m=[0m1
-> ollama:qwen3.5-coder+plan:ollama:gemma4:e4b :: no_tool_subtraction (rep 3/5)
[2m2026-07-11T13:33:50.028939Z[0m [32m INFO[0m [1mturn[0m[1m{[0m[3msession[0m[2m=[0mc5c5af2c-a0a6-473e-982e-c1d20b7a8a54[1m}[0m[2m:[0m [2mbraze_engine::engine[0m[2m:[0m planner produced a single-step (or unstructured) plan; discarding it — the executor's first round covers it without the plan-in-prompt cost
[2m2026-07-11T13:33:50.030124Z[0m [32m INFO[0m [1mturn[0m[1m{[0m[3msession[0m[2m=[0mc5c5af2c-a0a6-473e-982e-c1d20b7a8a54[1m}[0m[2m:[0m [2mbraze_engine::hooks[0m[2m:[0m prompt budget breakdown (PromptBudgetAuditHook) [3msystem_tokens_est[0m[2m=[0m289 [3mtools_tokens_est[0m[2m=[0m850 [3mhistory_tokens_est[0m[2m=[0m21 [3mtotal_tokens_est[0m[2m=[0m1161 [3mmessage_count[0m[2m=[0m1
-> ollama:qwen3.5-coder+plan:ollama:gemma4:e4b :: no_tool_subtraction (rep 4/5)
[2m2026-07-11T13:34:25.281964Z[0m [32m INFO[0m [1mturn[0m[1m{[0m[3msession[0m[2m=[0mf2c6289a-e39a-4a4b-b6ae-626126f96eb7[1m}[0m[2m:[0m [2mbraze_engine::engine[0m[2m:[0m planner produced a single-step (or unstructured) plan; discarding it — the executor's first round covers it without the plan-in-prompt cost
[2m2026-07-11T13:34:25.283409Z[0m [32m INFO[0m [1mturn[0m[1m{[0m[3msession[0m[2m=[0mf2c6289a-e39a-4a4b-b6ae-626126f96eb7[1m}[0m[2m:[0m [2mbraze_engine::hooks[0m[2m:[0m prompt budget breakdown (PromptBudgetAuditHook) [3msystem_tokens_est[0m[2m=[0m289 [3mtools_tokens_est[0m[2m=[0m850 [3mhistory_tokens_est[0m[2m=[0m21 [3mtotal_tokens_est[0m[2m=[0m1161 [3mmessage_count[0m[2m=[0m1
-> ollama:qwen3.5-coder+plan:ollama:gemma4:e4b :: no_tool_subtraction (rep 5/5)
[2m2026-07-11T13:34:54.484067Z[0m [32m INFO[0m [1mturn[0m[1m{[0m[3msession[0m[2m=[0maa0a85c0-55ec-48cd-8d20-ccc3e87cec58[1m}[0m[2m:[0m [2mbraze_engine::engine[0m[2m:[0m planner produced a single-step (or unstructured) plan; discarding it — the executor's first round covers it without the plan-in-prompt cost
[2m2026-07-11T13:34:54.484470Z[0m [32m INFO[0m [1mturn[0m[1m{[0m[3msession[0m[2m=[0maa0a85c0-55ec-48cd-8d20-ccc3e87cec58[1m}[0m[2m:[0m [2mbraze_engine::hooks[0m[2m:[0m prompt budget breakdown (PromptBudgetAuditHook) [3msystem_tokens_est[0m[2m=[0m289 [3mtools_tokens_est[0m[2m=[0m850 [3mhistory_tokens_est[0m[2m=[0m21 [3mtotal_tokens_est[0m[2m=[0m1161 [3mmessage_count[0m[2m=[0m1
-> ollama:qwen3.5-coder+plan:ollama:gemma4:e4b :: multi_step_sum_two_files (rep 1/5)
[2m2026-07-11T13:35:40.283419Z[0m [32m INFO[0m [1mturn[0m[1m{[0m[3msession[0m[2m=[0m42d60912-5803-4634-bfdd-d07f9cdb5b4f[1m}[0m[2m:[0m [2mbraze_engine::hooks[0m[2m:[0m prompt budget breakdown (PromptBudgetAuditHook) [3msystem_tokens_est[0m[2m=[0m290 [3mtools_tokens_est[0m[2m=[0m850 [3mhistory_tokens_est[0m[2m=[0m149 [3mtotal_tokens_est[0m[2m=[0m1290 [3mmessage_count[0m[2m=[0m2
[2m2026-07-11T13:36:11.983515Z[0m [32m INFO[0m [1mturn[0m[1m{[0m[3msession[0m[2m=[0m42d60912-5803-4634-bfdd-d07f9cdb5b4f[1m}[0m[2m:[0m [2mbraze_engine::hooks[0m[2m:[0m prompt budget breakdown (PromptBudgetAuditHook) [3msystem_tokens_est[0m[2m=[0m290 [3mtools_tokens_est[0m[2m=[0m850 [3mhistory_tokens_est[0m[2m=[0m193 [3mtotal_tokens_est[0m[2m=[0m1334 [3mmessage_count[0m[2m=[0m4
[2m2026-07-11T13:36:21.272449Z[0m [32m INFO[0m [1mturn[0m[1m{[0m[3msession[0m[2m=[0m42d60912-5803-4634-bfdd-d07f9cdb5b4f[1m}[0m[2m:[0m [2mbraze_engine::hooks[0m[2m:[0m prompt budget breakdown (PromptBudgetAuditHook) [3msystem_tokens_est[0m[2m=[0m290 [3mtools_tokens_est[0m[2m=[0m850 [3mhistory_tokens_est[0m[2m=[0m226 [3mtotal_tokens_est[0m[2m=[0m1367 [3mmessage_count[0m[2m=[0m6
-> ollama:qwen3.5-coder+plan:ollama:gemma4:e4b :: multi_step_sum_two_files (rep 2/5)
[2m2026-07-11T13:36:53.407549Z[0m [32m INFO[0m [1mturn[0m[1m{[0m[3msession[0m[2m=[0md62223ac-fc25-4396-88b7-d0dc4fa72f54[1m}[0m[2m:[0m [2mbraze_engine::hooks[0m[2m:[0m prompt budget breakdown (PromptBudgetAuditHook) [3msystem_tokens_est[0m[2m=[0m290 [3mtools_tokens_est[0m[2m=[0m850 [3mhistory_tokens_est[0m[2m=[0m140 [3mtotal_tokens_est[0m[2m=[0m1281 [3mmessage_count[0m[2m=[0m2
[2m2026-07-11T13:37:20.767766Z[0m [32m INFO[0m [1mturn[0m[1m{[0m[3msession[0m[2m=[0md62223ac-fc25-4396-88b7-d0dc4fa72f54[1m}[0m[2m:[0m [2mbraze_engine::hooks[0m[2m:[0m prompt budget breakdown (PromptBudgetAuditHook) [3msystem_tokens_est[0m[2m=[0m290 [3mtools_tokens_est[0m[2m=[0m850 [3mhistory_tokens_est[0m[2m=[0m169 [3mtotal_tokens_est[0m[2m=[0m1310 [3mmessage_count[0m[2m=[0m4
[2m2026-07-11T13:37:29.643856Z[0m [32m INFO[0m [1mturn[0m[1m{[0m[3msession[0m[2m=[0md62223ac-fc25-4396-88b7-d0dc4fa72f54[1m}[0m[2m:[0m [2mbraze_engine::hooks[0m[2m:[0m prompt budget breakdown (PromptBudgetAuditHook) [3msystem_tokens_est[0m[2m=[0m290 [3mtools_tokens_est[0m[2m=[0m850 [3mhistory_tokens_est[0m[2m=[0m202 [3mtotal_tokens_est[0m[2m=[0m1343 [3mmessage_count[0m[2m=[0m6
-> ollama:qwen3.5-coder+plan:ollama:gemma4:e4b :: multi_step_sum_two_files (rep 3/5)
[2m2026-07-11T13:37:48.464614Z[0m [32m INFO[0m [1mturn[0m[1m{[0m[3msession[0m[2m=[0ma140bba2-a2ac-48a7-8d77-e7f4a58bf528[1m}[0m[2m:[0m [2mbraze_engine::hooks[0m[2m:[0m prompt budget breakdown (PromptBudgetAuditHook) [3msystem_tokens_est[0m[2m=[0m290 [3mtools_tokens_est[0m[2m=[0m850 [3mhistory_tokens_est[0m[2m=[0m147 [3mtotal_tokens_est[0m[2m=[0m1288 [3mmessage_count[0m[2m=[0m2
[2m2026-07-11T13:38:16.278041Z[0m [32m INFO[0m [1mturn[0m[1m{[0m[3msession[0m[2m=[0ma140bba2-a2ac-48a7-8d77-e7f4a58bf528[1m}[0m[2m:[0m [2mbraze_engine::hooks[0m[2m:[0m prompt budget breakdown (PromptBudgetAuditHook) [3msystem_tokens_est[0m[2m=[0m290 [3mtools_tokens_est[0m[2m=[0m850 [3mhistory_tokens_est[0m[2m=[0m177 [3mtotal_tokens_est[0m[2m=[0m1318 [3mmessage_count[0m[2m=[0m4
[2m2026-07-11T13:38:24.228716Z[0m [32m INFO[0m [1mturn[0m[1m{[0m[3msession[0m[2m=[0ma140bba2-a2ac-48a7-8d77-e7f4a58bf528[1m}[0m[2m:[0m [2mbraze_engine::hooks[0m[2m:[0m prompt budget breakdown (PromptBudgetAuditHook) [3msystem_tokens_est[0m[2m=[0m290 [3mtools_tokens_est[0m[2m=[0m850 [3mhistory_tokens_est[0m[2m=[0m210 [3mtotal_tokens_est[0m[2m=[0m1351 [3mmessage_count[0m[2m=[0m6
-> ollama:qwen3.5-coder+plan:ollama:gemma4:e4b :: multi_step_sum_two_files (rep 4/5)
[2m2026-07-11T13:38:48.975578Z[0m [32m INFO[0m [1mturn[0m[1m{[0m[3msession[0m[2m=[0m621210c8-3018-466d-a507-3846978dfe13[1m}[0m[2m:[0m [2mbraze_engine::engine[0m[2m:[0m planner produced a single-step (or unstructured) plan; discarding it — the executor's first round covers it without the plan-in-prompt cost
[2m2026-07-11T13:38:48.976030Z[0m [32m INFO[0m [1mturn[0m[1m{[0m[3msession[0m[2m=[0m621210c8-3018-466d-a507-3846978dfe13[1m}[0m[2m:[0m [2mbraze_engine::hooks[0m[2m:[0m prompt budget breakdown (PromptBudgetAuditHook) [3msystem_tokens_est[0m[2m=[0m290 [3mtools_tokens_est[0m[2m=[0m850 [3mhistory_tokens_est[0m[2m=[0m49 [3mtotal_tokens_est[0m[2m=[0m1190 [3mmessage_count[0m[2m=[0m1
[2m2026-07-11T13:39:20.291934Z[0m [32m INFO[0m [1mturn[0m[1m{[0m[3msession[0m[2m=[0m621210c8-3018-466d-a507-3846978dfe13[1m}[0m[2m:[0m [2mbraze_engine::hooks[0m[2m:[0m prompt budget breakdown (PromptBudgetAuditHook) [3msystem_tokens_est[0m[2m=[0m290 [3mtools_tokens_est[0m[2m=[0m850 [3mhistory_tokens_est[0m[2m=[0m72 [3mtotal_tokens_est[0m[2m=[0m1213 [3mmessage_count[0m[2m=[0m3
[2m2026-07-11T13:39:28.115850Z[0m [32m INFO[0m [1mturn[0m[1m{[0m[3msession[0m[2m=[0m621210c8-3018-466d-a507-3846978dfe13[1m}[0m[2m:[0m [2mbraze_engine::hooks[0m[2m:[0m prompt budget breakdown (PromptBudgetAuditHook) [3msystem_tokens_est[0m[2m=[0m290 [3mtools_tokens_est[0m[2m=[0m850 [3mhistory_tokens_est[0m[2m=[0m105 [3mtotal_tokens_est[0m[2m=[0m1246 [3mmessage_count[0m[2m=[0m5
-> ollama:qwen3.5-coder+plan:ollama:gemma4:e4b :: multi_step_sum_two_files (rep 5/5)
[2m2026-07-11T13:39:46.248966Z[0m [32m INFO[0m [1mturn[0m[1m{[0m[3msession[0m[2m=[0mc44ffe68-dc99-4697-a111-440f54ece7d1[1m}[0m[2m:[0m [2mbraze_engine::hooks[0m[2m:[0m prompt budget breakdown (PromptBudgetAuditHook) [3msystem_tokens_est[0m[2m=[0m290 [3mtools_tokens_est[0m[2m=[0m850 [3mhistory_tokens_est[0m[2m=[0m150 [3mtotal_tokens_est[0m[2m=[0m1291 [3mmessage_count[0m[2m=[0m2
[2m2026-07-11T13:40:14.934781Z[0m [32m INFO[0m [1mturn[0m[1m{[0m[3msession[0m[2m=[0mc44ffe68-dc99-4697-a111-440f54ece7d1[1m}[0m[2m:[0m [2mbraze_engine::hooks[0m[2m:[0m prompt budget breakdown (PromptBudgetAuditHook) [3msystem_tokens_est[0m[2m=[0m290 [3mtools_tokens_est[0m[2m=[0m850 [3mhistory_tokens_est[0m[2m=[0m172 [3mtotal_tokens_est[0m[2m=[0m1313 [3mmessage_count[0m[2m=[0m4
[2m2026-07-11T13:40:27.518739Z[0m [32m INFO[0m [1mturn[0m[1m{[0m[3msession[0m[2m=[0mc44ffe68-dc99-4697-a111-440f54ece7d1[1m}[0m[2m:[0m [2mbraze_engine::hooks[0m[2m:[0m prompt budget breakdown (PromptBudgetAuditHook) [3msystem_tokens_est[0m[2m=[0m290 [3mtools_tokens_est[0m[2m=[0m850 [3mhistory_tokens_est[0m[2m=[0m205 [3mtotal_tokens_est[0m[2m=[0m1346 [3mmessage_count[0m[2m=[0m6
-> ollama:qwen3.5-coder+plan:ollama:gemma4:e4b :: multi_step_multiply_and_write (rep 1/5)
[2m2026-07-11T13:40:47.912657Z[0m [32m INFO[0m [1mturn[0m[1m{[0m[3msession[0m[2m=[0mbb58a695-30c8-43ec-9a4a-7ee1b0869183[1m}[0m[2m:[0m [2mbraze_engine::hooks[0m[2m:[0m prompt budget breakdown (PromptBudgetAuditHook) [3msystem_tokens_est[0m[2m=[0m291 [3mtools_tokens_est[0m[2m=[0m850 [3mhistory_tokens_est[0m[2m=[0m152 [3mtotal_tokens_est[0m[2m=[0m1295 [3mmessage_count[0m[2m=[0m2
[2m2026-07-11T13:41:12.528218Z[0m [32m INFO[0m [1mturn[0m[1m{[0m[3msession[0m[2m=[0mbb58a695-30c8-43ec-9a4a-7ee1b0869183[1m}[0m[2m:[0m [2mbraze_engine::hooks[0m[2m:[0m prompt budget breakdown (PromptBudgetAuditHook) [3msystem_tokens_est[0m[2m=[0m291 [3mtools_tokens_est[0m[2m=[0m850 [3mhistory_tokens_est[0m[2m=[0m160 [3mtotal_tokens_est[0m[2m=[0m1303 [3mmessage_count[0m[2m=[0m4
[2m2026-07-11T13:41:20.338087Z[0m [32m INFO[0m [1mturn[0m[1m{[0m[3msession[0m[2m=[0mbb58a695-30c8-43ec-9a4a-7ee1b0869183[1m}[0m[2m:[0m [2mbraze_engine::hooks[0m[2m:[0m prompt budget breakdown (PromptBudgetAuditHook) [3msystem_tokens_est[0m[2m=[0m291 [3mtools_tokens_est[0m[2m=[0m850 [3mhistory_tokens_est[0m[2m=[0m198 [3mtotal_tokens_est[0m[2m=[0m1340 [3mmessage_count[0m[2m=[0m6
-> ollama:qwen3.5-coder+plan:ollama:gemma4:e4b :: multi_step_multiply_and_write (rep 2/5)
[2m2026-07-11T13:41:41.715646Z[0m [32m INFO[0m [1mturn[0m[1m{[0m[3msession[0m[2m=[0mf62dc7e6-361c-4df9-b233-be50770936f1[1m}[0m[2m:[0m [2mbraze_engine::hooks[0m[2m:[0m prompt budget breakdown (PromptBudgetAuditHook) [3msystem_tokens_est[0m[2m=[0m291 [3mtools_tokens_est[0m[2m=[0m850 [3mhistory_tokens_est[0m[2m=[0m167 [3mtotal_tokens_est[0m[2m=[0m1309 [3mmessage_count[0m[2m=[0m2
[2m2026-07-11T13:42:05.380446Z[0m [32m INFO[0m [1mturn[0m[1m{[0m[3msession[0m[2m=[0mf62dc7e6-361c-4df9-b233-be50770936f1[1m}[0m[2m:[0m [2mbraze_engine::hooks[0m[2m:[0m prompt budget breakdown (PromptBudgetAuditHook) [3msystem_tokens_est[0m[2m=[0m291 [3mtools_tokens_est[0m[2m=[0m850 [3mhistory_tokens_est[0m[2m=[0m175 [3mtotal_tokens_est[0m[2m=[0m1317 [3mmessage_count[0m[2m=[0m4
[2m2026-07-11T13:42:19.177927Z[0m [33m WARN[0m [1mturn[0m[1m{[0m[3msession[0m[2m=[0mf62dc7e6-361c-4df9-b233-be50770936f1[1m}[0m[2m:[0m [2mbraze_engine::engine[0m[2m:[0m tool call arguments failed schema validation before dispatch [3mtool[0m[2m=[0mshell_exec [3mattempt[0m[2m=[0m1 [3merror[0m[2m=[0m"[\"echo\", \"5\" | awk '{print $1 * 3}']" is not of type "array"
[2m2026-07-11T13:42:19.179362Z[0m [32m INFO[0m [1mturn[0m[1m{[0m[3msession[0m[2m=[0mf62dc7e6-361c-4df9-b233-be50770936f1[1m}[0m[2m:[0m [2mbraze_engine::hooks[0m[2m:[0m prompt budget breakdown (PromptBudgetAuditHook) [3msystem_tokens_est[0m[2m=[0m291 [3mtools_tokens_est[0m[2m=[0m850 [3mhistory_tokens_est[0m[2m=[0m307 [3mtotal_tokens_est[0m[2m=[0m1449 [3mmessage_count[0m[2m=[0m6
[2m2026-07-11T13:42:27.972627Z[0m [32m INFO[0m [1mturn[0m[1m{[0m[3msession[0m[2m=[0mf62dc7e6-361c-4df9-b233-be50770936f1[1m}[0m[2m:[0m [2mbraze_engine::hooks[0m[2m:[0m prompt budget breakdown (PromptBudgetAuditHook) [3msystem_tokens_est[0m[2m=[0m291 [3mtools_tokens_est[0m[2m=[0m850 [3mhistory_tokens_est[0m[2m=[0m347 [3mtotal_tokens_est[0m[2m=[0m1490 [3mmessage_count[0m[2m=[0m8
[2m2026-07-11T13:42:36.751287Z[0m [32m INFO[0m [1mturn[0m[1m{[0m[3msession[0m[2m=[0mf62dc7e6-361c-4df9-b233-be50770936f1[1m}[0m[2m:[0m [2mbraze_engine::hooks[0m[2m:[0m prompt budget breakdown (PromptBudgetAuditHook) [3msystem_tokens_est[0m[2m=[0m291 [3mtools_tokens_est[0m[2m=[0m850 [3mhistory_tokens_est[0m[2m=[0m385 [3mtotal_tokens_est[0m[2m=[0m1527 [3mmessage_count[0m[2m=[0m10
-> ollama:qwen3.5-coder+plan:ollama:gemma4:e4b :: multi_step_multiply_and_write (rep 3/5)
[2m2026-07-11T13:43:14.104934Z[0m [32m INFO[0m [1mturn[0m[1m{[0m[3msession[0m[2m=[0m341b7c6e-8594-4c89-861c-bd970e86178e[1m}[0m[2m:[0m [2mbraze_engine::hooks[0m[2m:[0m prompt budget breakdown (PromptBudgetAuditHook) [3msystem_tokens_est[0m[2m=[0m291 [3mtools_tokens_est[0m[2m=[0m850 [3mhistory_tokens_est[0m[2m=[0m152 [3mtotal_tokens_est[0m[2m=[0m1295 [3mmessage_count[0m[2m=[0m2
[2m2026-07-11T13:43:38.853635Z[0m [32m INFO[0m [1mturn[0m[1m{[0m[3msession[0m[2m=[0m341b7c6e-8594-4c89-861c-bd970e86178e[1m}[0m[2m:[0m [2mbraze_engine::hooks[0m[2m:[0m prompt budget breakdown (PromptBudgetAuditHook) [3msystem_tokens_est[0m[2m=[0m291 [3mtools_tokens_est[0m[2m=[0m850 [3mhistory_tokens_est[0m[2m=[0m160 [3mtotal_tokens_est[0m[2m=[0m1303 [3mmessage_count[0m[2m=[0m4
[2m2026-07-11T13:43:50.477777Z[0m [32m INFO[0m [1mturn[0m[1m{[0m[3msession[0m[2m=[0m341b7c6e-8594-4c89-861c-bd970e86178e[1m}[0m[2m:[0m [2mbraze_engine::hooks[0m[2m:[0m prompt budget breakdown (PromptBudgetAuditHook) [3msystem_tokens_est[0m[2m=[0m291 [3mtools_tokens_est[0m[2m=[0m850 [3mhistory_tokens_est[0m[2m=[0m181 [3mtotal_tokens_est[0m[2m=[0m1324 [3mmessage_count[0m[2m=[0m6
[2m2026-07-11T13:43:56.661662Z[0m [32m INFO[0m [1mturn[0m[1m{[0m[3msession[0m[2m=[0m341b7c6e-8594-4c89-861c-bd970e86178e[1m}[0m[2m:[0m [2mbraze_engine::hooks[0m[2m:[0m prompt budget breakdown (PromptBudgetAuditHook) [3msystem_tokens_est[0m[2m=[0m291 [3mtools_tokens_est[0m[2m=[0m850 [3mhistory_tokens_est[0m[2m=[0m204 [3mtotal_tokens_est[0m[2m=[0m1346 [3mmessage_count[0m[2m=[0m8
[2m2026-07-11T13:44:02.721953Z[0m [32m INFO[0m [1mturn[0m[1m{[0m[3msession[0m[2m=[0m341b7c6e-8594-4c89-861c-bd970e86178e[1m}[0m[2m:[0m [2mbraze_engine::hooks[0m[2m:[0m prompt budget breakdown (PromptBudgetAuditHook) [3msystem_tokens_est[0m[2m=[0m291 [3mtools_tokens_est[0m[2m=[0m850 [3mhistory_tokens_est[0m[2m=[0m237 [3mtotal_tokens_est[0m[2m=[0m1380 [3mmessage_count[0m[2m=[0m10
[2m2026-07-11T13:44:08.665355Z[0m [32m INFO[0m [1mturn[0m[1m{[0m[3msession[0m[2m=[0m341b7c6e-8594-4c89-861c-bd970e86178e[1m}[0m[2m:[0m [2mbraze_engine::hooks[0m[2m:[0m prompt budget breakdown (PromptBudgetAuditHook) [3msystem_tokens_est[0m[2m=[0m291 [3mtools_tokens_est[0m[2m=[0m850 [3mhistory_tokens_est[0m[2m=[0m326 [3mtotal_tokens_est[0m[2m=[0m1468 [3mmessage_count[0m[2m=[0m13
[2m2026-07-11T13:44:16.244107Z[0m [32m INFO[0m [1mturn[0m[1m{[0m[3msession[0m[2m=[0m341b7c6e-8594-4c89-861c-bd970e86178e[1m}[0m[2m:[0m [2mbraze_engine::hooks[0m[2m:[0m prompt budget breakdown (PromptBudgetAuditHook) [3msystem_tokens_est[0m[2m=[0m291 [3mtools_tokens_est[0m[2m=[0m850 [3mhistory_tokens_est[0m[2m=[0m346 [3mtotal_tokens_est[0m[2m=[0m1488 [3mmessage_count[0m[2m=[0m15
[2m2026-07-11T13:44:29.569780Z[0m [32m INFO[0m [1mturn[0m[1m{[0m[3msession[0m[2m=[0m341b7c6e-8594-4c89-861c-bd970e86178e[1m}[0m[2m:[0m [2mbraze_engine::hooks[0m[2m:[0m prompt budget breakdown (PromptBudgetAuditHook) [3msystem_tokens_est[0m[2m=[0m291 [3mtools_tokens_est[0m[2m=[0m850 [3mhistory_tokens_est[0m[2m=[0m394 [3mtotal_tokens_est[0m[2m=[0m1536 [3mmessage_count[0m[2m=[0m17
[2m2026-07-11T13:44:44.569450Z[0m [32m INFO[0m [1mturn[0m[1m{[0m[3msession[0m[2m=[0m341b7c6e-8594-4c89-861c-bd970e86178e[1m}[0m[2m:[0m [2mbraze_engine::hooks[0m[2m:[0m prompt budget breakdown (PromptBudgetAuditHook) [3msystem_tokens_est[0m[2m=[0m291 [3mtools_tokens_est[0m[2m=[0m850 [3mhistory_tokens_est[0m[2m=[0m431 [3mtotal_tokens_est[0m[2m=[0m1574 [3mmessage_count[0m[2m=[0m19
[2m2026-07-11T13:44:57.855863Z[0m [32m INFO[0m [1mturn[0m[1m{[0m[3msession[0m[2m=[0m341b7c6e-8594-4c89-861c-bd970e86178e[1m}[0m[2m:[0m [2mbraze_engine::hooks[0m[2m:[0m prompt budget breakdown (PromptBudgetAuditHook) [3msystem_tokens_est[0m[2m=[0m291 [3mtools_tokens_est[0m[2m=[0m850 [3mhistory_tokens_est[0m[2m=[0m473 [3mtotal_tokens_est[0m[2m=[0m1615 [3mmessage_count[0m[2m=[0m21
-> ollama:qwen3.5-coder+plan:ollama:gemma4:e4b :: multi_step_multiply_and_write (rep 4/5)
[2m2026-07-11T13:45:24.308476Z[0m [32m INFO[0m [1mturn[0m[1m{[0m[3msession[0m[2m=[0m7b94109b-4eea-4519-93be-0082d3db076a[1m}[0m[2m:[0m [2mbraze_engine::hooks[0m[2m:[0m prompt budget breakdown (PromptBudgetAuditHook) [3msystem_tokens_est[0m[2m=[0m291 [3mtools_tokens_est[0m[2m=[0m850 [3mhistory_tokens_est[0m[2m=[0m151 [3mtotal_tokens_est[0m[2m=[0m1294 [3mmessage_count[0m[2m=[0m2
[2m2026-07-11T13:45:49.392415Z[0m [32m INFO[0m [1mturn[0m[1m{[0m[3msession[0m[2m=[0m7b94109b-4eea-4519-93be-0082d3db076a[1m}[0m[2m:[0m [2mbraze_engine::hooks[0m[2m:[0m prompt budget breakdown (PromptBudgetAuditHook) [3msystem_tokens_est[0m[2m=[0m291 [3mtools_tokens_est[0m[2m=[0m850 [3mhistory_tokens_est[0m[2m=[0m159 [3mtotal_tokens_est[0m[2m=[0m1302 [3mmessage_count[0m[2m=[0m4
[2m2026-07-11T13:46:09.741440Z[0m [32m INFO[0m [1mturn[0m[1m{[0m[3msession[0m[2m=[0m7b94109b-4eea-4519-93be-0082d3db076a[1m}[0m[2m:[0m [2mbraze_engine::hooks[0m[2m:[0m prompt budget breakdown (PromptBudgetAuditHook) [3msystem_tokens_est[0m[2m=[0m291 [3mtools_tokens_est[0m[2m=[0m850 [3mhistory_tokens_est[0m[2m=[0m199 [3mtotal_tokens_est[0m[2m=[0m1341 [3mmessage_count[0m[2m=[0m6
[2m2026-07-11T13:46:18.293255Z[0m [32m INFO[0m [1mturn[0m[1m{[0m[3msession[0m[2m=[0m7b94109b-4eea-4519-93be-0082d3db076a[1m}[0m[2m:[0m [2mbraze_engine::hooks[0m[2m:[0m prompt budget breakdown (PromptBudgetAuditHook) [3msystem_tokens_est[0m[2m=[0m291 [3mtools_tokens_est[0m[2m=[0m850 [3mhistory_tokens_est[0m[2m=[0m254 [3mtotal_tokens_est[0m[2m=[0m1396 [3mmessage_count[0m[2m=[0m8
[2m2026-07-11T13:46:26.197975Z[0m [32m INFO[0m [1mturn[0m[1m{[0m[3msession[0m[2m=[0m7b94109b-4eea-4519-93be-0082d3db076a[1m}[0m[2m:[0m [2mbraze_engine::hooks[0m[2m:[0m prompt budget breakdown (PromptBudgetAuditHook) [3msystem_tokens_est[0m[2m=[0m291 [3mtools_tokens_est[0m[2m=[0m850 [3mhistory_tokens_est[0m[2m=[0m296 [3mtotal_tokens_est[0m[2m=[0m1439 [3mmessage_count[0m[2m=[0m10
[2m2026-07-11T13:46:33.519697Z[0m [32m INFO[0m [1mturn[0m[1m{[0m[3msession[0m[2m=[0m7b94109b-4eea-4519-93be-0082d3db076a[1m}[0m[2m:[0m [2mbraze_engine::hooks[0m[2m:[0m prompt budget breakdown (PromptBudgetAuditHook) [3msystem_tokens_est[0m[2m=[0m291 [3mtools_tokens_est[0m[2m=[0m850 [3mhistory_tokens_est[0m[2m=[0m414 [3mtotal_tokens_est[0m[2m=[0m1557 [3mmessage_count[0m[2m=[0m13
[2m2026-07-11T13:46:41.775125Z[0m [32m INFO[0m [1mturn[0m[1m{[0m[3msession[0m[2m=[0m7b94109b-4eea-4519-93be-0082d3db076a[1m}[0m[2m:[0m [2mbraze_engine::hooks[0m[2m:[0m prompt budget breakdown (PromptBudgetAuditHook) [3msystem_tokens_est[0m[2m=[0m291 [3mtools_tokens_est[0m[2m=[0m850 [3mhistory_tokens_est[0m[2m=[0m426 [3mtotal_tokens_est[0m[2m=[0m1568 [3mmessage_count[0m[2m=[0m15
[2m2026-07-11T13:46:54.155955Z[0m [32m INFO[0m [1mturn[0m[1m{[0m[3msession[0m[2m=[0m7b94109b-4eea-4519-93be-0082d3db076a[1m}[0m[2m:[0m [2mbraze_engine::hooks[0m[2m:[0m prompt budget breakdown (PromptBudgetAuditHook) [3msystem_tokens_est[0m[2m=[0m291 [3mtools_tokens_est[0m[2m=[0m850 [3mhistory_tokens_est[0m[2m=[0m469 [3mtotal_tokens_est[0m[2m=[0m1611 [3mmessage_count[0m[2m=[0m17
[2m2026-07-11T13:47:00.945856Z[0m [32m INFO[0m [1mturn[0m[1m{[0m[3msession[0m[2m=[0m7b94109b-4eea-4519-93be-0082d3db076a[1m}[0m[2m:[0m [2mbraze_engine::hooks[0m[2m:[0m prompt budget breakdown (PromptBudgetAuditHook) [3msystem_tokens_est[0m[2m=[0m291 [3mtools_tokens_est[0m[2m=[0m850 [3mhistory_tokens_est[0m[2m=[0m483 [3mtotal_tokens_est[0m[2m=[0m1625 [3mmessage_count[0m[2m=[0m19
[2m2026-07-11T13:47:13.291433Z[0m [33m WARN[0m [1mturn[0m[1m{[0m[3msession[0m[2m=[0m7b94109b-4eea-4519-93be-0082d3db076a[1m}[0m[2m:[0m [2mbraze_engine::engine[0m[2m:[0m tool call arguments failed schema validation before dispatch [3mtool[0m[2m=[0mshell_exec [3mattempt[0m[2m=[0m1 [3merror[0m[2m=[0m"[\"printf\",\"%d\\n\",$(($(cat precio.txt)) * 3)\",\"| tee total_final.txt\"]" is not of type "array"
[2m2026-07-11T13:47:13.294276Z[0m [32m INFO[0m [1mturn[0m[1m{[0m[3msession[0m[2m=[0m7b94109b-4eea-4519-93be-0082d3db076a[1m}[0m[2m:[0m [2mbraze_engine::hooks[0m[2m:[0m prompt budget breakdown (PromptBudgetAuditHook) [3msystem_tokens_est[0m[2m=[0m291 [3mtools_tokens_est[0m[2m=[0m850 [3mhistory_tokens_est[0m[2m=[0m635 [3mtotal_tokens_est[0m[2m=[0m1777 [3mmessage_count[0m[2m=[0m21
[2m2026-07-11T13:47:30.753916Z[0m [32m INFO[0m [1mturn[0m[1m{[0m[3msession[0m[2m=[0m7b94109b-4eea-4519-93be-0082d3db076a[1m}[0m[2m:[0m [2mbraze_engine::hooks[0m[2m:[0m prompt budget breakdown (PromptBudgetAuditHook) [3msystem_tokens_est[0m[2m=[0m291 [3mtools_tokens_est[0m[2m=[0m850 [3mhistory_tokens_est[0m[2m=[0m679 [3mtotal_tokens_est[0m[2m=[0m1822 [3mmessage_count[0m[2m=[0m23
[2m2026-07-11T13:47:42.295613Z[0m [33m WARN[0m [1mturn[0m[1m{[0m[3msession[0m[2m=[0m7b94109b-4eea-4519-93be-0082d3db076a[1m}[0m[2m:[0m [2mbraze_engine::engine[0m[2m:[0m model repeated an identical tool call this turn; nudging instead of re-dispatching [3mtool[0m[2m=[0mshell_exec
[2m2026-07-11T13:47:42.297110Z[0m [32m INFO[0m [1mturn[0m[1m{[0m[3msession[0m[2m=[0m7b94109b-4eea-4519-93be-0082d3db076a[1m}[0m[2m:[0m [2mbraze_engine::hooks[0m[2m:[0m prompt budget breakdown (PromptBudgetAuditHook) [3msystem_tokens_est[0m[2m=[0m291 [3mtools_tokens_est[0m[2m=[0m850 [3mhistory_tokens_est[0m[2m=[0m785 [3mtotal_tokens_est[0m[2m=[0m1928 [3mmessage_count[0m[2m=[0m25
[2m2026-07-11T13:47:58.295552Z[0m [33m WARN[0m [1mturn[0m[1m{[0m[3msession[0m[2m=[0m7b94109b-4eea-4519-93be-0082d3db076a[1m}[0m[2m:[0m [2mbraze_engine::engine[0m[2m:[0m model repeated an identical tool call this turn; nudging instead of re-dispatching [3mtool[0m[2m=[0mshell_exec
[2m2026-07-11T13:47:58.299024Z[0m [32m INFO[0m [1mturn[0m[1m{[0m[3msession[0m[2m=[0m7b94109b-4eea-4519-93be-0082d3db076a[1m}[0m[2m:[0m [2mbraze_engine::hooks[0m[2m:[0m prompt budget breakdown (PromptBudgetAuditHook) [3msystem_tokens_est[0m[2m=[0m291 [3mtools_tokens_est[0m[2m=[0m850 [3mhistory_tokens_est[0m[2m=[0m868 [3mtotal_tokens_est[0m[2m=[0m2011 [3mmessage_count[0m[2m=[0m27
-> ollama:qwen3.5-coder+plan:ollama:gemma4:e4b :: multi_step_multiply_and_write (rep 5/5)
[2m2026-07-11T13:48:23.535907Z[0m [32m INFO[0m [1mturn[0m[1m{[0m[3msession[0m[2m=[0m42f74e68-6a4c-4f10-817e-a2e75432dd55[1m}[0m[2m:[0m [2mbraze_engine::hooks[0m[2m:[0m prompt budget breakdown (PromptBudgetAuditHook) [3msystem_tokens_est[0m[2m=[0m291 [3mtools_tokens_est[0m[2m=[0m850 [3mhistory_tokens_est[0m[2m=[0m146 [3mtotal_tokens_est[0m[2m=[0m1289 [3mmessage_count[0m[2m=[0m2
[2m2026-07-11T13:48:47.118788Z[0m [32m INFO[0m [1mturn[0m[1m{[0m[3msession[0m[2m=[0m42f74e68-6a4c-4f10-817e-a2e75432dd55[1m}[0m[2m:[0m [2mbraze_engine::hooks[0m[2m:[0m prompt budget breakdown (PromptBudgetAuditHook) [3msystem_tokens_est[0m[2m=[0m291 [3mtools_tokens_est[0m[2m=[0m850 [3mhistory_tokens_est[0m[2m=[0m154 [3mtotal_tokens_est[0m[2m=[0m1297 [3mmessage_count[0m[2m=[0m4
[2m2026-07-11T13:49:03.944563Z[0m [32m INFO[0m [1mturn[0m[1m{[0m[3msession[0m[2m=[0m42f74e68-6a4c-4f10-817e-a2e75432dd55[1m}[0m[2m:[0m [2mbraze_engine::hooks[0m[2m:[0m prompt budget breakdown (PromptBudgetAuditHook) [3msystem_tokens_est[0m[2m=[0m291 [3mtools_tokens_est[0m[2m=[0m850 [3mhistory_tokens_est[0m[2m=[0m192 [3mtotal_tokens_est[0m[2m=[0m1334 [3mmessage_count[0m[2m=[0m6
-> ollama:qwen3.5-coder+plan:ollama:gemma4:e4b :: error_recovery_wrong_config_extension (rep 1/5)
[2m2026-07-11T13:49:39.402724Z[0m [32m INFO[0m [1mturn[0m[1m{[0m[3msession[0m[2m=[0m14f412d6-644f-4f93-b41b-d30da059c97d[1m}[0m[2m:[0m [2mbraze_engine::hooks[0m[2m:[0m prompt budget breakdown (PromptBudgetAuditHook) [3msystem_tokens_est[0m[2m=[0m293 [3mtools_tokens_est[0m[2m=[0m850 [3mhistory_tokens_est[0m[2m=[0m129 [3mtotal_tokens_est[0m[2m=[0m1274 [3mmessage_count[0m[2m=[0m2
[2m2026-07-11T13:50:03.362025Z[0m [32m INFO[0m [1mturn[0m[1m{[0m[3msession[0m[2m=[0m14f412d6-644f-4f93-b41b-d30da059c97d[1m}[0m[2m:[0m [2mbraze_engine::hooks[0m[2m:[0m prompt budget breakdown (PromptBudgetAuditHook) [3msystem_tokens_est[0m[2m=[0m293 [3mtools_tokens_est[0m[2m=[0m850 [3mhistory_tokens_est[0m[2m=[0m158 [3mtotal_tokens_est[0m[2m=[0m1302 [3mmessage_count[0m[2m=[0m4
[2m2026-07-11T13:50:11.404964Z[0m [32m INFO[0m [1mturn[0m[1m{[0m[3msession[0m[2m=[0m14f412d6-644f-4f93-b41b-d30da059c97d[1m}[0m[2m:[0m [2mbraze_engine::hooks[0m[2m:[0m prompt budget breakdown (PromptBudgetAuditHook) [3msystem_tokens_est[0m[2m=[0m293 [3mtools_tokens_est[0m[2m=[0m850 [3mhistory_tokens_est[0m[2m=[0m188 [3mtotal_tokens_est[0m[2m=[0m1332 [3mmessage_count[0m[2m=[0m6
-> ollama:qwen3.5-coder+plan:ollama:gemma4:e4b :: error_recovery_wrong_config_extension (rep 2/5)
[2m2026-07-11T13:50:29.517698Z[0m [32m INFO[0m [1mturn[0m[1m{[0m[3msession[0m[2m=[0m78ff869a-ef5e-4002-adbf-e72588fc4c97[1m}[0m[2m:[0m [2mbraze_engine::hooks[0m[2m:[0m prompt budget breakdown (PromptBudgetAuditHook) [3msystem_tokens_est[0m[2m=[0m293 [3mtools_tokens_est[0m[2m=[0m850 [3mhistory_tokens_est[0m[2m=[0m133 [3mtotal_tokens_est[0m[2m=[0m1278 [3mmessage_count[0m[2m=[0m2
[2m2026-07-11T13:50:53.175838Z[0m [32m INFO[0m [1mturn[0m[1m{[0m[3msession[0m[2m=[0m78ff869a-ef5e-4002-adbf-e72588fc4c97[1m}[0m[2m:[0m [2mbraze_engine::hooks[0m[2m:[0m prompt budget breakdown (PromptBudgetAuditHook) [3msystem_tokens_est[0m[2m=[0m293 [3mtools_tokens_est[0m[2m=[0m850 [3mhistory_tokens_est[0m[2m=[0m162 [3mtotal_tokens_est[0m[2m=[0m1306 [3mmessage_count[0m[2m=[0m4
[2m2026-07-11T13:51:01.522558Z[0m [32m INFO[0m [1mturn[0m[1m{[0m[3msession[0m[2m=[0m78ff869a-ef5e-4002-adbf-e72588fc4c97[1m}[0m[2m:[0m [2mbraze_engine::hooks[0m[2m:[0m prompt budget breakdown (PromptBudgetAuditHook) [3msystem_tokens_est[0m[2m=[0m293 [3mtools_tokens_est[0m[2m=[0m850 [3mhistory_tokens_est[0m[2m=[0m192 [3mtotal_tokens_est[0m[2m=[0m1336 [3mmessage_count[0m[2m=[0m6
-> ollama:qwen3.5-coder+plan:ollama:gemma4:e4b :: error_recovery_wrong_config_extension (rep 3/5)
[2m2026-07-11T13:51:17.943266Z[0m [32m INFO[0m [1mturn[0m[1m{[0m[3msession[0m[2m=[0mafc2c7dd-26d6-45f7-83f1-653df4686b48[1m}[0m[2m:[0m [2mbraze_engine::hooks[0m[2m:[0m prompt budget breakdown (PromptBudgetAuditHook) [3msystem_tokens_est[0m[2m=[0m293 [3mtools_tokens_est[0m[2m=[0m850 [3mhistory_tokens_est[0m[2m=[0m141 [3mtotal_tokens_est[0m[2m=[0m1285 [3mmessage_count[0m[2m=[0m2
[2m2026-07-11T13:51:43.598066Z[0m [32m INFO[0m [1mturn[0m[1m{[0m[3msession[0m[2m=[0mafc2c7dd-26d6-45f7-83f1-653df4686b48[1m}[0m[2m:[0m [2mbraze_engine::hooks[0m[2m:[0m prompt budget breakdown (PromptBudgetAuditHook) [3msystem_tokens_est[0m[2m=[0m293 [3mtools_tokens_est[0m[2m=[0m850 [3mhistory_tokens_est[0m[2m=[0m169 [3mtotal_tokens_est[0m[2m=[0m1314 [3mmessage_count[0m[2m=[0m4
[2m2026-07-11T13:51:51.565614Z[0m [32m INFO[0m [1mturn[0m[1m{[0m[3msession[0m[2m=[0mafc2c7dd-26d6-45f7-83f1-653df4686b48[1m}[0m[2m:[0m [2mbraze_engine::hooks[0m[2m:[0m prompt budget breakdown (PromptBudgetAuditHook) [3msystem_tokens_est[0m[2m=[0m293 [3mtools_tokens_est[0m[2m=[0m850 [3mhistory_tokens_est[0m[2m=[0m199 [3mtotal_tokens_est[0m[2m=[0m1344 [3mmessage_count[0m[2m=[0m6
-> ollama:qwen3.5-coder+plan:ollama:gemma4:e4b :: error_recovery_wrong_config_extension (rep 4/5)
[2m2026-07-11T13:52:10.786295Z[0m [32m INFO[0m [1mturn[0m[1m{[0m[3msession[0m[2m=[0ma2b6f164-cf19-40c9-9f85-af2bc68c5942[1m}[0m[2m:[0m [2mbraze_engine::hooks[0m[2m:[0m prompt budget breakdown (PromptBudgetAuditHook) [3msystem_tokens_est[0m[2m=[0m293 [3mtools_tokens_est[0m[2m=[0m850 [3mhistory_tokens_est[0m[2m=[0m135 [3mtotal_tokens_est[0m[2m=[0m1280 [3mmessage_count[0m[2m=[0m2
[2m2026-07-11T13:52:35.541778Z[0m [32m INFO[0m [1mturn[0m[1m{[0m[3msession[0m[2m=[0ma2b6f164-cf19-40c9-9f85-af2bc68c5942[1m}[0m[2m:[0m [2mbraze_engine::hooks[0m[2m:[0m prompt budget breakdown (PromptBudgetAuditHook) [3msystem_tokens_est[0m[2m=[0m293 [3mtools_tokens_est[0m[2m=[0m850 [3mhistory_tokens_est[0m[2m=[0m166 [3mtotal_tokens_est[0m[2m=[0m1311 [3mmessage_count[0m[2m=[0m4
[2m2026-07-11T13:52:43.823825Z[0m [32m INFO[0m [1mturn[0m[1m{[0m[3msession[0m[2m=[0ma2b6f164-cf19-40c9-9f85-af2bc68c5942[1m}[0m[2m:[0m [2mbraze_engine::hooks[0m[2m:[0m prompt budget breakdown (PromptBudgetAuditHook) [3msystem_tokens_est[0m[2m=[0m293 [3mtools_tokens_est[0m[2m=[0m850 [3mhistory_tokens_est[0m[2m=[0m196 [3mtotal_tokens_est[0m[2m=[0m1341 [3mmessage_count[0m[2m=[0m6
-> ollama:qwen3.5-coder+plan:ollama:gemma4:e4b :: error_recovery_wrong_config_extension (rep 5/5)
[2m2026-07-11T13:53:02.035762Z[0m [32m INFO[0m [1mturn[0m[1m{[0m[3msession[0m[2m=[0m69ef23d3-e68c-444a-82a9-e92ebc6a5497[1m}[0m[2m:[0m [2mbraze_engine::hooks[0m[2m:[0m prompt budget breakdown (PromptBudgetAuditHook) [3msystem_tokens_est[0m[2m=[0m293 [3mtools_tokens_est[0m[2m=[0m850 [3mhistory_tokens_est[0m[2m=[0m129 [3mtotal_tokens_est[0m[2m=[0m1273 [3mmessage_count[0m[2m=[0m2
[2m2026-07-11T13:53:31.525002Z[0m [32m INFO[0m [1mturn[0m[1m{[0m[3msession[0m[2m=[0m69ef23d3-e68c-444a-82a9-e92ebc6a5497[1m}[0m[2m:[0m [2mbraze_engine::hooks[0m[2m:[0m prompt budget breakdown (PromptBudgetAuditHook) [3msystem_tokens_est[0m[2m=[0m293 [3mtools_tokens_est[0m[2m=[0m850 [3mhistory_tokens_est[0m[2m=[0m157 [3mtotal_tokens_est[0m[2m=[0m1302 [3mmessage_count[0m[2m=[0m4
[2m2026-07-11T13:53:39.537219Z[0m [32m INFO[0m [1mturn[0m[1m{[0m[3msession[0m[2m=[0m69ef23d3-e68c-444a-82a9-e92ebc6a5497[1m}[0m[2m:[0m [2mbraze_engine::hooks[0m[2m:[0m prompt budget breakdown (PromptBudgetAuditHook) [3msystem_tokens_est[0m[2m=[0m293 [3mtools_tokens_est[0m[2m=[0m850 [3mhistory_tokens_est[0m[2m=[0m187 [3mtotal_tokens_est[0m[2m=[0m1331 [3mmessage_count[0m[2m=[0m6
-> ollama:qwen3.5-coder+plan:ollama:gemma4:e4b :: error_recovery_edit_wrong_filename (rep 1/5)
[2m2026-07-11T13:54:03.112306Z[0m [32m INFO[0m [1mturn[0m[1m{[0m[3msession[0m[2m=[0mf674c92e-f8c5-4ba3-b39a-8f14f7f3790b[1m}[0m[2m:[0m [2mbraze_engine::hooks[0m[2m:[0m prompt budget breakdown (PromptBudgetAuditHook) [3msystem_tokens_est[0m[2m=[0m293 [3mtools_tokens_est[0m[2m=[0m850 [3mhistory_tokens_est[0m[2m=[0m135 [3mtotal_tokens_est[0m[2m=[0m1279 [3mmessage_count[0m[2m=[0m2
[2m2026-07-11T13:54:32.438721Z[0m [32m INFO[0m [1mturn[0m[1m{[0m[3msession[0m[2m=[0mf674c92e-f8c5-4ba3-b39a-8f14f7f3790b[1m}[0m[2m:[0m [2mbraze_engine::hooks[0m[2m:[0m prompt budget breakdown (PromptBudgetAuditHook) [3msystem_tokens_est[0m[2m=[0m293 [3mtools_tokens_est[0m[2m=[0m850 [3mhistory_tokens_est[0m[2m=[0m188 [3mtotal_tokens_est[0m[2m=[0m1331 [3mmessage_count[0m[2m=[0m4
[2m2026-07-11T13:54:42.236746Z[0m [32m INFO[0m [1mturn[0m[1m{[0m[3msession[0m[2m=[0mf674c92e-f8c5-4ba3-b39a-8f14f7f3790b[1m}[0m[2m:[0m [2mbraze_engine::hooks[0m[2m:[0m prompt budget breakdown (PromptBudgetAuditHook) [3msystem_tokens_est[0m[2m=[0m293 [3mtools_tokens_est[0m[2m=[0m850 [3mhistory_tokens_est[0m[2m=[0m217 [3mtotal_tokens_est[0m[2m=[0m1361 [3mmessage_count[0m[2m=[0m6
[2m2026-07-11T13:54:55.521263Z[0m [32m INFO[0m [1mturn[0m[1m{[0m[3msession[0m[2m=[0mf674c92e-f8c5-4ba3-b39a-8f14f7f3790b[1m}[0m[2m:[0m [2mbraze_engine::hooks[0m[2m:[0m prompt budget breakdown (PromptBudgetAuditHook) [3msystem_tokens_est[0m[2m=[0m293 [3mtools_tokens_est[0m[2m=[0m850 [3mhistory_tokens_est[0m[2m=[0m280 [3mtotal_tokens_est[0m[2m=[0m1424 [3mmessage_count[0m[2m=[0m8
-> ollama:qwen3.5-coder+plan:ollama:gemma4:e4b :: error_recovery_edit_wrong_filename (rep 2/5)
[2m2026-07-11T13:55:17.626058Z[0m [32m INFO[0m [1mturn[0m[1m{[0m[3msession[0m[2m=[0m72ca398a-0ef0-498b-bc93-02b5277855c2[1m}[0m[2m:[0m [2mbraze_engine::hooks[0m[2m:[0m prompt budget breakdown (PromptBudgetAuditHook) [3msystem_tokens_est[0m[2m=[0m293 [3mtools_tokens_est[0m[2m=[0m850 [3mhistory_tokens_est[0m[2m=[0m145 [3mtotal_tokens_est[0m[2m=[0m1289 [3mmessage_count[0m[2m=[0m2
[2m2026-07-11T13:55:47.385946Z[0m [32m INFO[0m [1mturn[0m[1m{[0m[3msession[0m[2m=[0m72ca398a-0ef0-498b-bc93-02b5277855c2[1m}[0m[2m:[0m [2mbraze_engine::hooks[0m[2m:[0m prompt budget breakdown (PromptBudgetAuditHook) [3msystem_tokens_est[0m[2m=[0m293 [3mtools_tokens_est[0m[2m=[0m850 [3mhistory_tokens_est[0m[2m=[0m198 [3mtotal_tokens_est[0m[2m=[0m1342 [3mmessage_count[0m[2m=[0m4
[2m2026-07-11T13:56:00.829180Z[0m [32m INFO[0m [1mturn[0m[1m{[0m[3msession[0m[2m=[0m72ca398a-0ef0-498b-bc93-02b5277855c2[1m}[0m[2m:[0m [2mbraze_engine::hooks[0m[2m:[0m prompt budget breakdown (PromptBudgetAuditHook) [3msystem_tokens_est[0m[2m=[0m293 [3mtools_tokens_est[0m[2m=[0m850 [3mhistory_tokens_est[0m[2m=[0m261 [3mtotal_tokens_est[0m[2m=[0m1405 [3mmessage_count[0m[2m=[0m6
-> ollama:qwen3.5-coder+plan:ollama:gemma4:e4b :: error_recovery_edit_wrong_filename (rep 3/5)
[2m2026-07-11T13:56:34.986941Z[0m [32m INFO[0m [1mturn[0m[1m{[0m[3msession[0m[2m=[0mfedfc9aa-d817-41e9-bd07-e55349045a90[1m}[0m[2m:[0m [2mbraze_engine::hooks[0m[2m:[0m prompt budget breakdown (PromptBudgetAuditHook) [3msystem_tokens_est[0m[2m=[0m293 [3mtools_tokens_est[0m[2m=[0m850 [3mhistory_tokens_est[0m[2m=[0m120 [3mtotal_tokens_est[0m[2m=[0m1264 [3mmessage_count[0m[2m=[0m2
[2m2026-07-11T13:57:04.201796Z[0m [32m INFO[0m [1mturn[0m[1m{[0m[3msession[0m[2m=[0mfedfc9aa-d817-41e9-bd07-e55349045a90[1m}[0m[2m:[0m [2mbraze_engine::hooks[0m[2m:[0m prompt budget breakdown (PromptBudgetAuditHook) [3msystem_tokens_est[0m[2m=[0m293 [3mtools_tokens_est[0m[2m=[0m850 [3mhistory_tokens_est[0m[2m=[0m172 [3mtotal_tokens_est[0m[2m=[0m1316 [3mmessage_count[0m[2m=[0m4
[2m2026-07-11T13:57:17.048800Z[0m [32m INFO[0m [1mturn[0m[1m{[0m[3msession[0m[2m=[0mfedfc9aa-d817-41e9-bd07-e55349045a90[1m}[0m[2m:[0m [2mbraze_engine::hooks[0m[2m:[0m prompt budget breakdown (PromptBudgetAuditHook) [3msystem_tokens_est[0m[2m=[0m293 [3mtools_tokens_est[0m[2m=[0m850 [3mhistory_tokens_est[0m[2m=[0m236 [3mtotal_tokens_est[0m[2m=[0m1379 [3mmessage_count[0m[2m=[0m6
-> ollama:qwen3.5-coder+plan:ollama:gemma4:e4b :: error_recovery_edit_wrong_filename (rep 4/5)
[2m2026-07-11T13:57:40.729582Z[0m [32m INFO[0m [1mturn[0m[1m{[0m[3msession[0m[2m=[0m0ef3d4ea-b2d8-4005-a174-5ef5b5d03ceb[1m}[0m[2m:[0m [2mbraze_engine::hooks[0m[2m:[0m prompt budget breakdown (PromptBudgetAuditHook) [3msystem_tokens_est[0m[2m=[0m293 [3mtools_tokens_est[0m[2m=[0m850 [3mhistory_tokens_est[0m[2m=[0m144 [3mtotal_tokens_est[0m[2m=[0m1288 [3mmessage_count[0m[2m=[0m2
[2m2026-07-11T13:58:08.609350Z[0m [32m INFO[0m [1mturn[0m[1m{[0m[3msession[0m[2m=[0m0ef3d4ea-b2d8-4005-a174-5ef5b5d03ceb[1m}[0m[2m:[0m [2mbraze_engine::hooks[0m[2m:[0m prompt budget breakdown (PromptBudgetAuditHook) [3msystem_tokens_est[0m[2m=[0m293 [3mtools_tokens_est[0m[2m=[0m850 [3mhistory_tokens_est[0m[2m=[0m196 [3mtotal_tokens_est[0m[2m=[0m1340 [3mmessage_count[0m[2m=[0m4
[2m2026-07-11T13:58:17.547341Z[0m [32m INFO[0m [1mturn[0m[1m{[0m[3msession[0m[2m=[0m0ef3d4ea-b2d8-4005-a174-5ef5b5d03ceb[1m}[0m[2m:[0m [2mbraze_engine::hooks[0m[2m:[0m prompt budget breakdown (PromptBudgetAuditHook) [3msystem_tokens_est[0m[2m=[0m293 [3mtools_tokens_est[0m[2m=[0m850 [3mhistory_tokens_est[0m[2m=[0m226 [3mtotal_tokens_est[0m[2m=[0m1370 [3mmessage_count[0m[2m=[0m6
[2m2026-07-11T13:58:30.642263Z[0m [32m INFO[0m [1mturn[0m[1m{[0m[3msession[0m[2m=[0m0ef3d4ea-b2d8-4005-a174-5ef5b5d03ceb[1m}[0m[2m:[0m [2mbraze_engine::hooks[0m[2m:[0m prompt budget breakdown (PromptBudgetAuditHook) [3msystem_tokens_est[0m[2m=[0m293 [3mtools_tokens_est[0m[2m=[0m850 [3mhistory_tokens_est[0m[2m=[0m289 [3mtotal_tokens_est[0m[2m=[0m1433 [3mmessage_count[0m[2m=[0m8
-> ollama:qwen3.5-coder+plan:ollama:gemma4:e4b :: error_recovery_edit_wrong_filename (rep 5/5)
[2m2026-07-11T13:58:58.546599Z[0m [32m INFO[0m [1mturn[0m[1m{[0m[3msession[0m[2m=[0m318c7fe2-7234-44cc-829d-aced87ef68fd[1m}[0m[2m:[0m [2mbraze_engine::hooks[0m[2m:[0m prompt budget breakdown (PromptBudgetAuditHook) [3msystem_tokens_est[0m[2m=[0m293 [3mtools_tokens_est[0m[2m=[0m850 [3mhistory_tokens_est[0m[2m=[0m187 [3mtotal_tokens_est[0m[2m=[0m1331 [3mmessage_count[0m[2m=[0m2
[2m2026-07-11T13:59:26.164281Z[0m [32m INFO[0m [1mturn[0m[1m{[0m[3msession[0m[2m=[0m318c7fe2-7234-44cc-829d-aced87ef68fd[1m}[0m[2m:[0m [2mbraze_engine::hooks[0m[2m:[0m prompt budget breakdown (PromptBudgetAuditHook) [3msystem_tokens_est[0m[2m=[0m293 [3mtools_tokens_est[0m[2m=[0m850 [3mhistory_tokens_est[0m[2m=[0m223 [3mtotal_tokens_est[0m[2m=[0m1366 [3mmessage_count[0m[2m=[0m4
[2m2026-07-11T13:59:33.403123Z[0m [32m INFO[0m [1mturn[0m[1m{[0m[3msession[0m[2m=[0m318c7fe2-7234-44cc-829d-aced87ef68fd[1m}[0m[2m:[0m [2mbraze_engine::hooks[0m[2m:[0m prompt budget breakdown (PromptBudgetAuditHook) [3msystem_tokens_est[0m[2m=[0m293 [3mtools_tokens_est[0m[2m=[0m850 [3mhistory_tokens_est[0m[2m=[0m235 [3mtotal_tokens_est[0m[2m=[0m1378 [3mmessage_count[0m[2m=[0m6
[2m2026-07-11T13:59:42.471207Z[0m [32m INFO[0m [1mturn[0m[1m{[0m[3msession[0m[2m=[0m318c7fe2-7234-44cc-829d-aced87ef68fd[1m}[0m[2m:[0m [2mbraze_engine::hooks[0m[2m:[0m prompt budget breakdown (PromptBudgetAuditHook) [3msystem_tokens_est[0m[2m=[0m293 [3mtools_tokens_est[0m[2m=[0m850 [3mhistory_tokens_est[0m[2m=[0m277 [3mtotal_tokens_est[0m[2m=[0m1420 [3mmessage_count[0m[2m=[0m8
-> ollama:qwen3.5-coder+plan:ollama:gemma4:e4b :: distractor_selection_log_with_error (rep 1/5)
[2m2026-07-11T14:00:00.556077Z[0m [32m INFO[0m [1mturn[0m[1m{[0m[3msession[0m[2m=[0med2c87a1-2ca5-4dd5-98cb-81069c8144c6[1m}[0m[2m:[0m [2mbraze_engine::engine[0m[2m:[0m planner produced a single-step (or unstructured) plan; discarding it — the executor's first round covers it without the plan-in-prompt cost
[2m2026-07-11T14:00:00.556606Z[0m [32m INFO[0m [1mturn[0m[1m{[0m[3msession[0m[2m=[0med2c87a1-2ca5-4dd5-98cb-81069c8144c6[1m}[0m[2m:[0m [2mbraze_engine::hooks[0m[2m:[0m prompt budget breakdown (PromptBudgetAuditHook) [3msystem_tokens_est[0m[2m=[0m293 [3mtools_tokens_est[0m[2m=[0m850 [3mhistory_tokens_est[0m[2m=[0m32 [3mtotal_tokens_est[0m[2m=[0m1176 [3mmessage_count[0m[2m=[0m1
[2m2026-07-11T14:00:28.849518Z[0m [32m INFO[0m [1mturn[0m[1m{[0m[3msession[0m[2m=[0med2c87a1-2ca5-4dd5-98cb-81069c8144c6[1m}[0m[2m:[0m [2mbraze_engine::hooks[0m[2m:[0m prompt budget breakdown (PromptBudgetAuditHook) [3msystem_tokens_est[0m[2m=[0m293 [3mtools_tokens_est[0m[2m=[0m850 [3mhistory_tokens_est[0m[2m=[0m91 [3mtotal_tokens_est[0m[2m=[0m1235 [3mmessage_count[0m[2m=[0m3
[2m2026-07-11T14:00:36.496968Z[0m [32m INFO[0m [1mturn[0m[1m{[0m[3msession[0m[2m=[0med2c87a1-2ca5-4dd5-98cb-81069c8144c6[1m}[0m[2m:[0m [2mbraze_engine::hooks[0m[2m:[0m prompt budget breakdown (PromptBudgetAuditHook) [3msystem_tokens_est[0m[2m=[0m293 [3mtools_tokens_est[0m[2m=[0m850 [3mhistory_tokens_est[0m[2m=[0m128 [3mtotal_tokens_est[0m[2m=[0m1272 [3mmessage_count[0m[2m=[0m5
[2m2026-07-11T14:00:45.185194Z[0m [32m INFO[0m [1mturn[0m[1m{[0m[3msession[0m[2m=[0med2c87a1-2ca5-4dd5-98cb-81069c8144c6[1m}[0m[2m:[0m [2mbraze_engine::hooks[0m[2m:[0m prompt budget breakdown (PromptBudgetAuditHook) [3msystem_tokens_est[0m[2m=[0m293 [3mtools_tokens_est[0m[2m=[0m850 [3mhistory_tokens_est[0m[2m=[0m219 [3mtotal_tokens_est[0m[2m=[0m1363 [3mmessage_count[0m[2m=[0m7
[2m2026-07-11T14:00:52.951862Z[0m [32m INFO[0m [1mturn[0m[1m{[0m[3msession[0m[2m=[0med2c87a1-2ca5-4dd5-98cb-81069c8144c6[1m}[0m[2m:[0m [2mbraze_engine::hooks[0m[2m:[0m prompt budget breakdown (PromptBudgetAuditHook) [3msystem_tokens_est[0m[2m=[0m293 [3mtools_tokens_est[0m[2m=[0m850 [3mhistory_tokens_est[0m[2m=[0m253 [3mtotal_tokens_est[0m[2m=[0m1397 [3mmessage_count[0m[2m=[0m9
[2m2026-07-11T14:00:59.247176Z[0m [32m INFO[0m [1mturn[0m[1m{[0m[3msession[0m[2m=[0med2c87a1-2ca5-4dd5-98cb-81069c8144c6[1m}[0m[2m:[0m [2mbraze_engine::hooks[0m[2m:[0m prompt budget breakdown (PromptBudgetAuditHook) [3msystem_tokens_est[0m[2m=[0m293 [3mtools_tokens_est[0m[2m=[0m850 [3mhistory_tokens_est[0m[2m=[0m286 [3mtotal_tokens_est[0m[2m=[0m1430 [3mmessage_count[0m[2m=[0m11
[2m2026-07-11T14:01:06.886434Z[0m [33m WARN[0m [1mturn[0m[1m{[0m[3msession[0m[2m=[0med2c87a1-2ca5-4dd5-98cb-81069c8144c6[1m}[0m[2m:[0m [2mbraze_engine::engine[0m[2m:[0m model repeated an identical tool call this turn; nudging instead of re-dispatching [3mtool[0m[2m=[0mread_file
[2m2026-07-11T14:01:06.888593Z[0m [32m INFO[0m [1mturn[0m[1m{[0m[3msession[0m[2m=[0med2c87a1-2ca5-4dd5-98cb-81069c8144c6[1m}[0m[2m:[0m [2mbraze_engine::hooks[0m[2m:[0m prompt budget breakdown (PromptBudgetAuditHook) [3msystem_tokens_est[0m[2m=[0m293 [3mtools_tokens_est[0m[2m=[0m850 [3mhistory_tokens_est[0m[2m=[0m370 [3mtotal_tokens_est[0m[2m=[0m1514 [3mmessage_count[0m[2m=[0m13
[2m2026-07-11T14:01:13.988928Z[0m [33m WARN[0m [1mturn[0m[1m{[0m[3msession[0m[2m=[0med2c87a1-2ca5-4dd5-98cb-81069c8144c6[1m}[0m[2m:[0m [2mbraze_engine::engine[0m[2m:[0m round produced neither text nor a tool call after this turn already dispatched at least one; attempting a tools-free summary round instead of discarding that progress [3mround[0m[2m=[0m6
-> ollama:qwen3.5-coder+plan:ollama:gemma4:e4b :: distractor_selection_log_with_error (rep 2/5)
[2m2026-07-11T14:01:32.093708Z[0m [32m INFO[0m [1mturn[0m[1m{[0m[3msession[0m[2m=[0m44d3766a-4fe0-442d-9307-4aa6e451495d[1m}[0m[2m:[0m [2mbraze_engine::engine[0m[2m:[0m planner produced a single-step (or unstructured) plan; discarding it — the executor's first round covers it without the plan-in-prompt cost
[2m2026-07-11T14:01:32.094499Z[0m [32m INFO[0m [1mturn[0m[1m{[0m[3msession[0m[2m=[0m44d3766a-4fe0-442d-9307-4aa6e451495d[1m}[0m[2m:[0m [2mbraze_engine::hooks[0m[2m:[0m prompt budget breakdown (PromptBudgetAuditHook) [3msystem_tokens_est[0m[2m=[0m293 [3mtools_tokens_est[0m[2m=[0m850 [3mhistory_tokens_est[0m[2m=[0m32 [3mtotal_tokens_est[0m[2m=[0m1176 [3mmessage_count[0m[2m=[0m1
[2m2026-07-11T14:01:57.388970Z[0m [32m INFO[0m [1mturn[0m[1m{[0m[3msession[0m[2m=[0m44d3766a-4fe0-442d-9307-4aa6e451495d[1m}[0m[2m:[0m [2mbraze_engine::hooks[0m[2m:[0m prompt budget breakdown (PromptBudgetAuditHook) [3msystem_tokens_est[0m[2m=[0m293 [3mtools_tokens_est[0m[2m=[0m850 [3mhistory_tokens_est[0m[2m=[0m104 [3mtotal_tokens_est[0m[2m=[0m1248 [3mmessage_count[0m[2m=[0m3
[2m2026-07-11T14:02:06.561974Z[0m [32m INFO[0m [1mturn[0m[1m{[0m[3msession[0m[2m=[0m44d3766a-4fe0-442d-9307-4aa6e451495d[1m}[0m[2m:[0m [2mbraze_engine::hooks[0m[2m:[0m prompt budget breakdown (PromptBudgetAuditHook) [3msystem_tokens_est[0m[2m=[0m293 [3mtools_tokens_est[0m[2m=[0m850 [3mhistory_tokens_est[0m[2m=[0m138 [3mtotal_tokens_est[0m[2m=[0m1282 [3mmessage_count[0m[2m=[0m5
[2m2026-07-11T14:02:15.892175Z[0m [32m INFO[0m [1mturn[0m[1m{[0m[3msession[0m[2m=[0m44d3766a-4fe0-442d-9307-4aa6e451495d[1m}[0m[2m:[0m [2mbraze_engine::hooks[0m[2m:[0m prompt budget breakdown (PromptBudgetAuditHook) [3msystem_tokens_est[0m[2m=[0m293 [3mtools_tokens_est[0m[2m=[0m850 [3mhistory_tokens_est[0m[2m=[0m171 [3mtotal_tokens_est[0m[2m=[0m1315 [3mmessage_count[0m[2m=[0m7
[2m2026-07-11T14:02:23.275843Z[0m [32m INFO[0m [1mturn[0m[1m{[0m[3msession[0m[2m=[0m44d3766a-4fe0-442d-9307-4aa6e451495d[1m}[0m[2m:[0m [2mbraze_engine::hooks[0m[2m:[0m prompt budget breakdown (PromptBudgetAuditHook) [3msystem_tokens_est[0m[2m=[0m293 [3mtools_tokens_est[0m[2m=[0m850 [3mhistory_tokens_est[0m[2m=[0m212 [3mtotal_tokens_est[0m[2m=[0m1356 [3mmessage_count[0m[2m=[0m9
[2m2026-07-11T14:02:31.252494Z[0m [32m INFO[0m [1mturn[0m[1m{[0m[3msession[0m[2m=[0m44d3766a-4fe0-442d-9307-4aa6e451495d[1m}[0m[2m:[0m [2mbraze_engine::hooks[0m[2m:[0m prompt budget breakdown (PromptBudgetAuditHook) [3msystem_tokens_est[0m[2m=[0m293 [3mtools_tokens_est[0m[2m=[0m850 [3mhistory_tokens_est[0m[2m=[0m250 [3mtotal_tokens_est[0m[2m=[0m1394 [3mmessage_count[0m[2m=[0m11
-> ollama:qwen3.5-coder+plan:ollama:gemma4:e4b :: distractor_selection_log_with_error (rep 3/5)
[2m2026-07-11T14:02:44.892538Z[0m [32m INFO[0m [1mturn[0m[1m{[0m[3msession[0m[2m=[0m5c9404f0-4b9a-40e8-94e6-0acc1c66f0dd[1m}[0m[2m:[0m [2mbraze_engine::engine[0m[2m:[0m planner produced a single-step (or unstructured) plan; discarding it — the executor's first round covers it without the plan-in-prompt cost
[2m2026-07-11T14:02:44.892987Z[0m [32m INFO[0m [1mturn[0m[1m{[0m[3msession[0m[2m=[0m5c9404f0-4b9a-40e8-94e6-0acc1c66f0dd[1m}[0m[2m:[0m [2mbraze_engine::hooks[0m[2m:[0m prompt budget breakdown (PromptBudgetAuditHook) [3msystem_tokens_est[0m[2m=[0m293 [3mtools_tokens_est[0m[2m=[0m850 [3mhistory_tokens_est[0m[2m=[0m32 [3mtotal_tokens_est[0m[2m=[0m1176 [3mmessage_count[0m[2m=[0m1
[2m2026-07-11T14:03:09.895729Z[0m [32m INFO[0m [1mturn[0m[1m{[0m[3msession[0m[2m=[0m5c9404f0-4b9a-40e8-94e6-0acc1c66f0dd[1m}[0m[2m:[0m [2mbraze_engine::hooks[0m[2m:[0m prompt budget breakdown (PromptBudgetAuditHook) [3msystem_tokens_est[0m[2m=[0m293 [3mtools_tokens_est[0m[2m=[0m850 [3mhistory_tokens_est[0m[2m=[0m104 [3mtotal_tokens_est[0m[2m=[0m1248 [3mmessage_count[0m[2m=[0m3
[2m2026-07-11T14:03:16.227419Z[0m [32m INFO[0m [1mturn[0m[1m{[0m[3msession[0m[2m=[0m5c9404f0-4b9a-40e8-94e6-0acc1c66f0dd[1m}[0m[2m:[0m [2mbraze_engine::hooks[0m[2m:[0m prompt budget breakdown (PromptBudgetAuditHook) [3msystem_tokens_est[0m[2m=[0m293 [3mtools_tokens_est[0m[2m=[0m850 [3mhistory_tokens_est[0m[2m=[0m145 [3mtotal_tokens_est[0m[2m=[0m1289 [3mmessage_count[0m[2m=[0m5
[2m2026-07-11T14:03:23.905708Z[0m [32m INFO[0m [1mturn[0m[1m{[0m[3msession[0m[2m=[0m5c9404f0-4b9a-40e8-94e6-0acc1c66f0dd[1m}[0m[2m:[0m [2mbraze_engine::hooks[0m[2m:[0m prompt budget breakdown (PromptBudgetAuditHook) [3msystem_tokens_est[0m[2m=[0m293 [3mtools_tokens_est[0m[2m=[0m850 [3mhistory_tokens_est[0m[2m=[0m182 [3mtotal_tokens_est[0m[2m=[0m1326 [3mmessage_count[0m[2m=[0m7
-> ollama:qwen3.5-coder+plan:ollama:gemma4:e4b :: distractor_selection_log_with_error (rep 4/5)
[2m2026-07-11T14:03:42.777957Z[0m [32m INFO[0m [1mturn[0m[1m{[0m[3msession[0m[2m=[0m9483abf2-5e5d-4847-ae77-054824d7f2be[1m}[0m[2m:[0m [2mbraze_engine::engine[0m[2m:[0m planner produced a single-step (or unstructured) plan; discarding it — the executor's first round covers it without the plan-in-prompt cost
[2m2026-07-11T14:03:42.778345Z[0m [32m INFO[0m [1mturn[0m[1m{[0m[3msession[0m[2m=[0m9483abf2-5e5d-4847-ae77-054824d7f2be[1m}[0m[2m:[0m [2mbraze_engine::hooks[0m[2m:[0m prompt budget breakdown (PromptBudgetAuditHook) [3msystem_tokens_est[0m[2m=[0m293 [3mtools_tokens_est[0m[2m=[0m850 [3mhistory_tokens_est[0m[2m=[0m32 [3mtotal_tokens_est[0m[2m=[0m1176 [3mmessage_count[0m[2m=[0m1
[2m2026-07-11T14:04:08.105164Z[0m [32m INFO[0m [1mturn[0m[1m{[0m[3msession[0m[2m=[0m9483abf2-5e5d-4847-ae77-054824d7f2be[1m}[0m[2m:[0m [2mbraze_engine::hooks[0m[2m:[0m prompt budget breakdown (PromptBudgetAuditHook) [3msystem_tokens_est[0m[2m=[0m293 [3mtools_tokens_est[0m[2m=[0m850 [3mhistory_tokens_est[0m[2m=[0m104 [3mtotal_tokens_est[0m[2m=[0m1248 [3mmessage_count[0m[2m=[0m3
[2m2026-07-11T14:04:16.931657Z[0m [32m INFO[0m [1mturn[0m[1m{[0m[3msession[0m[2m=[0m9483abf2-5e5d-4847-ae77-054824d7f2be[1m}[0m[2m:[0m [2mbraze_engine::hooks[0m[2m:[0m prompt budget breakdown (PromptBudgetAuditHook) [3msystem_tokens_est[0m[2m=[0m293 [3mtools_tokens_est[0m[2m=[0m850 [3mhistory_tokens_est[0m[2m=[0m163 [3mtotal_tokens_est[0m[2m=[0m1307 [3mmessage_count[0m[2m=[0m5
[2m2026-07-11T14:04:24.769207Z[0m [32m INFO[0m [1mturn[0m[1m{[0m[3msession[0m[2m=[0m9483abf2-5e5d-4847-ae77-054824d7f2be[1m}[0m[2m:[0m [2mbraze_engine::hooks[0m[2m:[0m prompt budget breakdown (PromptBudgetAuditHook) [3msystem_tokens_est[0m[2m=[0m293 [3mtools_tokens_est[0m[2m=[0m850 [3mhistory_tokens_est[0m[2m=[0m200 [3mtotal_tokens_est[0m[2m=[0m1344 [3mmessage_count[0m[2m=[0m7
-> ollama:qwen3.5-coder+plan:ollama:gemma4:e4b :: distractor_selection_log_with_error (rep 5/5)
[2m2026-07-11T14:04:37.986333Z[0m [32m INFO[0m [1mturn[0m[1m{[0m[3msession[0m[2m=[0m7b5183f2-52be-488c-889b-e8881ee78972[1m}[0m[2m:[0m [2mbraze_engine::engine[0m[2m:[0m planner produced a single-step (or unstructured) plan; discarding it — the executor's first round covers it without the plan-in-prompt cost
[2m2026-07-11T14:04:37.986889Z[0m [32m INFO[0m [1mturn[0m[1m{[0m[3msession[0m[2m=[0m7b5183f2-52be-488c-889b-e8881ee78972[1m}[0m[2m:[0m [2mbraze_engine::hooks[0m[2m:[0m prompt budget breakdown (PromptBudgetAuditHook) [3msystem_tokens_est[0m[2m=[0m293 [3mtools_tokens_est[0m[2m=[0m850 [3mhistory_tokens_est[0m[2m=[0m32 [3mtotal_tokens_est[0m[2m=[0m1176 [3mmessage_count[0m[2m=[0m1
[2m2026-07-11T14:05:03.039123Z[0m [32m INFO[0m [1mturn[0m[1m{[0m[3msession[0m[2m=[0m7b5183f2-52be-488c-889b-e8881ee78972[1m}[0m[2m:[0m [2mbraze_engine::hooks[0m[2m:[0m prompt budget breakdown (PromptBudgetAuditHook) [3msystem_tokens_est[0m[2m=[0m293 [3mtools_tokens_est[0m[2m=[0m850 [3mhistory_tokens_est[0m[2m=[0m104 [3mtotal_tokens_est[0m[2m=[0m1248 [3mmessage_count[0m[2m=[0m3
[2m2026-07-11T14:05:12.333868Z[0m [32m INFO[0m [1mturn[0m[1m{[0m[3msession[0m[2m=[0m7b5183f2-52be-488c-889b-e8881ee78972[1m}[0m[2m:[0m [2mbraze_engine::hooks[0m[2m:[0m prompt budget breakdown (PromptBudgetAuditHook) [3msystem_tokens_est[0m[2m=[0m293 [3mtools_tokens_est[0m[2m=[0m850 [3mhistory_tokens_est[0m[2m=[0m163 [3mtotal_tokens_est[0m[2m=[0m1307 [3mmessage_count[0m[2m=[0m5
[2m2026-07-11T14:05:20.366616Z[0m [32m INFO[0m [1mturn[0m[1m{[0m[3msession[0m[2m=[0m7b5183f2-52be-488c-889b-e8881ee78972[1m}[0m[2m:[0m [2mbraze_engine::hooks[0m[2m:[0m prompt budget breakdown (PromptBudgetAuditHook) [3msystem_tokens_est[0m[2m=[0m293 [3mtools_tokens_est[0m[2m=[0m850 [3mhistory_tokens_est[0m[2m=[0m200 [3mtotal_tokens_est[0m[2m=[0m1344 [3mmessage_count[0m[2m=[0m7
[2m2026-07-11T14:05:27.940836Z[0m [32m INFO[0m [1mturn[0m[1m{[0m[3msession[0m[2m=[0m7b5183f2-52be-488c-889b-e8881ee78972[1m}[0m[2m:[0m [2mbraze_engine::hooks[0m[2m:[0m prompt budget breakdown (PromptBudgetAuditHook) [3msystem_tokens_est[0m[2m=[0m293 [3mtools_tokens_est[0m[2m=[0m850 [3mhistory_tokens_est[0m[2m=[0m234 [3mtotal_tokens_est[0m[2m=[0m1378 [3mmessage_count[0m[2m=[0m9
[2m2026-07-11T14:05:34.129797Z[0m [32m INFO[0m [1mturn[0m[1m{[0m[3msession[0m[2m=[0m7b5183f2-52be-488c-889b-e8881ee78972[1m}[0m[2m:[0m [2mbraze_engine::hooks[0m[2m:[0m prompt budget breakdown (PromptBudgetAuditHook) [3msystem_tokens_est[0m[2m=[0m293 [3mtools_tokens_est[0m[2m=[0m850 [3mhistory_tokens_est[0m[2m=[0m267 [3mtotal_tokens_est[0m[2m=[0m1411 [3mmessage_count[0m[2m=[0m11
[2m2026-07-11T14:05:42.034653Z[0m [33m WARN[0m [1mturn[0m[1m{[0m[3msession[0m[2m=[0m7b5183f2-52be-488c-889b-e8881ee78972[1m}[0m[2m:[0m [2mbraze_engine::engine[0m[2m:[0m model repeated an identical tool call this turn; nudging instead of re-dispatching [3mtool[0m[2m=[0mread_file
[2m2026-07-11T14:05:42.036012Z[0m [32m INFO[0m [1mturn[0m[1m{[0m[3msession[0m[2m=[0m7b5183f2-52be-488c-889b-e8881ee78972[1m}[0m[2m:[0m [2mbraze_engine::hooks[0m[2m:[0m prompt budget breakdown (PromptBudgetAuditHook) [3msystem_tokens_est[0m[2m=[0m293 [3mtools_tokens_est[0m[2m=[0m850 [3mhistory_tokens_est[0m[2m=[0m344 [3mtotal_tokens_est[0m[2m=[0m1488 [3mmessage_count[0m[2m=[0m13
[2m2026-07-11T14:05:52.006170Z[0m [32m INFO[0m [1mturn[0m[1m{[0m[3msession[0m[2m=[0m7b5183f2-52be-488c-889b-e8881ee78972[1m}[0m[2m:[0m [2mbraze_engine::hooks[0m[2m:[0m prompt budget breakdown (PromptBudgetAuditHook) [3msystem_tokens_est[0m[2m=[0m293 [3mtools_tokens_est[0m[2m=[0m850 [3mhistory_tokens_est[0m[2m=[0m375 [3mtotal_tokens_est[0m[2m=[0m1519 [3mmessage_count[0m[2m=[0m16
-> ollama:qwen3.5-coder+plan:ollama:gemma4:e4b :: distractor_selection_debug_config (rep 1/5)
[2m2026-07-11T14:06:12.751260Z[0m [32m INFO[0m [1mturn[0m[1m{[0m[3msession[0m[2m=[0m75c17b53-eb48-4569-b26b-5bbdf43d93b7[1m}[0m[2m:[0m [2mbraze_engine::engine[0m[2m:[0m planner produced a single-step (or unstructured) plan; discarding it — the executor's first round covers it without the plan-in-prompt cost
[2m2026-07-11T14:06:12.752027Z[0m [32m INFO[0m [1mturn[0m[1m{[0m[3msession[0m[2m=[0m75c17b53-eb48-4569-b26b-5bbdf43d93b7[1m}[0m[2m:[0m [2mbraze_engine::hooks[0m[2m:[0m prompt budget breakdown (PromptBudgetAuditHook) [3msystem_tokens_est[0m[2m=[0m292 [3mtools_tokens_est[0m[2m=[0m850 [3mhistory_tokens_est[0m[2m=[0m28 [3mtotal_tokens_est[0m[2m=[0m1171 [3mmessage_count[0m[2m=[0m1
[2m2026-07-11T14:06:36.912487Z[0m [32m INFO[0m [1mturn[0m[1m{[0m[3msession[0m[2m=[0m75c17b53-eb48-4569-b26b-5bbdf43d93b7[1m}[0m[2m:[0m [2mbraze_engine::hooks[0m[2m:[0m prompt budget breakdown (PromptBudgetAuditHook) [3msystem_tokens_est[0m[2m=[0m292 [3mtools_tokens_est[0m[2m=[0m850 [3mhistory_tokens_est[0m[2m=[0m101 [3mtotal_tokens_est[0m[2m=[0m1244 [3mmessage_count[0m[2m=[0m3
[2m2026-07-11T14:06:43.063062Z[0m [32m INFO[0m [1mturn[0m[1m{[0m[3msession[0m[2m=[0m75c17b53-eb48-4569-b26b-5bbdf43d93b7[1m}[0m[2m:[0m [2mbraze_engine::hooks[0m[2m:[0m prompt budget breakdown (PromptBudgetAuditHook) [3msystem_tokens_est[0m[2m=[0m292 [3mtools_tokens_est[0m[2m=[0m850 [3mhistory_tokens_est[0m[2m=[0m136 [3mtotal_tokens_est[0m[2m=[0m1279 [3mmessage_count[0m[2m=[0m5
[2m2026-07-11T14:06:50.671736Z[0m [32m INFO[0m [1mturn[0m[1m{[0m[3msession[0m[2m=[0m75c17b53-eb48-4569-b26b-5bbdf43d93b7[1m}[0m[2m:[0m [2mbraze_engine::hooks[0m[2m:[0m prompt budget breakdown (PromptBudgetAuditHook) [3msystem_tokens_est[0m[2m=[0m292 [3mtools_tokens_est[0m[2m=[0m850 [3mhistory_tokens_est[0m[2m=[0m167 [3mtotal_tokens_est[0m[2m=[0m1311 [3mmessage_count[0m[2m=[0m7
[2m2026-07-11T14:06:58.088269Z[0m [32m INFO[0m [1mturn[0m[1m{[0m[3msession[0m[2m=[0m75c17b53-eb48-4569-b26b-5bbdf43d93b7[1m}[0m[2m:[0m [2mbraze_engine::hooks[0m[2m:[0m prompt budget breakdown (PromptBudgetAuditHook) [3msystem_tokens_est[0m[2m=[0m292 [3mtools_tokens_est[0m[2m=[0m850 [3mhistory_tokens_est[0m[2m=[0m199 [3mtotal_tokens_est[0m[2m=[0m1342 [3mmessage_count[0m[2m=[0m9
[2m2026-07-11T14:07:04.162586Z[0m [32m INFO[0m [1mturn[0m[1m{[0m[3msession[0m[2m=[0m75c17b53-eb48-4569-b26b-5bbdf43d93b7[1m}[0m[2m:[0m [2mbraze_engine::hooks[0m[2m:[0m prompt budget breakdown (PromptBudgetAuditHook) [3msystem_tokens_est[0m[2m=[0m292 [3mtools_tokens_est[0m[2m=[0m850 [3mhistory_tokens_est[0m[2m=[0m231 [3mtotal_tokens_est[0m[2m=[0m1374 [3mmessage_count[0m[2m=[0m11
-> ollama:qwen3.5-coder+plan:ollama:gemma4:e4b :: distractor_selection_debug_config (rep 2/5)
[2m2026-07-11T14:07:29.452506Z[0m [32m INFO[0m [1mturn[0m[1m{[0m[3msession[0m[2m=[0m565225ef-43f0-4fab-aac9-6ba120387343[1m}[0m[2m:[0m [2mbraze_engine::engine[0m[2m:[0m planner produced a single-step (or unstructured) plan; discarding it — the executor's first round covers it without the plan-in-prompt cost
[2m2026-07-11T14:07:29.453646Z[0m [32m INFO[0m [1mturn[0m[1m{[0m[3msession[0m[2m=[0m565225ef-43f0-4fab-aac9-6ba120387343[1m}[0m[2m:[0m [2mbraze_engine::hooks[0m[2m:[0m prompt budget breakdown (PromptBudgetAuditHook) [3msystem_tokens_est[0m[2m=[0m292 [3mtools_tokens_est[0m[2m=[0m850 [3mhistory_tokens_est[0m[2m=[0m28 [3mtotal_tokens_est[0m[2m=[0m1171 [3mmessage_count[0m[2m=[0m1
[2m2026-07-11T14:07:55.124035Z[0m [32m INFO[0m [1mturn[0m[1m{[0m[3msession[0m[2m=[0m565225ef-43f0-4fab-aac9-6ba120387343[1m}[0m[2m:[0m [2mbraze_engine::hooks[0m[2m:[0m prompt budget breakdown (PromptBudgetAuditHook) [3msystem_tokens_est[0m[2m=[0m292 [3mtools_tokens_est[0m[2m=[0m850 [3mhistory_tokens_est[0m[2m=[0m101 [3mtotal_tokens_est[0m[2m=[0m1244 [3mmessage_count[0m[2m=[0m3
[2m2026-07-11T14:08:03.913516Z[0m [32m INFO[0m [1mturn[0m[1m{[0m[3msession[0m[2m=[0m565225ef-43f0-4fab-aac9-6ba120387343[1m}[0m[2m:[0m [2mbraze_engine::hooks[0m[2m:[0m prompt budget breakdown (PromptBudgetAuditHook) [3msystem_tokens_est[0m[2m=[0m292 [3mtools_tokens_est[0m[2m=[0m850 [3mhistory_tokens_est[0m[2m=[0m153 [3mtotal_tokens_est[0m[2m=[0m1296 [3mmessage_count[0m[2m=[0m5
[2m2026-07-11T14:08:11.481911Z[0m [32m INFO[0m [1mturn[0m[1m{[0m[3msession[0m[2m=[0m565225ef-43f0-4fab-aac9-6ba120387343[1m}[0m[2m:[0m [2mbraze_engine::hooks[0m[2m:[0m prompt budget breakdown (PromptBudgetAuditHook) [3msystem_tokens_est[0m[2m=[0m292 [3mtools_tokens_est[0m[2m=[0m850 [3mhistory_tokens_est[0m[2m=[0m184 [3mtotal_tokens_est[0m[2m=[0m1328 [3mmessage_count[0m[2m=[0m7
[2m2026-07-11T14:08:20.372995Z[0m [32m INFO[0m [1mturn[0m[1m{[0m[3msession[0m[2m=[0m565225ef-43f0-4fab-aac9-6ba120387343[1m}[0m[2m:[0m [2mbraze_engine::hooks[0m[2m:[0m prompt budget breakdown (PromptBudgetAuditHook) [3msystem_tokens_est[0m[2m=[0m292 [3mtools_tokens_est[0m[2m=[0m850 [3mhistory_tokens_est[0m[2m=[0m216 [3mtotal_tokens_est[0m[2m=[0m1359 [3mmessage_count[0m[2m=[0m9
[2m2026-07-11T14:08:26.474164Z[0m [32m INFO[0m [1mturn[0m[1m{[0m[3msession[0m[2m=[0m565225ef-43f0-4fab-aac9-6ba120387343[1m}[0m[2m:[0m [2mbraze_engine::hooks[0m[2m:[0m prompt budget breakdown (PromptBudgetAuditHook) [3msystem_tokens_est[0m[2m=[0m292 [3mtools_tokens_est[0m[2m=[0m850 [3mhistory_tokens_est[0m[2m=[0m248 [3mtotal_tokens_est[0m[2m=[0m1391 [3mmessage_count[0m[2m=[0m11
[2m2026-07-11T14:08:34.201399Z[0m [33m WARN[0m [1mturn[0m[1m{[0m[3msession[0m[2m=[0m565225ef-43f0-4fab-aac9-6ba120387343[1m}[0m[2m:[0m [2mbraze_engine::engine[0m[2m:[0m model repeated an identical tool call this turn; nudging instead of re-dispatching [3mtool[0m[2m=[0mread_file
[2m2026-07-11T14:08:34.204628Z[0m [32m INFO[0m [1mturn[0m[1m{[0m[3msession[0m[2m=[0m565225ef-43f0-4fab-aac9-6ba120387343[1m}[0m[2m:[0m [2mbraze_engine::hooks[0m[2m:[0m prompt budget breakdown (PromptBudgetAuditHook) [3msystem_tokens_est[0m[2m=[0m292 [3mtools_tokens_est[0m[2m=[0m850 [3mhistory_tokens_est[0m[2m=[0m325 [3mtotal_tokens_est[0m[2m=[0m1469 [3mmessage_count[0m[2m=[0m13
[2m2026-07-11T14:08:43.856091Z[0m [32m INFO[0m [1mturn[0m[1m{[0m[3msession[0m[2m=[0m565225ef-43f0-4fab-aac9-6ba120387343[1m}[0m[2m:[0m [2mbraze_engine::hooks[0m[2m:[0m prompt budget breakdown (PromptBudgetAuditHook) [3msystem_tokens_est[0m[2m=[0m292 [3mtools_tokens_est[0m[2m=[0m850 [3mhistory_tokens_est[0m[2m=[0m414 [3mtotal_tokens_est[0m[2m=[0m1558 [3mmessage_count[0m[2m=[0m16
-> ollama:qwen3.5-coder+plan:ollama:gemma4:e4b :: distractor_selection_debug_config (rep 3/5)
[2m2026-07-11T14:09:05.086232Z[0m [32m INFO[0m [1mturn[0m[1m{[0m[3msession[0m[2m=[0m5e179817-ea74-4732-9447-2445423eaf91[1m}[0m[2m:[0m [2mbraze_engine::engine[0m[2m:[0m planner produced a single-step (or unstructured) plan; discarding it — the executor's first round covers it without the plan-in-prompt cost
[2m2026-07-11T14:09:05.087458Z[0m [32m INFO[0m [1mturn[0m[1m{[0m[3msession[0m[2m=[0m5e179817-ea74-4732-9447-2445423eaf91[1m}[0m[2m:[0m [2mbraze_engine::hooks[0m[2m:[0m prompt budget breakdown (PromptBudgetAuditHook) [3msystem_tokens_est[0m[2m=[0m292 [3mtools_tokens_est[0m[2m=[0m850 [3mhistory_tokens_est[0m[2m=[0m28 [3mtotal_tokens_est[0m[2m=[0m1171 [3mmessage_count[0m[2m=[0m1
[2m2026-07-11T14:09:29.181710Z[0m [32m INFO[0m [1mturn[0m[1m{[0m[3msession[0m[2m=[0m5e179817-ea74-4732-9447-2445423eaf91[1m}[0m[2m:[0m [2mbraze_engine::hooks[0m[2m:[0m prompt budget breakdown (PromptBudgetAuditHook) [3msystem_tokens_est[0m[2m=[0m292 [3mtools_tokens_est[0m[2m=[0m850 [3mhistory_tokens_est[0m[2m=[0m101 [3mtotal_tokens_est[0m[2m=[0m1244 [3mmessage_count[0m[2m=[0m3
[2m2026-07-11T14:09:35.474484Z[0m [32m INFO[0m [1mturn[0m[1m{[0m[3msession[0m[2m=[0m5e179817-ea74-4732-9447-2445423eaf91[1m}[0m[2m:[0m [2mbraze_engine::hooks[0m[2m:[0m prompt budget breakdown (PromptBudgetAuditHook) [3msystem_tokens_est[0m[2m=[0m292 [3mtools_tokens_est[0m[2m=[0m850 [3mhistory_tokens_est[0m[2m=[0m136 [3mtotal_tokens_est[0m[2m=[0m1279 [3mmessage_count[0m[2m=[0m5
[2m2026-07-11T14:09:43.037621Z[0m [32m INFO[0m [1mturn[0m[1m{[0m[3msession[0m[2m=[0m5e179817-ea74-4732-9447-2445423eaf91[1m}[0m[2m:[0m [2mbraze_engine::hooks[0m[2m:[0m prompt budget breakdown (PromptBudgetAuditHook) [3msystem_tokens_est[0m[2m=[0m292 [3mtools_tokens_est[0m[2m=[0m850 [3mhistory_tokens_est[0m[2m=[0m167 [3mtotal_tokens_est[0m[2m=[0m1311 [3mmessage_count[0m[2m=[0m7
[2m2026-07-11T14:09:50.344140Z[0m [32m INFO[0m [1mturn[0m[1m{[0m[3msession[0m[2m=[0m5e179817-ea74-4732-9447-2445423eaf91[1m}[0m[2m:[0m [2mbraze_engine::hooks[0m[2m:[0m prompt budget breakdown (PromptBudgetAuditHook) [3msystem_tokens_est[0m[2m=[0m292 [3mtools_tokens_est[0m[2m=[0m850 [3mhistory_tokens_est[0m[2m=[0m199 [3mtotal_tokens_est[0m[2m=[0m1342 [3mmessage_count[0m[2m=[0m9
[2m2026-07-11T14:09:56.427168Z[0m [32m INFO[0m [1mturn[0m[1m{[0m[3msession[0m[2m=[0m5e179817-ea74-4732-9447-2445423eaf91[1m}[0m[2m:[0m [2mbraze_engine::hooks[0m[2m:[0m prompt budget breakdown (PromptBudgetAuditHook) [3msystem_tokens_est[0m[2m=[0m292 [3mtools_tokens_est[0m[2m=[0m850 [3mhistory_tokens_est[0m[2m=[0m231 [3mtotal_tokens_est[0m[2m=[0m1374 [3mmessage_count[0m[2m=[0m11
[2m2026-07-11T14:10:04.099520Z[0m [33m WARN[0m [1mturn[0m[1m{[0m[3msession[0m[2m=[0m5e179817-ea74-4732-9447-2445423eaf91[1m}[0m[2m:[0m [2mbraze_engine::engine[0m[2m:[0m model repeated an identical tool call this turn; nudging instead of re-dispatching [3mtool[0m[2m=[0mread_file
[2m2026-07-11T14:10:04.101260Z[0m [32m INFO[0m [1mturn[0m[1m{[0m[3msession[0m[2m=[0m5e179817-ea74-4732-9447-2445423eaf91[1m}[0m[2m:[0m [2mbraze_engine::hooks[0m[2m:[0m prompt budget breakdown (PromptBudgetAuditHook) [3msystem_tokens_est[0m[2m=[0m292 [3mtools_tokens_est[0m[2m=[0m850 [3mhistory_tokens_est[0m[2m=[0m308 [3mtotal_tokens_est[0m[2m=[0m1452 [3mmessage_count[0m[2m=[0m13
[2m2026-07-11T14:10:13.498109Z[0m [32m INFO[0m [1mturn[0m[1m{[0m[3msession[0m[2m=[0m5e179817-ea74-4732-9447-2445423eaf91[1m}[0m[2m:[0m [2mbraze_engine::hooks[0m[2m:[0m prompt budget breakdown (PromptBudgetAuditHook) [3msystem_tokens_est[0m[2m=[0m292 [3mtools_tokens_est[0m[2m=[0m850 [3mhistory_tokens_est[0m[2m=[0m397 [3mtotal_tokens_est[0m[2m=[0m1541 [3mmessage_count[0m[2m=[0m16
-> ollama:qwen3.5-coder+plan:ollama:gemma4:e4b :: distractor_selection_debug_config (rep 4/5)
[2m2026-07-11T14:10:37.798918Z[0m [32m INFO[0m [1mturn[0m[1m{[0m[3msession[0m[2m=[0m20ea4015-2040-4a93-afc1-3a0a9e4ba53b[1m}[0m[2m:[0m [2mbraze_engine::engine[0m[2m:[0m planner produced a single-step (or unstructured) plan; discarding it — the executor's first round covers it without the plan-in-prompt cost
[2m2026-07-11T14:10:37.799558Z[0m [32m INFO[0m [1mturn[0m[1m{[0m[3msession[0m[2m=[0m20ea4015-2040-4a93-afc1-3a0a9e4ba53b[1m}[0m[2m:[0m [2mbraze_engine::hooks[0m[2m:[0m prompt budget breakdown (PromptBudgetAuditHook) [3msystem_tokens_est[0m[2m=[0m292 [3mtools_tokens_est[0m[2m=[0m850 [3mhistory_tokens_est[0m[2m=[0m28 [3mtotal_tokens_est[0m[2m=[0m1171 [3mmessage_count[0m[2m=[0m1
[2m2026-07-11T14:11:05.782995Z[0m [32m INFO[0m [1mturn[0m[1m{[0m[3msession[0m[2m=[0m20ea4015-2040-4a93-afc1-3a0a9e4ba53b[1m}[0m[2m:[0m [2mbraze_engine::hooks[0m[2m:[0m prompt budget breakdown (PromptBudgetAuditHook) [3msystem_tokens_est[0m[2m=[0m292 [3mtools_tokens_est[0m[2m=[0m850 [3mhistory_tokens_est[0m[2m=[0m44 [3mtotal_tokens_est[0m[2m=[0m1188 [3mmessage_count[0m[2m=[0m3
[2m2026-07-11T14:11:11.659578Z[0m [32m INFO[0m [1mturn[0m[1m{[0m[3msession[0m[2m=[0m20ea4015-2040-4a93-afc1-3a0a9e4ba53b[1m}[0m[2m:[0m [2mbraze_engine::hooks[0m[2m:[0m prompt budget breakdown (PromptBudgetAuditHook) [3msystem_tokens_est[0m[2m=[0m292 [3mtools_tokens_est[0m[2m=[0m850 [3mhistory_tokens_est[0m[2m=[0m115 [3mtotal_tokens_est[0m[2m=[0m1259 [3mmessage_count[0m[2m=[0m5
[2m2026-07-11T14:11:20.433876Z[0m [32m INFO[0m [1mturn[0m[1m{[0m[3msession[0m[2m=[0m20ea4015-2040-4a93-afc1-3a0a9e4ba53b[1m}[0m[2m:[0m [2mbraze_engine::hooks[0m[2m:[0m prompt budget breakdown (PromptBudgetAuditHook) [3msystem_tokens_est[0m[2m=[0m292 [3mtools_tokens_est[0m[2m=[0m850 [3mhistory_tokens_est[0m[2m=[0m167 [3mtotal_tokens_est[0m[2m=[0m1311 [3mmessage_count[0m[2m=[0m7
-> ollama:qwen3.5-coder+plan:ollama:gemma4:e4b :: distractor_selection_debug_config (rep 5/5)
[2m2026-07-11T14:11:33.899168Z[0m [32m INFO[0m [1mturn[0m[1m{[0m[3msession[0m[2m=[0m592d316d-e5d5-42df-ab41-0d02825084ec[1m}[0m[2m:[0m [2mbraze_engine::engine[0m[2m:[0m planner produced a single-step (or unstructured) plan; discarding it — the executor's first round covers it without the plan-in-prompt cost
[2m2026-07-11T14:11:33.899737Z[0m [32m INFO[0m [1mturn[0m[1m{[0m[3msession[0m[2m=[0m592d316d-e5d5-42df-ab41-0d02825084ec[1m}[0m[2m:[0m [2mbraze_engine::hooks[0m[2m:[0m prompt budget breakdown (PromptBudgetAuditHook) [3msystem_tokens_est[0m[2m=[0m292 [3mtools_tokens_est[0m[2m=[0m850 [3mhistory_tokens_est[0m[2m=[0m28 [3mtotal_tokens_est[0m[2m=[0m1171 [3mmessage_count[0m[2m=[0m1
[2m2026-07-11T14:11:57.830976Z[0m [32m INFO[0m [1mturn[0m[1m{[0m[3msession[0m[2m=[0m592d316d-e5d5-42df-ab41-0d02825084ec[1m}[0m[2m:[0m [2mbraze_engine::hooks[0m[2m:[0m prompt budget breakdown (PromptBudgetAuditHook) [3msystem_tokens_est[0m[2m=[0m292 [3mtools_tokens_est[0m[2m=[0m850 [3mhistory_tokens_est[0m[2m=[0m101 [3mtotal_tokens_est[0m[2m=[0m1244 [3mmessage_count[0m[2m=[0m3
[2m2026-07-11T14:12:04.014423Z[0m [32m INFO[0m [1mturn[0m[1m{[0m[3msession[0m[2m=[0m592d316d-e5d5-42df-ab41-0d02825084ec[1m}[0m[2m:[0m [2mbraze_engine::hooks[0m[2m:[0m prompt budget breakdown (PromptBudgetAuditHook) [3msystem_tokens_est[0m[2m=[0m292 [3mtools_tokens_est[0m[2m=[0m850 [3mhistory_tokens_est[0m[2m=[0m136 [3mtotal_tokens_est[0m[2m=[0m1279 [3mmessage_count[0m[2m=[0m5
[2m2026-07-11T14:12:11.558894Z[0m [32m INFO[0m [1mturn[0m[1m{[0m[3msession[0m[2m=[0m592d316d-e5d5-42df-ab41-0d02825084ec[1m}[0m[2m:[0m [2mbraze_engine::hooks[0m[2m:[0m prompt budget breakdown (PromptBudgetAuditHook) [3msystem_tokens_est[0m[2m=[0m292 [3mtools_tokens_est[0m[2m=[0m850 [3mhistory_tokens_est[0m[2m=[0m167 [3mtotal_tokens_est[0m[2m=[0m1311 [3mmessage_count[0m[2m=[0m7
[2m2026-07-11T14:12:18.999912Z[0m [32m INFO[0m [1mturn[0m[1m{[0m[3msession[0m[2m=[0m592d316d-e5d5-42df-ab41-0d02825084ec[1m}[0m[2m:[0m [2mbraze_engine::hooks[0m[2m:[0m prompt budget breakdown (PromptBudgetAuditHook) [3msystem_tokens_est[0m[2m=[0m292 [3mtools_tokens_est[0m[2m=[0m850 [3mhistory_tokens_est[0m[2m=[0m199 [3mtotal_tokens_est[0m[2m=[0m1342 [3mmessage_count[0m[2m=[0m9
[2m2026-07-11T14:12:25.016536Z[0m [32m INFO[0m [1mturn[0m[1m{[0m[3msession[0m[2m=[0m592d316d-e5d5-42df-ab41-0d02825084ec[1m}[0m[2m:[0m [2mbraze_engine::hooks[0m[2m:[0m prompt budget breakdown (PromptBudgetAuditHook) [3msystem_tokens_est[0m[2m=[0m292 [3mtools_tokens_est[0m[2m=[0m850 [3mhistory_tokens_est[0m[2m=[0m231 [3mtotal_tokens_est[0m[2m=[0m1374 [3mmessage_count[0m[2m=[0m11
-> ollama:qwen3.5-coder+plan:ollama:gemma4:e4b+ablate:task-list :: read_file_basic (rep 1/5)
[2m2026-07-11T14:12:44.963672Z[0m [32m INFO[0m [1mturn[0m[1m{[0m[3msession[0m[2m=[0m53a886fd-62d5-40da-9098-703f1cb2644c[1m}[0m[2m:[0m [2mbraze_engine::engine[0m[2m:[0m planner produced a single-step (or unstructured) plan; discarding it — the executor's first round covers it without the plan-in-prompt cost
[2m2026-07-11T14:12:44.964855Z[0m [32m INFO[0m [1mturn[0m[1m{[0m[3msession[0m[2m=[0m53a886fd-62d5-40da-9098-703f1cb2644c[1m}[0m[2m:[0m [2mbraze_engine::hooks[0m[2m:[0m prompt budget breakdown (PromptBudgetAuditHook) [3msystem_tokens_est[0m[2m=[0m288 [3mtools_tokens_est[0m[2m=[0m1013 [3mhistory_tokens_est[0m[2m=[0m19 [3mtotal_tokens_est[0m[2m=[0m1320 [3mmessage_count[0m[2m=[0m1
[2m2026-07-11T14:13:08.546790Z[0m [32m INFO[0m [1mturn[0m[1m{[0m[3msession[0m[2m=[0m53a886fd-62d5-40da-9098-703f1cb2644c[1m}[0m[2m:[0m [2mbraze_engine::hooks[0m[2m:[0m prompt budget breakdown (PromptBudgetAuditHook) [3msystem_tokens_est[0m[2m=[0m288 [3mtools_tokens_est[0m[2m=[0m1013 [3mhistory_tokens_est[0m[2m=[0m34 [3mtotal_tokens_est[0m[2m=[0m1335 [3mmessage_count[0m[2m=[0m3
-> ollama:qwen3.5-coder+plan:ollama:gemma4:e4b+ablate:task-list :: read_file_basic (rep 2/5)
[2m2026-07-11T14:13:24.361266Z[0m [32m INFO[0m [1mturn[0m[1m{[0m[3msession[0m[2m=[0mf4fcb0e5-1f7b-48d1-bc47-146638c18f5b[1m}[0m[2m:[0m [2mbraze_engine::engine[0m[2m:[0m planner produced a single-step (or unstructured) plan; discarding it — the executor's first round covers it without the plan-in-prompt cost
[2m2026-07-11T14:13:24.361809Z[0m [32m INFO[0m [1mturn[0m[1m{[0m[3msession[0m[2m=[0mf4fcb0e5-1f7b-48d1-bc47-146638c18f5b[1m}[0m[2m:[0m [2mbraze_engine::hooks[0m[2m:[0m prompt budget breakdown (PromptBudgetAuditHook) [3msystem_tokens_est[0m[2m=[0m288 [3mtools_tokens_est[0m[2m=[0m1013 [3mhistory_tokens_est[0m[2m=[0m19 [3mtotal_tokens_est[0m[2m=[0m1320 [3mmessage_count[0m[2m=[0m1
[2m2026-07-11T14:13:48.426442Z[0m [32m INFO[0m [1mturn[0m[1m{[0m[3msession[0m[2m=[0mf4fcb0e5-1f7b-48d1-bc47-146638c18f5b[1m}[0m[2m:[0m [2mbraze_engine::hooks[0m[2m:[0m prompt budget breakdown (PromptBudgetAuditHook) [3msystem_tokens_est[0m[2m=[0m288 [3mtools_tokens_est[0m[2m=[0m1013 [3mhistory_tokens_est[0m[2m=[0m34 [3mtotal_tokens_est[0m[2m=[0m1335 [3mmessage_count[0m[2m=[0m3
-> ollama:qwen3.5-coder+plan:ollama:gemma4:e4b+ablate:task-list :: read_file_basic (rep 3/5)
[2m2026-07-11T14:14:06.416583Z[0m [32m INFO[0m [1mturn[0m[1m{[0m[3msession[0m[2m=[0m7fac2a6f-a7f5-4e41-a6ce-4a496c01697c[1m}[0m[2m:[0m [2mbraze_engine::engine[0m[2m:[0m planner produced a single-step (or unstructured) plan; discarding it — the executor's first round covers it without the plan-in-prompt cost
[2m2026-07-11T14:14:06.417596Z[0m [32m INFO[0m [1mturn[0m[1m{[0m[3msession[0m[2m=[0m7fac2a6f-a7f5-4e41-a6ce-4a496c01697c[1m}[0m[2m:[0m [2mbraze_engine::hooks[0m[2m:[0m prompt budget breakdown (PromptBudgetAuditHook) [3msystem_tokens_est[0m[2m=[0m288 [3mtools_tokens_est[0m[2m=[0m1013 [3mhistory_tokens_est[0m[2m=[0m19 [3mtotal_tokens_est[0m[2m=[0m1320 [3mmessage_count[0m[2m=[0m1
[2m2026-07-11T14:14:31.687351Z[0m [32m INFO[0m [1mturn[0m[1m{[0m[3msession[0m[2m=[0m7fac2a6f-a7f5-4e41-a6ce-4a496c01697c[1m}[0m[2m:[0m [2mbraze_engine::hooks[0m[2m:[0m prompt budget breakdown (PromptBudgetAuditHook) [3msystem_tokens_est[0m[2m=[0m288 [3mtools_tokens_est[0m[2m=[0m1013 [3mhistory_tokens_est[0m[2m=[0m34 [3mtotal_tokens_est[0m[2m=[0m1335 [3mmessage_count[0m[2m=[0m3
-> ollama:qwen3.5-coder+plan:ollama:gemma4:e4b+ablate:task-list :: read_file_basic (rep 4/5)
[2m2026-07-11T14:14:47.392799Z[0m [32m INFO[0m [1mturn[0m[1m{[0m[3msession[0m[2m=[0m1be0e7fe-d776-4b73-b058-f2fe7fc94401[1m}[0m[2m:[0m [2mbraze_engine::engine[0m[2m:[0m planner produced a single-step (or unstructured) plan; discarding it — the executor's first round covers it without the plan-in-prompt cost
[2m2026-07-11T14:14:47.393944Z[0m [32m INFO[0m [1mturn[0m[1m{[0m[3msession[0m[2m=[0m1be0e7fe-d776-4b73-b058-f2fe7fc94401[1m}[0m[2m:[0m [2mbraze_engine::hooks[0m[2m:[0m prompt budget breakdown (PromptBudgetAuditHook) [3msystem_tokens_est[0m[2m=[0m288 [3mtools_tokens_est[0m[2m=[0m1013 [3mhistory_tokens_est[0m[2m=[0m19 [3mtotal_tokens_est[0m[2m=[0m1320 [3mmessage_count[0m[2m=[0m1
[2m2026-07-11T14:15:12.544747Z[0m [32m INFO[0m [1mturn[0m[1m{[0m[3msession[0m[2m=[0m1be0e7fe-d776-4b73-b058-f2fe7fc94401[1m}[0m[2m:[0m [2mbraze_engine::hooks[0m[2m:[0m prompt budget breakdown (PromptBudgetAuditHook) [3msystem_tokens_est[0m[2m=[0m288 [3mtools_tokens_est[0m[2m=[0m1013 [3mhistory_tokens_est[0m[2m=[0m34 [3mtotal_tokens_est[0m[2m=[0m1335 [3mmessage_count[0m[2m=[0m3
-> ollama:qwen3.5-coder+plan:ollama:gemma4:e4b+ablate:task-list :: read_file_basic (rep 5/5)
[2m2026-07-11T14:15:30.654759Z[0m [32m INFO[0m [1mturn[0m[1m{[0m[3msession[0m[2m=[0m59635e6c-7d6b-490e-8651-08731f242f95[1m}[0m[2m:[0m [2mbraze_engine::engine[0m[2m:[0m planner produced a single-step (or unstructured) plan; discarding it — the executor's first round covers it without the plan-in-prompt cost
[2m2026-07-11T14:15:30.655343Z[0m [32m INFO[0m [1mturn[0m[1m{[0m[3msession[0m[2m=[0m59635e6c-7d6b-490e-8651-08731f242f95[1m}[0m[2m:[0m [2mbraze_engine::hooks[0m[2m:[0m prompt budget breakdown (PromptBudgetAuditHook) [3msystem_tokens_est[0m[2m=[0m288 [3mtools_tokens_est[0m[2m=[0m1013 [3mhistory_tokens_est[0m[2m=[0m19 [3mtotal_tokens_est[0m[2m=[0m1320 [3mmessage_count[0m[2m=[0m1
[2m2026-07-11T14:15:55.564709Z[0m [32m INFO[0m [1mturn[0m[1m{[0m[3msession[0m[2m=[0m59635e6c-7d6b-490e-8651-08731f242f95[1m}[0m[2m:[0m [2mbraze_engine::hooks[0m[2m:[0m prompt budget breakdown (PromptBudgetAuditHook) [3msystem_tokens_est[0m[2m=[0m288 [3mtools_tokens_est[0m[2m=[0m1013 [3mhistory_tokens_est[0m[2m=[0m34 [3mtotal_tokens_est[0m[2m=[0m1335 [3mmessage_count[0m[2m=[0m3
-> ollama:qwen3.5-coder+plan:ollama:gemma4:e4b+ablate:task-list :: grep_basic (rep 1/5)
[2m2026-07-11T14:16:11.173634Z[0m [32m INFO[0m [1mturn[0m[1m{[0m[3msession[0m[2m=[0mf750c5f5-b32d-4782-9111-a69331c317e1[1m}[0m[2m:[0m [2mbraze_engine::engine[0m[2m:[0m planner produced a single-step (or unstructured) plan; discarding it — the executor's first round covers it without the plan-in-prompt cost
[2m2026-07-11T14:16:11.174119Z[0m [32m INFO[0m [1mturn[0m[1m{[0m[3msession[0m[2m=[0mf750c5f5-b32d-4782-9111-a69331c317e1[1m}[0m[2m:[0m [2mbraze_engine::hooks[0m[2m:[0m prompt budget breakdown (PromptBudgetAuditHook) [3msystem_tokens_est[0m[2m=[0m287 [3mtools_tokens_est[0m[2m=[0m1013 [3mhistory_tokens_est[0m[2m=[0m19 [3mtotal_tokens_est[0m[2m=[0m1319 [3mmessage_count[0m[2m=[0m1
[2m2026-07-11T14:16:38.255931Z[0m [32m INFO[0m [1mturn[0m[1m{[0m[3msession[0m[2m=[0mf750c5f5-b32d-4782-9111-a69331c317e1[1m}[0m[2m:[0m [2mbraze_engine::hooks[0m[2m:[0m prompt budget breakdown (PromptBudgetAuditHook) [3msystem_tokens_est[0m[2m=[0m287 [3mtools_tokens_est[0m[2m=[0m1013 [3mhistory_tokens_est[0m[2m=[0m48 [3mtotal_tokens_est[0m[2m=[0m1348 [3mmessage_count[0m[2m=[0m3
-> ollama:qwen3.5-coder+plan:ollama:gemma4:e4b+ablate:task-list :: grep_basic (rep 2/5)
[2m2026-07-11T14:16:51.606741Z[0m [32m INFO[0m [1mturn[0m[1m{[0m[3msession[0m[2m=[0m6ba9f11c-1dee-4bfb-a623-352d453acf95[1m}[0m[2m:[0m [2mbraze_engine::engine[0m[2m:[0m planner produced a single-step (or unstructured) plan; discarding it — the executor's first round covers it without the plan-in-prompt cost
[2m2026-07-11T14:16:51.607631Z[0m [32m INFO[0m [1mturn[0m[1m{[0m[3msession[0m[2m=[0m6ba9f11c-1dee-4bfb-a623-352d453acf95[1m}[0m[2m:[0m [2mbraze_engine::hooks[0m[2m:[0m prompt budget breakdown (PromptBudgetAuditHook) [3msystem_tokens_est[0m[2m=[0m287 [3mtools_tokens_est[0m[2m=[0m1013 [3mhistory_tokens_est[0m[2m=[0m19 [3mtotal_tokens_est[0m[2m=[0m1319 [3mmessage_count[0m[2m=[0m1
[2m2026-07-11T14:17:18.104573Z[0m [32m INFO[0m [1mturn[0m[1m{[0m[3msession[0m[2m=[0m6ba9f11c-1dee-4bfb-a623-352d453acf95[1m}[0m[2m:[0m [2mbraze_engine::hooks[0m[2m:[0m prompt budget breakdown (PromptBudgetAuditHook) [3msystem_tokens_est[0m[2m=[0m287 [3mtools_tokens_est[0m[2m=[0m1013 [3mhistory_tokens_est[0m[2m=[0m48 [3mtotal_tokens_est[0m[2m=[0m1348 [3mmessage_count[0m[2m=[0m3
-> ollama:qwen3.5-coder+plan:ollama:gemma4:e4b+ablate:task-list :: grep_basic (rep 3/5)
[2m2026-07-11T14:17:31.893753Z[0m [32m INFO[0m [1mturn[0m[1m{[0m[3msession[0m[2m=[0mc9733f02-f9a1-4975-93e1-5e2bdb206c1d[1m}[0m[2m:[0m [2mbraze_engine::engine[0m[2m:[0m planner produced a single-step (or unstructured) plan; discarding it — the executor's first round covers it without the plan-in-prompt cost
[2m2026-07-11T14:17:31.895004Z[0m [32m INFO[0m [1mturn[0m[1m{[0m[3msession[0m[2m=[0mc9733f02-f9a1-4975-93e1-5e2bdb206c1d[1m}[0m[2m:[0m [2mbraze_engine::hooks[0m[2m:[0m prompt budget breakdown (PromptBudgetAuditHook) [3msystem_tokens_est[0m[2m=[0m287 [3mtools_tokens_est[0m[2m=[0m1013 [3mhistory_tokens_est[0m[2m=[0m19 [3mtotal_tokens_est[0m[2m=[0m1319 [3mmessage_count[0m[2m=[0m1
[2m2026-07-11T14:17:59.236258Z[0m [32m INFO[0m [1mturn[0m[1m{[0m[3msession[0m[2m=[0mc9733f02-f9a1-4975-93e1-5e2bdb206c1d[1m}[0m[2m:[0m [2mbraze_engine::hooks[0m[2m:[0m prompt budget breakdown (PromptBudgetAuditHook) [3msystem_tokens_est[0m[2m=[0m287 [3mtools_tokens_est[0m[2m=[0m1013 [3mhistory_tokens_est[0m[2m=[0m48 [3mtotal_tokens_est[0m[2m=[0m1348 [3mmessage_count[0m[2m=[0m3
-> ollama:qwen3.5-coder+plan:ollama:gemma4:e4b+ablate:task-list :: grep_basic (rep 4/5)
[2m2026-07-11T14:18:14.722532Z[0m [32m INFO[0m [1mturn[0m[1m{[0m[3msession[0m[2m=[0m7a499e39-f735-4186-857f-5b9c60fc4404[1m}[0m[2m:[0m [2mbraze_engine::engine[0m[2m:[0m planner produced a single-step (or unstructured) plan; discarding it — the executor's first round covers it without the plan-in-prompt cost
[2m2026-07-11T14:18:14.723205Z[0m [32m INFO[0m [1mturn[0m[1m{[0m[3msession[0m[2m=[0m7a499e39-f735-4186-857f-5b9c60fc4404[1m}[0m[2m:[0m [2mbraze_engine::hooks[0m[2m:[0m prompt budget breakdown (PromptBudgetAuditHook) [3msystem_tokens_est[0m[2m=[0m287 [3mtools_tokens_est[0m[2m=[0m1013 [3mhistory_tokens_est[0m[2m=[0m19 [3mtotal_tokens_est[0m[2m=[0m1319 [3mmessage_count[0m[2m=[0m1
[2m2026-07-11T14:18:41.375778Z[0m [32m INFO[0m [1mturn[0m[1m{[0m[3msession[0m[2m=[0m7a499e39-f735-4186-857f-5b9c60fc4404[1m}[0m[2m:[0m [2mbraze_engine::hooks[0m[2m:[0m prompt budget breakdown (PromptBudgetAuditHook) [3msystem_tokens_est[0m[2m=[0m287 [3mtools_tokens_est[0m[2m=[0m1013 [3mhistory_tokens_est[0m[2m=[0m48 [3mtotal_tokens_est[0m[2m=[0m1348 [3mmessage_count[0m[2m=[0m3
[2m2026-07-11T14:18:49.576804Z[0m [32m INFO[0m [1mturn[0m[1m{[0m[3msession[0m[2m=[0m7a499e39-f735-4186-857f-5b9c60fc4404[1m}[0m[2m:[0m [2mbraze_engine::hooks[0m[2m:[0m prompt budget breakdown (PromptBudgetAuditHook) [3msystem_tokens_est[0m[2m=[0m287 [3mtools_tokens_est[0m[2m=[0m1013 [3mhistory_tokens_est[0m[2m=[0m90 [3mtotal_tokens_est[0m[2m=[0m1390 [3mmessage_count[0m[2m=[0m5
-> ollama:qwen3.5-coder+plan:ollama:gemma4:e4b+ablate:task-list :: grep_basic (rep 5/5)
[2m2026-07-11T14:19:08.585878Z[0m [32m INFO[0m [1mturn[0m[1m{[0m[3msession[0m[2m=[0m340852e5-dbf3-4f1f-aace-e34875886774[1m}[0m[2m:[0m [2mbraze_engine::engine[0m[2m:[0m planner produced a single-step (or unstructured) plan; discarding it — the executor's first round covers it without the plan-in-prompt cost
[2m2026-07-11T14:19:08.586715Z[0m [32m INFO[0m [1mturn[0m[1m{[0m[3msession[0m[2m=[0m340852e5-dbf3-4f1f-aace-e34875886774[1m}[0m[2m:[0m [2mbraze_engine::hooks[0m[2m:[0m prompt budget breakdown (PromptBudgetAuditHook) [3msystem_tokens_est[0m[2m=[0m287 [3mtools_tokens_est[0m[2m=[0m1013 [3mhistory_tokens_est[0m[2m=[0m19 [3mtotal_tokens_est[0m[2m=[0m1319 [3mmessage_count[0m[2m=[0m1
[2m2026-07-11T14:19:37.087524Z[0m [32m INFO[0m [1mturn[0m[1m{[0m[3msession[0m[2m=[0m340852e5-dbf3-4f1f-aace-e34875886774[1m}[0m[2m:[0m [2mbraze_engine::hooks[0m[2m:[0m prompt budget breakdown (PromptBudgetAuditHook) [3msystem_tokens_est[0m[2m=[0m287 [3mtools_tokens_est[0m[2m=[0m1013 [3mhistory_tokens_est[0m[2m=[0m48 [3mtotal_tokens_est[0m[2m=[0m1348 [3mmessage_count[0m[2m=[0m3
-> ollama:qwen3.5-coder+plan:ollama:gemma4:e4b+ablate:task-list :: glob_basic (rep 1/5)
[2m2026-07-11T14:19:50.265083Z[0m [32m INFO[0m [1mturn[0m[1m{[0m[3msession[0m[2m=[0md8490ff9-d338-496d-8841-977f037da26e[1m}[0m[2m:[0m [2mbraze_engine::engine[0m[2m:[0m planner produced a single-step (or unstructured) plan; discarding it — the executor's first round covers it without the plan-in-prompt cost
[2m2026-07-11T14:19:50.266479Z[0m [32m INFO[0m [1mturn[0m[1m{[0m[3msession[0m[2m=[0md8490ff9-d338-496d-8841-977f037da26e[1m}[0m[2m:[0m [2mbraze_engine::hooks[0m[2m:[0m prompt budget breakdown (PromptBudgetAuditHook) [3msystem_tokens_est[0m[2m=[0m287 [3mtools_tokens_est[0m[2m=[0m1013 [3mhistory_tokens_est[0m[2m=[0m17 [3mtotal_tokens_est[0m[2m=[0m1317 [3mmessage_count[0m[2m=[0m1
[2m2026-07-11T14:20:13.183638Z[0m [32m INFO[0m [1mturn[0m[1m{[0m[3msession[0m[2m=[0md8490ff9-d338-496d-8841-977f037da26e[1m}[0m[2m:[0m [2mbraze_engine::hooks[0m[2m:[0m prompt budget breakdown (PromptBudgetAuditHook) [3msystem_tokens_est[0m[2m=[0m287 [3mtools_tokens_est[0m[2m=[0m1013 [3mhistory_tokens_est[0m[2m=[0m50 [3mtotal_tokens_est[0m[2m=[0m1350 [3mmessage_count[0m[2m=[0m3
-> ollama:qwen3.5-coder+plan:ollama:gemma4:e4b+ablate:task-list :: glob_basic (rep 2/5)
[2m2026-07-11T14:20:35.088836Z[0m [32m INFO[0m [1mturn[0m[1m{[0m[3msession[0m[2m=[0m1f079e78-f33d-4921-b012-6208765bfaf9[1m}[0m[2m:[0m [2mbraze_engine::engine[0m[2m:[0m planner produced a single-step (or unstructured) plan; discarding it — the executor's first round covers it without the plan-in-prompt cost
[2m2026-07-11T14:20:35.089746Z[0m [32m INFO[0m [1mturn[0m[1m{[0m[3msession[0m[2m=[0m1f079e78-f33d-4921-b012-6208765bfaf9[1m}[0m[2m:[0m [2mbraze_engine::hooks[0m[2m:[0m prompt budget breakdown (PromptBudgetAuditHook) [3msystem_tokens_est[0m[2m=[0m287 [3mtools_tokens_est[0m[2m=[0m1013 [3mhistory_tokens_est[0m[2m=[0m17 [3mtotal_tokens_est[0m[2m=[0m1317 [3mmessage_count[0m[2m=[0m1
[2m2026-07-11T14:20:58.546941Z[0m [32m INFO[0m [1mturn[0m[1m{[0m[3msession[0m[2m=[0m1f079e78-f33d-4921-b012-6208765bfaf9[1m}[0m[2m:[0m [2mbraze_engine::hooks[0m[2m:[0m prompt budget breakdown (PromptBudgetAuditHook) [3msystem_tokens_est[0m[2m=[0m287 [3mtools_tokens_est[0m[2m=[0m1013 [3mhistory_tokens_est[0m[2m=[0m50 [3mtotal_tokens_est[0m[2m=[0m1350 [3mmessage_count[0m[2m=[0m3
-> ollama:qwen3.5-coder+plan:ollama:gemma4:e4b+ablate:task-list :: glob_basic (rep 3/5)
[2m2026-07-11T14:21:23.628337Z[0m [32m INFO[0m [1mturn[0m[1m{[0m[3msession[0m[2m=[0m4d87c811-75a5-43f0-b8c2-e2acb7824dea[1m}[0m[2m:[0m [2mbraze_engine::engine[0m[2m:[0m planner produced a single-step (or unstructured) plan; discarding it — the executor's first round covers it without the plan-in-prompt cost
[2m2026-07-11T14:21:23.629611Z[0m [32m INFO[0m [1mturn[0m[1m{[0m[3msession[0m[2m=[0m4d87c811-75a5-43f0-b8c2-e2acb7824dea[1m}[0m[2m:[0m [2mbraze_engine::hooks[0m[2m:[0m prompt budget breakdown (PromptBudgetAuditHook) [3msystem_tokens_est[0m[2m=[0m287 [3mtools_tokens_est[0m[2m=[0m1013 [3mhistory_tokens_est[0m[2m=[0m17 [3mtotal_tokens_est[0m[2m=[0m1317 [3mmessage_count[0m[2m=[0m1
[2m2026-07-11T14:21:46.900959Z[0m [32m INFO[0m [1mturn[0m[1m{[0m[3msession[0m[2m=[0m4d87c811-75a5-43f0-b8c2-e2acb7824dea[1m}[0m[2m:[0m [2mbraze_engine::hooks[0m[2m:[0m prompt budget breakdown (PromptBudgetAuditHook) [3msystem_tokens_est[0m[2m=[0m287 [3mtools_tokens_est[0m[2m=[0m1013 [3mhistory_tokens_est[0m[2m=[0m50 [3mtotal_tokens_est[0m[2m=[0m1350 [3mmessage_count[0m[2m=[0m3
-> ollama:qwen3.5-coder+plan:ollama:gemma4:e4b+ablate:task-list :: glob_basic (rep 4/5)
[2m2026-07-11T14:22:09.536801Z[0m [32m INFO[0m [1mturn[0m[1m{[0m[3msession[0m[2m=[0m9f0493b9-4af5-486f-8a9c-ce26b600c72b[1m}[0m[2m:[0m [2mbraze_engine::engine[0m[2m:[0m planner produced a single-step (or unstructured) plan; discarding it — the executor's first round covers it without the plan-in-prompt cost
[2m2026-07-11T14:22:09.537221Z[0m [32m INFO[0m [1mturn[0m[1m{[0m[3msession[0m[2m=[0m9f0493b9-4af5-486f-8a9c-ce26b600c72b[1m}[0m[2m:[0m [2mbraze_engine::hooks[0m[2m:[0m prompt budget breakdown (PromptBudgetAuditHook) [3msystem_tokens_est[0m[2m=[0m287 [3mtools_tokens_est[0m[2m=[0m1013 [3mhistory_tokens_est[0m[2m=[0m17 [3mtotal_tokens_est[0m[2m=[0m1317 [3mmessage_count[0m[2m=[0m1
[2m2026-07-11T14:22:31.870082Z[0m [32m INFO[0m [1mturn[0m[1m{[0m[3msession[0m[2m=[0m9f0493b9-4af5-486f-8a9c-ce26b600c72b[1m}[0m[2m:[0m [2mbraze_engine::hooks[0m[2m:[0m prompt budget breakdown (PromptBudgetAuditHook) [3msystem_tokens_est[0m[2m=[0m287 [3mtools_tokens_est[0m[2m=[0m1013 [3mhistory_tokens_est[0m[2m=[0m50 [3mtotal_tokens_est[0m[2m=[0m1350 [3mmessage_count[0m[2m=[0m3
-> ollama:qwen3.5-coder+plan:ollama:gemma4:e4b+ablate:task-list :: glob_basic (rep 5/5)
[2m2026-07-11T14:22:53.447380Z[0m [32m INFO[0m [1mturn[0m[1m{[0m[3msession[0m[2m=[0m9883ce22-89ae-480d-9b34-bef9e141b813[1m}[0m[2m:[0m [2mbraze_engine::engine[0m[2m:[0m planner produced a single-step (or unstructured) plan; discarding it — the executor's first round covers it without the plan-in-prompt cost
[2m2026-07-11T14:22:53.447916Z[0m [32m INFO[0m [1mturn[0m[1m{[0m[3msession[0m[2m=[0m9883ce22-89ae-480d-9b34-bef9e141b813[1m}[0m[2m:[0m [2mbraze_engine::hooks[0m[2m:[0m prompt budget breakdown (PromptBudgetAuditHook) [3msystem_tokens_est[0m[2m=[0m287 [3mtools_tokens_est[0m[2m=[0m1013 [3mhistory_tokens_est[0m[2m=[0m17 [3mtotal_tokens_est[0m[2m=[0m1317 [3mmessage_count[0m[2m=[0m1
[2m2026-07-11T14:23:15.416786Z[0m [32m INFO[0m [1mturn[0m[1m{[0m[3msession[0m[2m=[0m9883ce22-89ae-480d-9b34-bef9e141b813[1m}[0m[2m:[0m [2mbraze_engine::hooks[0m[2m:[0m prompt budget breakdown (PromptBudgetAuditHook) [3msystem_tokens_est[0m[2m=[0m287 [3mtools_tokens_est[0m[2m=[0m1013 [3mhistory_tokens_est[0m[2m=[0m50 [3mtotal_tokens_est[0m[2m=[0m1350 [3mmessage_count[0m[2m=[0m3
-> ollama:qwen3.5-coder+plan:ollama:gemma4:e4b+ablate:task-list :: write_file_basic (rep 1/5)
[2m2026-07-11T14:23:38.042910Z[0m [32m INFO[0m [1mturn[0m[1m{[0m[3msession[0m[2m=[0maf7b2bf9-37ba-4217-9ddf-9c522651bc3c[1m}[0m[2m:[0m [2mbraze_engine::engine[0m[2m:[0m planner produced a single-step (or unstructured) plan; discarding it — the executor's first round covers it without the plan-in-prompt cost
[2m2026-07-11T14:23:38.043219Z[0m [32m INFO[0m [1mturn[0m[1m{[0m[3msession[0m[2m=[0maf7b2bf9-37ba-4217-9ddf-9c522651bc3c[1m}[0m[2m:[0m [2mbraze_engine::hooks[0m[2m:[0m prompt budget breakdown (PromptBudgetAuditHook) [3msystem_tokens_est[0m[2m=[0m288 [3mtools_tokens_est[0m[2m=[0m1013 [3mhistory_tokens_est[0m[2m=[0m22 [3mtotal_tokens_est[0m[2m=[0m1324 [3mmessage_count[0m[2m=[0m1
[2m2026-07-11T14:24:04.485953Z[0m [32m INFO[0m [1mturn[0m[1m{[0m[3msession[0m[2m=[0maf7b2bf9-37ba-4217-9ddf-9c522651bc3c[1m}[0m[2m:[0m [2mbraze_engine::hooks[0m[2m:[0m prompt budget breakdown (PromptBudgetAuditHook) [3msystem_tokens_est[0m[2m=[0m288 [3mtools_tokens_est[0m[2m=[0m1013 [3mhistory_tokens_est[0m[2m=[0m69 [3mtotal_tokens_est[0m[2m=[0m1371 [3mmessage_count[0m[2m=[0m3
-> ollama:qwen3.5-coder+plan:ollama:gemma4:e4b+ablate:task-list :: write_file_basic (rep 2/5)
[2m2026-07-11T14:24:16.435422Z[0m [32m INFO[0m [1mturn[0m[1m{[0m[3msession[0m[2m=[0mbdfe1a44-e9df-43df-9126-1fd3bc1b0eed[1m}[0m[2m:[0m [2mbraze_engine::engine[0m[2m:[0m planner produced a single-step (or unstructured) plan; discarding it — the executor's first round covers it without the plan-in-prompt cost
[2m2026-07-11T14:24:16.436490Z[0m [32m INFO[0m [1mturn[0m[1m{[0m[3msession[0m[2m=[0mbdfe1a44-e9df-43df-9126-1fd3bc1b0eed[1m}[0m[2m:[0m [2mbraze_engine::hooks[0m[2m:[0m prompt budget breakdown (PromptBudgetAuditHook) [3msystem_tokens_est[0m[2m=[0m288 [3mtools_tokens_est[0m[2m=[0m1013 [3mhistory_tokens_est[0m[2m=[0m22 [3mtotal_tokens_est[0m[2m=[0m1324 [3mmessage_count[0m[2m=[0m1
[2m2026-07-11T14:24:42.141736Z[0m [32m INFO[0m [1mturn[0m[1m{[0m[3msession[0m[2m=[0mbdfe1a44-e9df-43df-9126-1fd3bc1b0eed[1m}[0m[2m:[0m [2mbraze_engine::hooks[0m[2m:[0m prompt budget breakdown (PromptBudgetAuditHook) [3msystem_tokens_est[0m[2m=[0m288 [3mtools_tokens_est[0m[2m=[0m1013 [3mhistory_tokens_est[0m[2m=[0m69 [3mtotal_tokens_est[0m[2m=[0m1371 [3mmessage_count[0m[2m=[0m3
-> ollama:qwen3.5-coder+plan:ollama:gemma4:e4b+ablate:task-list :: write_file_basic (rep 3/5)
[2m2026-07-11T14:24:55.999990Z[0m [32m INFO[0m [1mturn[0m[1m{[0m[3msession[0m[2m=[0me2b2ddc5-949a-457a-a326-174a3688b578[1m}[0m[2m:[0m [2mbraze_engine::engine[0m[2m:[0m planner produced a single-step (or unstructured) plan; discarding it — the executor's first round covers it without the plan-in-prompt cost
[2m2026-07-11T14:24:56.000991Z[0m [32m INFO[0m [1mturn[0m[1m{[0m[3msession[0m[2m=[0me2b2ddc5-949a-457a-a326-174a3688b578[1m}[0m[2m:[0m [2mbraze_engine::hooks[0m[2m:[0m prompt budget breakdown (PromptBudgetAuditHook) [3msystem_tokens_est[0m[2m=[0m288 [3mtools_tokens_est[0m[2m=[0m1013 [3mhistory_tokens_est[0m[2m=[0m22 [3mtotal_tokens_est[0m[2m=[0m1324 [3mmessage_count[0m[2m=[0m1
[2m2026-07-11T14:25:20.657965Z[0m [32m INFO[0m [1mturn[0m[1m{[0m[3msession[0m[2m=[0me2b2ddc5-949a-457a-a326-174a3688b578[1m}[0m[2m:[0m [2mbraze_engine::hooks[0m[2m:[0m prompt budget breakdown (PromptBudgetAuditHook) [3msystem_tokens_est[0m[2m=[0m288 [3mtools_tokens_est[0m[2m=[0m1013 [3mhistory_tokens_est[0m[2m=[0m56 [3mtotal_tokens_est[0m[2m=[0m1358 [3mmessage_count[0m[2m=[0m3
-> ollama:qwen3.5-coder+plan:ollama:gemma4:e4b+ablate:task-list :: write_file_basic (rep 4/5)
[2m2026-07-11T14:25:34.339389Z[0m [32m INFO[0m [1mturn[0m[1m{[0m[3msession[0m[2m=[0m4c8128e8-a2e6-4eeb-aefe-c500d399ebe3[1m}[0m[2m:[0m [2mbraze_engine::engine[0m[2m:[0m planner produced a single-step (or unstructured) plan; discarding it — the executor's first round covers it without the plan-in-prompt cost
[2m2026-07-11T14:25:34.340130Z[0m [32m INFO[0m [1mturn[0m[1m{[0m[3msession[0m[2m=[0m4c8128e8-a2e6-4eeb-aefe-c500d399ebe3[1m}[0m[2m:[0m [2mbraze_engine::hooks[0m[2m:[0m prompt budget breakdown (PromptBudgetAuditHook) [3msystem_tokens_est[0m[2m=[0m288 [3mtools_tokens_est[0m[2m=[0m1013 [3mhistory_tokens_est[0m[2m=[0m22 [3mtotal_tokens_est[0m[2m=[0m1324 [3mmessage_count[0m[2m=[0m1
[2m2026-07-11T14:26:01.830005Z[0m [32m INFO[0m [1mturn[0m[1m{[0m[3msession[0m[2m=[0m4c8128e8-a2e6-4eeb-aefe-c500d399ebe3[1m}[0m[2m:[0m [2mbraze_engine::hooks[0m[2m:[0m prompt budget breakdown (PromptBudgetAuditHook) [3msystem_tokens_est[0m[2m=[0m288 [3mtools_tokens_est[0m[2m=[0m1013 [3mhistory_tokens_est[0m[2m=[0m69 [3mtotal_tokens_est[0m[2m=[0m1371 [3mmessage_count[0m[2m=[0m3
-> ollama:qwen3.5-coder+plan:ollama:gemma4:e4b+ablate:task-list :: write_file_basic (rep 5/5)
[2m2026-07-11T14:26:14.323967Z[0m [32m INFO[0m [1mturn[0m[1m{[0m[3msession[0m[2m=[0m405a1533-f327-431b-a732-5339d1df6d07[1m}[0m[2m:[0m [2mbraze_engine::engine[0m[2m:[0m planner produced a single-step (or unstructured) plan; discarding it — the executor's first round covers it without the plan-in-prompt cost
[2m2026-07-11T14:26:14.324264Z[0m [32m INFO[0m [1mturn[0m[1m{[0m[3msession[0m[2m=[0m405a1533-f327-431b-a732-5339d1df6d07[1m}[0m[2m:[0m [2mbraze_engine::hooks[0m[2m:[0m prompt budget breakdown (PromptBudgetAuditHook) [3msystem_tokens_est[0m[2m=[0m288 [3mtools_tokens_est[0m[2m=[0m1013 [3mhistory_tokens_est[0m[2m=[0m22 [3mtotal_tokens_est[0m[2m=[0m1324 [3mmessage_count[0m[2m=[0m1
[2m2026-07-11T14:26:37.972677Z[0m [32m INFO[0m [1mturn[0m[1m{[0m[3msession[0m[2m=[0m405a1533-f327-431b-a732-5339d1df6d07[1m}[0m[2m:[0m [2mbraze_engine::hooks[0m[2m:[0m prompt budget breakdown (PromptBudgetAuditHook) [3msystem_tokens_est[0m[2m=[0m288 [3mtools_tokens_est[0m[2m=[0m1013 [3mhistory_tokens_est[0m[2m=[0m56 [3mtotal_tokens_est[0m[2m=[0m1358 [3mmessage_count[0m[2m=[0m3
-> ollama:qwen3.5-coder+plan:ollama:gemma4:e4b+ablate:task-list :: edit_file_basic (rep 1/5)
[2m2026-07-11T14:26:53.471159Z[0m [32m INFO[0m [1mturn[0m[1m{[0m[3msession[0m[2m=[0m7f112bc3-d436-44ec-b86e-9b1083a87f58[1m}[0m[2m:[0m [2mbraze_engine::engine[0m[2m:[0m planner produced a single-step (or unstructured) plan; discarding it — the executor's first round covers it without the plan-in-prompt cost
[2m2026-07-11T14:26:53.471573Z[0m [32m INFO[0m [1mturn[0m[1m{[0m[3msession[0m[2m=[0m7f112bc3-d436-44ec-b86e-9b1083a87f58[1m}[0m[2m:[0m [2mbraze_engine::hooks[0m[2m:[0m prompt budget breakdown (PromptBudgetAuditHook) [3msystem_tokens_est[0m[2m=[0m288 [3mtools_tokens_est[0m[2m=[0m1013 [3mhistory_tokens_est[0m[2m=[0m21 [3mtotal_tokens_est[0m[2m=[0m1323 [3mmessage_count[0m[2m=[0m1
[2m2026-07-11T14:27:15.929923Z[0m [32m INFO[0m [1mturn[0m[1m{[0m[3msession[0m[2m=[0m7f112bc3-d436-44ec-b86e-9b1083a87f58[1m}[0m[2m:[0m [2mbraze_engine::hooks[0m[2m:[0m prompt budget breakdown (PromptBudgetAuditHook) [3msystem_tokens_est[0m[2m=[0m288 [3mtools_tokens_est[0m[2m=[0m1013 [3mhistory_tokens_est[0m[2m=[0m31 [3mtotal_tokens_est[0m[2m=[0m1333 [3mmessage_count[0m[2m=[0m3
[2m2026-07-11T14:27:24.504545Z[0m [32m INFO[0m [1mturn[0m[1m{[0m[3msession[0m[2m=[0m7f112bc3-d436-44ec-b86e-9b1083a87f58[1m}[0m[2m:[0m [2mbraze_engine::hooks[0m[2m:[0m prompt budget breakdown (PromptBudgetAuditHook) [3msystem_tokens_est[0m[2m=[0m288 [3mtools_tokens_est[0m[2m=[0m1013 [3mhistory_tokens_est[0m[2m=[0m69 [3mtotal_tokens_est[0m[2m=[0m1370 [3mmessage_count[0m[2m=[0m5
-> ollama:qwen3.5-coder+plan:ollama:gemma4:e4b+ablate:task-list :: edit_file_basic (rep 2/5)
[2m2026-07-11T14:27:42.239941Z[0m [32m INFO[0m [1mturn[0m[1m{[0m[3msession[0m[2m=[0m79e04ea5-31e8-4ae9-a646-66d2ff63a7d8[1m}[0m[2m:[0m [2mbraze_engine::engine[0m[2m:[0m planner produced a single-step (or unstructured) plan; discarding it — the executor's first round covers it without the plan-in-prompt cost
[2m2026-07-11T14:27:42.240485Z[0m [32m INFO[0m [1mturn[0m[1m{[0m[3msession[0m[2m=[0m79e04ea5-31e8-4ae9-a646-66d2ff63a7d8[1m}[0m[2m:[0m [2mbraze_engine::hooks[0m[2m:[0m prompt budget breakdown (PromptBudgetAuditHook) [3msystem_tokens_est[0m[2m=[0m288 [3mtools_tokens_est[0m[2m=[0m1013 [3mhistory_tokens_est[0m[2m=[0m21 [3mtotal_tokens_est[0m[2m=[0m1323 [3mmessage_count[0m[2m=[0m1
[2m2026-07-11T14:28:06.008968Z[0m [32m INFO[0m [1mturn[0m[1m{[0m[3msession[0m[2m=[0m79e04ea5-31e8-4ae9-a646-66d2ff63a7d8[1m}[0m[2m:[0m [2mbraze_engine::hooks[0m[2m:[0m prompt budget breakdown (PromptBudgetAuditHook) [3msystem_tokens_est[0m[2m=[0m288 [3mtools_tokens_est[0m[2m=[0m1013 [3mhistory_tokens_est[0m[2m=[0m31 [3mtotal_tokens_est[0m[2m=[0m1333 [3mmessage_count[0m[2m=[0m3
[2m2026-07-11T14:28:14.527181Z[0m [32m INFO[0m [1mturn[0m[1m{[0m[3msession[0m[2m=[0m79e04ea5-31e8-4ae9-a646-66d2ff63a7d8[1m}[0m[2m:[0m [2mbraze_engine::hooks[0m[2m:[0m prompt budget breakdown (PromptBudgetAuditHook) [3msystem_tokens_est[0m[2m=[0m288 [3mtools_tokens_est[0m[2m=[0m1013 [3mhistory_tokens_est[0m[2m=[0m69 [3mtotal_tokens_est[0m[2m=[0m1370 [3mmessage_count[0m[2m=[0m5
-> ollama:qwen3.5-coder+plan:ollama:gemma4:e4b+ablate:task-list :: edit_file_basic (rep 3/5)
[2m2026-07-11T14:28:31.298834Z[0m [32m INFO[0m [1mturn[0m[1m{[0m[3msession[0m[2m=[0m15484d03-1cd5-45e9-bad7-e65c09b9e3c4[1m}[0m[2m:[0m [2mbraze_engine::engine[0m[2m:[0m planner produced a single-step (or unstructured) plan; discarding it — the executor's first round covers it without the plan-in-prompt cost
[2m2026-07-11T14:28:31.299371Z[0m [32m INFO[0m [1mturn[0m[1m{[0m[3msession[0m[2m=[0m15484d03-1cd5-45e9-bad7-e65c09b9e3c4[1m}[0m[2m:[0m [2mbraze_engine::hooks[0m[2m:[0m prompt budget breakdown (PromptBudgetAuditHook) [3msystem_tokens_est[0m[2m=[0m288 [3mtools_tokens_est[0m[2m=[0m1013 [3mhistory_tokens_est[0m[2m=[0m21 [3mtotal_tokens_est[0m[2m=[0m1323 [3mmessage_count[0m[2m=[0m1
[2m2026-07-11T14:28:53.264696Z[0m [32m INFO[0m [1mturn[0m[1m{[0m[3msession[0m[2m=[0m15484d03-1cd5-45e9-bad7-e65c09b9e3c4[1m}[0m[2m:[0m [2mbraze_engine::hooks[0m[2m:[0m prompt budget breakdown (PromptBudgetAuditHook) [3msystem_tokens_est[0m[2m=[0m288 [3mtools_tokens_est[0m[2m=[0m1013 [3mhistory_tokens_est[0m[2m=[0m31 [3mtotal_tokens_est[0m[2m=[0m1333 [3mmessage_count[0m[2m=[0m3
[2m2026-07-11T14:29:01.500769Z[0m [32m INFO[0m [1mturn[0m[1m{[0m[3msession[0m[2m=[0m15484d03-1cd5-45e9-bad7-e65c09b9e3c4[1m}[0m[2m:[0m [2mbraze_engine::hooks[0m[2m:[0m prompt budget breakdown (PromptBudgetAuditHook) [3msystem_tokens_est[0m[2m=[0m288 [3mtools_tokens_est[0m[2m=[0m1013 [3mhistory_tokens_est[0m[2m=[0m69 [3mtotal_tokens_est[0m[2m=[0m1370 [3mmessage_count[0m[2m=[0m5
-> ollama:qwen3.5-coder+plan:ollama:gemma4:e4b+ablate:task-list :: edit_file_basic (rep 4/5)
[2m2026-07-11T14:29:17.910404Z[0m [32m INFO[0m [1mturn[0m[1m{[0m[3msession[0m[2m=[0ma6d285f0-e2b6-444d-9725-ec27b006af3d[1m}[0m[2m:[0m [2mbraze_engine::engine[0m[2m:[0m planner produced a single-step (or unstructured) plan; discarding it — the executor's first round covers it without the plan-in-prompt cost
[2m2026-07-11T14:29:17.911337Z[0m [32m INFO[0m [1mturn[0m[1m{[0m[3msession[0m[2m=[0ma6d285f0-e2b6-444d-9725-ec27b006af3d[1m}[0m[2m:[0m [2mbraze_engine::hooks[0m[2m:[0m prompt budget breakdown (PromptBudgetAuditHook) [3msystem_tokens_est[0m[2m=[0m288 [3mtools_tokens_est[0m[2m=[0m1013 [3mhistory_tokens_est[0m[2m=[0m21 [3mtotal_tokens_est[0m[2m=[0m1323 [3mmessage_count[0m[2m=[0m1
[2m2026-07-11T14:29:41.322013Z[0m [32m INFO[0m [1mturn[0m[1m{[0m[3msession[0m[2m=[0ma6d285f0-e2b6-444d-9725-ec27b006af3d[1m}[0m[2m:[0m [2mbraze_engine::hooks[0m[2m:[0m prompt budget breakdown (PromptBudgetAuditHook) [3msystem_tokens_est[0m[2m=[0m288 [3mtools_tokens_est[0m[2m=[0m1013 [3mhistory_tokens_est[0m[2m=[0m31 [3mtotal_tokens_est[0m[2m=[0m1333 [3mmessage_count[0m[2m=[0m3
[2m2026-07-11T14:29:50.072475Z[0m [32m INFO[0m [1mturn[0m[1m{[0m[3msession[0m[2m=[0ma6d285f0-e2b6-444d-9725-ec27b006af3d[1m}[0m[2m:[0m [2mbraze_engine::hooks[0m[2m:[0m prompt budget breakdown (PromptBudgetAuditHook) [3msystem_tokens_est[0m[2m=[0m288 [3mtools_tokens_est[0m[2m=[0m1013 [3mhistory_tokens_est[0m[2m=[0m69 [3mtotal_tokens_est[0m[2m=[0m1370 [3mmessage_count[0m[2m=[0m5
-> ollama:qwen3.5-coder+plan:ollama:gemma4:e4b+ablate:task-list :: edit_file_basic (rep 5/5)
[2m2026-07-11T14:30:07.416626Z[0m [32m INFO[0m [1mturn[0m[1m{[0m[3msession[0m[2m=[0m85669797-5aa4-4b1e-acbc-2482267a4b2b[1m}[0m[2m:[0m [2mbraze_engine::engine[0m[2m:[0m planner produced a single-step (or unstructured) plan; discarding it — the executor's first round covers it without the plan-in-prompt cost
[2m2026-07-11T14:30:07.417720Z[0m [32m INFO[0m [1mturn[0m[1m{[0m[3msession[0m[2m=[0m85669797-5aa4-4b1e-acbc-2482267a4b2b[1m}[0m[2m:[0m [2mbraze_engine::hooks[0m[2m:[0m prompt budget breakdown (PromptBudgetAuditHook) [3msystem_tokens_est[0m[2m=[0m288 [3mtools_tokens_est[0m[2m=[0m1013 [3mhistory_tokens_est[0m[2m=[0m21 [3mtotal_tokens_est[0m[2m=[0m1323 [3mmessage_count[0m[2m=[0m1
[2m2026-07-11T14:30:30.420946Z[0m [32m INFO[0m [1mturn[0m[1m{[0m[3msession[0m[2m=[0m85669797-5aa4-4b1e-acbc-2482267a4b2b[1m}[0m[2m:[0m [2mbraze_engine::hooks[0m[2m:[0m prompt budget breakdown (PromptBudgetAuditHook) [3msystem_tokens_est[0m[2m=[0m288 [3mtools_tokens_est[0m[2m=[0m1013 [3mhistory_tokens_est[0m[2m=[0m31 [3mtotal_tokens_est[0m[2m=[0m1333 [3mmessage_count[0m[2m=[0m3
[2m2026-07-11T14:30:39.132693Z[0m [32m INFO[0m [1mturn[0m[1m{[0m[3msession[0m[2m=[0m85669797-5aa4-4b1e-acbc-2482267a4b2b[1m}[0m[2m:[0m [2mbraze_engine::hooks[0m[2m:[0m prompt budget breakdown (PromptBudgetAuditHook) [3msystem_tokens_est[0m[2m=[0m288 [3mtools_tokens_est[0m[2m=[0m1013 [3mhistory_tokens_est[0m[2m=[0m69 [3mtotal_tokens_est[0m[2m=[0m1370 [3mmessage_count[0m[2m=[0m5
-> ollama:qwen3.5-coder+plan:ollama:gemma4:e4b+ablate:task-list :: shell_exec_basic (rep 1/5)
[2m2026-07-11T14:30:54.724838Z[0m [32m INFO[0m [1mturn[0m[1m{[0m[3msession[0m[2m=[0m565bd6ff-442e-4904-87ca-76a4078f6ec7[1m}[0m[2m:[0m [2mbraze_engine::engine[0m[2m:[0m planner produced a single-step (or unstructured) plan; discarding it — the executor's first round covers it without the plan-in-prompt cost
[2m2026-07-11T14:30:54.725897Z[0m [32m INFO[0m [1mturn[0m[1m{[0m[3msession[0m[2m=[0m565bd6ff-442e-4904-87ca-76a4078f6ec7[1m}[0m[2m:[0m [2mbraze_engine::hooks[0m[2m:[0m prompt budget breakdown (PromptBudgetAuditHook) [3msystem_tokens_est[0m[2m=[0m288 [3mtools_tokens_est[0m[2m=[0m1013 [3mhistory_tokens_est[0m[2m=[0m18 [3mtotal_tokens_est[0m[2m=[0m1320 [3mmessage_count[0m[2m=[0m1
[2m2026-07-11T14:31:17.190883Z[0m [32m INFO[0m [1mturn[0m[1m{[0m[3msession[0m[2m=[0m565bd6ff-442e-4904-87ca-76a4078f6ec7[1m}[0m[2m:[0m [2mbraze_engine::hooks[0m[2m:[0m prompt budget breakdown (PromptBudgetAuditHook) [3msystem_tokens_est[0m[2m=[0m288 [3mtools_tokens_est[0m[2m=[0m1013 [3mhistory_tokens_est[0m[2m=[0m39 [3mtotal_tokens_est[0m[2m=[0m1341 [3mmessage_count[0m[2m=[0m3
-> ollama:qwen3.5-coder+plan:ollama:gemma4:e4b+ablate:task-list :: shell_exec_basic (rep 2/5)
[2m2026-07-11T14:31:32.015232Z[0m [32m INFO[0m [1mturn[0m[1m{[0m[3msession[0m[2m=[0m1d2d53cf-87cd-4ac9-aa06-def65e2a677c[1m}[0m[2m:[0m [2mbraze_engine::engine[0m[2m:[0m planner produced a single-step (or unstructured) plan; discarding it — the executor's first round covers it without the plan-in-prompt cost
[2m2026-07-11T14:31:32.015700Z[0m [32m INFO[0m [1mturn[0m[1m{[0m[3msession[0m[2m=[0m1d2d53cf-87cd-4ac9-aa06-def65e2a677c[1m}[0m[2m:[0m [2mbraze_engine::hooks[0m[2m:[0m prompt budget breakdown (PromptBudgetAuditHook) [3msystem_tokens_est[0m[2m=[0m288 [3mtools_tokens_est[0m[2m=[0m1013 [3mhistory_tokens_est[0m[2m=[0m18 [3mtotal_tokens_est[0m[2m=[0m1320 [3mmessage_count[0m[2m=[0m1
[2m2026-07-11T14:31:54.201262Z[0m [32m INFO[0m [1mturn[0m[1m{[0m[3msession[0m[2m=[0m1d2d53cf-87cd-4ac9-aa06-def65e2a677c[1m}[0m[2m:[0m [2mbraze_engine::hooks[0m[2m:[0m prompt budget breakdown (PromptBudgetAuditHook) [3msystem_tokens_est[0m[2m=[0m288 [3mtools_tokens_est[0m[2m=[0m1013 [3mhistory_tokens_est[0m[2m=[0m39 [3mtotal_tokens_est[0m[2m=[0m1341 [3mmessage_count[0m[2m=[0m3
-> ollama:qwen3.5-coder+plan:ollama:gemma4:e4b+ablate:task-list :: shell_exec_basic (rep 3/5)
[2m2026-07-11T14:32:08.869675Z[0m [32m INFO[0m [1mturn[0m[1m{[0m[3msession[0m[2m=[0m2c3dff08-90a5-4f02-9d30-002526803e6a[1m}[0m[2m:[0m [2mbraze_engine::engine[0m[2m:[0m planner produced a single-step (or unstructured) plan; discarding it — the executor's first round covers it without the plan-in-prompt cost
[2m2026-07-11T14:32:08.870446Z[0m [32m INFO[0m [1mturn[0m[1m{[0m[3msession[0m[2m=[0m2c3dff08-90a5-4f02-9d30-002526803e6a[1m}[0m[2m:[0m [2mbraze_engine::hooks[0m[2m:[0m prompt budget breakdown (PromptBudgetAuditHook) [3msystem_tokens_est[0m[2m=[0m288 [3mtools_tokens_est[0m[2m=[0m1013 [3mhistory_tokens_est[0m[2m=[0m18 [3mtotal_tokens_est[0m[2m=[0m1320 [3mmessage_count[0m[2m=[0m1
[2m2026-07-11T14:32:31.520762Z[0m [32m INFO[0m [1mturn[0m[1m{[0m[3msession[0m[2m=[0m2c3dff08-90a5-4f02-9d30-002526803e6a[1m}[0m[2m:[0m [2mbraze_engine::hooks[0m[2m:[0m prompt budget breakdown (PromptBudgetAuditHook) [3msystem_tokens_est[0m[2m=[0m288 [3mtools_tokens_est[0m[2m=[0m1013 [3mhistory_tokens_est[0m[2m=[0m39 [3mtotal_tokens_est[0m[2m=[0m1341 [3mmessage_count[0m[2m=[0m3
-> ollama:qwen3.5-coder+plan:ollama:gemma4:e4b+ablate:task-list :: shell_exec_basic (rep 4/5)
[2m2026-07-11T14:32:45.696096Z[0m [32m INFO[0m [1mturn[0m[1m{[0m[3msession[0m[2m=[0m9e3a5648-c49a-493e-b6a5-b446201224bb[1m}[0m[2m:[0m [2mbraze_engine::engine[0m[2m:[0m planner produced a single-step (or unstructured) plan; discarding it — the executor's first round covers it without the plan-in-prompt cost
[2m2026-07-11T14:32:45.696594Z[0m [32m INFO[0m [1mturn[0m[1m{[0m[3msession[0m[2m=[0m9e3a5648-c49a-493e-b6a5-b446201224bb[1m}[0m[2m:[0m [2mbraze_engine::hooks[0m[2m:[0m prompt budget breakdown (PromptBudgetAuditHook) [3msystem_tokens_est[0m[2m=[0m288 [3mtools_tokens_est[0m[2m=[0m1013 [3mhistory_tokens_est[0m[2m=[0m18 [3mtotal_tokens_est[0m[2m=[0m1320 [3mmessage_count[0m[2m=[0m1
[2m2026-07-11T14:33:07.731845Z[0m [32m INFO[0m [1mturn[0m[1m{[0m[3msession[0m[2m=[0m9e3a5648-c49a-493e-b6a5-b446201224bb[1m}[0m[2m:[0m [2mbraze_engine::hooks[0m[2m:[0m prompt budget breakdown (PromptBudgetAuditHook) [3msystem_tokens_est[0m[2m=[0m288 [3mtools_tokens_est[0m[2m=[0m1013 [3mhistory_tokens_est[0m[2m=[0m39 [3mtotal_tokens_est[0m[2m=[0m1341 [3mmessage_count[0m[2m=[0m3
-> ollama:qwen3.5-coder+plan:ollama:gemma4:e4b+ablate:task-list :: shell_exec_basic (rep 5/5)
[2m2026-07-11T14:33:23.047005Z[0m [32m INFO[0m [1mturn[0m[1m{[0m[3msession[0m[2m=[0m3e19b042-341c-453f-8886-1101ff15f54b[1m}[0m[2m:[0m [2mbraze_engine::engine[0m[2m:[0m planner produced a single-step (or unstructured) plan; discarding it — the executor's first round covers it without the plan-in-prompt cost
[2m2026-07-11T14:33:23.048167Z[0m [32m INFO[0m [1mturn[0m[1m{[0m[3msession[0m[2m=[0m3e19b042-341c-453f-8886-1101ff15f54b[1m}[0m[2m:[0m [2mbraze_engine::hooks[0m[2m:[0m prompt budget breakdown (PromptBudgetAuditHook) [3msystem_tokens_est[0m[2m=[0m288 [3mtools_tokens_est[0m[2m=[0m1013 [3mhistory_tokens_est[0m[2m=[0m18 [3mtotal_tokens_est[0m[2m=[0m1320 [3mmessage_count[0m[2m=[0m1
[2m2026-07-11T14:33:45.637732Z[0m [32m INFO[0m [1mturn[0m[1m{[0m[3msession[0m[2m=[0m3e19b042-341c-453f-8886-1101ff15f54b[1m}[0m[2m:[0m [2mbraze_engine::hooks[0m[2m:[0m prompt budget breakdown (PromptBudgetAuditHook) [3msystem_tokens_est[0m[2m=[0m288 [3mtools_tokens_est[0m[2m=[0m1013 [3mhistory_tokens_est[0m[2m=[0m39 [3mtotal_tokens_est[0m[2m=[0m1341 [3mmessage_count[0m[2m=[0m3
-> ollama:qwen3.5-coder+plan:ollama:gemma4:e4b+ablate:task-list :: no_tool_qa (rep 1/5)
[2m2026-07-11T14:33:59.599986Z[0m [32m INFO[0m [1mturn[0m[1m{[0m[3msession[0m[2m=[0m319e5870-6e0b-450b-ad48-60a29475ec6d[1m}[0m[2m:[0m [2mbraze_engine::engine[0m[2m:[0m planner produced a single-step (or unstructured) plan; discarding it — the executor's first round covers it without the plan-in-prompt cost
[2m2026-07-11T14:33:59.601091Z[0m [32m INFO[0m [1mturn[0m[1m{[0m[3msession[0m[2m=[0m319e5870-6e0b-450b-ad48-60a29475ec6d[1m}[0m[2m:[0m [2mbraze_engine::hooks[0m[2m:[0m prompt budget breakdown (PromptBudgetAuditHook) [3msystem_tokens_est[0m[2m=[0m287 [3mtools_tokens_est[0m[2m=[0m1013 [3mhistory_tokens_est[0m[2m=[0m19 [3mtotal_tokens_est[0m[2m=[0m1319 [3mmessage_count[0m[2m=[0m1
-> ollama:qwen3.5-coder+plan:ollama:gemma4:e4b+ablate:task-list :: no_tool_qa (rep 2/5)
[2m2026-07-11T14:34:30.752043Z[0m [32m INFO[0m [1mturn[0m[1m{[0m[3msession[0m[2m=[0m2b118899-0bf9-4589-b8cb-9207b8d4b9d8[1m}[0m[2m:[0m [2mbraze_engine::engine[0m[2m:[0m planner produced a single-step (or unstructured) plan; discarding it — the executor's first round covers it without the plan-in-prompt cost
[2m2026-07-11T14:34:30.752578Z[0m [32m INFO[0m [1mturn[0m[1m{[0m[3msession[0m[2m=[0m2b118899-0bf9-4589-b8cb-9207b8d4b9d8[1m}[0m[2m:[0m [2mbraze_engine::hooks[0m[2m:[0m prompt budget breakdown (PromptBudgetAuditHook) [3msystem_tokens_est[0m[2m=[0m287 [3mtools_tokens_est[0m[2m=[0m1013 [3mhistory_tokens_est[0m[2m=[0m19 [3mtotal_tokens_est[0m[2m=[0m1319 [3mmessage_count[0m[2m=[0m1
-> ollama:qwen3.5-coder+plan:ollama:gemma4:e4b+ablate:task-list :: no_tool_qa (rep 3/5)
[2m2026-07-11T14:35:02.465003Z[0m [32m INFO[0m [1mturn[0m[1m{[0m[3msession[0m[2m=[0mabe47354-170c-4a91-adeb-a4dcde454eaf[1m}[0m[2m:[0m [2mbraze_engine::engine[0m[2m:[0m planner produced a single-step (or unstructured) plan; discarding it — the executor's first round covers it without the plan-in-prompt cost
[2m2026-07-11T14:35:02.465577Z[0m [32m INFO[0m [1mturn[0m[1m{[0m[3msession[0m[2m=[0mabe47354-170c-4a91-adeb-a4dcde454eaf[1m}[0m[2m:[0m [2mbraze_engine::hooks[0m[2m:[0m prompt budget breakdown (PromptBudgetAuditHook) [3msystem_tokens_est[0m[2m=[0m287 [3mtools_tokens_est[0m[2m=[0m1013 [3mhistory_tokens_est[0m[2m=[0m19 [3mtotal_tokens_est[0m[2m=[0m1319 [3mmessage_count[0m[2m=[0m1
-> ollama:qwen3.5-coder+plan:ollama:gemma4:e4b+ablate:task-list :: no_tool_qa (rep 4/5)
[2m2026-07-11T14:35:32.167281Z[0m [32m INFO[0m [1mturn[0m[1m{[0m[3msession[0m[2m=[0mf8f4c575-ea9c-41e5-817d-f0d5fcf031cf[1m}[0m[2m:[0m [2mbraze_engine::engine[0m[2m:[0m planner produced a single-step (or unstructured) plan; discarding it — the executor's first round covers it without the plan-in-prompt cost
[2m2026-07-11T14:35:32.168046Z[0m [32m INFO[0m [1mturn[0m[1m{[0m[3msession[0m[2m=[0mf8f4c575-ea9c-41e5-817d-f0d5fcf031cf[1m}[0m[2m:[0m [2mbraze_engine::hooks[0m[2m:[0m prompt budget breakdown (PromptBudgetAuditHook) [3msystem_tokens_est[0m[2m=[0m287 [3mtools_tokens_est[0m[2m=[0m1013 [3mhistory_tokens_est[0m[2m=[0m19 [3mtotal_tokens_est[0m[2m=[0m1319 [3mmessage_count[0m[2m=[0m1
-> ollama:qwen3.5-coder+plan:ollama:gemma4:e4b+ablate:task-list :: no_tool_qa (rep 5/5)
[2m2026-07-11T14:36:02.582545Z[0m [32m INFO[0m [1mturn[0m[1m{[0m[3msession[0m[2m=[0mfee057f4-3cf9-432d-b5fa-cee2ba052dbb[1m}[0m[2m:[0m [2mbraze_engine::engine[0m[2m:[0m planner produced a single-step (or unstructured) plan; discarding it — the executor's first round covers it without the plan-in-prompt cost
[2m2026-07-11T14:36:02.583112Z[0m [32m INFO[0m [1mturn[0m[1m{[0m[3msession[0m[2m=[0mfee057f4-3cf9-432d-b5fa-cee2ba052dbb[1m}[0m[2m:[0m [2mbraze_engine::hooks[0m[2m:[0m prompt budget breakdown (PromptBudgetAuditHook) [3msystem_tokens_est[0m[2m=[0m287 [3mtools_tokens_est[0m[2m=[0m1013 [3mhistory_tokens_est[0m[2m=[0m19 [3mtotal_tokens_est[0m[2m=[0m1319 [3mmessage_count[0m[2m=[0m1
-> ollama:qwen3.5-coder+plan:ollama:gemma4:e4b+ablate:task-list :: multi_step_read_count_write (rep 1/5)
[2m2026-07-11T14:36:39.081630Z[0m [32m INFO[0m [1mturn[0m[1m{[0m[3msession[0m[2m=[0mc6d17ed2-2b33-4a1f-8001-53f9c726d932[1m}[0m[2m:[0m [2mbraze_engine::engine[0m[2m:[0m plan delivered as typed tasks instead of prose (task list enabled) [3mseeded[0m[2m=[0m3
[2m2026-07-11T14:36:39.081955Z[0m [32m INFO[0m [1mturn[0m[1m{[0m[3msession[0m[2m=[0mc6d17ed2-2b33-4a1f-8001-53f9c726d932[1m}[0m[2m:[0m [2mbraze_engine::hooks[0m[2m:[0m prompt budget breakdown (PromptBudgetAuditHook) [3msystem_tokens_est[0m[2m=[0m291 [3mtools_tokens_est[0m[2m=[0m1013 [3mhistory_tokens_est[0m[2m=[0m126 [3mtotal_tokens_est[0m[2m=[0m1431 [3mmessage_count[0m[2m=[0m2
[2m2026-07-11T14:37:05.269894Z[0m [32m INFO[0m [1mturn[0m[1m{[0m[3msession[0m[2m=[0mc6d17ed2-2b33-4a1f-8001-53f9c726d932[1m}[0m[2m:[0m [2mbraze_engine::hooks[0m[2m:[0m prompt budget breakdown (PromptBudgetAuditHook) [3msystem_tokens_est[0m[2m=[0m291 [3mtools_tokens_est[0m[2m=[0m1013 [3mhistory_tokens_est[0m[2m=[0m152 [3mtotal_tokens_est[0m[2m=[0m1456 [3mmessage_count[0m[2m=[0m4
[2m2026-07-11T14:37:14.000021Z[0m [32m INFO[0m [1mturn[0m[1m{[0m[3msession[0m[2m=[0mc6d17ed2-2b33-4a1f-8001-53f9c726d932[1m}[0m[2m:[0m [2mbraze_engine::hooks[0m[2m:[0m prompt budget breakdown (PromptBudgetAuditHook) [3msystem_tokens_est[0m[2m=[0m291 [3mtools_tokens_est[0m[2m=[0m1013 [3mhistory_tokens_est[0m[2m=[0m186 [3mtotal_tokens_est[0m[2m=[0m1490 [3mmessage_count[0m[2m=[0m6
-> ollama:qwen3.5-coder+plan:ollama:gemma4:e4b+ablate:task-list :: multi_step_read_count_write (rep 2/5)
[2m2026-07-11T14:37:48.458947Z[0m [32m INFO[0m [1mturn[0m[1m{[0m[3msession[0m[2m=[0m89040ad0-d6d1-47cf-ac9d-04ca1ef45304[1m}[0m[2m:[0m [2mbraze_engine::engine[0m[2m:[0m plan delivered as typed tasks instead of prose (task list enabled) [3mseeded[0m[2m=[0m3
[2m2026-07-11T14:37:48.460034Z[0m [32m INFO[0m [1mturn[0m[1m{[0m[3msession[0m[2m=[0m89040ad0-d6d1-47cf-ac9d-04ca1ef45304[1m}[0m[2m:[0m [2mbraze_engine::hooks[0m[2m:[0m prompt budget breakdown (PromptBudgetAuditHook) [3msystem_tokens_est[0m[2m=[0m291 [3mtools_tokens_est[0m[2m=[0m1013 [3mhistory_tokens_est[0m[2m=[0m142 [3mtotal_tokens_est[0m[2m=[0m1447 [3mmessage_count[0m[2m=[0m2
[2m2026-07-11T14:38:14.191997Z[0m [32m INFO[0m [1mturn[0m[1m{[0m[3msession[0m[2m=[0m89040ad0-d6d1-47cf-ac9d-04ca1ef45304[1m}[0m[2m:[0m [2mbraze_engine::hooks[0m[2m:[0m prompt budget breakdown (PromptBudgetAuditHook) [3msystem_tokens_est[0m[2m=[0m291 [3mtools_tokens_est[0m[2m=[0m1013 [3mhistory_tokens_est[0m[2m=[0m167 [3mtotal_tokens_est[0m[2m=[0m1472 [3mmessage_count[0m[2m=[0m4
[2m2026-07-11T14:38:23.432094Z[0m [32m INFO[0m [1mturn[0m[1m{[0m[3msession[0m[2m=[0m89040ad0-d6d1-47cf-ac9d-04ca1ef45304[1m}[0m[2m:[0m [2mbraze_engine::hooks[0m[2m:[0m prompt budget breakdown (PromptBudgetAuditHook) [3msystem_tokens_est[0m[2m=[0m291 [3mtools_tokens_est[0m[2m=[0m1013 [3mhistory_tokens_est[0m[2m=[0m202 [3mtotal_tokens_est[0m[2m=[0m1506 [3mmessage_count[0m[2m=[0m6
-> ollama:qwen3.5-coder+plan:ollama:gemma4:e4b+ablate:task-list :: multi_step_read_count_write (rep 3/5)
[2m2026-07-11T14:38:56.495893Z[0m [32m INFO[0m [1mturn[0m[1m{[0m[3msession[0m[2m=[0mc0d69cc5-5c19-452f-9b83-af5505214dcd[1m}[0m[2m:[0m [2mbraze_engine::engine[0m[2m:[0m plan delivered as typed tasks instead of prose (task list enabled) [3mseeded[0m[2m=[0m3
[2m2026-07-11T14:38:56.496216Z[0m [32m INFO[0m [1mturn[0m[1m{[0m[3msession[0m[2m=[0mc0d69cc5-5c19-452f-9b83-af5505214dcd[1m}[0m[2m:[0m [2mbraze_engine::hooks[0m[2m:[0m prompt budget breakdown (PromptBudgetAuditHook) [3msystem_tokens_est[0m[2m=[0m291 [3mtools_tokens_est[0m[2m=[0m1013 [3mhistory_tokens_est[0m[2m=[0m128 [3mtotal_tokens_est[0m[2m=[0m1433 [3mmessage_count[0m[2m=[0m2
[2m2026-07-11T14:39:23.602698Z[0m [32m INFO[0m [1mturn[0m[1m{[0m[3msession[0m[2m=[0mc0d69cc5-5c19-452f-9b83-af5505214dcd[1m}[0m[2m:[0m [2mbraze_engine::hooks[0m[2m:[0m prompt budget breakdown (PromptBudgetAuditHook) [3msystem_tokens_est[0m[2m=[0m291 [3mtools_tokens_est[0m[2m=[0m1013 [3mhistory_tokens_est[0m[2m=[0m224 [3mtotal_tokens_est[0m[2m=[0m1529 [3mmessage_count[0m[2m=[0m4
[2m2026-07-11T14:39:35.667260Z[0m [32m INFO[0m [1mturn[0m[1m{[0m[3msession[0m[2m=[0mc0d69cc5-5c19-452f-9b83-af5505214dcd[1m}[0m[2m:[0m [2mbraze_engine::hooks[0m[2m:[0m prompt budget breakdown (PromptBudgetAuditHook) [3msystem_tokens_est[0m[2m=[0m291 [3mtools_tokens_est[0m[2m=[0m1013 [3mhistory_tokens_est[0m[2m=[0m250 [3mtotal_tokens_est[0m[2m=[0m1554 [3mmessage_count[0m[2m=[0m6
[2m2026-07-11T14:39:47.265009Z[0m [32m INFO[0m [1mturn[0m[1m{[0m[3msession[0m[2m=[0mc0d69cc5-5c19-452f-9b83-af5505214dcd[1m}[0m[2m:[0m [2mbraze_engine::hooks[0m[2m:[0m prompt budget breakdown (PromptBudgetAuditHook) [3msystem_tokens_est[0m[2m=[0m291 [3mtools_tokens_est[0m[2m=[0m1013 [3mhistory_tokens_est[0m[2m=[0m339 [3mtotal_tokens_est[0m[2m=[0m1644 [3mmessage_count[0m[2m=[0m8
[2m2026-07-11T14:39:59.176594Z[0m [32m INFO[0m [1mturn[0m[1m{[0m[3msession[0m[2m=[0mc0d69cc5-5c19-452f-9b83-af5505214dcd[1m}[0m[2m:[0m [2mbraze_engine::hooks[0m[2m:[0m prompt budget breakdown (PromptBudgetAuditHook) [3msystem_tokens_est[0m[2m=[0m291 [3mtools_tokens_est[0m[2m=[0m1013 [3mhistory_tokens_est[0m[2m=[0m374 [3mtotal_tokens_est[0m[2m=[0m1678 [3mmessage_count[0m[2m=[0m10
-> ollama:qwen3.5-coder+plan:ollama:gemma4:e4b+ablate:task-list :: multi_step_read_count_write (rep 4/5)
[2m2026-07-11T14:40:24.806871Z[0m [32m INFO[0m [1mturn[0m[1m{[0m[3msession[0m[2m=[0m70f7ce7c-9956-4c7b-9487-903b5535661e[1m}[0m[2m:[0m [2mbraze_engine::engine[0m[2m:[0m plan delivered as typed tasks instead of prose (task list enabled) [3mseeded[0m[2m=[0m3
[2m2026-07-11T14:40:24.807806Z[0m [32m INFO[0m [1mturn[0m[1m{[0m[3msession[0m[2m=[0m70f7ce7c-9956-4c7b-9487-903b5535661e[1m}[0m[2m:[0m [2mbraze_engine::hooks[0m[2m:[0m prompt budget breakdown (PromptBudgetAuditHook) [3msystem_tokens_est[0m[2m=[0m291 [3mtools_tokens_est[0m[2m=[0m1013 [3mhistory_tokens_est[0m[2m=[0m134 [3mtotal_tokens_est[0m[2m=[0m1439 [3mmessage_count[0m[2m=[0m2
[2m2026-07-11T14:40:52.041432Z[0m [32m INFO[0m [1mturn[0m[1m{[0m[3msession[0m[2m=[0m70f7ce7c-9956-4c7b-9487-903b5535661e[1m}[0m[2m:[0m [2mbraze_engine::hooks[0m[2m:[0m prompt budget breakdown (PromptBudgetAuditHook) [3msystem_tokens_est[0m[2m=[0m291 [3mtools_tokens_est[0m[2m=[0m1013 [3mhistory_tokens_est[0m[2m=[0m159 [3mtotal_tokens_est[0m[2m=[0m1464 [3mmessage_count[0m[2m=[0m4
[2m2026-07-11T14:41:07.515763Z[0m [32m INFO[0m [1mturn[0m[1m{[0m[3msession[0m[2m=[0m70f7ce7c-9956-4c7b-9487-903b5535661e[1m}[0m[2m:[0m [2mbraze_engine::hooks[0m[2m:[0m prompt budget breakdown (PromptBudgetAuditHook) [3msystem_tokens_est[0m[2m=[0m291 [3mtools_tokens_est[0m[2m=[0m1013 [3mhistory_tokens_est[0m[2m=[0m291 [3mtotal_tokens_est[0m[2m=[0m1595 [3mmessage_count[0m[2m=[0m8
-> ollama:qwen3.5-coder+plan:ollama:gemma4:e4b+ablate:task-list :: multi_step_read_count_write (rep 5/5)
[2m2026-07-11T14:41:41.718667Z[0m [32m INFO[0m [1mturn[0m[1m{[0m[3msession[0m[2m=[0m2b9f913b-61c2-4324-b7b6-3191eef98054[1m}[0m[2m:[0m [2mbraze_engine::engine[0m[2m:[0m plan delivered as typed tasks instead of prose (task list enabled) [3mseeded[0m[2m=[0m2
[2m2026-07-11T14:41:41.719001Z[0m [32m INFO[0m [1mturn[0m[1m{[0m[3msession[0m[2m=[0m2b9f913b-61c2-4324-b7b6-3191eef98054[1m}[0m[2m:[0m [2mbraze_engine::hooks[0m[2m:[0m prompt budget breakdown (PromptBudgetAuditHook) [3msystem_tokens_est[0m[2m=[0m291 [3mtools_tokens_est[0m[2m=[0m1013 [3mhistory_tokens_est[0m[2m=[0m118 [3mtotal_tokens_est[0m[2m=[0m1423 [3mmessage_count[0m[2m=[0m2
[2m2026-07-11T14:42:09.004267Z[0m [32m INFO[0m [1mturn[0m[1m{[0m[3msession[0m[2m=[0m2b9f913b-61c2-4324-b7b6-3191eef98054[1m}[0m[2m:[0m [2mbraze_engine::hooks[0m[2m:[0m prompt budget breakdown (PromptBudgetAuditHook) [3msystem_tokens_est[0m[2m=[0m291 [3mtools_tokens_est[0m[2m=[0m1013 [3mhistory_tokens_est[0m[2m=[0m144 [3mtotal_tokens_est[0m[2m=[0m1448 [3mmessage_count[0m[2m=[0m4
[2m2026-07-11T14:42:24.433187Z[0m [32m INFO[0m [1mturn[0m[1m{[0m[3msession[0m[2m=[0m2b9f913b-61c2-4324-b7b6-3191eef98054[1m}[0m[2m:[0m [2mbraze_engine::hooks[0m[2m:[0m prompt budget breakdown (PromptBudgetAuditHook) [3msystem_tokens_est[0m[2m=[0m291 [3mtools_tokens_est[0m[2m=[0m1013 [3mhistory_tokens_est[0m[2m=[0m259 [3mtotal_tokens_est[0m[2m=[0m1564 [3mmessage_count[0m[2m=[0m8
-> ollama:qwen3.5-coder+plan:ollama:gemma4:e4b+ablate:task-list :: error_recovery_wrong_filename (rep 1/5)
[2m2026-07-11T14:42:45.627606Z[0m [32m INFO[0m [1mturn[0m[1m{[0m[3msession[0m[2m=[0me0b2ad24-9a08-42ed-a97c-e3c40721de15[1m}[0m[2m:[0m [2mbraze_engine::engine[0m[2m:[0m plan delivered as typed tasks instead of prose (task list enabled) [3mseeded[0m[2m=[0m2
[2m2026-07-11T14:42:45.628488Z[0m [32m INFO[0m [1mturn[0m[1m{[0m[3msession[0m[2m=[0me0b2ad24-9a08-42ed-a97c-e3c40721de15[1m}[0m[2m:[0m [2mbraze_engine::hooks[0m[2m:[0m prompt budget breakdown (PromptBudgetAuditHook) [3msystem_tokens_est[0m[2m=[0m291 [3mtools_tokens_est[0m[2m=[0m1013 [3mhistory_tokens_est[0m[2m=[0m115 [3mtotal_tokens_est[0m[2m=[0m1420 [3mmessage_count[0m[2m=[0m2
[2m2026-07-11T14:43:09.790640Z[0m [32m INFO[0m [1mturn[0m[1m{[0m[3msession[0m[2m=[0me0b2ad24-9a08-42ed-a97c-e3c40721de15[1m}[0m[2m:[0m [2mbraze_engine::hooks[0m[2m:[0m prompt budget breakdown (PromptBudgetAuditHook) [3msystem_tokens_est[0m[2m=[0m291 [3mtools_tokens_est[0m[2m=[0m1013 [3mhistory_tokens_est[0m[2m=[0m144 [3mtotal_tokens_est[0m[2m=[0m1449 [3mmessage_count[0m[2m=[0m4
[2m2026-07-11T14:43:21.856874Z[0m [32m INFO[0m [1mturn[0m[1m{[0m[3msession[0m[2m=[0me0b2ad24-9a08-42ed-a97c-e3c40721de15[1m}[0m[2m:[0m [2mbraze_engine::hooks[0m[2m:[0m prompt budget breakdown (PromptBudgetAuditHook) [3msystem_tokens_est[0m[2m=[0m291 [3mtools_tokens_est[0m[2m=[0m1013 [3mhistory_tokens_est[0m[2m=[0m237 [3mtotal_tokens_est[0m[2m=[0m1542 [3mmessage_count[0m[2m=[0m6
[2m2026-07-11T14:43:34.527980Z[0m [32m INFO[0m [1mturn[0m[1m{[0m[3msession[0m[2m=[0me0b2ad24-9a08-42ed-a97c-e3c40721de15[1m}[0m[2m:[0m [2mbraze_engine::hooks[0m[2m:[0m prompt budget breakdown (PromptBudgetAuditHook) [3msystem_tokens_est[0m[2m=[0m291 [3mtools_tokens_est[0m[2m=[0m1013 [3mhistory_tokens_est[0m[2m=[0m300 [3mtotal_tokens_est[0m[2m=[0m1605 [3mmessage_count[0m[2m=[0m8
[2m2026-07-11T14:43:43.901704Z[0m [32m INFO[0m [1mturn[0m[1m{[0m[3msession[0m[2m=[0me0b2ad24-9a08-42ed-a97c-e3c40721de15[1m}[0m[2m:[0m [2mbraze_engine::hooks[0m[2m:[0m prompt budget breakdown (PromptBudgetAuditHook) [3msystem_tokens_est[0m[2m=[0m291 [3mtools_tokens_est[0m[2m=[0m1013 [3mhistory_tokens_est[0m[2m=[0m387 [3mtotal_tokens_est[0m[2m=[0m1692 [3mmessage_count[0m[2m=[0m10
-> ollama:qwen3.5-coder+plan:ollama:gemma4:e4b+ablate:task-list :: error_recovery_wrong_filename (rep 2/5)
[2m2026-07-11T14:44:08.941801Z[0m [32m INFO[0m [1mturn[0m[1m{[0m[3msession[0m[2m=[0m99d41cc2-83bc-4839-9c41-b814cb43d127[1m}[0m[2m:[0m [2mbraze_engine::engine[0m[2m:[0m plan delivered as typed tasks instead of prose (task list enabled) [3mseeded[0m[2m=[0m2
[2m2026-07-11T14:44:08.942725Z[0m [32m INFO[0m [1mturn[0m[1m{[0m[3msession[0m[2m=[0m99d41cc2-83bc-4839-9c41-b814cb43d127[1m}[0m[2m:[0m [2mbraze_engine::hooks[0m[2m:[0m prompt budget breakdown (PromptBudgetAuditHook) [3msystem_tokens_est[0m[2m=[0m291 [3mtools_tokens_est[0m[2m=[0m1013 [3mhistory_tokens_est[0m[2m=[0m120 [3mtotal_tokens_est[0m[2m=[0m1425 [3mmessage_count[0m[2m=[0m2
[2m2026-07-11T14:44:35.249051Z[0m [32m INFO[0m [1mturn[0m[1m{[0m[3msession[0m[2m=[0m99d41cc2-83bc-4839-9c41-b814cb43d127[1m}[0m[2m:[0m [2mbraze_engine::hooks[0m[2m:[0m prompt budget breakdown (PromptBudgetAuditHook) [3msystem_tokens_est[0m[2m=[0m291 [3mtools_tokens_est[0m[2m=[0m1013 [3mhistory_tokens_est[0m[2m=[0m149 [3mtotal_tokens_est[0m[2m=[0m1454 [3mmessage_count[0m[2m=[0m4
[2m2026-07-11T14:44:48.183693Z[0m [32m INFO[0m [1mturn[0m[1m{[0m[3msession[0m[2m=[0m99d41cc2-83bc-4839-9c41-b814cb43d127[1m}[0m[2m:[0m [2mbraze_engine::hooks[0m[2m:[0m prompt budget breakdown (PromptBudgetAuditHook) [3msystem_tokens_est[0m[2m=[0m291 [3mtools_tokens_est[0m[2m=[0m1013 [3mhistory_tokens_est[0m[2m=[0m242 [3mtotal_tokens_est[0m[2m=[0m1547 [3mmessage_count[0m[2m=[0m6
[2m2026-07-11T14:44:59.620924Z[0m [32m INFO[0m [1mturn[0m[1m{[0m[3msession[0m[2m=[0m99d41cc2-83bc-4839-9c41-b814cb43d127[1m}[0m[2m:[0m [2mbraze_engine::hooks[0m[2m:[0m prompt budget breakdown (PromptBudgetAuditHook) [3msystem_tokens_est[0m[2m=[0m291 [3mtools_tokens_est[0m[2m=[0m1013 [3mhistory_tokens_est[0m[2m=[0m305 [3mtotal_tokens_est[0m[2m=[0m1610 [3mmessage_count[0m[2m=[0m8
-> ollama:qwen3.5-coder+plan:ollama:gemma4:e4b+ablate:task-list :: error_recovery_wrong_filename (rep 3/5)
[2m2026-07-11T14:45:24.193803Z[0m [32m INFO[0m [1mturn[0m[1m{[0m[3msession[0m[2m=[0me22fce0a-5aad-4f01-a085-deaadf8d1309[1m}[0m[2m:[0m [2mbraze_engine::engine[0m[2m:[0m plan delivered as typed tasks instead of prose (task list enabled) [3mseeded[0m[2m=[0m3
[2m2026-07-11T14:45:24.194850Z[0m [32m INFO[0m [1mturn[0m[1m{[0m[3msession[0m[2m=[0me22fce0a-5aad-4f01-a085-deaadf8d1309[1m}[0m[2m:[0m [2mbraze_engine::hooks[0m[2m:[0m prompt budget breakdown (PromptBudgetAuditHook) [3msystem_tokens_est[0m[2m=[0m291 [3mtools_tokens_est[0m[2m=[0m1013 [3mhistory_tokens_est[0m[2m=[0m177 [3mtotal_tokens_est[0m[2m=[0m1482 [3mmessage_count[0m[2m=[0m2
[2m2026-07-11T14:45:48.727792Z[0m [32m INFO[0m [1mturn[0m[1m{[0m[3msession[0m[2m=[0me22fce0a-5aad-4f01-a085-deaadf8d1309[1m}[0m[2m:[0m [2mbraze_engine::hooks[0m[2m:[0m prompt budget breakdown (PromptBudgetAuditHook) [3msystem_tokens_est[0m[2m=[0m291 [3mtools_tokens_est[0m[2m=[0m1013 [3mhistory_tokens_est[0m[2m=[0m209 [3mtotal_tokens_est[0m[2m=[0m1514 [3mmessage_count[0m[2m=[0m4
[2m2026-07-11T14:46:00.020100Z[0m [32m INFO[0m [1mturn[0m[1m{[0m[3msession[0m[2m=[0me22fce0a-5aad-4f01-a085-deaadf8d1309[1m}[0m[2m:[0m [2mbraze_engine::hooks[0m[2m:[0m prompt budget breakdown (PromptBudgetAuditHook) [3msystem_tokens_est[0m[2m=[0m291 [3mtools_tokens_est[0m[2m=[0m1013 [3mhistory_tokens_est[0m[2m=[0m272 [3mtotal_tokens_est[0m[2m=[0m1577 [3mmessage_count[0m[2m=[0m6
-> ollama:qwen3.5-coder+plan:ollama:gemma4:e4b+ablate:task-list :: error_recovery_wrong_filename (rep 4/5)
[2m2026-07-11T14:46:22.742326Z[0m [32m INFO[0m [1mturn[0m[1m{[0m[3msession[0m[2m=[0me3fc4e55-d891-444d-a372-ef44e64be89c[1m}[0m[2m:[0m [2mbraze_engine::engine[0m[2m:[0m plan delivered as typed tasks instead of prose (task list enabled) [3mseeded[0m[2m=[0m2
[2m2026-07-11T14:46:22.743272Z[0m [32m INFO[0m [1mturn[0m[1m{[0m[3msession[0m[2m=[0me3fc4e55-d891-444d-a372-ef44e64be89c[1m}[0m[2m:[0m [2mbraze_engine::hooks[0m[2m:[0m prompt budget breakdown (PromptBudgetAuditHook) [3msystem_tokens_est[0m[2m=[0m291 [3mtools_tokens_est[0m[2m=[0m1013 [3mhistory_tokens_est[0m[2m=[0m117 [3mtotal_tokens_est[0m[2m=[0m1422 [3mmessage_count[0m[2m=[0m2
[2m2026-07-11T14:46:45.799816Z[0m [32m INFO[0m [1mturn[0m[1m{[0m[3msession[0m[2m=[0me3fc4e55-d891-444d-a372-ef44e64be89c[1m}[0m[2m:[0m [2mbraze_engine::hooks[0m[2m:[0m prompt budget breakdown (PromptBudgetAuditHook) [3msystem_tokens_est[0m[2m=[0m291 [3mtools_tokens_est[0m[2m=[0m1013 [3mhistory_tokens_est[0m[2m=[0m146 [3mtotal_tokens_est[0m[2m=[0m1451 [3mmessage_count[0m[2m=[0m4
[2m2026-07-11T14:46:57.866845Z[0m [32m INFO[0m [1mturn[0m[1m{[0m[3msession[0m[2m=[0me3fc4e55-d891-444d-a372-ef44e64be89c[1m}[0m[2m:[0m [2mbraze_engine::hooks[0m[2m:[0m prompt budget breakdown (PromptBudgetAuditHook) [3msystem_tokens_est[0m[2m=[0m291 [3mtools_tokens_est[0m[2m=[0m1013 [3mhistory_tokens_est[0m[2m=[0m160 [3mtotal_tokens_est[0m[2m=[0m1465 [3mmessage_count[0m[2m=[0m6
[2m2026-07-11T14:47:12.477899Z[0m [32m INFO[0m [1mturn[0m[1m{[0m[3msession[0m[2m=[0me3fc4e55-d891-444d-a372-ef44e64be89c[1m}[0m[2m:[0m [2mbraze_engine::hooks[0m[2m:[0m prompt budget breakdown (PromptBudgetAuditHook) [3msystem_tokens_est[0m[2m=[0m291 [3mtools_tokens_est[0m[2m=[0m1013 [3mhistory_tokens_est[0m[2m=[0m190 [3mtotal_tokens_est[0m[2m=[0m1495 [3mmessage_count[0m[2m=[0m8
-> ollama:qwen3.5-coder+plan:ollama:gemma4:e4b+ablate:task-list :: error_recovery_wrong_filename (rep 5/5)
[2m2026-07-11T14:47:40.263490Z[0m [32m INFO[0m [1mturn[0m[1m{[0m[3msession[0m[2m=[0m199ba79a-22d5-4f0b-b188-1ed1ad808efd[1m}[0m[2m:[0m [2mbraze_engine::engine[0m[2m:[0m plan delivered as typed tasks instead of prose (task list enabled) [3mseeded[0m[2m=[0m3
[2m2026-07-11T14:47:40.264288Z[0m [32m INFO[0m [1mturn[0m[1m{[0m[3msession[0m[2m=[0m199ba79a-22d5-4f0b-b188-1ed1ad808efd[1m}[0m[2m:[0m [2mbraze_engine::hooks[0m[2m:[0m prompt budget breakdown (PromptBudgetAuditHook) [3msystem_tokens_est[0m[2m=[0m291 [3mtools_tokens_est[0m[2m=[0m1013 [3mhistory_tokens_est[0m[2m=[0m125 [3mtotal_tokens_est[0m[2m=[0m1430 [3mmessage_count[0m[2m=[0m2
[2m2026-07-11T14:48:03.407456Z[0m [32m INFO[0m [1mturn[0m[1m{[0m[3msession[0m[2m=[0m199ba79a-22d5-4f0b-b188-1ed1ad808efd[1m}[0m[2m:[0m [2mbraze_engine::hooks[0m[2m:[0m prompt budget breakdown (PromptBudgetAuditHook) [3msystem_tokens_est[0m[2m=[0m291 [3mtools_tokens_est[0m[2m=[0m1013 [3mhistory_tokens_est[0m[2m=[0m154 [3mtotal_tokens_est[0m[2m=[0m1459 [3mmessage_count[0m[2m=[0m4
[2m2026-07-11T14:48:14.352889Z[0m [32m INFO[0m [1mturn[0m[1m{[0m[3msession[0m[2m=[0m199ba79a-22d5-4f0b-b188-1ed1ad808efd[1m}[0m[2m:[0m [2mbraze_engine::hooks[0m[2m:[0m prompt budget breakdown (PromptBudgetAuditHook) [3msystem_tokens_est[0m[2m=[0m291 [3mtools_tokens_est[0m[2m=[0m1013 [3mhistory_tokens_est[0m[2m=[0m218 [3mtotal_tokens_est[0m[2m=[0m1523 [3mmessage_count[0m[2m=[0m6
-> ollama:qwen3.5-coder+plan:ollama:gemma4:e4b+ablate:task-list :: distractor_selection_among_files (rep 1/5)
[2m2026-07-11T14:48:35.842787Z[0m [32m INFO[0m [1mturn[0m[1m{[0m[3msession[0m[2m=[0mbf0d5b4a-9a32-4ed3-8f2b-fde9c89ae0a1[1m}[0m[2m:[0m [2mbraze_engine::engine[0m[2m:[0m planner produced a single-step (or unstructured) plan; discarding it — the executor's first round covers it without the plan-in-prompt cost
[2m2026-07-11T14:48:35.844365Z[0m [32m INFO[0m [1mturn[0m[1m{[0m[3msession[0m[2m=[0mbf0d5b4a-9a32-4ed3-8f2b-fde9c89ae0a1[1m}[0m[2m:[0m [2mbraze_engine::hooks[0m[2m:[0m prompt budget breakdown (PromptBudgetAuditHook) [3msystem_tokens_est[0m[2m=[0m292 [3mtools_tokens_est[0m[2m=[0m1013 [3mhistory_tokens_est[0m[2m=[0m34 [3mtotal_tokens_est[0m[2m=[0m1340 [3mmessage_count[0m[2m=[0m1
[2m2026-07-11T14:49:00.777414Z[0m [32m INFO[0m [1mturn[0m[1m{[0m[3msession[0m[2m=[0mbf0d5b4a-9a32-4ed3-8f2b-fde9c89ae0a1[1m}[0m[2m:[0m [2mbraze_engine::hooks[0m[2m:[0m prompt budget breakdown (PromptBudgetAuditHook) [3msystem_tokens_est[0m[2m=[0m292 [3mtools_tokens_est[0m[2m=[0m1013 [3mhistory_tokens_est[0m[2m=[0m107 [3mtotal_tokens_est[0m[2m=[0m1413 [3mmessage_count[0m[2m=[0m3
[2m2026-07-11T14:49:10.407721Z[0m [32m INFO[0m [1mturn[0m[1m{[0m[3msession[0m[2m=[0mbf0d5b4a-9a32-4ed3-8f2b-fde9c89ae0a1[1m}[0m[2m:[0m [2mbraze_engine::hooks[0m[2m:[0m prompt budget breakdown (PromptBudgetAuditHook) [3msystem_tokens_est[0m[2m=[0m292 [3mtools_tokens_est[0m[2m=[0m1013 [3mhistory_tokens_est[0m[2m=[0m169 [3mtotal_tokens_est[0m[2m=[0m1474 [3mmessage_count[0m[2m=[0m5
-> ollama:qwen3.5-coder+plan:ollama:gemma4:e4b+ablate:task-list :: distractor_selection_among_files (rep 2/5)
[2m2026-07-11T14:49:26.414685Z[0m [32m INFO[0m [1mturn[0m[1m{[0m[3msession[0m[2m=[0m2809f868-8d8c-48dc-867b-ed5911299377[1m}[0m[2m:[0m [2mbraze_engine::engine[0m[2m:[0m planner produced a single-step (or unstructured) plan; discarding it — the executor's first round covers it without the plan-in-prompt cost
[2m2026-07-11T14:49:26.415191Z[0m [32m INFO[0m [1mturn[0m[1m{[0m[3msession[0m[2m=[0m2809f868-8d8c-48dc-867b-ed5911299377[1m}[0m[2m:[0m [2mbraze_engine::hooks[0m[2m:[0m prompt budget breakdown (PromptBudgetAuditHook) [3msystem_tokens_est[0m[2m=[0m292 [3mtools_tokens_est[0m[2m=[0m1013 [3mhistory_tokens_est[0m[2m=[0m34 [3mtotal_tokens_est[0m[2m=[0m1340 [3mmessage_count[0m[2m=[0m1
[2m2026-07-11T14:49:50.506189Z[0m [32m INFO[0m [1mturn[0m[1m{[0m[3msession[0m[2m=[0m2809f868-8d8c-48dc-867b-ed5911299377[1m}[0m[2m:[0m [2mbraze_engine::hooks[0m[2m:[0m prompt budget breakdown (PromptBudgetAuditHook) [3msystem_tokens_est[0m[2m=[0m292 [3mtools_tokens_est[0m[2m=[0m1013 [3mhistory_tokens_est[0m[2m=[0m107 [3mtotal_tokens_est[0m[2m=[0m1413 [3mmessage_count[0m[2m=[0m3
[2m2026-07-11T14:50:00.174853Z[0m [32m INFO[0m [1mturn[0m[1m{[0m[3msession[0m[2m=[0m2809f868-8d8c-48dc-867b-ed5911299377[1m}[0m[2m:[0m [2mbraze_engine::hooks[0m[2m:[0m prompt budget breakdown (PromptBudgetAuditHook) [3msystem_tokens_est[0m[2m=[0m292 [3mtools_tokens_est[0m[2m=[0m1013 [3mhistory_tokens_est[0m[2m=[0m169 [3mtotal_tokens_est[0m[2m=[0m1474 [3mmessage_count[0m[2m=[0m5
-> ollama:qwen3.5-coder+plan:ollama:gemma4:e4b+ablate:task-list :: distractor_selection_among_files (rep 3/5)
[2m2026-07-11T14:50:17.728705Z[0m [32m INFO[0m [1mturn[0m[1m{[0m[3msession[0m[2m=[0m77be11f2-6645-485e-8d1f-7994dbf53b84[1m}[0m[2m:[0m [2mbraze_engine::engine[0m[2m:[0m planner produced a single-step (or unstructured) plan; discarding it — the executor's first round covers it without the plan-in-prompt cost
[2m2026-07-11T14:50:17.729765Z[0m [32m INFO[0m [1mturn[0m[1m{[0m[3msession[0m[2m=[0m77be11f2-6645-485e-8d1f-7994dbf53b84[1m}[0m[2m:[0m [2mbraze_engine::hooks[0m[2m:[0m prompt budget breakdown (PromptBudgetAuditHook) [3msystem_tokens_est[0m[2m=[0m292 [3mtools_tokens_est[0m[2m=[0m1013 [3mhistory_tokens_est[0m[2m=[0m34 [3mtotal_tokens_est[0m[2m=[0m1340 [3mmessage_count[0m[2m=[0m1
[2m2026-07-11T14:50:42.868955Z[0m [32m INFO[0m [1mturn[0m[1m{[0m[3msession[0m[2m=[0m77be11f2-6645-485e-8d1f-7994dbf53b84[1m}[0m[2m:[0m [2mbraze_engine::hooks[0m[2m:[0m prompt budget breakdown (PromptBudgetAuditHook) [3msystem_tokens_est[0m[2m=[0m292 [3mtools_tokens_est[0m[2m=[0m1013 [3mhistory_tokens_est[0m[2m=[0m107 [3mtotal_tokens_est[0m[2m=[0m1413 [3mmessage_count[0m[2m=[0m3
[2m2026-07-11T14:50:52.700606Z[0m [32m INFO[0m [1mturn[0m[1m{[0m[3msession[0m[2m=[0m77be11f2-6645-485e-8d1f-7994dbf53b84[1m}[0m[2m:[0m [2mbraze_engine::hooks[0m[2m:[0m prompt budget breakdown (PromptBudgetAuditHook) [3msystem_tokens_est[0m[2m=[0m292 [3mtools_tokens_est[0m[2m=[0m1013 [3mhistory_tokens_est[0m[2m=[0m169 [3mtotal_tokens_est[0m[2m=[0m1474 [3mmessage_count[0m[2m=[0m5
-> ollama:qwen3.5-coder+plan:ollama:gemma4:e4b+ablate:task-list :: distractor_selection_among_files (rep 4/5)
[2m2026-07-11T14:51:09.664960Z[0m [32m INFO[0m [1mturn[0m[1m{[0m[3msession[0m[2m=[0ma7c2b845-f00f-470a-ba60-cbdea7dfb14d[1m}[0m[2m:[0m [2mbraze_engine::engine[0m[2m:[0m planner produced a single-step (or unstructured) plan; discarding it — the executor's first round covers it without the plan-in-prompt cost
[2m2026-07-11T14:51:09.666044Z[0m [32m INFO[0m [1mturn[0m[1m{[0m[3msession[0m[2m=[0ma7c2b845-f00f-470a-ba60-cbdea7dfb14d[1m}[0m[2m:[0m [2mbraze_engine::hooks[0m[2m:[0m prompt budget breakdown (PromptBudgetAuditHook) [3msystem_tokens_est[0m[2m=[0m292 [3mtools_tokens_est[0m[2m=[0m1013 [3mhistory_tokens_est[0m[2m=[0m34 [3mtotal_tokens_est[0m[2m=[0m1340 [3mmessage_count[0m[2m=[0m1
[2m2026-07-11T14:51:33.866665Z[0m [32m INFO[0m [1mturn[0m[1m{[0m[3msession[0m[2m=[0ma7c2b845-f00f-470a-ba60-cbdea7dfb14d[1m}[0m[2m:[0m [2mbraze_engine::hooks[0m[2m:[0m prompt budget breakdown (PromptBudgetAuditHook) [3msystem_tokens_est[0m[2m=[0m292 [3mtools_tokens_est[0m[2m=[0m1013 [3mhistory_tokens_est[0m[2m=[0m107 [3mtotal_tokens_est[0m[2m=[0m1413 [3mmessage_count[0m[2m=[0m3
[2m2026-07-11T14:51:43.880736Z[0m [32m INFO[0m [1mturn[0m[1m{[0m[3msession[0m[2m=[0ma7c2b845-f00f-470a-ba60-cbdea7dfb14d[1m}[0m[2m:[0m [2mbraze_engine::hooks[0m[2m:[0m prompt budget breakdown (PromptBudgetAuditHook) [3msystem_tokens_est[0m[2m=[0m292 [3mtools_tokens_est[0m[2m=[0m1013 [3mhistory_tokens_est[0m[2m=[0m169 [3mtotal_tokens_est[0m[2m=[0m1474 [3mmessage_count[0m[2m=[0m5
-> ollama:qwen3.5-coder+plan:ollama:gemma4:e4b+ablate:task-list :: distractor_selection_among_files (rep 5/5)
[2m2026-07-11T14:52:00.666494Z[0m [32m INFO[0m [1mturn[0m[1m{[0m[3msession[0m[2m=[0ma1362d05-3109-4c39-911f-1f2602efd8cf[1m}[0m[2m:[0m [2mbraze_engine::engine[0m[2m:[0m planner produced a single-step (or unstructured) plan; discarding it — the executor's first round covers it without the plan-in-prompt cost
[2m2026-07-11T14:52:00.666798Z[0m [32m INFO[0m [1mturn[0m[1m{[0m[3msession[0m[2m=[0ma1362d05-3109-4c39-911f-1f2602efd8cf[1m}[0m[2m:[0m [2mbraze_engine::hooks[0m[2m:[0m prompt budget breakdown (PromptBudgetAuditHook) [3msystem_tokens_est[0m[2m=[0m292 [3mtools_tokens_est[0m[2m=[0m1013 [3mhistory_tokens_est[0m[2m=[0m34 [3mtotal_tokens_est[0m[2m=[0m1340 [3mmessage_count[0m[2m=[0m1
[2m2026-07-11T14:52:25.594815Z[0m [32m INFO[0m [1mturn[0m[1m{[0m[3msession[0m[2m=[0ma1362d05-3109-4c39-911f-1f2602efd8cf[1m}[0m[2m:[0m [2mbraze_engine::hooks[0m[2m:[0m prompt budget breakdown (PromptBudgetAuditHook) [3msystem_tokens_est[0m[2m=[0m292 [3mtools_tokens_est[0m[2m=[0m1013 [3mhistory_tokens_est[0m[2m=[0m107 [3mtotal_tokens_est[0m[2m=[0m1413 [3mmessage_count[0m[2m=[0m3
[2m2026-07-11T14:52:35.335417Z[0m [32m INFO[0m [1mturn[0m[1m{[0m[3msession[0m[2m=[0ma1362d05-3109-4c39-911f-1f2602efd8cf[1m}[0m[2m:[0m [2mbraze_engine::hooks[0m[2m:[0m prompt budget breakdown (PromptBudgetAuditHook) [3msystem_tokens_est[0m[2m=[0m292 [3mtools_tokens_est[0m[2m=[0m1013 [3mhistory_tokens_est[0m[2m=[0m169 [3mtotal_tokens_est[0m[2m=[0m1474 [3mmessage_count[0m[2m=[0m5
-> ollama:qwen3.5-coder+plan:ollama:gemma4:e4b+ablate:task-list :: edit_file_function_body (rep 1/5)
[2m2026-07-11T14:52:53.176704Z[0m [32m INFO[0m [1mturn[0m[1m{[0m[3msession[0m[2m=[0mba82405e-a0ba-4e40-a031-34a8d3909ba8[1m}[0m[2m:[0m [2mbraze_engine::engine[0m[2m:[0m planner produced a single-step (or unstructured) plan; discarding it — the executor's first round covers it without the plan-in-prompt cost
[2m2026-07-11T14:52:53.177698Z[0m [32m INFO[0m [1mturn[0m[1m{[0m[3msession[0m[2m=[0mba82405e-a0ba-4e40-a031-34a8d3909ba8[1m}[0m[2m:[0m [2mbraze_engine::hooks[0m[2m:[0m prompt budget breakdown (PromptBudgetAuditHook) [3msystem_tokens_est[0m[2m=[0m290 [3mtools_tokens_est[0m[2m=[0m1013 [3mhistory_tokens_est[0m[2m=[0m28 [3mtotal_tokens_est[0m[2m=[0m1331 [3mmessage_count[0m[2m=[0m1
[2m2026-07-11T14:53:17.023509Z[0m [32m INFO[0m [1mturn[0m[1m{[0m[3msession[0m[2m=[0mba82405e-a0ba-4e40-a031-34a8d3909ba8[1m}[0m[2m:[0m [2mbraze_engine::hooks[0m[2m:[0m prompt budget breakdown (PromptBudgetAuditHook) [3msystem_tokens_est[0m[2m=[0m290 [3mtools_tokens_est[0m[2m=[0m1013 [3mhistory_tokens_est[0m[2m=[0m52 [3mtotal_tokens_est[0m[2m=[0m1355 [3mmessage_count[0m[2m=[0m3
[2m2026-07-11T14:53:27.990155Z[0m [32m INFO[0m [1mturn[0m[1m{[0m[3msession[0m[2m=[0mba82405e-a0ba-4e40-a031-34a8d3909ba8[1m}[0m[2m:[0m [2mbraze_engine::hooks[0m[2m:[0m prompt budget breakdown (PromptBudgetAuditHook) [3msystem_tokens_est[0m[2m=[0m290 [3mtools_tokens_est[0m[2m=[0m1013 [3mhistory_tokens_est[0m[2m=[0m129 [3mtotal_tokens_est[0m[2m=[0m1433 [3mmessage_count[0m[2m=[0m6
-> ollama:qwen3.5-coder+plan:ollama:gemma4:e4b+ablate:task-list :: edit_file_function_body (rep 2/5)
[2m2026-07-11T14:53:46.569779Z[0m [32m INFO[0m [1mturn[0m[1m{[0m[3msession[0m[2m=[0madeef432-56ff-4fb3-a5ce-00c500e7b421[1m}[0m[2m:[0m [2mbraze_engine::engine[0m[2m:[0m planner produced a single-step (or unstructured) plan; discarding it — the executor's first round covers it without the plan-in-prompt cost
[2m2026-07-11T14:53:46.570877Z[0m [32m INFO[0m [1mturn[0m[1m{[0m[3msession[0m[2m=[0madeef432-56ff-4fb3-a5ce-00c500e7b421[1m}[0m[2m:[0m [2mbraze_engine::hooks[0m[2m:[0m prompt budget breakdown (PromptBudgetAuditHook) [3msystem_tokens_est[0m[2m=[0m290 [3mtools_tokens_est[0m[2m=[0m1013 [3mhistory_tokens_est[0m[2m=[0m28 [3mtotal_tokens_est[0m[2m=[0m1331 [3mmessage_count[0m[2m=[0m1
[2m2026-07-11T14:54:10.092927Z[0m [32m INFO[0m [1mturn[0m[1m{[0m[3msession[0m[2m=[0madeef432-56ff-4fb3-a5ce-00c500e7b421[1m}[0m[2m:[0m [2mbraze_engine::hooks[0m[2m:[0m prompt budget breakdown (PromptBudgetAuditHook) [3msystem_tokens_est[0m[2m=[0m290 [3mtools_tokens_est[0m[2m=[0m1013 [3mhistory_tokens_est[0m[2m=[0m52 [3mtotal_tokens_est[0m[2m=[0m1355 [3mmessage_count[0m[2m=[0m3
[2m2026-07-11T14:54:21.173557Z[0m [32m INFO[0m [1mturn[0m[1m{[0m[3msession[0m[2m=[0madeef432-56ff-4fb3-a5ce-00c500e7b421[1m}[0m[2m:[0m [2mbraze_engine::hooks[0m[2m:[0m prompt budget breakdown (PromptBudgetAuditHook) [3msystem_tokens_est[0m[2m=[0m290 [3mtools_tokens_est[0m[2m=[0m1013 [3mhistory_tokens_est[0m[2m=[0m113 [3mtotal_tokens_est[0m[2m=[0m1416 [3mmessage_count[0m[2m=[0m5
-> ollama:qwen3.5-coder+plan:ollama:gemma4:e4b+ablate:task-list :: edit_file_function_body (rep 3/5)
[2m2026-07-11T14:54:41.150019Z[0m [32m INFO[0m [1mturn[0m[1m{[0m[3msession[0m[2m=[0m371d283e-2c3d-468a-83d3-e16ad66bebb4[1m}[0m[2m:[0m [2mbraze_engine::engine[0m[2m:[0m planner produced a single-step (or unstructured) plan; discarding it — the executor's first round covers it without the plan-in-prompt cost
[2m2026-07-11T14:54:41.150563Z[0m [32m INFO[0m [1mturn[0m[1m{[0m[3msession[0m[2m=[0m371d283e-2c3d-468a-83d3-e16ad66bebb4[1m}[0m[2m:[0m [2mbraze_engine::hooks[0m[2m:[0m prompt budget breakdown (PromptBudgetAuditHook) [3msystem_tokens_est[0m[2m=[0m290 [3mtools_tokens_est[0m[2m=[0m1013 [3mhistory_tokens_est[0m[2m=[0m28 [3mtotal_tokens_est[0m[2m=[0m1331 [3mmessage_count[0m[2m=[0m1
[2m2026-07-11T14:55:04.544526Z[0m [32m INFO[0m [1mturn[0m[1m{[0m[3msession[0m[2m=[0m371d283e-2c3d-468a-83d3-e16ad66bebb4[1m}[0m[2m:[0m [2mbraze_engine::hooks[0m[2m:[0m prompt budget breakdown (PromptBudgetAuditHook) [3msystem_tokens_est[0m[2m=[0m290 [3mtools_tokens_est[0m[2m=[0m1013 [3mhistory_tokens_est[0m[2m=[0m52 [3mtotal_tokens_est[0m[2m=[0m1355 [3mmessage_count[0m[2m=[0m3
[2m2026-07-11T14:55:15.502238Z[0m [32m INFO[0m [1mturn[0m[1m{[0m[3msession[0m[2m=[0m371d283e-2c3d-468a-83d3-e16ad66bebb4[1m}[0m[2m:[0m [2mbraze_engine::hooks[0m[2m:[0m prompt budget breakdown (PromptBudgetAuditHook) [3msystem_tokens_est[0m[2m=[0m290 [3mtools_tokens_est[0m[2m=[0m1013 [3mhistory_tokens_est[0m[2m=[0m129 [3mtotal_tokens_est[0m[2m=[0m1433 [3mmessage_count[0m[2m=[0m6
-> ollama:qwen3.5-coder+plan:ollama:gemma4:e4b+ablate:task-list :: edit_file_function_body (rep 4/5)
[2m2026-07-11T14:55:35.539783Z[0m [32m INFO[0m [1mturn[0m[1m{[0m[3msession[0m[2m=[0m32e71fcf-4f81-4ed7-a4d9-734ffa1a6327[1m}[0m[2m:[0m [2mbraze_engine::engine[0m[2m:[0m planner produced a single-step (or unstructured) plan; discarding it — the executor's first round covers it without the plan-in-prompt cost
[2m2026-07-11T14:55:35.540159Z[0m [32m INFO[0m [1mturn[0m[1m{[0m[3msession[0m[2m=[0m32e71fcf-4f81-4ed7-a4d9-734ffa1a6327[1m}[0m[2m:[0m [2mbraze_engine::hooks[0m[2m:[0m prompt budget breakdown (PromptBudgetAuditHook) [3msystem_tokens_est[0m[2m=[0m290 [3mtools_tokens_est[0m[2m=[0m1013 [3mhistory_tokens_est[0m[2m=[0m28 [3mtotal_tokens_est[0m[2m=[0m1331 [3mmessage_count[0m[2m=[0m1
[2m2026-07-11T14:56:02.155043Z[0m [32m INFO[0m [1mturn[0m[1m{[0m[3msession[0m[2m=[0m32e71fcf-4f81-4ed7-a4d9-734ffa1a6327[1m}[0m[2m:[0m [2mbraze_engine::hooks[0m[2m:[0m prompt budget breakdown (PromptBudgetAuditHook) [3msystem_tokens_est[0m[2m=[0m290 [3mtools_tokens_est[0m[2m=[0m1013 [3mhistory_tokens_est[0m[2m=[0m67 [3mtotal_tokens_est[0m[2m=[0m1370 [3mmessage_count[0m[2m=[0m3
[2m2026-07-11T14:56:16.771479Z[0m [32m INFO[0m [1mturn[0m[1m{[0m[3msession[0m[2m=[0m32e71fcf-4f81-4ed7-a4d9-734ffa1a6327[1m}[0m[2m:[0m [2mbraze_engine::hooks[0m[2m:[0m prompt budget breakdown (PromptBudgetAuditHook) [3msystem_tokens_est[0m[2m=[0m290 [3mtools_tokens_est[0m[2m=[0m1013 [3mhistory_tokens_est[0m[2m=[0m153 [3mtotal_tokens_est[0m[2m=[0m1457 [3mmessage_count[0m[2m=[0m5
-> ollama:qwen3.5-coder+plan:ollama:gemma4:e4b+ablate:task-list :: edit_file_function_body (rep 5/5)
[2m2026-07-11T14:56:36.187471Z[0m [32m INFO[0m [1mturn[0m[1m{[0m[3msession[0m[2m=[0mb608c9c2-c5cd-4e16-8b46-938a437652a9[1m}[0m[2m:[0m [2mbraze_engine::engine[0m[2m:[0m planner produced a single-step (or unstructured) plan; discarding it — the executor's first round covers it without the plan-in-prompt cost
[2m2026-07-11T14:56:36.187869Z[0m [32m INFO[0m [1mturn[0m[1m{[0m[3msession[0m[2m=[0mb608c9c2-c5cd-4e16-8b46-938a437652a9[1m}[0m[2m:[0m [2mbraze_engine::hooks[0m[2m:[0m prompt budget breakdown (PromptBudgetAuditHook) [3msystem_tokens_est[0m[2m=[0m290 [3mtools_tokens_est[0m[2m=[0m1013 [3mhistory_tokens_est[0m[2m=[0m28 [3mtotal_tokens_est[0m[2m=[0m1331 [3mmessage_count[0m[2m=[0m1
[2m2026-07-11T14:56:59.370169Z[0m [32m INFO[0m [1mturn[0m[1m{[0m[3msession[0m[2m=[0mb608c9c2-c5cd-4e16-8b46-938a437652a9[1m}[0m[2m:[0m [2mbraze_engine::hooks[0m[2m:[0m prompt budget breakdown (PromptBudgetAuditHook) [3msystem_tokens_est[0m[2m=[0m290 [3mtools_tokens_est[0m[2m=[0m1013 [3mhistory_tokens_est[0m[2m=[0m52 [3mtotal_tokens_est[0m[2m=[0m1355 [3mmessage_count[0m[2m=[0m3
[2m2026-07-11T14:57:10.175784Z[0m [32m INFO[0m [1mturn[0m[1m{[0m[3msession[0m[2m=[0mb608c9c2-c5cd-4e16-8b46-938a437652a9[1m}[0m[2m:[0m [2mbraze_engine::hooks[0m[2m:[0m prompt budget breakdown (PromptBudgetAuditHook) [3msystem_tokens_est[0m[2m=[0m290 [3mtools_tokens_est[0m[2m=[0m1013 [3mhistory_tokens_est[0m[2m=[0m129 [3mtotal_tokens_est[0m[2m=[0m1433 [3mmessage_count[0m[2m=[0m6
[2m2026-07-11T14:57:13.849363Z[0m [33m WARN[0m [1mturn[0m[1m{[0m[3msession[0m[2m=[0mb608c9c2-c5cd-4e16-8b46-938a437652a9[1m}[0m[2m:[0m [2mbraze_engine::engine[0m[2m:[0m round produced neither text nor a tool call after this turn already dispatched at least one; attempting a tools-free summary round instead of discarding that progress [3mround[0m[2m=[0m2
-> ollama:qwen3.5-coder+plan:ollama:gemma4:e4b+ablate:task-list :: no_tool_capital_question (rep 1/5)
[2m2026-07-11T14:57:28.740382Z[0m [32m INFO[0m [1mturn[0m[1m{[0m[3msession[0m[2m=[0m9d4554af-6586-4d97-8f8e-b4381da4e38d[1m}[0m[2m:[0m [2mbraze_engine::engine[0m[2m:[0m planner produced a single-step (or unstructured) plan; discarding it — the executor's first round covers it without the plan-in-prompt cost
[2m2026-07-11T14:57:28.740657Z[0m [32m INFO[0m [1mturn[0m[1m{[0m[3msession[0m[2m=[0m9d4554af-6586-4d97-8f8e-b4381da4e38d[1m}[0m[2m:[0m [2mbraze_engine::hooks[0m[2m:[0m prompt budget breakdown (PromptBudgetAuditHook) [3msystem_tokens_est[0m[2m=[0m290 [3mtools_tokens_est[0m[2m=[0m1013 [3mhistory_tokens_est[0m[2m=[0m25 [3mtotal_tokens_est[0m[2m=[0m1329 [3mmessage_count[0m[2m=[0m1
-> ollama:qwen3.5-coder+plan:ollama:gemma4:e4b+ablate:task-list :: no_tool_capital_question (rep 2/5)
[2m2026-07-11T14:57:58.856048Z[0m [32m INFO[0m [1mturn[0m[1m{[0m[3msession[0m[2m=[0m7fcdc308-93b5-45a3-9a29-731689c8eb23[1m}[0m[2m:[0m [2mbraze_engine::engine[0m[2m:[0m planner produced a single-step (or unstructured) plan; discarding it — the executor's first round covers it without the plan-in-prompt cost
[2m2026-07-11T14:57:58.856698Z[0m [32m INFO[0m [1mturn[0m[1m{[0m[3msession[0m[2m=[0m7fcdc308-93b5-45a3-9a29-731689c8eb23[1m}[0m[2m:[0m [2mbraze_engine::hooks[0m[2m:[0m prompt budget breakdown (PromptBudgetAuditHook) [3msystem_tokens_est[0m[2m=[0m290 [3mtools_tokens_est[0m[2m=[0m1013 [3mhistory_tokens_est[0m[2m=[0m25 [3mtotal_tokens_est[0m[2m=[0m1329 [3mmessage_count[0m[2m=[0m1
-> ollama:qwen3.5-coder+plan:ollama:gemma4:e4b+ablate:task-list :: no_tool_capital_question (rep 3/5)
[2m2026-07-11T14:58:29.735488Z[0m [32m INFO[0m [1mturn[0m[1m{[0m[3msession[0m[2m=[0m4bd23270-5159-49eb-90d1-a409f787747a[1m}[0m[2m:[0m [2mbraze_engine::engine[0m[2m:[0m planner produced a single-step (or unstructured) plan; discarding it — the executor's first round covers it without the plan-in-prompt cost
[2m2026-07-11T14:58:29.736504Z[0m [32m INFO[0m [1mturn[0m[1m{[0m[3msession[0m[2m=[0m4bd23270-5159-49eb-90d1-a409f787747a[1m}[0m[2m:[0m [2mbraze_engine::hooks[0m[2m:[0m prompt budget breakdown (PromptBudgetAuditHook) [3msystem_tokens_est[0m[2m=[0m290 [3mtools_tokens_est[0m[2m=[0m1013 [3mhistory_tokens_est[0m[2m=[0m25 [3mtotal_tokens_est[0m[2m=[0m1329 [3mmessage_count[0m[2m=[0m1
-> ollama:qwen3.5-coder+plan:ollama:gemma4:e4b+ablate:task-list :: no_tool_capital_question (rep 4/5)
[2m2026-07-11T14:59:00.858691Z[0m [32m INFO[0m [1mturn[0m[1m{[0m[3msession[0m[2m=[0me76992fb-dfee-41e1-afc6-edabf9454732[1m}[0m[2m:[0m [2mbraze_engine::engine[0m[2m:[0m planner produced a single-step (or unstructured) plan; discarding it — the executor's first round covers it without the plan-in-prompt cost
[2m2026-07-11T14:59:00.859825Z[0m [32m INFO[0m [1mturn[0m[1m{[0m[3msession[0m[2m=[0me76992fb-dfee-41e1-afc6-edabf9454732[1m}[0m[2m:[0m [2mbraze_engine::hooks[0m[2m:[0m prompt budget breakdown (PromptBudgetAuditHook) [3msystem_tokens_est[0m[2m=[0m290 [3mtools_tokens_est[0m[2m=[0m1013 [3mhistory_tokens_est[0m[2m=[0m25 [3mtotal_tokens_est[0m[2m=[0m1329 [3mmessage_count[0m[2m=[0m1
-> ollama:qwen3.5-coder+plan:ollama:gemma4:e4b+ablate:task-list :: no_tool_capital_question (rep 5/5)
[2m2026-07-11T14:59:31.401495Z[0m [32m INFO[0m [1mturn[0m[1m{[0m[3msession[0m[2m=[0m43ee37e7-2c2a-4153-a872-a079e440211d[1m}[0m[2m:[0m [2mbraze_engine::engine[0m[2m:[0m planner produced a single-step (or unstructured) plan; discarding it — the executor's first round covers it without the plan-in-prompt cost
[2m2026-07-11T14:59:31.402346Z[0m [32m INFO[0m [1mturn[0m[1m{[0m[3msession[0m[2m=[0m43ee37e7-2c2a-4153-a872-a079e440211d[1m}[0m[2m:[0m [2mbraze_engine::hooks[0m[2m:[0m prompt budget breakdown (PromptBudgetAuditHook) [3msystem_tokens_est[0m[2m=[0m290 [3mtools_tokens_est[0m[2m=[0m1013 [3mhistory_tokens_est[0m[2m=[0m25 [3mtotal_tokens_est[0m[2m=[0m1329 [3mmessage_count[0m[2m=[0m1
-> ollama:qwen3.5-coder+plan:ollama:gemma4:e4b+ablate:task-list :: no_tool_subtraction (rep 1/5)
[2m2026-07-11T15:00:01.737676Z[0m [32m INFO[0m [1mturn[0m[1m{[0m[3msession[0m[2m=[0m980b0906-441d-45c7-bc99-8486de1ac3d5[1m}[0m[2m:[0m [2mbraze_engine::engine[0m[2m:[0m planner produced a single-step (or unstructured) plan; discarding it — the executor's first round covers it without the plan-in-prompt cost
[2m2026-07-11T15:00:01.738569Z[0m [32m INFO[0m [1mturn[0m[1m{[0m[3msession[0m[2m=[0m980b0906-441d-45c7-bc99-8486de1ac3d5[1m}[0m[2m:[0m [2mbraze_engine::hooks[0m[2m:[0m prompt budget breakdown (PromptBudgetAuditHook) [3msystem_tokens_est[0m[2m=[0m289 [3mtools_tokens_est[0m[2m=[0m1013 [3mhistory_tokens_est[0m[2m=[0m21 [3mtotal_tokens_est[0m[2m=[0m1323 [3mmessage_count[0m[2m=[0m1
-> ollama:qwen3.5-coder+plan:ollama:gemma4:e4b+ablate:task-list :: no_tool_subtraction (rep 2/5)
[2m2026-07-11T15:00:32.829426Z[0m [32m INFO[0m [1mturn[0m[1m{[0m[3msession[0m[2m=[0m6e9151c2-1529-470b-bf2c-457c0cacbad7[1m}[0m[2m:[0m [2mbraze_engine::engine[0m[2m:[0m planner produced a single-step (or unstructured) plan; discarding it — the executor's first round covers it without the plan-in-prompt cost
[2m2026-07-11T15:00:32.829764Z[0m [32m INFO[0m [1mturn[0m[1m{[0m[3msession[0m[2m=[0m6e9151c2-1529-470b-bf2c-457c0cacbad7[1m}[0m[2m:[0m [2mbraze_engine::hooks[0m[2m:[0m prompt budget breakdown (PromptBudgetAuditHook) [3msystem_tokens_est[0m[2m=[0m289 [3mtools_tokens_est[0m[2m=[0m1013 [3mhistory_tokens_est[0m[2m=[0m21 [3mtotal_tokens_est[0m[2m=[0m1323 [3mmessage_count[0m[2m=[0m1
-> ollama:qwen3.5-coder+plan:ollama:gemma4:e4b+ablate:task-list :: no_tool_subtraction (rep 3/5)
[2m2026-07-11T15:01:04.371316Z[0m [32m INFO[0m [1mturn[0m[1m{[0m[3msession[0m[2m=[0me80b129e-4aec-4d24-98a9-bde8413a4fc4[1m}[0m[2m:[0m [2mbraze_engine::engine[0m[2m:[0m planner produced a single-step (or unstructured) plan; discarding it — the executor's first round covers it without the plan-in-prompt cost
[2m2026-07-11T15:01:04.371841Z[0m [32m INFO[0m [1mturn[0m[1m{[0m[3msession[0m[2m=[0me80b129e-4aec-4d24-98a9-bde8413a4fc4[1m}[0m[2m:[0m [2mbraze_engine::hooks[0m[2m:[0m prompt budget breakdown (PromptBudgetAuditHook) [3msystem_tokens_est[0m[2m=[0m289 [3mtools_tokens_est[0m[2m=[0m1013 [3mhistory_tokens_est[0m[2m=[0m21 [3mtotal_tokens_est[0m[2m=[0m1323 [3mmessage_count[0m[2m=[0m1
-> ollama:qwen3.5-coder+plan:ollama:gemma4:e4b+ablate:task-list :: no_tool_subtraction (rep 4/5)
[2m2026-07-11T15:01:36.753528Z[0m [32m INFO[0m [1mturn[0m[1m{[0m[3msession[0m[2m=[0m1984ff36-87ff-4191-bbc7-24f0a80d6400[1m}[0m[2m:[0m [2mbraze_engine::engine[0m[2m:[0m planner produced a single-step (or unstructured) plan; discarding it — the executor's first round covers it without the plan-in-prompt cost
[2m2026-07-11T15:01:36.753889Z[0m [32m INFO[0m [1mturn[0m[1m{[0m[3msession[0m[2m=[0m1984ff36-87ff-4191-bbc7-24f0a80d6400[1m}[0m[2m:[0m [2mbraze_engine::hooks[0m[2m:[0m prompt budget breakdown (PromptBudgetAuditHook) [3msystem_tokens_est[0m[2m=[0m289 [3mtools_tokens_est[0m[2m=[0m1013 [3mhistory_tokens_est[0m[2m=[0m21 [3mtotal_tokens_est[0m[2m=[0m1323 [3mmessage_count[0m[2m=[0m1
-> ollama:qwen3.5-coder+plan:ollama:gemma4:e4b+ablate:task-list :: no_tool_subtraction (rep 5/5)
[2m2026-07-11T15:02:07.465163Z[0m [32m INFO[0m [1mturn[0m[1m{[0m[3msession[0m[2m=[0m7a2c49ce-41ef-4b8f-a095-febf84680af2[1m}[0m[2m:[0m [2mbraze_engine::engine[0m[2m:[0m planner produced a single-step (or unstructured) plan; discarding it — the executor's first round covers it without the plan-in-prompt cost
[2m2026-07-11T15:02:07.465483Z[0m [32m INFO[0m [1mturn[0m[1m{[0m[3msession[0m[2m=[0m7a2c49ce-41ef-4b8f-a095-febf84680af2[1m}[0m[2m:[0m [2mbraze_engine::hooks[0m[2m:[0m prompt budget breakdown (PromptBudgetAuditHook) [3msystem_tokens_est[0m[2m=[0m289 [3mtools_tokens_est[0m[2m=[0m1013 [3mhistory_tokens_est[0m[2m=[0m21 [3mtotal_tokens_est[0m[2m=[0m1323 [3mmessage_count[0m[2m=[0m1
-> ollama:qwen3.5-coder+plan:ollama:gemma4:e4b+ablate:task-list :: multi_step_sum_two_files (rep 1/5)
[2m2026-07-11T15:02:54.595491Z[0m [32m INFO[0m [1mturn[0m[1m{[0m[3msession[0m[2m=[0m5062e27a-04cd-4b28-9ea9-62a12cf08d5d[1m}[0m[2m:[0m [2mbraze_engine::engine[0m[2m:[0m plan delivered as typed tasks instead of prose (task list enabled) [3mseeded[0m[2m=[0m3
[2m2026-07-11T15:02:54.595890Z[0m [32m INFO[0m [1mturn[0m[1m{[0m[3msession[0m[2m=[0m5062e27a-04cd-4b28-9ea9-62a12cf08d5d[1m}[0m[2m:[0m [2mbraze_engine::hooks[0m[2m:[0m prompt budget breakdown (PromptBudgetAuditHook) [3msystem_tokens_est[0m[2m=[0m290 [3mtools_tokens_est[0m[2m=[0m1013 [3mhistory_tokens_est[0m[2m=[0m167 [3mtotal_tokens_est[0m[2m=[0m1470 [3mmessage_count[0m[2m=[0m2
[2m2026-07-11T15:03:27.481601Z[0m [32m INFO[0m [1mturn[0m[1m{[0m[3msession[0m[2m=[0m5062e27a-04cd-4b28-9ea9-62a12cf08d5d[1m}[0m[2m:[0m [2mbraze_engine::hooks[0m[2m:[0m prompt budget breakdown (PromptBudgetAuditHook) [3msystem_tokens_est[0m[2m=[0m290 [3mtools_tokens_est[0m[2m=[0m1013 [3mhistory_tokens_est[0m[2m=[0m211 [3mtotal_tokens_est[0m[2m=[0m1515 [3mmessage_count[0m[2m=[0m4
[2m2026-07-11T15:03:42.031688Z[0m [32m INFO[0m [1mturn[0m[1m{[0m[3msession[0m[2m=[0m5062e27a-04cd-4b28-9ea9-62a12cf08d5d[1m}[0m[2m:[0m [2mbraze_engine::hooks[0m[2m:[0m prompt budget breakdown (PromptBudgetAuditHook) [3msystem_tokens_est[0m[2m=[0m290 [3mtools_tokens_est[0m[2m=[0m1013 [3mhistory_tokens_est[0m[2m=[0m244 [3mtotal_tokens_est[0m[2m=[0m1548 [3mmessage_count[0m[2m=[0m6
[2m2026-07-11T15:04:03.647342Z[0m [32m INFO[0m [1mturn[0m[1m{[0m[3msession[0m[2m=[0m5062e27a-04cd-4b28-9ea9-62a12cf08d5d[1m}[0m[2m:[0m [2mbraze_engine::hooks[0m[2m:[0m prompt budget breakdown (PromptBudgetAuditHook) [3msystem_tokens_est[0m[2m=[0m290 [3mtools_tokens_est[0m[2m=[0m1013 [3mhistory_tokens_est[0m[2m=[0m252 [3mtotal_tokens_est[0m[2m=[0m1555 [3mmessage_count[0m[2m=[0m8
-> ollama:qwen3.5-coder+plan:ollama:gemma4:e4b+ablate:task-list :: multi_step_sum_two_files (rep 2/5)
[2m2026-07-11T15:04:50.604400Z[0m [32m INFO[0m [1mturn[0m[1m{[0m[3msession[0m[2m=[0meb59c148-c93d-4268-bbed-ce788b500f05[1m}[0m[2m:[0m [2mbraze_engine::engine[0m[2m:[0m plan delivered as typed tasks instead of prose (task list enabled) [3mseeded[0m[2m=[0m3
[2m2026-07-11T15:04:50.604842Z[0m [32m INFO[0m [1mturn[0m[1m{[0m[3msession[0m[2m=[0meb59c148-c93d-4268-bbed-ce788b500f05[1m}[0m[2m:[0m [2mbraze_engine::hooks[0m[2m:[0m prompt budget breakdown (PromptBudgetAuditHook) [3msystem_tokens_est[0m[2m=[0m290 [3mtools_tokens_est[0m[2m=[0m1013 [3mhistory_tokens_est[0m[2m=[0m155 [3mtotal_tokens_est[0m[2m=[0m1459 [3mmessage_count[0m[2m=[0m2
[2m2026-07-11T15:05:19.003497Z[0m [32m INFO[0m [1mturn[0m[1m{[0m[3msession[0m[2m=[0meb59c148-c93d-4268-bbed-ce788b500f05[1m}[0m[2m:[0m [2mbraze_engine::hooks[0m[2m:[0m prompt budget breakdown (PromptBudgetAuditHook) [3msystem_tokens_est[0m[2m=[0m290 [3mtools_tokens_est[0m[2m=[0m1013 [3mhistory_tokens_est[0m[2m=[0m274 [3mtotal_tokens_est[0m[2m=[0m1578 [3mmessage_count[0m[2m=[0m4
[2m2026-07-11T15:05:32.873290Z[0m [32m INFO[0m [1mturn[0m[1m{[0m[3msession[0m[2m=[0meb59c148-c93d-4268-bbed-ce788b500f05[1m}[0m[2m:[0m [2mbraze_engine::hooks[0m[2m:[0m prompt budget breakdown (PromptBudgetAuditHook) [3msystem_tokens_est[0m[2m=[0m290 [3mtools_tokens_est[0m[2m=[0m1013 [3mhistory_tokens_est[0m[2m=[0m304 [3mtotal_tokens_est[0m[2m=[0m1607 [3mmessage_count[0m[2m=[0m6
[2m2026-07-11T15:05:43.493280Z[0m [32m INFO[0m [1mturn[0m[1m{[0m[3msession[0m[2m=[0meb59c148-c93d-4268-bbed-ce788b500f05[1m}[0m[2m:[0m [2mbraze_engine::hooks[0m[2m:[0m prompt budget breakdown (PromptBudgetAuditHook) [3msystem_tokens_est[0m[2m=[0m290 [3mtools_tokens_est[0m[2m=[0m1013 [3mhistory_tokens_est[0m[2m=[0m337 [3mtotal_tokens_est[0m[2m=[0m1640 [3mmessage_count[0m[2m=[0m8
[2m2026-07-11T15:06:01.166329Z[0m [32m INFO[0m [1mturn[0m[1m{[0m[3msession[0m[2m=[0meb59c148-c93d-4268-bbed-ce788b500f05[1m}[0m[2m:[0m [2mbraze_engine::hooks[0m[2m:[0m prompt budget breakdown (PromptBudgetAuditHook) [3msystem_tokens_est[0m[2m=[0m290 [3mtools_tokens_est[0m[2m=[0m1013 [3mhistory_tokens_est[0m[2m=[0m449 [3mtotal_tokens_est[0m[2m=[0m1753 [3mmessage_count[0m[2m=[0m10
[2m2026-07-11T15:06:23.592274Z[0m [32m INFO[0m [1mturn[0m[1m{[0m[3msession[0m[2m=[0meb59c148-c93d-4268-bbed-ce788b500f05[1m}[0m[2m:[0m [2mbraze_engine::hooks[0m[2m:[0m prompt budget breakdown (PromptBudgetAuditHook) [3msystem_tokens_est[0m[2m=[0m290 [3mtools_tokens_est[0m[2m=[0m1013 [3mhistory_tokens_est[0m[2m=[0m457 [3mtotal_tokens_est[0m[2m=[0m1760 [3mmessage_count[0m[2m=[0m12
-> ollama:qwen3.5-coder+plan:ollama:gemma4:e4b+ablate:task-list :: multi_step_sum_two_files (rep 3/5)
[2m2026-07-11T15:07:01.662524Z[0m [32m INFO[0m [1mturn[0m[1m{[0m[3msession[0m[2m=[0m455ad5ed-6e42-451d-ad7b-978ebe71d975[1m}[0m[2m:[0m [2mbraze_engine::engine[0m[2m:[0m plan delivered as typed tasks instead of prose (task list enabled) [3mseeded[0m[2m=[0m4
[2m2026-07-11T15:07:01.662914Z[0m [32m INFO[0m [1mturn[0m[1m{[0m[3msession[0m[2m=[0m455ad5ed-6e42-451d-ad7b-978ebe71d975[1m}[0m[2m:[0m [2mbraze_engine::hooks[0m[2m:[0m prompt budget breakdown (PromptBudgetAuditHook) [3msystem_tokens_est[0m[2m=[0m290 [3mtools_tokens_est[0m[2m=[0m1013 [3mhistory_tokens_est[0m[2m=[0m148 [3mtotal_tokens_est[0m[2m=[0m1451 [3mmessage_count[0m[2m=[0m2
[2m2026-07-11T15:07:29.502434Z[0m [32m INFO[0m [1mturn[0m[1m{[0m[3msession[0m[2m=[0m455ad5ed-6e42-451d-ad7b-978ebe71d975[1m}[0m[2m:[0m [2mbraze_engine::hooks[0m[2m:[0m prompt budget breakdown (PromptBudgetAuditHook) [3msystem_tokens_est[0m[2m=[0m290 [3mtools_tokens_est[0m[2m=[0m1013 [3mhistory_tokens_est[0m[2m=[0m259 [3mtotal_tokens_est[0m[2m=[0m1562 [3mmessage_count[0m[2m=[0m4
[2m2026-07-11T15:07:43.946734Z[0m [32m INFO[0m [1mturn[0m[1m{[0m[3msession[0m[2m=[0m455ad5ed-6e42-451d-ad7b-978ebe71d975[1m}[0m[2m:[0m [2mbraze_engine::hooks[0m[2m:[0m prompt budget breakdown (PromptBudgetAuditHook) [3msystem_tokens_est[0m[2m=[0m290 [3mtools_tokens_est[0m[2m=[0m1013 [3mhistory_tokens_est[0m[2m=[0m281 [3mtotal_tokens_est[0m[2m=[0m1585 [3mmessage_count[0m[2m=[0m6
[2m2026-07-11T15:07:51.377699Z[0m [32m INFO[0m [1mturn[0m[1m{[0m[3msession[0m[2m=[0m455ad5ed-6e42-451d-ad7b-978ebe71d975[1m}[0m[2m:[0m [2mbraze_engine::hooks[0m[2m:[0m prompt budget breakdown (PromptBudgetAuditHook) [3msystem_tokens_est[0m[2m=[0m290 [3mtools_tokens_est[0m[2m=[0m1013 [3mhistory_tokens_est[0m[2m=[0m303 [3mtotal_tokens_est[0m[2m=[0m1607 [3mmessage_count[0m[2m=[0m8
[2m2026-07-11T15:08:02.070632Z[0m [32m INFO[0m [1mturn[0m[1m{[0m[3msession[0m[2m=[0m455ad5ed-6e42-451d-ad7b-978ebe71d975[1m}[0m[2m:[0m [2mbraze_engine::hooks[0m[2m:[0m prompt budget breakdown (PromptBudgetAuditHook) [3msystem_tokens_est[0m[2m=[0m290 [3mtools_tokens_est[0m[2m=[0m1013 [3mhistory_tokens_est[0m[2m=[0m408 [3mtotal_tokens_est[0m[2m=[0m1712 [3mmessage_count[0m[2m=[0m10
[2m2026-07-11T15:08:13.891222Z[0m [33m WARN[0m [1mturn[0m[1m{[0m[3msession[0m[2m=[0m455ad5ed-6e42-451d-ad7b-978ebe71d975[1m}[0m[2m:[0m [2mbraze_engine::engine[0m[2m:[0m model repeated an identical tool call this turn; nudging instead of re-dispatching [3mtool[0m[2m=[0mtask_update
[2m2026-07-11T15:08:13.893188Z[0m [32m INFO[0m [1mturn[0m[1m{[0m[3msession[0m[2m=[0m455ad5ed-6e42-451d-ad7b-978ebe71d975[1m}[0m[2m:[0m [2mbraze_engine::hooks[0m[2m:[0m prompt budget breakdown (PromptBudgetAuditHook) [3msystem_tokens_est[0m[2m=[0m290 [3mtools_tokens_est[0m[2m=[0m1013 [3mhistory_tokens_est[0m[2m=[0m476 [3mtotal_tokens_est[0m[2m=[0m1780 [3mmessage_count[0m[2m=[0m12
[2m2026-07-11T15:08:26.322557Z[0m [32m INFO[0m [1mturn[0m[1m{[0m[3msession[0m[2m=[0m455ad5ed-6e42-451d-ad7b-978ebe71d975[1m}[0m[2m:[0m [2mbraze_engine::hooks[0m[2m:[0m prompt budget breakdown (PromptBudgetAuditHook) [3msystem_tokens_est[0m[2m=[0m290 [3mtools_tokens_est[0m[2m=[0m1013 [3mhistory_tokens_est[0m[2m=[0m486 [3mtotal_tokens_est[0m[2m=[0m1790 [3mmessage_count[0m[2m=[0m14
-> ollama:qwen3.5-coder+plan:ollama:gemma4:e4b+ablate:task-list :: multi_step_sum_two_files (rep 4/5)
[2m2026-07-11T15:09:00.130524Z[0m [32m INFO[0m [1mturn[0m[1m{[0m[3msession[0m[2m=[0m55806304-d674-4df2-a6c3-6d701eada005[1m}[0m[2m:[0m [2mbraze_engine::engine[0m[2m:[0m plan delivered as typed tasks instead of prose (task list enabled) [3mseeded[0m[2m=[0m3
[2m2026-07-11T15:09:00.131577Z[0m [32m INFO[0m [1mturn[0m[1m{[0m[3msession[0m[2m=[0m55806304-d674-4df2-a6c3-6d701eada005[1m}[0m[2m:[0m [2mbraze_engine::hooks[0m[2m:[0m prompt budget breakdown (PromptBudgetAuditHook) [3msystem_tokens_est[0m[2m=[0m290 [3mtools_tokens_est[0m[2m=[0m1013 [3mhistory_tokens_est[0m[2m=[0m147 [3mtotal_tokens_est[0m[2m=[0m1451 [3mmessage_count[0m[2m=[0m2
[2m2026-07-11T15:09:27.049547Z[0m [32m INFO[0m [1mturn[0m[1m{[0m[3msession[0m[2m=[0m55806304-d674-4df2-a6c3-6d701eada005[1m}[0m[2m:[0m [2mbraze_engine::hooks[0m[2m:[0m prompt budget breakdown (PromptBudgetAuditHook) [3msystem_tokens_est[0m[2m=[0m290 [3mtools_tokens_est[0m[2m=[0m1013 [3mhistory_tokens_est[0m[2m=[0m258 [3mtotal_tokens_est[0m[2m=[0m1562 [3mmessage_count[0m[2m=[0m4
[2m2026-07-11T15:09:39.849938Z[0m [32m INFO[0m [1mturn[0m[1m{[0m[3msession[0m[2m=[0m55806304-d674-4df2-a6c3-6d701eada005[1m}[0m[2m:[0m [2mbraze_engine::hooks[0m[2m:[0m prompt budget breakdown (PromptBudgetAuditHook) [3msystem_tokens_est[0m[2m=[0m290 [3mtools_tokens_est[0m[2m=[0m1013 [3mhistory_tokens_est[0m[2m=[0m280 [3mtotal_tokens_est[0m[2m=[0m1584 [3mmessage_count[0m[2m=[0m6
[2m2026-07-11T15:09:47.278055Z[0m [32m INFO[0m [1mturn[0m[1m{[0m[3msession[0m[2m=[0m55806304-d674-4df2-a6c3-6d701eada005[1m}[0m[2m:[0m [2mbraze_engine::hooks[0m[2m:[0m prompt budget breakdown (PromptBudgetAuditHook) [3msystem_tokens_est[0m[2m=[0m290 [3mtools_tokens_est[0m[2m=[0m1013 [3mhistory_tokens_est[0m[2m=[0m303 [3mtotal_tokens_est[0m[2m=[0m1606 [3mmessage_count[0m[2m=[0m8
[2m2026-07-11T15:09:58.012184Z[0m [32m INFO[0m [1mturn[0m[1m{[0m[3msession[0m[2m=[0m55806304-d674-4df2-a6c3-6d701eada005[1m}[0m[2m:[0m [2mbraze_engine::hooks[0m[2m:[0m prompt budget breakdown (PromptBudgetAuditHook) [3msystem_tokens_est[0m[2m=[0m290 [3mtools_tokens_est[0m[2m=[0m1013 [3mhistory_tokens_est[0m[2m=[0m336 [3mtotal_tokens_est[0m[2m=[0m1639 [3mmessage_count[0m[2m=[0m10
[2m2026-07-11T15:10:12.148936Z[0m [32m INFO[0m [1mturn[0m[1m{[0m[3msession[0m[2m=[0m55806304-d674-4df2-a6c3-6d701eada005[1m}[0m[2m:[0m [2mbraze_engine::hooks[0m[2m:[0m prompt budget breakdown (PromptBudgetAuditHook) [3msystem_tokens_est[0m[2m=[0m290 [3mtools_tokens_est[0m[2m=[0m1013 [3mhistory_tokens_est[0m[2m=[0m440 [3mtotal_tokens_est[0m[2m=[0m1744 [3mmessage_count[0m[2m=[0m12
-> ollama:qwen3.5-coder+plan:ollama:gemma4:e4b+ablate:task-list :: multi_step_sum_two_files (rep 5/5)
[2m2026-07-11T15:11:04.124883Z[0m [32m INFO[0m [1mturn[0m[1m{[0m[3msession[0m[2m=[0m99dc1a8b-e221-48e4-91b3-fc4f748add1e[1m}[0m[2m:[0m [2mbraze_engine::engine[0m[2m:[0m plan delivered as typed tasks instead of prose (task list enabled) [3mseeded[0m[2m=[0m3
[2m2026-07-11T15:11:04.125988Z[0m [32m INFO[0m [1mturn[0m[1m{[0m[3msession[0m[2m=[0m99dc1a8b-e221-48e4-91b3-fc4f748add1e[1m}[0m[2m:[0m [2mbraze_engine::hooks[0m[2m:[0m prompt budget breakdown (PromptBudgetAuditHook) [3msystem_tokens_est[0m[2m=[0m290 [3mtools_tokens_est[0m[2m=[0m1013 [3mhistory_tokens_est[0m[2m=[0m154 [3mtotal_tokens_est[0m[2m=[0m1458 [3mmessage_count[0m[2m=[0m2
[2m2026-07-11T15:11:31.945861Z[0m [32m INFO[0m [1mturn[0m[1m{[0m[3msession[0m[2m=[0m99dc1a8b-e221-48e4-91b3-fc4f748add1e[1m}[0m[2m:[0m [2mbraze_engine::hooks[0m[2m:[0m prompt budget breakdown (PromptBudgetAuditHook) [3msystem_tokens_est[0m[2m=[0m290 [3mtools_tokens_est[0m[2m=[0m1013 [3mhistory_tokens_est[0m[2m=[0m272 [3mtotal_tokens_est[0m[2m=[0m1576 [3mmessage_count[0m[2m=[0m4
[2m2026-07-11T15:11:48.177323Z[0m [32m INFO[0m [1mturn[0m[1m{[0m[3msession[0m[2m=[0m99dc1a8b-e221-48e4-91b3-fc4f748add1e[1m}[0m[2m:[0m [2mbraze_engine::hooks[0m[2m:[0m prompt budget breakdown (PromptBudgetAuditHook) [3msystem_tokens_est[0m[2m=[0m290 [3mtools_tokens_est[0m[2m=[0m1013 [3mhistory_tokens_est[0m[2m=[0m302 [3mtotal_tokens_est[0m[2m=[0m1605 [3mmessage_count[0m[2m=[0m6
[2m2026-07-11T15:11:59.344509Z[0m [32m INFO[0m [1mturn[0m[1m{[0m[3msession[0m[2m=[0m99dc1a8b-e221-48e4-91b3-fc4f748add1e[1m}[0m[2m:[0m [2mbraze_engine::hooks[0m[2m:[0m prompt budget breakdown (PromptBudgetAuditHook) [3msystem_tokens_est[0m[2m=[0m290 [3mtools_tokens_est[0m[2m=[0m1013 [3mhistory_tokens_est[0m[2m=[0m413 [3mtotal_tokens_est[0m[2m=[0m1717 [3mmessage_count[0m[2m=[0m8
[2m2026-07-11T15:12:10.969405Z[0m [32m INFO[0m [1mturn[0m[1m{[0m[3msession[0m[2m=[0m99dc1a8b-e221-48e4-91b3-fc4f748add1e[1m}[0m[2m:[0m [2mbraze_engine::hooks[0m[2m:[0m prompt budget breakdown (PromptBudgetAuditHook) [3msystem_tokens_est[0m[2m=[0m290 [3mtools_tokens_est[0m[2m=[0m1013 [3mhistory_tokens_est[0m[2m=[0m446 [3mtotal_tokens_est[0m[2m=[0m1750 [3mmessage_count[0m[2m=[0m10
-> ollama:qwen3.5-coder+plan:ollama:gemma4:e4b+ablate:task-list :: multi_step_multiply_and_write (rep 1/5)
[2m2026-07-11T15:12:42.250047Z[0m [32m INFO[0m [1mturn[0m[1m{[0m[3msession[0m[2m=[0m8b05cce0-b9ae-41a8-9140-867ce67c8bc1[1m}[0m[2m:[0m [2mbraze_engine::engine[0m[2m:[0m plan delivered as typed tasks instead of prose (task list enabled) [3mseeded[0m[2m=[0m3
[2m2026-07-11T15:12:42.251203Z[0m [32m INFO[0m [1mturn[0m[1m{[0m[3msession[0m[2m=[0m8b05cce0-b9ae-41a8-9140-867ce67c8bc1[1m}[0m[2m:[0m [2mbraze_engine::hooks[0m[2m:[0m prompt budget breakdown (PromptBudgetAuditHook) [3msystem_tokens_est[0m[2m=[0m291 [3mtools_tokens_est[0m[2m=[0m1013 [3mhistory_tokens_est[0m[2m=[0m160 [3mtotal_tokens_est[0m[2m=[0m1465 [3mmessage_count[0m[2m=[0m2
[2m2026-07-11T15:13:06.026658Z[0m [32m INFO[0m [1mturn[0m[1m{[0m[3msession[0m[2m=[0m8b05cce0-b9ae-41a8-9140-867ce67c8bc1[1m}[0m[2m:[0m [2mbraze_engine::hooks[0m[2m:[0m prompt budget breakdown (PromptBudgetAuditHook) [3msystem_tokens_est[0m[2m=[0m291 [3mtools_tokens_est[0m[2m=[0m1013 [3mhistory_tokens_est[0m[2m=[0m168 [3mtotal_tokens_est[0m[2m=[0m1473 [3mmessage_count[0m[2m=[0m4
[2m2026-07-11T15:13:16.662747Z[0m [32m INFO[0m [1mturn[0m[1m{[0m[3msession[0m[2m=[0m8b05cce0-b9ae-41a8-9140-867ce67c8bc1[1m}[0m[2m:[0m [2mbraze_engine::hooks[0m[2m:[0m prompt budget breakdown (PromptBudgetAuditHook) [3msystem_tokens_est[0m[2m=[0m291 [3mtools_tokens_est[0m[2m=[0m1013 [3mhistory_tokens_est[0m[2m=[0m198 [3mtotal_tokens_est[0m[2m=[0m1503 [3mmessage_count[0m[2m=[0m6
[2m2026-07-11T15:13:30.697033Z[0m [32m INFO[0m [1mturn[0m[1m{[0m[3msession[0m[2m=[0m8b05cce0-b9ae-41a8-9140-867ce67c8bc1[1m}[0m[2m:[0m [2mbraze_engine::hooks[0m[2m:[0m prompt budget breakdown (PromptBudgetAuditHook) [3msystem_tokens_est[0m[2m=[0m291 [3mtools_tokens_est[0m[2m=[0m1013 [3mhistory_tokens_est[0m[2m=[0m236 [3mtotal_tokens_est[0m[2m=[0m1541 [3mmessage_count[0m[2m=[0m8
-> ollama:qwen3.5-coder+plan:ollama:gemma4:e4b+ablate:task-list :: multi_step_multiply_and_write (rep 2/5)
[2m2026-07-11T15:14:03.681609Z[0m [32m INFO[0m [1mturn[0m[1m{[0m[3msession[0m[2m=[0ma25082e5-6b8a-411e-8b1d-e1f552941fbc[1m}[0m[2m:[0m [2mbraze_engine::engine[0m[2m:[0m plan delivered as typed tasks instead of prose (task list enabled) [3mseeded[0m[2m=[0m3
[2m2026-07-11T15:14:03.682423Z[0m [32m INFO[0m [1mturn[0m[1m{[0m[3msession[0m[2m=[0ma25082e5-6b8a-411e-8b1d-e1f552941fbc[1m}[0m[2m:[0m [2mbraze_engine::hooks[0m[2m:[0m prompt budget breakdown (PromptBudgetAuditHook) [3msystem_tokens_est[0m[2m=[0m291 [3mtools_tokens_est[0m[2m=[0m1013 [3mhistory_tokens_est[0m[2m=[0m146 [3mtotal_tokens_est[0m[2m=[0m1451 [3mmessage_count[0m[2m=[0m2
[2m2026-07-11T15:14:31.699716Z[0m [32m INFO[0m [1mturn[0m[1m{[0m[3msession[0m[2m=[0ma25082e5-6b8a-411e-8b1d-e1f552941fbc[1m}[0m[2m:[0m [2mbraze_engine::hooks[0m[2m:[0m prompt budget breakdown (PromptBudgetAuditHook) [3msystem_tokens_est[0m[2m=[0m291 [3mtools_tokens_est[0m[2m=[0m1013 [3mhistory_tokens_est[0m[2m=[0m260 [3mtotal_tokens_est[0m[2m=[0m1565 [3mmessage_count[0m[2m=[0m6
[2m2026-07-11T15:14:44.577422Z[0m [32m INFO[0m [1mturn[0m[1m{[0m[3msession[0m[2m=[0ma25082e5-6b8a-411e-8b1d-e1f552941fbc[1m}[0m[2m:[0m [2mbraze_engine::hooks[0m[2m:[0m prompt budget breakdown (PromptBudgetAuditHook) [3msystem_tokens_est[0m[2m=[0m291 [3mtools_tokens_est[0m[2m=[0m1013 [3mhistory_tokens_est[0m[2m=[0m359 [3mtotal_tokens_est[0m[2m=[0m1664 [3mmessage_count[0m[2m=[0m8
[2m2026-07-11T15:14:57.394420Z[0m [32m INFO[0m [1mturn[0m[1m{[0m[3msession[0m[2m=[0ma25082e5-6b8a-411e-8b1d-e1f552941fbc[1m}[0m[2m:[0m [2mbraze_engine::hooks[0m[2m:[0m prompt budget breakdown (PromptBudgetAuditHook) [3msystem_tokens_est[0m[2m=[0m291 [3mtools_tokens_est[0m[2m=[0m1013 [3mhistory_tokens_est[0m[2m=[0m459 [3mtotal_tokens_est[0m[2m=[0m1764 [3mmessage_count[0m[2m=[0m10
[2m2026-07-11T15:15:08.525962Z[0m [32m INFO[0m [1mturn[0m[1m{[0m[3msession[0m[2m=[0ma25082e5-6b8a-411e-8b1d-e1f552941fbc[1m}[0m[2m:[0m [2mbraze_engine::hooks[0m[2m:[0m prompt budget breakdown (PromptBudgetAuditHook) [3msystem_tokens_est[0m[2m=[0m291 [3mtools_tokens_est[0m[2m=[0m1013 [3mhistory_tokens_est[0m[2m=[0m467 [3mtotal_tokens_est[0m[2m=[0m1772 [3mmessage_count[0m[2m=[0m11
[2m2026-07-11T15:15:19.616834Z[0m [32m INFO[0m [1mturn[0m[1m{[0m[3msession[0m[2m=[0ma25082e5-6b8a-411e-8b1d-e1f552941fbc[1m}[0m[2m:[0m [2mbraze_engine::hooks[0m[2m:[0m prompt budget breakdown (PromptBudgetAuditHook) [3msystem_tokens_est[0m[2m=[0m291 [3mtools_tokens_est[0m[2m=[0m1013 [3mhistory_tokens_est[0m[2m=[0m487 [3mtotal_tokens_est[0m[2m=[0m1792 [3mmessage_count[0m[2m=[0m13
-> ollama:qwen3.5-coder+plan:ollama:gemma4:e4b+ablate:task-list :: multi_step_multiply_and_write (rep 3/5)
[2m2026-07-11T15:15:55.314901Z[0m [32m INFO[0m [1mturn[0m[1m{[0m[3msession[0m[2m=[0m438146b7-a942-4efa-9983-828b0ac6659d[1m}[0m[2m:[0m [2mbraze_engine::engine[0m[2m:[0m plan delivered as typed tasks instead of prose (task list enabled) [3mseeded[0m[2m=[0m3
[2m2026-07-11T15:15:55.316740Z[0m [32m INFO[0m [1mturn[0m[1m{[0m[3msession[0m[2m=[0m438146b7-a942-4efa-9983-828b0ac6659d[1m}[0m[2m:[0m [2mbraze_engine::hooks[0m[2m:[0m prompt budget breakdown (PromptBudgetAuditHook) [3msystem_tokens_est[0m[2m=[0m291 [3mtools_tokens_est[0m[2m=[0m1013 [3mhistory_tokens_est[0m[2m=[0m149 [3mtotal_tokens_est[0m[2m=[0m1454 [3mmessage_count[0m[2m=[0m2
[2m2026-07-11T15:16:21.902368Z[0m [32m INFO[0m [1mturn[0m[1m{[0m[3msession[0m[2m=[0m438146b7-a942-4efa-9983-828b0ac6659d[1m}[0m[2m:[0m [2mbraze_engine::hooks[0m[2m:[0m prompt budget breakdown (PromptBudgetAuditHook) [3msystem_tokens_est[0m[2m=[0m291 [3mtools_tokens_est[0m[2m=[0m1013 [3mhistory_tokens_est[0m[2m=[0m257 [3mtotal_tokens_est[0m[2m=[0m1562 [3mmessage_count[0m[2m=[0m4
[2m2026-07-11T15:16:32.411288Z[0m [32m INFO[0m [1mturn[0m[1m{[0m[3msession[0m[2m=[0m438146b7-a942-4efa-9983-828b0ac6659d[1m}[0m[2m:[0m [2mbraze_engine::hooks[0m[2m:[0m prompt budget breakdown (PromptBudgetAuditHook) [3msystem_tokens_est[0m[2m=[0m291 [3mtools_tokens_est[0m[2m=[0m1013 [3mhistory_tokens_est[0m[2m=[0m265 [3mtotal_tokens_est[0m[2m=[0m1570 [3mmessage_count[0m[2m=[0m6
[2m2026-07-11T15:16:46.301979Z[0m [32m INFO[0m [1mturn[0m[1m{[0m[3msession[0m[2m=[0m438146b7-a942-4efa-9983-828b0ac6659d[1m}[0m[2m:[0m [2mbraze_engine::hooks[0m[2m:[0m prompt budget breakdown (PromptBudgetAuditHook) [3msystem_tokens_est[0m[2m=[0m291 [3mtools_tokens_est[0m[2m=[0m1013 [3mhistory_tokens_est[0m[2m=[0m367 [3mtotal_tokens_est[0m[2m=[0m1672 [3mmessage_count[0m[2m=[0m8
[2m2026-07-11T15:16:59.374303Z[0m [32m INFO[0m [1mturn[0m[1m{[0m[3msession[0m[2m=[0m438146b7-a942-4efa-9983-828b0ac6659d[1m}[0m[2m:[0m [2mbraze_engine::hooks[0m[2m:[0m prompt budget breakdown (PromptBudgetAuditHook) [3msystem_tokens_est[0m[2m=[0m291 [3mtools_tokens_est[0m[2m=[0m1013 [3mhistory_tokens_est[0m[2m=[0m470 [3mtotal_tokens_est[0m[2m=[0m1775 [3mmessage_count[0m[2m=[0m10
[2m2026-07-11T15:17:11.162593Z[0m [32m INFO[0m [1mturn[0m[1m{[0m[3msession[0m[2m=[0m438146b7-a942-4efa-9983-828b0ac6659d[1m}[0m[2m:[0m [2mbraze_engine::hooks[0m[2m:[0m prompt budget breakdown (PromptBudgetAuditHook) [3msystem_tokens_est[0m[2m=[0m291 [3mtools_tokens_est[0m[2m=[0m1013 [3mhistory_tokens_est[0m[2m=[0m478 [3mtotal_tokens_est[0m[2m=[0m1783 [3mmessage_count[0m[2m=[0m11
[2m2026-07-11T15:17:24.257227Z[0m [32m INFO[0m [1mturn[0m[1m{[0m[3msession[0m[2m=[0m438146b7-a942-4efa-9983-828b0ac6659d[1m}[0m[2m:[0m [2mbraze_engine::hooks[0m[2m:[0m prompt budget breakdown (PromptBudgetAuditHook) [3msystem_tokens_est[0m[2m=[0m291 [3mtools_tokens_est[0m[2m=[0m1013 [3mhistory_tokens_est[0m[2m=[0m481 [3mtotal_tokens_est[0m[2m=[0m1786 [3mmessage_count[0m[2m=[0m13
[2m2026-07-11T15:17:33.447120Z[0m [32m INFO[0m [1mturn[0m[1m{[0m[3msession[0m[2m=[0m438146b7-a942-4efa-9983-828b0ac6659d[1m}[0m[2m:[0m [2mbraze_engine::hooks[0m[2m:[0m prompt budget breakdown (PromptBudgetAuditHook) [3msystem_tokens_est[0m[2m=[0m291 [3mtools_tokens_est[0m[2m=[0m1013 [3mhistory_tokens_est[0m[2m=[0m484 [3mtotal_tokens_est[0m[2m=[0m1789 [3mmessage_count[0m[2m=[0m16
[2m2026-07-11T15:17:52.280330Z[0m [32m INFO[0m [1mturn[0m[1m{[0m[3msession[0m[2m=[0m438146b7-a942-4efa-9983-828b0ac6659d[1m}[0m[2m:[0m [2mbraze_engine::hooks[0m[2m:[0m prompt budget breakdown (PromptBudgetAuditHook) [3msystem_tokens_est[0m[2m=[0m291 [3mtools_tokens_est[0m[2m=[0m1013 [3mhistory_tokens_est[0m[2m=[0m526 [3mtotal_tokens_est[0m[2m=[0m1831 [3mmessage_count[0m[2m=[0m18
[2m2026-07-11T15:18:02.943762Z[0m [32m INFO[0m [1mturn[0m[1m{[0m[3msession[0m[2m=[0m438146b7-a942-4efa-9983-828b0ac6659d[1m}[0m[2m:[0m [2mbraze_engine::hooks[0m[2m:[0m prompt budget breakdown (PromptBudgetAuditHook) [3msystem_tokens_est[0m[2m=[0m291 [3mtools_tokens_est[0m[2m=[0m1013 [3mhistory_tokens_est[0m[2m=[0m464 [3mtotal_tokens_est[0m[2m=[0m1769 [3mmessage_count[0m[2m=[0m20
-> ollama:qwen3.5-coder+plan:ollama:gemma4:e4b+ablate:task-list :: multi_step_multiply_and_write (rep 4/5)
[2m2026-07-11T15:18:32.404187Z[0m [32m INFO[0m [1mturn[0m[1m{[0m[3msession[0m[2m=[0mfa1637c2-8362-44cf-997e-fd0afd06b4b0[1m}[0m[2m:[0m [2mbraze_engine::engine[0m[2m:[0m plan delivered as typed tasks instead of prose (task list enabled) [3mseeded[0m[2m=[0m3
[2m2026-07-11T15:18:32.405259Z[0m [32m INFO[0m [1mturn[0m[1m{[0m[3msession[0m[2m=[0mfa1637c2-8362-44cf-997e-fd0afd06b4b0[1m}[0m[2m:[0m [2mbraze_engine::hooks[0m[2m:[0m prompt budget breakdown (PromptBudgetAuditHook) [3msystem_tokens_est[0m[2m=[0m291 [3mtools_tokens_est[0m[2m=[0m1013 [3mhistory_tokens_est[0m[2m=[0m142 [3mtotal_tokens_est[0m[2m=[0m1447 [3mmessage_count[0m[2m=[0m2
[2m2026-07-11T15:18:59.973479Z[0m [32m INFO[0m [1mturn[0m[1m{[0m[3msession[0m[2m=[0mfa1637c2-8362-44cf-997e-fd0afd06b4b0[1m}[0m[2m:[0m [2mbraze_engine::hooks[0m[2m:[0m prompt budget breakdown (PromptBudgetAuditHook) [3msystem_tokens_est[0m[2m=[0m291 [3mtools_tokens_est[0m[2m=[0m1013 [3mhistory_tokens_est[0m[2m=[0m253 [3mtotal_tokens_est[0m[2m=[0m1558 [3mmessage_count[0m[2m=[0m6
[2m2026-07-11T15:19:11.925247Z[0m [32m INFO[0m [1mturn[0m[1m{[0m[3msession[0m[2m=[0mfa1637c2-8362-44cf-997e-fd0afd06b4b0[1m}[0m[2m:[0m [2mbraze_engine::hooks[0m[2m:[0m prompt budget breakdown (PromptBudgetAuditHook) [3msystem_tokens_est[0m[2m=[0m291 [3mtools_tokens_est[0m[2m=[0m1013 [3mhistory_tokens_est[0m[2m=[0m349 [3mtotal_tokens_est[0m[2m=[0m1654 [3mmessage_count[0m[2m=[0m8
[2m2026-07-11T15:19:26.684170Z[0m [32m INFO[0m [1mturn[0m[1m{[0m[3msession[0m[2m=[0mfa1637c2-8362-44cf-997e-fd0afd06b4b0[1m}[0m[2m:[0m [2mbraze_engine::hooks[0m[2m:[0m prompt budget breakdown (PromptBudgetAuditHook) [3msystem_tokens_est[0m[2m=[0m291 [3mtools_tokens_est[0m[2m=[0m1013 [3mhistory_tokens_est[0m[2m=[0m450 [3mtotal_tokens_est[0m[2m=[0m1755 [3mmessage_count[0m[2m=[0m10
[2m2026-07-11T15:19:38.715783Z[0m [32m INFO[0m [1mturn[0m[1m{[0m[3msession[0m[2m=[0mfa1637c2-8362-44cf-997e-fd0afd06b4b0[1m}[0m[2m:[0m [2mbraze_engine::hooks[0m[2m:[0m prompt budget breakdown (PromptBudgetAuditHook) [3msystem_tokens_est[0m[2m=[0m291 [3mtools_tokens_est[0m[2m=[0m1013 [3mhistory_tokens_est[0m[2m=[0m545 [3mtotal_tokens_est[0m[2m=[0m1850 [3mmessage_count[0m[2m=[0m12
[2m2026-07-11T15:19:50.655901Z[0m [32m INFO[0m [1mturn[0m[1m{[0m[3msession[0m[2m=[0mfa1637c2-8362-44cf-997e-fd0afd06b4b0[1m}[0m[2m:[0m [2mbraze_engine::hooks[0m[2m:[0m prompt budget breakdown (PromptBudgetAuditHook) [3msystem_tokens_est[0m[2m=[0m291 [3mtools_tokens_est[0m[2m=[0m1013 [3mhistory_tokens_est[0m[2m=[0m632 [3mtotal_tokens_est[0m[2m=[0m1937 [3mmessage_count[0m[2m=[0m14
[2m2026-07-11T15:20:04.552742Z[0m [32m INFO[0m [1mturn[0m[1m{[0m[3msession[0m[2m=[0mfa1637c2-8362-44cf-997e-fd0afd06b4b0[1m}[0m[2m:[0m [2mbraze_engine::hooks[0m[2m:[0m prompt budget breakdown (PromptBudgetAuditHook) [3msystem_tokens_est[0m[2m=[0m291 [3mtools_tokens_est[0m[2m=[0m1013 [3mhistory_tokens_est[0m[2m=[0m669 [3mtotal_tokens_est[0m[2m=[0m1974 [3mmessage_count[0m[2m=[0m16
[2m2026-07-11T15:20:12.691817Z[0m [32m INFO[0m [1mturn[0m[1m{[0m[3msession[0m[2m=[0mfa1637c2-8362-44cf-997e-fd0afd06b4b0[1m}[0m[2m:[0m [2mbraze_engine::hooks[0m[2m:[0m prompt budget breakdown (PromptBudgetAuditHook) [3msystem_tokens_est[0m[2m=[0m291 [3mtools_tokens_est[0m[2m=[0m1013 [3mhistory_tokens_est[0m[2m=[0m644 [3mtotal_tokens_est[0m[2m=[0m1949 [3mmessage_count[0m[2m=[0m18
-> ollama:qwen3.5-coder+plan:ollama:gemma4:e4b+ablate:task-list :: multi_step_multiply_and_write (rep 5/5)
[2m2026-07-11T15:20:46.574214Z[0m [32m INFO[0m [1mturn[0m[1m{[0m[3msession[0m[2m=[0m19fff30a-1e13-43b9-ad8f-18ed22ab4e81[1m}[0m[2m:[0m [2mbraze_engine::engine[0m[2m:[0m plan delivered as typed tasks instead of prose (task list enabled) [3mseeded[0m[2m=[0m3
[2m2026-07-11T15:20:46.574558Z[0m [32m INFO[0m [1mturn[0m[1m{[0m[3msession[0m[2m=[0m19fff30a-1e13-43b9-ad8f-18ed22ab4e81[1m}[0m[2m:[0m [2mbraze_engine::hooks[0m[2m:[0m prompt budget breakdown (PromptBudgetAuditHook) [3msystem_tokens_est[0m[2m=[0m291 [3mtools_tokens_est[0m[2m=[0m1013 [3mhistory_tokens_est[0m[2m=[0m143 [3mtotal_tokens_est[0m[2m=[0m1448 [3mmessage_count[0m[2m=[0m2
[2m2026-07-11T15:21:10.029047Z[0m [32m INFO[0m [1mturn[0m[1m{[0m[3msession[0m[2m=[0m19fff30a-1e13-43b9-ad8f-18ed22ab4e81[1m}[0m[2m:[0m [2mbraze_engine::hooks[0m[2m:[0m prompt budget breakdown (PromptBudgetAuditHook) [3msystem_tokens_est[0m[2m=[0m291 [3mtools_tokens_est[0m[2m=[0m1013 [3mhistory_tokens_est[0m[2m=[0m151 [3mtotal_tokens_est[0m[2m=[0m1456 [3mmessage_count[0m[2m=[0m4
[2m2026-07-11T15:21:21.167186Z[0m [32m INFO[0m [1mturn[0m[1m{[0m[3msession[0m[2m=[0m19fff30a-1e13-43b9-ad8f-18ed22ab4e81[1m}[0m[2m:[0m [2mbraze_engine::hooks[0m[2m:[0m prompt budget breakdown (PromptBudgetAuditHook) [3msystem_tokens_est[0m[2m=[0m291 [3mtools_tokens_est[0m[2m=[0m1013 [3mhistory_tokens_est[0m[2m=[0m188 [3mtotal_tokens_est[0m[2m=[0m1493 [3mmessage_count[0m[2m=[0m6
[2m2026-07-11T15:21:46.563239Z[0m [32m INFO[0m [1mturn[0m[1m{[0m[3msession[0m[2m=[0m19fff30a-1e13-43b9-ad8f-18ed22ab4e81[1m}[0m[2m:[0m [2mbraze_engine::hooks[0m[2m:[0m prompt budget breakdown (PromptBudgetAuditHook) [3msystem_tokens_est[0m[2m=[0m291 [3mtools_tokens_est[0m[2m=[0m1013 [3mhistory_tokens_est[0m[2m=[0m390 [3mtotal_tokens_est[0m[2m=[0m1695 [3mmessage_count[0m[2m=[0m11
-> ollama:qwen3.5-coder+plan:ollama:gemma4:e4b+ablate:task-list :: error_recovery_wrong_config_extension (rep 1/5)
[2m2026-07-11T15:22:11.773252Z[0m [32m INFO[0m [1mturn[0m[1m{[0m[3msession[0m[2m=[0mc74d790b-f9e1-415e-a202-ace15d6aa0a9[1m}[0m[2m:[0m [2mbraze_engine::engine[0m[2m:[0m plan delivered as typed tasks instead of prose (task list enabled) [3mseeded[0m[2m=[0m3
[2m2026-07-11T15:22:11.774556Z[0m [32m INFO[0m [1mturn[0m[1m{[0m[3msession[0m[2m=[0mc74d790b-f9e1-415e-a202-ace15d6aa0a9[1m}[0m[2m:[0m [2mbraze_engine::hooks[0m[2m:[0m prompt budget breakdown (PromptBudgetAuditHook) [3msystem_tokens_est[0m[2m=[0m293 [3mtools_tokens_est[0m[2m=[0m1013 [3mhistory_tokens_est[0m[2m=[0m132 [3mtotal_tokens_est[0m[2m=[0m1439 [3mmessage_count[0m[2m=[0m2
[2m2026-07-11T15:22:36.459325Z[0m [32m INFO[0m [1mturn[0m[1m{[0m[3msession[0m[2m=[0mc74d790b-f9e1-415e-a202-ace15d6aa0a9[1m}[0m[2m:[0m [2mbraze_engine::hooks[0m[2m:[0m prompt budget breakdown (PromptBudgetAuditHook) [3msystem_tokens_est[0m[2m=[0m293 [3mtools_tokens_est[0m[2m=[0m1013 [3mhistory_tokens_est[0m[2m=[0m161 [3mtotal_tokens_est[0m[2m=[0m1468 [3mmessage_count[0m[2m=[0m4
[2m2026-07-11T15:22:43.370194Z[0m [32m INFO[0m [1mturn[0m[1m{[0m[3msession[0m[2m=[0mc74d790b-f9e1-415e-a202-ace15d6aa0a9[1m}[0m[2m:[0m [2mbraze_engine::hooks[0m[2m:[0m prompt budget breakdown (PromptBudgetAuditHook) [3msystem_tokens_est[0m[2m=[0m293 [3mtools_tokens_est[0m[2m=[0m1013 [3mhistory_tokens_est[0m[2m=[0m172 [3mtotal_tokens_est[0m[2m=[0m1479 [3mmessage_count[0m[2m=[0m6
-> ollama:qwen3.5-coder+plan:ollama:gemma4:e4b+ablate:task-list :: error_recovery_wrong_config_extension (rep 2/5)
[2m2026-07-11T15:23:07.492811Z[0m [32m INFO[0m [1mturn[0m[1m{[0m[3msession[0m[2m=[0me38106c8-d5ed-4cd8-b776-1f6f1757ef63[1m}[0m[2m:[0m [2mbraze_engine::engine[0m[2m:[0m plan delivered as typed tasks instead of prose (task list enabled) [3mseeded[0m[2m=[0m3
[2m2026-07-11T15:23:07.493797Z[0m [32m INFO[0m [1mturn[0m[1m{[0m[3msession[0m[2m=[0me38106c8-d5ed-4cd8-b776-1f6f1757ef63[1m}[0m[2m:[0m [2mbraze_engine::hooks[0m[2m:[0m prompt budget breakdown (PromptBudgetAuditHook) [3msystem_tokens_est[0m[2m=[0m293 [3mtools_tokens_est[0m[2m=[0m1013 [3mhistory_tokens_est[0m[2m=[0m133 [3mtotal_tokens_est[0m[2m=[0m1440 [3mmessage_count[0m[2m=[0m2
[2m2026-07-11T15:23:31.345835Z[0m [32m INFO[0m [1mturn[0m[1m{[0m[3msession[0m[2m=[0me38106c8-d5ed-4cd8-b776-1f6f1757ef63[1m}[0m[2m:[0m [2mbraze_engine::hooks[0m[2m:[0m prompt budget breakdown (PromptBudgetAuditHook) [3msystem_tokens_est[0m[2m=[0m293 [3mtools_tokens_est[0m[2m=[0m1013 [3mhistory_tokens_est[0m[2m=[0m161 [3mtotal_tokens_est[0m[2m=[0m1468 [3mmessage_count[0m[2m=[0m4
[2m2026-07-11T15:23:39.203922Z[0m [32m INFO[0m [1mturn[0m[1m{[0m[3msession[0m[2m=[0me38106c8-d5ed-4cd8-b776-1f6f1757ef63[1m}[0m[2m:[0m [2mbraze_engine::hooks[0m[2m:[0m prompt budget breakdown (PromptBudgetAuditHook) [3msystem_tokens_est[0m[2m=[0m293 [3mtools_tokens_est[0m[2m=[0m1013 [3mhistory_tokens_est[0m[2m=[0m172 [3mtotal_tokens_est[0m[2m=[0m1479 [3mmessage_count[0m[2m=[0m6
-> ollama:qwen3.5-coder+plan:ollama:gemma4:e4b+ablate:task-list :: error_recovery_wrong_config_extension (rep 3/5)
[2m2026-07-11T15:24:04.063456Z[0m [32m INFO[0m [1mturn[0m[1m{[0m[3msession[0m[2m=[0mcae9fd53-a137-46a3-8f4e-78ee82e66d94[1m}[0m[2m:[0m [2mbraze_engine::engine[0m[2m:[0m plan delivered as typed tasks instead of prose (task list enabled) [3mseeded[0m[2m=[0m3
[2m2026-07-11T15:24:04.064358Z[0m [32m INFO[0m [1mturn[0m[1m{[0m[3msession[0m[2m=[0mcae9fd53-a137-46a3-8f4e-78ee82e66d94[1m}[0m[2m:[0m [2mbraze_engine::hooks[0m[2m:[0m prompt budget breakdown (PromptBudgetAuditHook) [3msystem_tokens_est[0m[2m=[0m293 [3mtools_tokens_est[0m[2m=[0m1013 [3mhistory_tokens_est[0m[2m=[0m151 [3mtotal_tokens_est[0m[2m=[0m1458 [3mmessage_count[0m[2m=[0m2
[2m2026-07-11T15:24:31.526982Z[0m [32m INFO[0m [1mturn[0m[1m{[0m[3msession[0m[2m=[0mcae9fd53-a137-46a3-8f4e-78ee82e66d94[1m}[0m[2m:[0m [2mbraze_engine::hooks[0m[2m:[0m prompt budget breakdown (PromptBudgetAuditHook) [3msystem_tokens_est[0m[2m=[0m293 [3mtools_tokens_est[0m[2m=[0m1013 [3mhistory_tokens_est[0m[2m=[0m307 [3mtotal_tokens_est[0m[2m=[0m1614 [3mmessage_count[0m[2m=[0m6
[2m2026-07-11T15:24:42.771090Z[0m [32m INFO[0m [1mturn[0m[1m{[0m[3msession[0m[2m=[0mcae9fd53-a137-46a3-8f4e-78ee82e66d94[1m}[0m[2m:[0m [2mbraze_engine::hooks[0m[2m:[0m prompt budget breakdown (PromptBudgetAuditHook) [3msystem_tokens_est[0m[2m=[0m293 [3mtools_tokens_est[0m[2m=[0m1013 [3mhistory_tokens_est[0m[2m=[0m585 [3mtotal_tokens_est[0m[2m=[0m1892 [3mmessage_count[0m[2m=[0m10
[2m2026-07-11T15:24:51.983003Z[0m [32m INFO[0m [1mturn[0m[1m{[0m[3msession[0m[2m=[0mcae9fd53-a137-46a3-8f4e-78ee82e66d94[1m}[0m[2m:[0m [2mbraze_engine::hooks[0m[2m:[0m prompt budget breakdown (PromptBudgetAuditHook) [3msystem_tokens_est[0m[2m=[0m293 [3mtools_tokens_est[0m[2m=[0m1013 [3mhistory_tokens_est[0m[2m=[0m758 [3mtotal_tokens_est[0m[2m=[0m2065 [3mmessage_count[0m[2m=[0m12
[2m2026-07-11T15:25:03.946972Z[0m [32m INFO[0m [1mturn[0m[1m{[0m[3msession[0m[2m=[0mcae9fd53-a137-46a3-8f4e-78ee82e66d94[1m}[0m[2m:[0m [2mbraze_engine::hooks[0m[2m:[0m prompt budget breakdown (PromptBudgetAuditHook) [3msystem_tokens_est[0m[2m=[0m293 [3mtools_tokens_est[0m[2m=[0m1013 [3mhistory_tokens_est[0m[2m=[0m733 [3mtotal_tokens_est[0m[2m=[0m2040 [3mmessage_count[0m[2m=[0m14
[2m2026-07-11T15:25:15.554912Z[0m [32m INFO[0m [1mturn[0m[1m{[0m[3msession[0m[2m=[0mcae9fd53-a137-46a3-8f4e-78ee82e66d94[1m}[0m[2m:[0m [2mbraze_engine::hooks[0m[2m:[0m prompt budget breakdown (PromptBudgetAuditHook) [3msystem_tokens_est[0m[2m=[0m293 [3mtools_tokens_est[0m[2m=[0m1013 [3mhistory_tokens_est[0m[2m=[0m879 [3mtotal_tokens_est[0m[2m=[0m2186 [3mmessage_count[0m[2m=[0m16
-> ollama:qwen3.5-coder+plan:ollama:gemma4:e4b+ablate:task-list :: error_recovery_wrong_config_extension (rep 4/5)
[2m2026-07-11T15:25:40.072261Z[0m [32m INFO[0m [1mturn[0m[1m{[0m[3msession[0m[2m=[0ma67e8be6-066b-40ae-a64e-a1b616952604[1m}[0m[2m:[0m [2mbraze_engine::engine[0m[2m:[0m plan delivered as typed tasks instead of prose (task list enabled) [3mseeded[0m[2m=[0m3
[2m2026-07-11T15:25:40.073409Z[0m [32m INFO[0m [1mturn[0m[1m{[0m[3msession[0m[2m=[0ma67e8be6-066b-40ae-a64e-a1b616952604[1m}[0m[2m:[0m [2mbraze_engine::hooks[0m[2m:[0m prompt budget breakdown (PromptBudgetAuditHook) [3msystem_tokens_est[0m[2m=[0m293 [3mtools_tokens_est[0m[2m=[0m1013 [3mhistory_tokens_est[0m[2m=[0m130 [3mtotal_tokens_est[0m[2m=[0m1437 [3mmessage_count[0m[2m=[0m2
[2m2026-07-11T15:26:05.169519Z[0m [32m INFO[0m [1mturn[0m[1m{[0m[3msession[0m[2m=[0ma67e8be6-066b-40ae-a64e-a1b616952604[1m}[0m[2m:[0m [2mbraze_engine::hooks[0m[2m:[0m prompt budget breakdown (PromptBudgetAuditHook) [3msystem_tokens_est[0m[2m=[0m293 [3mtools_tokens_est[0m[2m=[0m1013 [3mhistory_tokens_est[0m[2m=[0m158 [3mtotal_tokens_est[0m[2m=[0m1465 [3mmessage_count[0m[2m=[0m4
[2m2026-07-11T15:26:18.347769Z[0m [32m INFO[0m [1mturn[0m[1m{[0m[3msession[0m[2m=[0ma67e8be6-066b-40ae-a64e-a1b616952604[1m}[0m[2m:[0m [2mbraze_engine::hooks[0m[2m:[0m prompt budget breakdown (PromptBudgetAuditHook) [3msystem_tokens_est[0m[2m=[0m293 [3mtools_tokens_est[0m[2m=[0m1013 [3mhistory_tokens_est[0m[2m=[0m267 [3mtotal_tokens_est[0m[2m=[0m1574 [3mmessage_count[0m[2m=[0m8
-> ollama:qwen3.5-coder+plan:ollama:gemma4:e4b+ablate:task-list :: error_recovery_wrong_config_extension (rep 5/5)
[2m2026-07-11T15:26:39.810307Z[0m [32m INFO[0m [1mturn[0m[1m{[0m[3msession[0m[2m=[0mc5679978-4532-4b49-8c44-ac787176a1ef[1m}[0m[2m:[0m [2mbraze_engine::engine[0m[2m:[0m plan delivered as typed tasks instead of prose (task list enabled) [3mseeded[0m[2m=[0m4
[2m2026-07-11T15:26:39.810624Z[0m [32m INFO[0m [1mturn[0m[1m{[0m[3msession[0m[2m=[0mc5679978-4532-4b49-8c44-ac787176a1ef[1m}[0m[2m:[0m [2mbraze_engine::hooks[0m[2m:[0m prompt budget breakdown (PromptBudgetAuditHook) [3msystem_tokens_est[0m[2m=[0m293 [3mtools_tokens_est[0m[2m=[0m1013 [3mhistory_tokens_est[0m[2m=[0m159 [3mtotal_tokens_est[0m[2m=[0m1466 [3mmessage_count[0m[2m=[0m2
[2m2026-07-11T15:27:03.100823Z[0m [32m INFO[0m [1mturn[0m[1m{[0m[3msession[0m[2m=[0mc5679978-4532-4b49-8c44-ac787176a1ef[1m}[0m[2m:[0m [2mbraze_engine::hooks[0m[2m:[0m prompt budget breakdown (PromptBudgetAuditHook) [3msystem_tokens_est[0m[2m=[0m293 [3mtools_tokens_est[0m[2m=[0m1013 [3mhistory_tokens_est[0m[2m=[0m187 [3mtotal_tokens_est[0m[2m=[0m1494 [3mmessage_count[0m[2m=[0m4
[2m2026-07-11T15:27:11.397188Z[0m [32m INFO[0m [1mturn[0m[1m{[0m[3msession[0m[2m=[0mc5679978-4532-4b49-8c44-ac787176a1ef[1m}[0m[2m:[0m [2mbraze_engine::hooks[0m[2m:[0m prompt budget breakdown (PromptBudgetAuditHook) [3msystem_tokens_est[0m[2m=[0m293 [3mtools_tokens_est[0m[2m=[0m1013 [3mhistory_tokens_est[0m[2m=[0m198 [3mtotal_tokens_est[0m[2m=[0m1505 [3mmessage_count[0m[2m=[0m6
-> ollama:qwen3.5-coder+plan:ollama:gemma4:e4b+ablate:task-list :: error_recovery_edit_wrong_filename (rep 1/5)
[2m2026-07-11T15:27:37.210558Z[0m [32m INFO[0m [1mturn[0m[1m{[0m[3msession[0m[2m=[0ma028e40f-764f-4b32-8ea7-c018c1bc6e3d[1m}[0m[2m:[0m [2mbraze_engine::engine[0m[2m:[0m plan delivered as typed tasks instead of prose (task list enabled) [3mseeded[0m[2m=[0m2
[2m2026-07-11T15:27:37.211649Z[0m [32m INFO[0m [1mturn[0m[1m{[0m[3msession[0m[2m=[0ma028e40f-764f-4b32-8ea7-c018c1bc6e3d[1m}[0m[2m:[0m [2mbraze_engine::hooks[0m[2m:[0m prompt budget breakdown (PromptBudgetAuditHook) [3msystem_tokens_est[0m[2m=[0m293 [3mtools_tokens_est[0m[2m=[0m1013 [3mhistory_tokens_est[0m[2m=[0m139 [3mtotal_tokens_est[0m[2m=[0m1445 [3mmessage_count[0m[2m=[0m2
[2m2026-07-11T15:28:04.177058Z[0m [32m INFO[0m [1mturn[0m[1m{[0m[3msession[0m[2m=[0ma028e40f-764f-4b32-8ea7-c018c1bc6e3d[1m}[0m[2m:[0m [2mbraze_engine::hooks[0m[2m:[0m prompt budget breakdown (PromptBudgetAuditHook) [3msystem_tokens_est[0m[2m=[0m293 [3mtools_tokens_est[0m[2m=[0m1013 [3mhistory_tokens_est[0m[2m=[0m186 [3mtotal_tokens_est[0m[2m=[0m1492 [3mmessage_count[0m[2m=[0m4
[2m2026-07-11T15:28:16.942766Z[0m [32m INFO[0m [1mturn[0m[1m{[0m[3msession[0m[2m=[0ma028e40f-764f-4b32-8ea7-c018c1bc6e3d[1m}[0m[2m:[0m [2mbraze_engine::hooks[0m[2m:[0m prompt budget breakdown (PromptBudgetAuditHook) [3msystem_tokens_est[0m[2m=[0m293 [3mtools_tokens_est[0m[2m=[0m1013 [3mhistory_tokens_est[0m[2m=[0m215 [3mtotal_tokens_est[0m[2m=[0m1521 [3mmessage_count[0m[2m=[0m6
[2m2026-07-11T15:28:32.032266Z[0m [32m INFO[0m [1mturn[0m[1m{[0m[3msession[0m[2m=[0ma028e40f-764f-4b32-8ea7-c018c1bc6e3d[1m}[0m[2m:[0m [2mbraze_engine::hooks[0m[2m:[0m prompt budget breakdown (PromptBudgetAuditHook) [3msystem_tokens_est[0m[2m=[0m293 [3mtools_tokens_est[0m[2m=[0m1013 [3mhistory_tokens_est[0m[2m=[0m278 [3mtotal_tokens_est[0m[2m=[0m1585 [3mmessage_count[0m[2m=[0m8
[2m2026-07-11T15:28:49.768605Z[0m [32m INFO[0m [1mturn[0m[1m{[0m[3msession[0m[2m=[0ma028e40f-764f-4b32-8ea7-c018c1bc6e3d[1m}[0m[2m:[0m [2mbraze_engine::hooks[0m[2m:[0m prompt budget breakdown (PromptBudgetAuditHook) [3msystem_tokens_est[0m[2m=[0m293 [3mtools_tokens_est[0m[2m=[0m1013 [3mhistory_tokens_est[0m[2m=[0m384 [3mtotal_tokens_est[0m[2m=[0m1690 [3mmessage_count[0m[2m=[0m10
-> ollama:qwen3.5-coder+plan:ollama:gemma4:e4b+ablate:task-list :: error_recovery_edit_wrong_filename (rep 2/5)
[2m2026-07-11T15:29:21.292531Z[0m [32m INFO[0m [1mturn[0m[1m{[0m[3msession[0m[2m=[0m5e4b84fe-39a0-4070-b410-8f8331fa8857[1m}[0m[2m:[0m [2mbraze_engine::engine[0m[2m:[0m plan delivered as typed tasks instead of prose (task list enabled) [3mseeded[0m[2m=[0m3
[2m2026-07-11T15:29:21.293519Z[0m [32m INFO[0m [1mturn[0m[1m{[0m[3msession[0m[2m=[0m5e4b84fe-39a0-4070-b410-8f8331fa8857[1m}[0m[2m:[0m [2mbraze_engine::hooks[0m[2m:[0m prompt budget breakdown (PromptBudgetAuditHook) [3msystem_tokens_est[0m[2m=[0m293 [3mtools_tokens_est[0m[2m=[0m1013 [3mhistory_tokens_est[0m[2m=[0m165 [3mtotal_tokens_est[0m[2m=[0m1471 [3mmessage_count[0m[2m=[0m2
[2m2026-07-11T15:29:45.610753Z[0m [32m INFO[0m [1mturn[0m[1m{[0m[3msession[0m[2m=[0m5e4b84fe-39a0-4070-b410-8f8331fa8857[1m}[0m[2m:[0m [2mbraze_engine::hooks[0m[2m:[0m prompt budget breakdown (PromptBudgetAuditHook) [3msystem_tokens_est[0m[2m=[0m293 [3mtools_tokens_est[0m[2m=[0m1013 [3mhistory_tokens_est[0m[2m=[0m188 [3mtotal_tokens_est[0m[2m=[0m1495 [3mmessage_count[0m[2m=[0m4
[2m2026-07-11T15:29:58.253500Z[0m [32m INFO[0m [1mturn[0m[1m{[0m[3msession[0m[2m=[0m5e4b84fe-39a0-4070-b410-8f8331fa8857[1m}[0m[2m:[0m [2mbraze_engine::hooks[0m[2m:[0m prompt budget breakdown (PromptBudgetAuditHook) [3msystem_tokens_est[0m[2m=[0m293 [3mtools_tokens_est[0m[2m=[0m1013 [3mhistory_tokens_est[0m[2m=[0m210 [3mtotal_tokens_est[0m[2m=[0m1516 [3mmessage_count[0m[2m=[0m6
[2m2026-07-11T15:30:20.712156Z[0m [32m INFO[0m [1mturn[0m[1m{[0m[3msession[0m[2m=[0m5e4b84fe-39a0-4070-b410-8f8331fa8857[1m}[0m[2m:[0m [2mbraze_engine::hooks[0m[2m:[0m prompt budget breakdown (PromptBudgetAuditHook) [3msystem_tokens_est[0m[2m=[0m293 [3mtools_tokens_est[0m[2m=[0m1013 [3mhistory_tokens_est[0m[2m=[0m257 [3mtotal_tokens_est[0m[2m=[0m1563 [3mmessage_count[0m[2m=[0m8
[2m2026-07-11T15:30:35.517072Z[0m [32m INFO[0m [1mturn[0m[1m{[0m[3msession[0m[2m=[0m5e4b84fe-39a0-4070-b410-8f8331fa8857[1m}[0m[2m:[0m [2mbraze_engine::hooks[0m[2m:[0m prompt budget breakdown (PromptBudgetAuditHook) [3msystem_tokens_est[0m[2m=[0m293 [3mtools_tokens_est[0m[2m=[0m1013 [3mhistory_tokens_est[0m[2m=[0m287 [3mtotal_tokens_est[0m[2m=[0m1593 [3mmessage_count[0m[2m=[0m10
[2m2026-07-11T15:30:48.639139Z[0m [32m INFO[0m [1mturn[0m[1m{[0m[3msession[0m[2m=[0m5e4b84fe-39a0-4070-b410-8f8331fa8857[1m}[0m[2m:[0m [2mbraze_engine::hooks[0m[2m:[0m prompt budget breakdown (PromptBudgetAuditHook) [3msystem_tokens_est[0m[2m=[0m293 [3mtools_tokens_est[0m[2m=[0m1013 [3mhistory_tokens_est[0m[2m=[0m418 [3mtotal_tokens_est[0m[2m=[0m1725 [3mmessage_count[0m[2m=[0m12
[2m2026-07-11T15:31:07.403058Z[0m [32m INFO[0m [1mturn[0m[1m{[0m[3msession[0m[2m=[0m5e4b84fe-39a0-4070-b410-8f8331fa8857[1m}[0m[2m:[0m [2mbraze_engine::hooks[0m[2m:[0m prompt budget breakdown (PromptBudgetAuditHook) [3msystem_tokens_est[0m[2m=[0m293 [3mtools_tokens_est[0m[2m=[0m1013 [3mhistory_tokens_est[0m[2m=[0m523 [3mtotal_tokens_est[0m[2m=[0m1829 [3mmessage_count[0m[2m=[0m15
-> ollama:qwen3.5-coder+plan:ollama:gemma4:e4b+ablate:task-list :: error_recovery_edit_wrong_filename (rep 3/5)
[2m2026-07-11T15:31:35.709861Z[0m [32m INFO[0m [1mturn[0m[1m{[0m[3msession[0m[2m=[0mb9779b31-2d4b-4f0d-a676-5492d208083d[1m}[0m[2m:[0m [2mbraze_engine::engine[0m[2m:[0m plan delivered as typed tasks instead of prose (task list enabled) [3mseeded[0m[2m=[0m2
[2m2026-07-11T15:31:35.710710Z[0m [32m INFO[0m [1mturn[0m[1m{[0m[3msession[0m[2m=[0mb9779b31-2d4b-4f0d-a676-5492d208083d[1m}[0m[2m:[0m [2mbraze_engine::hooks[0m[2m:[0m prompt budget breakdown (PromptBudgetAuditHook) [3msystem_tokens_est[0m[2m=[0m293 [3mtools_tokens_est[0m[2m=[0m1013 [3mhistory_tokens_est[0m[2m=[0m129 [3mtotal_tokens_est[0m[2m=[0m1435 [3mmessage_count[0m[2m=[0m2
[2m2026-07-11T15:32:01.517116Z[0m [32m INFO[0m [1mturn[0m[1m{[0m[3msession[0m[2m=[0mb9779b31-2d4b-4f0d-a676-5492d208083d[1m}[0m[2m:[0m [2mbraze_engine::hooks[0m[2m:[0m prompt budget breakdown (PromptBudgetAuditHook) [3msystem_tokens_est[0m[2m=[0m293 [3mtools_tokens_est[0m[2m=[0m1013 [3mhistory_tokens_est[0m[2m=[0m181 [3mtotal_tokens_est[0m[2m=[0m1487 [3mmessage_count[0m[2m=[0m4
[2m2026-07-11T15:32:17.235832Z[0m [32m INFO[0m [1mturn[0m[1m{[0m[3msession[0m[2m=[0mb9779b31-2d4b-4f0d-a676-5492d208083d[1m}[0m[2m:[0m [2mbraze_engine::hooks[0m[2m:[0m prompt budget breakdown (PromptBudgetAuditHook) [3msystem_tokens_est[0m[2m=[0m293 [3mtools_tokens_est[0m[2m=[0m1013 [3mhistory_tokens_est[0m[2m=[0m244 [3mtotal_tokens_est[0m[2m=[0m1551 [3mmessage_count[0m[2m=[0m6
-> ollama:qwen3.5-coder+plan:ollama:gemma4:e4b+ablate:task-list :: error_recovery_edit_wrong_filename (rep 4/5)
[2m2026-07-11T15:32:49.780385Z[0m [32m INFO[0m [1mturn[0m[1m{[0m[3msession[0m[2m=[0m495faf4b-56f1-4bc4-869c-61943ae72018[1m}[0m[2m:[0m [2mbraze_engine::engine[0m[2m:[0m plan delivered as typed tasks instead of prose (task list enabled) [3mseeded[0m[2m=[0m2
[2m2026-07-11T15:32:49.781638Z[0m [32m INFO[0m [1mturn[0m[1m{[0m[3msession[0m[2m=[0m495faf4b-56f1-4bc4-869c-61943ae72018[1m}[0m[2m:[0m [2mbraze_engine::hooks[0m[2m:[0m prompt budget breakdown (PromptBudgetAuditHook) [3msystem_tokens_est[0m[2m=[0m293 [3mtools_tokens_est[0m[2m=[0m1013 [3mhistory_tokens_est[0m[2m=[0m142 [3mtotal_tokens_est[0m[2m=[0m1448 [3mmessage_count[0m[2m=[0m2
[2m2026-07-11T15:33:14.664515Z[0m [32m INFO[0m [1mturn[0m[1m{[0m[3msession[0m[2m=[0m495faf4b-56f1-4bc4-869c-61943ae72018[1m}[0m[2m:[0m [2mbraze_engine::hooks[0m[2m:[0m prompt budget breakdown (PromptBudgetAuditHook) [3msystem_tokens_est[0m[2m=[0m293 [3mtools_tokens_est[0m[2m=[0m1013 [3mhistory_tokens_est[0m[2m=[0m164 [3mtotal_tokens_est[0m[2m=[0m1470 [3mmessage_count[0m[2m=[0m4
[2m2026-07-11T15:33:28.315927Z[0m [32m INFO[0m [1mturn[0m[1m{[0m[3msession[0m[2m=[0m495faf4b-56f1-4bc4-869c-61943ae72018[1m}[0m[2m:[0m [2mbraze_engine::hooks[0m[2m:[0m prompt budget breakdown (PromptBudgetAuditHook) [3msystem_tokens_est[0m[2m=[0m293 [3mtools_tokens_est[0m[2m=[0m1013 [3mhistory_tokens_est[0m[2m=[0m176 [3mtotal_tokens_est[0m[2m=[0m1482 [3mmessage_count[0m[2m=[0m6
[2m2026-07-11T15:33:40.719378Z[0m [32m INFO[0m [1mturn[0m[1m{[0m[3msession[0m[2m=[0m495faf4b-56f1-4bc4-869c-61943ae72018[1m}[0m[2m:[0m [2mbraze_engine::hooks[0m[2m:[0m prompt budget breakdown (PromptBudgetAuditHook) [3msystem_tokens_est[0m[2m=[0m293 [3mtools_tokens_est[0m[2m=[0m1013 [3mhistory_tokens_est[0m[2m=[0m221 [3mtotal_tokens_est[0m[2m=[0m1527 [3mmessage_count[0m[2m=[0m8
-> ollama:qwen3.5-coder+plan:ollama:gemma4:e4b+ablate:task-list :: error_recovery_edit_wrong_filename (rep 5/5)
[2m2026-07-11T15:34:17.376588Z[0m [32m INFO[0m [1mturn[0m[1m{[0m[3msession[0m[2m=[0m11fa491a-a78e-4a78-82f9-b7750ca9fe60[1m}[0m[2m:[0m [2mbraze_engine::engine[0m[2m:[0m plan delivered as typed tasks instead of prose (task list enabled) [3mseeded[0m[2m=[0m2
[2m2026-07-11T15:34:17.377918Z[0m [32m INFO[0m [1mturn[0m[1m{[0m[3msession[0m[2m=[0m11fa491a-a78e-4a78-82f9-b7750ca9fe60[1m}[0m[2m:[0m [2mbraze_engine::hooks[0m[2m:[0m prompt budget breakdown (PromptBudgetAuditHook) [3msystem_tokens_est[0m[2m=[0m293 [3mtools_tokens_est[0m[2m=[0m1013 [3mhistory_tokens_est[0m[2m=[0m130 [3mtotal_tokens_est[0m[2m=[0m1436 [3mmessage_count[0m[2m=[0m2
[2m2026-07-11T15:34:44.421550Z[0m [32m INFO[0m [1mturn[0m[1m{[0m[3msession[0m[2m=[0m11fa491a-a78e-4a78-82f9-b7750ca9fe60[1m}[0m[2m:[0m [2mbraze_engine::hooks[0m[2m:[0m prompt budget breakdown (PromptBudgetAuditHook) [3msystem_tokens_est[0m[2m=[0m293 [3mtools_tokens_est[0m[2m=[0m1013 [3mhistory_tokens_est[0m[2m=[0m182 [3mtotal_tokens_est[0m[2m=[0m1489 [3mmessage_count[0m[2m=[0m4
[2m2026-07-11T15:34:59.069323Z[0m [32m INFO[0m [1mturn[0m[1m{[0m[3msession[0m[2m=[0m11fa491a-a78e-4a78-82f9-b7750ca9fe60[1m}[0m[2m:[0m [2mbraze_engine::hooks[0m[2m:[0m prompt budget breakdown (PromptBudgetAuditHook) [3msystem_tokens_est[0m[2m=[0m293 [3mtools_tokens_est[0m[2m=[0m1013 [3mhistory_tokens_est[0m[2m=[0m212 [3mtotal_tokens_est[0m[2m=[0m1518 [3mmessage_count[0m[2m=[0m6
[2m2026-07-11T15:35:15.840638Z[0m [32m INFO[0m [1mturn[0m[1m{[0m[3msession[0m[2m=[0m11fa491a-a78e-4a78-82f9-b7750ca9fe60[1m}[0m[2m:[0m [2mbraze_engine::hooks[0m[2m:[0m prompt budget breakdown (PromptBudgetAuditHook) [3msystem_tokens_est[0m[2m=[0m293 [3mtools_tokens_est[0m[2m=[0m1013 [3mhistory_tokens_est[0m[2m=[0m275 [3mtotal_tokens_est[0m[2m=[0m1581 [3mmessage_count[0m[2m=[0m8
[2m2026-07-11T15:35:35.234539Z[0m [32m INFO[0m [1mturn[0m[1m{[0m[3msession[0m[2m=[0m11fa491a-a78e-4a78-82f9-b7750ca9fe60[1m}[0m[2m:[0m [2mbraze_engine::hooks[0m[2m:[0m prompt budget breakdown (PromptBudgetAuditHook) [3msystem_tokens_est[0m[2m=[0m293 [3mtools_tokens_est[0m[2m=[0m1013 [3mhistory_tokens_est[0m[2m=[0m380 [3mtotal_tokens_est[0m[2m=[0m1686 [3mmessage_count[0m[2m=[0m11
-> ollama:qwen3.5-coder+plan:ollama:gemma4:e4b+ablate:task-list :: distractor_selection_log_with_error (rep 1/5)
[2m2026-07-11T15:35:54.577608Z[0m [32m INFO[0m [1mturn[0m[1m{[0m[3msession[0m[2m=[0m4e7e9e3f-738f-452a-9c26-6d5b5c138503[1m}[0m[2m:[0m [2mbraze_engine::engine[0m[2m:[0m planner produced a single-step (or unstructured) plan; discarding it — the executor's first round covers it without the plan-in-prompt cost
[2m2026-07-11T15:35:54.578364Z[0m [32m INFO[0m [1mturn[0m[1m{[0m[3msession[0m[2m=[0m4e7e9e3f-738f-452a-9c26-6d5b5c138503[1m}[0m[2m:[0m [2mbraze_engine::hooks[0m[2m:[0m prompt budget breakdown (PromptBudgetAuditHook) [3msystem_tokens_est[0m[2m=[0m293 [3mtools_tokens_est[0m[2m=[0m1013 [3mhistory_tokens_est[0m[2m=[0m32 [3mtotal_tokens_est[0m[2m=[0m1339 [3mmessage_count[0m[2m=[0m1
[2m2026-07-11T15:36:16.377641Z[0m [32m INFO[0m [1mturn[0m[1m{[0m[3msession[0m[2m=[0m4e7e9e3f-738f-452a-9c26-6d5b5c138503[1m}[0m[2m:[0m [2mbraze_engine::hooks[0m[2m:[0m prompt budget breakdown (PromptBudgetAuditHook) [3msystem_tokens_est[0m[2m=[0m293 [3mtools_tokens_est[0m[2m=[0m1013 [3mhistory_tokens_est[0m[2m=[0m104 [3mtotal_tokens_est[0m[2m=[0m1410 [3mmessage_count[0m[2m=[0m3
[2m2026-07-11T15:36:25.086589Z[0m [32m INFO[0m [1mturn[0m[1m{[0m[3msession[0m[2m=[0m4e7e9e3f-738f-452a-9c26-6d5b5c138503[1m}[0m[2m:[0m [2mbraze_engine::hooks[0m[2m:[0m prompt budget breakdown (PromptBudgetAuditHook) [3msystem_tokens_est[0m[2m=[0m293 [3mtools_tokens_est[0m[2m=[0m1013 [3mhistory_tokens_est[0m[2m=[0m163 [3mtotal_tokens_est[0m[2m=[0m1469 [3mmessage_count[0m[2m=[0m5
-> ollama:qwen3.5-coder+plan:ollama:gemma4:e4b+ablate:task-list :: distractor_selection_log_with_error (rep 2/5)
[2m2026-07-11T15:36:40.937324Z[0m [32m INFO[0m [1mturn[0m[1m{[0m[3msession[0m[2m=[0md08d9e4c-59e3-40a5-8340-a16201d042dc[1m}[0m[2m:[0m [2mbraze_engine::engine[0m[2m:[0m planner produced a single-step (or unstructured) plan; discarding it — the executor's first round covers it without the plan-in-prompt cost
[2m2026-07-11T15:36:40.938330Z[0m [32m INFO[0m [1mturn[0m[1m{[0m[3msession[0m[2m=[0md08d9e4c-59e3-40a5-8340-a16201d042dc[1m}[0m[2m:[0m [2mbraze_engine::hooks[0m[2m:[0m prompt budget breakdown (PromptBudgetAuditHook) [3msystem_tokens_est[0m[2m=[0m293 [3mtools_tokens_est[0m[2m=[0m1013 [3mhistory_tokens_est[0m[2m=[0m32 [3mtotal_tokens_est[0m[2m=[0m1339 [3mmessage_count[0m[2m=[0m1
[2m2026-07-11T15:37:11.847446Z[0m [32m INFO[0m [1mturn[0m[1m{[0m[3msession[0m[2m=[0md08d9e4c-59e3-40a5-8340-a16201d042dc[1m}[0m[2m:[0m [2mbraze_engine::hooks[0m[2m:[0m prompt budget breakdown (PromptBudgetAuditHook) [3msystem_tokens_est[0m[2m=[0m293 [3mtools_tokens_est[0m[2m=[0m1013 [3mhistory_tokens_est[0m[2m=[0m104 [3mtotal_tokens_est[0m[2m=[0m1410 [3mmessage_count[0m[2m=[0m3
[2m2026-07-11T15:37:21.015540Z[0m [32m INFO[0m [1mturn[0m[1m{[0m[3msession[0m[2m=[0md08d9e4c-59e3-40a5-8340-a16201d042dc[1m}[0m[2m:[0m [2mbraze_engine::hooks[0m[2m:[0m prompt budget breakdown (PromptBudgetAuditHook) [3msystem_tokens_est[0m[2m=[0m293 [3mtools_tokens_est[0m[2m=[0m1013 [3mhistory_tokens_est[0m[2m=[0m138 [3mtotal_tokens_est[0m[2m=[0m1444 [3mmessage_count[0m[2m=[0m5
[2m2026-07-11T15:37:30.332198Z[0m [32m INFO[0m [1mturn[0m[1m{[0m[3msession[0m[2m=[0md08d9e4c-59e3-40a5-8340-a16201d042dc[1m}[0m[2m:[0m [2mbraze_engine::hooks[0m[2m:[0m prompt budget breakdown (PromptBudgetAuditHook) [3msystem_tokens_est[0m[2m=[0m293 [3mtools_tokens_est[0m[2m=[0m1013 [3mhistory_tokens_est[0m[2m=[0m171 [3mtotal_tokens_est[0m[2m=[0m1478 [3mmessage_count[0m[2m=[0m7
[2m2026-07-11T15:37:38.829540Z[0m [32m INFO[0m [1mturn[0m[1m{[0m[3msession[0m[2m=[0md08d9e4c-59e3-40a5-8340-a16201d042dc[1m}[0m[2m:[0m [2mbraze_engine::hooks[0m[2m:[0m prompt budget breakdown (PromptBudgetAuditHook) [3msystem_tokens_est[0m[2m=[0m293 [3mtools_tokens_est[0m[2m=[0m1013 [3mhistory_tokens_est[0m[2m=[0m212 [3mtotal_tokens_est[0m[2m=[0m1519 [3mmessage_count[0m[2m=[0m9
-> ollama:qwen3.5-coder+plan:ollama:gemma4:e4b+ablate:task-list :: distractor_selection_log_with_error (rep 3/5)
[2m2026-07-11T15:37:52.721874Z[0m [32m INFO[0m [1mturn[0m[1m{[0m[3msession[0m[2m=[0me36918a4-cbc9-4ec8-a59b-460d767832d0[1m}[0m[2m:[0m [2mbraze_engine::engine[0m[2m:[0m planner produced a single-step (or unstructured) plan; discarding it — the executor's first round covers it without the plan-in-prompt cost
[2m2026-07-11T15:37:52.722314Z[0m [32m INFO[0m [1mturn[0m[1m{[0m[3msession[0m[2m=[0me36918a4-cbc9-4ec8-a59b-460d767832d0[1m}[0m[2m:[0m [2mbraze_engine::hooks[0m[2m:[0m prompt budget breakdown (PromptBudgetAuditHook) [3msystem_tokens_est[0m[2m=[0m293 [3mtools_tokens_est[0m[2m=[0m1013 [3mhistory_tokens_est[0m[2m=[0m32 [3mtotal_tokens_est[0m[2m=[0m1339 [3mmessage_count[0m[2m=[0m1
[2m2026-07-11T15:38:19.394667Z[0m [32m INFO[0m [1mturn[0m[1m{[0m[3msession[0m[2m=[0me36918a4-cbc9-4ec8-a59b-460d767832d0[1m}[0m[2m:[0m [2mbraze_engine::hooks[0m[2m:[0m prompt budget breakdown (PromptBudgetAuditHook) [3msystem_tokens_est[0m[2m=[0m293 [3mtools_tokens_est[0m[2m=[0m1013 [3mhistory_tokens_est[0m[2m=[0m74 [3mtotal_tokens_est[0m[2m=[0m1381 [3mmessage_count[0m[2m=[0m3
-> ollama:qwen3.5-coder+plan:ollama:gemma4:e4b+ablate:task-list :: distractor_selection_log_with_error (rep 4/5)
[2m2026-07-11T15:38:34.105374Z[0m [32m INFO[0m [1mturn[0m[1m{[0m[3msession[0m[2m=[0m1474a258-1e02-4191-a595-78eee5a92ff8[1m}[0m[2m:[0m [2mbraze_engine::engine[0m[2m:[0m planner produced a single-step (or unstructured) plan; discarding it — the executor's first round covers it without the plan-in-prompt cost
[2m2026-07-11T15:38:34.105940Z[0m [32m INFO[0m [1mturn[0m[1m{[0m[3msession[0m[2m=[0m1474a258-1e02-4191-a595-78eee5a92ff8[1m}[0m[2m:[0m [2mbraze_engine::hooks[0m[2m:[0m prompt budget breakdown (PromptBudgetAuditHook) [3msystem_tokens_est[0m[2m=[0m293 [3mtools_tokens_est[0m[2m=[0m1013 [3mhistory_tokens_est[0m[2m=[0m32 [3mtotal_tokens_est[0m[2m=[0m1339 [3mmessage_count[0m[2m=[0m1
[2m2026-07-11T15:38:58.741039Z[0m [32m INFO[0m [1mturn[0m[1m{[0m[3msession[0m[2m=[0m1474a258-1e02-4191-a595-78eee5a92ff8[1m}[0m[2m:[0m [2mbraze_engine::hooks[0m[2m:[0m prompt budget breakdown (PromptBudgetAuditHook) [3msystem_tokens_est[0m[2m=[0m293 [3mtools_tokens_est[0m[2m=[0m1013 [3mhistory_tokens_est[0m[2m=[0m104 [3mtotal_tokens_est[0m[2m=[0m1410 [3mmessage_count[0m[2m=[0m3
[2m2026-07-11T15:39:03.479593Z[0m [32m INFO[0m [1mturn[0m[1m{[0m[3msession[0m[2m=[0m1474a258-1e02-4191-a595-78eee5a92ff8[1m}[0m[2m:[0m [2mbraze_engine::hooks[0m[2m:[0m prompt budget breakdown (PromptBudgetAuditHook) [3msystem_tokens_est[0m[2m=[0m293 [3mtools_tokens_est[0m[2m=[0m1013 [3mhistory_tokens_est[0m[2m=[0m145 [3mtotal_tokens_est[0m[2m=[0m1452 [3mmessage_count[0m[2m=[0m5
-> ollama:qwen3.5-coder+plan:ollama:gemma4:e4b+ablate:task-list :: distractor_selection_log_with_error (rep 5/5)
[2m2026-07-11T15:39:18.121116Z[0m [32m INFO[0m [1mturn[0m[1m{[0m[3msession[0m[2m=[0m05be4467-f5ee-4936-bbf5-4cf41a3fb7b3[1m}[0m[2m:[0m [2mbraze_engine::engine[0m[2m:[0m planner produced a single-step (or unstructured) plan; discarding it — the executor's first round covers it without the plan-in-prompt cost
[2m2026-07-11T15:39:18.121860Z[0m [32m INFO[0m [1mturn[0m[1m{[0m[3msession[0m[2m=[0m05be4467-f5ee-4936-bbf5-4cf41a3fb7b3[1m}[0m[2m:[0m [2mbraze_engine::hooks[0m[2m:[0m prompt budget breakdown (PromptBudgetAuditHook) [3msystem_tokens_est[0m[2m=[0m293 [3mtools_tokens_est[0m[2m=[0m1013 [3mhistory_tokens_est[0m[2m=[0m32 [3mtotal_tokens_est[0m[2m=[0m1339 [3mmessage_count[0m[2m=[0m1
[2m2026-07-11T15:39:43.381465Z[0m [32m INFO[0m [1mturn[0m[1m{[0m[3msession[0m[2m=[0m05be4467-f5ee-4936-bbf5-4cf41a3fb7b3[1m}[0m[2m:[0m [2mbraze_engine::hooks[0m[2m:[0m prompt budget breakdown (PromptBudgetAuditHook) [3msystem_tokens_est[0m[2m=[0m293 [3mtools_tokens_est[0m[2m=[0m1013 [3mhistory_tokens_est[0m[2m=[0m104 [3mtotal_tokens_est[0m[2m=[0m1410 [3mmessage_count[0m[2m=[0m3
[2m2026-07-11T15:39:52.655940Z[0m [32m INFO[0m [1mturn[0m[1m{[0m[3msession[0m[2m=[0m05be4467-f5ee-4936-bbf5-4cf41a3fb7b3[1m}[0m[2m:[0m [2mbraze_engine::hooks[0m[2m:[0m prompt budget breakdown (PromptBudgetAuditHook) [3msystem_tokens_est[0m[2m=[0m293 [3mtools_tokens_est[0m[2m=[0m1013 [3mhistory_tokens_est[0m[2m=[0m163 [3mtotal_tokens_est[0m[2m=[0m1469 [3mmessage_count[0m[2m=[0m5
-> ollama:qwen3.5-coder+plan:ollama:gemma4:e4b+ablate:task-list :: distractor_selection_debug_config (rep 1/5)
[2m2026-07-11T15:40:08.752032Z[0m [32m INFO[0m [1mturn[0m[1m{[0m[3msession[0m[2m=[0m45425161-005e-4a8c-88ce-d7a0b52f45e3[1m}[0m[2m:[0m [2mbraze_engine::engine[0m[2m:[0m planner produced a single-step (or unstructured) plan; discarding it — the executor's first round covers it without the plan-in-prompt cost
[2m2026-07-11T15:40:08.752487Z[0m [32m INFO[0m [1mturn[0m[1m{[0m[3msession[0m[2m=[0m45425161-005e-4a8c-88ce-d7a0b52f45e3[1m}[0m[2m:[0m [2mbraze_engine::hooks[0m[2m:[0m prompt budget breakdown (PromptBudgetAuditHook) [3msystem_tokens_est[0m[2m=[0m292 [3mtools_tokens_est[0m[2m=[0m1013 [3mhistory_tokens_est[0m[2m=[0m28 [3mtotal_tokens_est[0m[2m=[0m1334 [3mmessage_count[0m[2m=[0m1
[2m2026-07-11T15:40:34.496294Z[0m [32m INFO[0m [1mturn[0m[1m{[0m[3msession[0m[2m=[0m45425161-005e-4a8c-88ce-d7a0b52f45e3[1m}[0m[2m:[0m [2mbraze_engine::hooks[0m[2m:[0m prompt budget breakdown (PromptBudgetAuditHook) [3msystem_tokens_est[0m[2m=[0m292 [3mtools_tokens_est[0m[2m=[0m1013 [3mhistory_tokens_est[0m[2m=[0m101 [3mtotal_tokens_est[0m[2m=[0m1407 [3mmessage_count[0m[2m=[0m3
[2m2026-07-11T15:40:40.714463Z[0m [32m INFO[0m [1mturn[0m[1m{[0m[3msession[0m[2m=[0m45425161-005e-4a8c-88ce-d7a0b52f45e3[1m}[0m[2m:[0m [2mbraze_engine::hooks[0m[2m:[0m prompt budget breakdown (PromptBudgetAuditHook) [3msystem_tokens_est[0m[2m=[0m292 [3mtools_tokens_est[0m[2m=[0m1013 [3mhistory_tokens_est[0m[2m=[0m136 [3mtotal_tokens_est[0m[2m=[0m1442 [3mmessage_count[0m[2m=[0m5
[2m2026-07-11T15:40:48.418345Z[0m [32m INFO[0m [1mturn[0m[1m{[0m[3msession[0m[2m=[0m45425161-005e-4a8c-88ce-d7a0b52f45e3[1m}[0m[2m:[0m [2mbraze_engine::hooks[0m[2m:[0m prompt budget breakdown (PromptBudgetAuditHook) [3msystem_tokens_est[0m[2m=[0m292 [3mtools_tokens_est[0m[2m=[0m1013 [3mhistory_tokens_est[0m[2m=[0m167 [3mtotal_tokens_est[0m[2m=[0m1473 [3mmessage_count[0m[2m=[0m7
-> ollama:qwen3.5-coder+plan:ollama:gemma4:e4b+ablate:task-list :: distractor_selection_debug_config (rep 2/5)
[2m2026-07-11T15:41:02.919735Z[0m [32m INFO[0m [1mturn[0m[1m{[0m[3msession[0m[2m=[0m5451af05-8f48-4aad-8452-824001dbf139[1m}[0m[2m:[0m [2mbraze_engine::engine[0m[2m:[0m planner produced a single-step (or unstructured) plan; discarding it — the executor's first round covers it without the plan-in-prompt cost
[2m2026-07-11T15:41:02.920289Z[0m [32m INFO[0m [1mturn[0m[1m{[0m[3msession[0m[2m=[0m5451af05-8f48-4aad-8452-824001dbf139[1m}[0m[2m:[0m [2mbraze_engine::hooks[0m[2m:[0m prompt budget breakdown (PromptBudgetAuditHook) [3msystem_tokens_est[0m[2m=[0m292 [3mtools_tokens_est[0m[2m=[0m1013 [3mhistory_tokens_est[0m[2m=[0m28 [3mtotal_tokens_est[0m[2m=[0m1334 [3mmessage_count[0m[2m=[0m1
[2m2026-07-11T15:41:26.325177Z[0m [32m INFO[0m [1mturn[0m[1m{[0m[3msession[0m[2m=[0m5451af05-8f48-4aad-8452-824001dbf139[1m}[0m[2m:[0m [2mbraze_engine::hooks[0m[2m:[0m prompt budget breakdown (PromptBudgetAuditHook) [3msystem_tokens_est[0m[2m=[0m292 [3mtools_tokens_est[0m[2m=[0m1013 [3mhistory_tokens_est[0m[2m=[0m101 [3mtotal_tokens_est[0m[2m=[0m1407 [3mmessage_count[0m[2m=[0m3
[2m2026-07-11T15:41:32.651638Z[0m [32m INFO[0m [1mturn[0m[1m{[0m[3msession[0m[2m=[0m5451af05-8f48-4aad-8452-824001dbf139[1m}[0m[2m:[0m [2mbraze_engine::hooks[0m[2m:[0m prompt budget breakdown (PromptBudgetAuditHook) [3msystem_tokens_est[0m[2m=[0m292 [3mtools_tokens_est[0m[2m=[0m1013 [3mhistory_tokens_est[0m[2m=[0m136 [3mtotal_tokens_est[0m[2m=[0m1442 [3mmessage_count[0m[2m=[0m5
[2m2026-07-11T15:41:40.316760Z[0m [32m INFO[0m [1mturn[0m[1m{[0m[3msession[0m[2m=[0m5451af05-8f48-4aad-8452-824001dbf139[1m}[0m[2m:[0m [2mbraze_engine::hooks[0m[2m:[0m prompt budget breakdown (PromptBudgetAuditHook) [3msystem_tokens_est[0m[2m=[0m292 [3mtools_tokens_est[0m[2m=[0m1013 [3mhistory_tokens_est[0m[2m=[0m167 [3mtotal_tokens_est[0m[2m=[0m1473 [3mmessage_count[0m[2m=[0m7
-> ollama:qwen3.5-coder+plan:ollama:gemma4:e4b+ablate:task-list :: distractor_selection_debug_config (rep 3/5)
[2m2026-07-11T15:41:57.060741Z[0m [32m INFO[0m [1mturn[0m[1m{[0m[3msession[0m[2m=[0m7156a476-b79f-4af3-9733-b94f5980569a[1m}[0m[2m:[0m [2mbraze_engine::engine[0m[2m:[0m planner produced a single-step (or unstructured) plan; discarding it — the executor's first round covers it without the plan-in-prompt cost
[2m2026-07-11T15:41:57.061580Z[0m [32m INFO[0m [1mturn[0m[1m{[0m[3msession[0m[2m=[0m7156a476-b79f-4af3-9733-b94f5980569a[1m}[0m[2m:[0m [2mbraze_engine::hooks[0m[2m:[0m prompt budget breakdown (PromptBudgetAuditHook) [3msystem_tokens_est[0m[2m=[0m292 [3mtools_tokens_est[0m[2m=[0m1013 [3mhistory_tokens_est[0m[2m=[0m28 [3mtotal_tokens_est[0m[2m=[0m1334 [3mmessage_count[0m[2m=[0m1
[2m2026-07-11T15:42:21.560610Z[0m [32m INFO[0m [1mturn[0m[1m{[0m[3msession[0m[2m=[0m7156a476-b79f-4af3-9733-b94f5980569a[1m}[0m[2m:[0m [2mbraze_engine::hooks[0m[2m:[0m prompt budget breakdown (PromptBudgetAuditHook) [3msystem_tokens_est[0m[2m=[0m292 [3mtools_tokens_est[0m[2m=[0m1013 [3mhistory_tokens_est[0m[2m=[0m101 [3mtotal_tokens_est[0m[2m=[0m1407 [3mmessage_count[0m[2m=[0m3
[2m2026-07-11T15:42:30.099471Z[0m [32m INFO[0m [1mturn[0m[1m{[0m[3msession[0m[2m=[0m7156a476-b79f-4af3-9733-b94f5980569a[1m}[0m[2m:[0m [2mbraze_engine::hooks[0m[2m:[0m prompt budget breakdown (PromptBudgetAuditHook) [3msystem_tokens_est[0m[2m=[0m292 [3mtools_tokens_est[0m[2m=[0m1013 [3mhistory_tokens_est[0m[2m=[0m153 [3mtotal_tokens_est[0m[2m=[0m1459 [3mmessage_count[0m[2m=[0m5
[2m2026-07-11T15:42:37.726473Z[0m [32m INFO[0m [1mturn[0m[1m{[0m[3msession[0m[2m=[0m7156a476-b79f-4af3-9733-b94f5980569a[1m}[0m[2m:[0m [2mbraze_engine::hooks[0m[2m:[0m prompt budget breakdown (PromptBudgetAuditHook) [3msystem_tokens_est[0m[2m=[0m292 [3mtools_tokens_est[0m[2m=[0m1013 [3mhistory_tokens_est[0m[2m=[0m184 [3mtotal_tokens_est[0m[2m=[0m1490 [3mmessage_count[0m[2m=[0m7
-> ollama:qwen3.5-coder+plan:ollama:gemma4:e4b+ablate:task-list :: distractor_selection_debug_config (rep 4/5)
[2m2026-07-11T15:42:53.583407Z[0m [32m INFO[0m [1mturn[0m[1m{[0m[3msession[0m[2m=[0m22e6db97-1686-46e4-9ff1-0c2c2971a962[1m}[0m[2m:[0m [2mbraze_engine::engine[0m[2m:[0m planner produced a single-step (or unstructured) plan; discarding it — the executor's first round covers it without the plan-in-prompt cost
[2m2026-07-11T15:42:53.583947Z[0m [32m INFO[0m [1mturn[0m[1m{[0m[3msession[0m[2m=[0m22e6db97-1686-46e4-9ff1-0c2c2971a962[1m}[0m[2m:[0m [2mbraze_engine::hooks[0m[2m:[0m prompt budget breakdown (PromptBudgetAuditHook) [3msystem_tokens_est[0m[2m=[0m292 [3mtools_tokens_est[0m[2m=[0m1013 [3mhistory_tokens_est[0m[2m=[0m28 [3mtotal_tokens_est[0m[2m=[0m1334 [3mmessage_count[0m[2m=[0m1
[2m2026-07-11T15:43:21.103707Z[0m [32m INFO[0m [1mturn[0m[1m{[0m[3msession[0m[2m=[0m22e6db97-1686-46e4-9ff1-0c2c2971a962[1m}[0m[2m:[0m [2mbraze_engine::hooks[0m[2m:[0m prompt budget breakdown (PromptBudgetAuditHook) [3msystem_tokens_est[0m[2m=[0m292 [3mtools_tokens_est[0m[2m=[0m1013 [3mhistory_tokens_est[0m[2m=[0m63 [3mtotal_tokens_est[0m[2m=[0m1369 [3mmessage_count[0m[2m=[0m3
-> ollama:qwen3.5-coder+plan:ollama:gemma4:e4b+ablate:task-list :: distractor_selection_debug_config (rep 5/5)
[2m2026-07-11T15:43:36.795619Z[0m [32m INFO[0m [1mturn[0m[1m{[0m[3msession[0m[2m=[0m916f4c78-cb10-49e8-9e68-55eabff060e6[1m}[0m[2m:[0m [2mbraze_engine::engine[0m[2m:[0m planner produced a single-step (or unstructured) plan; discarding it — the executor's first round covers it without the plan-in-prompt cost
[2m2026-07-11T15:43:36.796216Z[0m [32m INFO[0m [1mturn[0m[1m{[0m[3msession[0m[2m=[0m916f4c78-cb10-49e8-9e68-55eabff060e6[1m}[0m[2m:[0m [2mbraze_engine::hooks[0m[2m:[0m prompt budget breakdown (PromptBudgetAuditHook) [3msystem_tokens_est[0m[2m=[0m292 [3mtools_tokens_est[0m[2m=[0m1013 [3mhistory_tokens_est[0m[2m=[0m28 [3mtotal_tokens_est[0m[2m=[0m1334 [3mmessage_count[0m[2m=[0m1
[2m2026-07-11T15:44:01.565314Z[0m [32m INFO[0m [1mturn[0m[1m{[0m[3msession[0m[2m=[0m916f4c78-cb10-49e8-9e68-55eabff060e6[1m}[0m[2m:[0m [2mbraze_engine::hooks[0m[2m:[0m prompt budget breakdown (PromptBudgetAuditHook) [3msystem_tokens_est[0m[2m=[0m292 [3mtools_tokens_est[0m[2m=[0m1013 [3mhistory_tokens_est[0m[2m=[0m101 [3mtotal_tokens_est[0m[2m=[0m1407 [3mmessage_count[0m[2m=[0m3
[2m2026-07-11T15:44:10.149379Z[0m [32m INFO[0m [1mturn[0m[1m{[0m[3msession[0m[2m=[0m916f4c78-cb10-49e8-9e68-55eabff060e6[1m}[0m[2m:[0m [2mbraze_engine::hooks[0m[2m:[0m prompt budget breakdown (PromptBudgetAuditHook) [3msystem_tokens_est[0m[2m=[0m292 [3mtools_tokens_est[0m[2m=[0m1013 [3mhistory_tokens_est[0m[2m=[0m153 [3mtotal_tokens_est[0m[2m=[0m1459 [3mmessage_count[0m[2m=[0m5
[2m2026-07-11T15:44:16.207697Z[0m [32m INFO[0m [1mturn[0m[1m{[0m[3msession[0m[2m=[0m916f4c78-cb10-49e8-9e68-55eabff060e6[1m}[0m[2m:[0m [2mbraze_engine::hooks[0m[2m:[0m prompt budget breakdown (PromptBudgetAuditHook) [3msystem_tokens_est[0m[2m=[0m292 [3mtools_tokens_est[0m[2m=[0m1013 [3mhistory_tokens_est[0m[2m=[0m170 [3mtotal_tokens_est[0m[2m=[0m1476 [3mmessage_count[0m[2m=[0m7
[2m2026-07-11T15:44:23.685688Z[0m [32m INFO[0m [1mturn[0m[1m{[0m[3msession[0m[2m=[0m916f4c78-cb10-49e8-9e68-55eabff060e6[1m}[0m[2m:[0m [2mbraze_engine::hooks[0m[2m:[0m prompt budget breakdown (PromptBudgetAuditHook) [3msystem_tokens_est[0m[2m=[0m292 [3mtools_tokens_est[0m[2m=[0m1013 [3mhistory_tokens_est[0m[2m=[0m202 [3mtotal_tokens_est[0m[2m=[0m1508 [3mmessage_count[0m[2m=[0m9

== Resultados por tarea ==
[PASS] read_file_basic          ollama:qwen2.5:3b      5103ms  rounds=2 tool_calls=1  schema_fail=0  exec_fail=0  denied=0  tokens_in=2286 tokens_out=33
[PASS] read_file_basic          ollama:qwen2.5:3b    (rep 2)   1783ms  rounds=2 tool_calls=1  schema_fail=0  exec_fail=0  denied=0  tokens_in=2286 tokens_out=33
[PASS] read_file_basic          ollama:qwen2.5:3b    (rep 3)   1894ms  rounds=2 tool_calls=1  schema_fail=0  exec_fail=0  denied=0  tokens_in=2286 tokens_out=33
[PASS] read_file_basic          ollama:qwen2.5:3b    (rep 4)   1505ms  rounds=2 tool_calls=1  schema_fail=0  exec_fail=0  denied=0  tokens_in=2286 tokens_out=33
[PASS] read_file_basic          ollama:qwen2.5:3b    (rep 5)   1617ms  rounds=2 tool_calls=1  schema_fail=0  exec_fail=0  denied=0  tokens_in=2286 tokens_out=33
[PASS] grep_basic               ollama:qwen2.5:3b      2073ms  rounds=2 tool_calls=1  schema_fail=0  exec_fail=0  denied=0  tokens_in=2312 tokens_out=57
[PASS] grep_basic               ollama:qwen2.5:3b    (rep 2)   2206ms  rounds=2 tool_calls=1  schema_fail=0  exec_fail=0  denied=0  tokens_in=2312 tokens_out=54
[PASS] grep_basic               ollama:qwen2.5:3b    (rep 3)   2171ms  rounds=2 tool_calls=1  schema_fail=0  exec_fail=0  denied=0  tokens_in=2312 tokens_out=54
[PASS] grep_basic               ollama:qwen2.5:3b    (rep 4)   2405ms  rounds=2 tool_calls=1  schema_fail=0  exec_fail=0  denied=0  tokens_in=2312 tokens_out=57
[PASS] grep_basic               ollama:qwen2.5:3b    (rep 5)   2544ms  rounds=2 tool_calls=1  schema_fail=0  exec_fail=0  denied=0  tokens_in=2287 tokens_out=55
[PASS] glob_basic               ollama:qwen2.5:3b      2180ms  rounds=2 tool_calls=1  schema_fail=0  exec_fail=0  denied=0  tokens_in=2327 tokens_out=44
[PASS] glob_basic               ollama:qwen2.5:3b    (rep 2)   2128ms  rounds=2 tool_calls=1  schema_fail=0  exec_fail=0  denied=0  tokens_in=2327 tokens_out=44
[PASS] glob_basic               ollama:qwen2.5:3b    (rep 3)   2090ms  rounds=2 tool_calls=1  schema_fail=0  exec_fail=0  denied=0  tokens_in=2330 tokens_out=48
[PASS] glob_basic               ollama:qwen2.5:3b    (rep 4)   2088ms  rounds=2 tool_calls=1  schema_fail=0  exec_fail=0  denied=0  tokens_in=2327 tokens_out=44
[PASS] glob_basic               ollama:qwen2.5:3b    (rep 5)   2171ms  rounds=2 tool_calls=1  schema_fail=0  exec_fail=0  denied=0  tokens_in=2327 tokens_out=44
[PASS] write_file_basic         ollama:qwen2.5:3b      2298ms  rounds=2 tool_calls=1  schema_fail=0  exec_fail=0  denied=0  tokens_in=2326 tokens_out=54
[PASS] write_file_basic         ollama:qwen2.5:3b    (rep 2)   2159ms  rounds=2 tool_calls=1  schema_fail=0  exec_fail=0  denied=0  tokens_in=2326 tokens_out=54
[PASS] write_file_basic         ollama:qwen2.5:3b    (rep 3)   2046ms  rounds=2 tool_calls=1  schema_fail=0  exec_fail=0  denied=0  tokens_in=2326 tokens_out=54
[PASS] write_file_basic         ollama:qwen2.5:3b    (rep 4)   2308ms  rounds=2 tool_calls=1  schema_fail=0  exec_fail=0  denied=0  tokens_in=2326 tokens_out=54
[PASS] write_file_basic         ollama:qwen2.5:3b    (rep 5)   2253ms  rounds=2 tool_calls=1  schema_fail=0  exec_fail=0  denied=0  tokens_in=2326 tokens_out=54
[PASS] edit_file_basic          ollama:qwen2.5:3b      2782ms  rounds=2 tool_calls=1  schema_fail=0  exec_fail=0  denied=0  tokens_in=2330 tokens_out=70
[PASS] edit_file_basic          ollama:qwen2.5:3b    (rep 2)   2655ms  rounds=2 tool_calls=1  schema_fail=0  exec_fail=0  denied=0  tokens_in=2330 tokens_out=70
[PASS] edit_file_basic          ollama:qwen2.5:3b    (rep 3)   2429ms  rounds=2 tool_calls=1  schema_fail=0  exec_fail=0  denied=0  tokens_in=2330 tokens_out=70
[PASS] edit_file_basic          ollama:qwen2.5:3b    (rep 4)   2595ms  rounds=2 tool_calls=1  schema_fail=0  exec_fail=0  denied=0  tokens_in=2330 tokens_out=70
[PASS] edit_file_basic          ollama:qwen2.5:3b    (rep 5)   2581ms  rounds=2 tool_calls=1  schema_fail=0  exec_fail=0  denied=0  tokens_in=2330 tokens_out=70
[FAIL] shell_exec_basic         ollama:qwen2.5:3b      1156ms  rounds=1 tool_calls=0  schema_fail=0  exec_fail=0  denied=0  tokens_in=1105 tokens_out=17 [ModelBackendError] (error: model's response had no text and requested no tool calls)
[FAIL] shell_exec_basic         ollama:qwen2.5:3b    (rep 2)   1115ms  rounds=1 tool_calls=0  schema_fail=0  exec_fail=0  denied=0  tokens_in=1105 tokens_out=17 [ModelBackendError] (error: model's response had no text and requested no tool calls)
[FAIL] shell_exec_basic         ollama:qwen2.5:3b    (rep 3)   1005ms  rounds=1 tool_calls=0  schema_fail=0  exec_fail=0  denied=0  tokens_in=1105 tokens_out=17 [ModelBackendError] (error: model's response had no text and requested no tool calls)
[FAIL] shell_exec_basic         ollama:qwen2.5:3b    (rep 4)   1128ms  rounds=1 tool_calls=0  schema_fail=0  exec_fail=0  denied=0  tokens_in=1105 tokens_out=17 [ModelBackendError] (error: model's response had no text and requested no tool calls)
[FAIL] shell_exec_basic         ollama:qwen2.5:3b    (rep 5)   1160ms  rounds=1 tool_calls=0  schema_fail=0  exec_fail=0  denied=0  tokens_in=1105 tokens_out=17 [ModelBackendError] (error: model's response had no text and requested no tool calls)
[PASS] no_tool_qa               ollama:qwen2.5:3b       904ms  rounds=1 tool_calls=0  schema_fail=0  exec_fail=0  denied=0  tokens_in=1110 tokens_out=2
[PASS] no_tool_qa               ollama:qwen2.5:3b    (rep 2)    909ms  rounds=1 tool_calls=0  schema_fail=0  exec_fail=0  denied=0  tokens_in=1110 tokens_out=2
[PASS] no_tool_qa               ollama:qwen2.5:3b    (rep 3)    867ms  rounds=1 tool_calls=0  schema_fail=0  exec_fail=0  denied=0  tokens_in=1110 tokens_out=2
[PASS] no_tool_qa               ollama:qwen2.5:3b    (rep 4)    895ms  rounds=1 tool_calls=0  schema_fail=0  exec_fail=0  denied=0  tokens_in=1110 tokens_out=2
[PASS] no_tool_qa               ollama:qwen2.5:3b    (rep 5)    868ms  rounds=1 tool_calls=0  schema_fail=0  exec_fail=0  denied=0  tokens_in=1110 tokens_out=2
[PASS] multi_step_read_count_write ollama:qwen2.5:3b      3551ms  rounds=3 tool_calls=2  schema_fail=0  exec_fail=0  denied=0  tokens_in=3671 tokens_out=114
[PASS] multi_step_read_count_write ollama:qwen2.5:3b    (rep 2)   2977ms  rounds=3 tool_calls=2  schema_fail=0  exec_fail=0  denied=0  tokens_in=3670 tokens_out=75
[FAIL] multi_step_read_count_write ollama:qwen2.5:3b    (rep 3)   3808ms  rounds=2 tool_calls=3  schema_fail=0  exec_fail=0  denied=0  tokens_in=2516 tokens_out=141 [AssertionFiles]
[PASS] multi_step_read_count_write ollama:qwen2.5:3b    (rep 4)   3184ms  rounds=3 tool_calls=2  schema_fail=0  exec_fail=0  denied=0  tokens_in=3671 tokens_out=102
[PASS] multi_step_read_count_write ollama:qwen2.5:3b    (rep 5)   3440ms  rounds=3 tool_calls=2  schema_fail=0  exec_fail=0  denied=0  tokens_in=3671 tokens_out=102
[FAIL] error_recovery_wrong_filename ollama:qwen2.5:3b      2323ms  rounds=2 tool_calls=1  schema_fail=0  exec_fail=1  denied=0  tokens_in=2364 tokens_out=59 [AssertionText]
[FAIL] error_recovery_wrong_filename ollama:qwen2.5:3b    (rep 2)   2504ms  rounds=2 tool_calls=1  schema_fail=0  exec_fail=1  denied=0  tokens_in=2364 tokens_out=66 [AssertionText]
[FAIL] error_recovery_wrong_filename ollama:qwen2.5:3b    (rep 3)   3188ms  rounds=2 tool_calls=1  schema_fail=0  exec_fail=1  denied=0  tokens_in=2364 tokens_out=108 [AssertionText]
[FAIL] error_recovery_wrong_filename ollama:qwen2.5:3b    (rep 4)   2582ms  rounds=2 tool_calls=1  schema_fail=0  exec_fail=1  denied=0  tokens_in=2364 tokens_out=77 [AssertionText]
[FAIL] error_recovery_wrong_filename ollama:qwen2.5:3b    (rep 5)   3023ms  rounds=2 tool_calls=1  schema_fail=0  exec_fail=1  denied=0  tokens_in=2364 tokens_out=93 [AssertionText]
[FAIL] distractor_selection_among_files ollama:qwen2.5:3b      2430ms  rounds=2 tool_calls=1  schema_fail=0  exec_fail=0  denied=0  tokens_in=2325 tokens_out=62 [AssertionText]
[PASS] distractor_selection_among_files ollama:qwen2.5:3b    (rep 2)   2051ms  rounds=2 tool_calls=1  schema_fail=0  exec_fail=0  denied=0  tokens_in=2371 tokens_out=47
[FAIL] distractor_selection_among_files ollama:qwen2.5:3b    (rep 3)   2237ms  rounds=2 tool_calls=1  schema_fail=0  exec_fail=0  denied=0  tokens_in=2325 tokens_out=50 [AssertionText]
[FAIL] distractor_selection_among_files ollama:qwen2.5:3b    (rep 4)   2127ms  rounds=2 tool_calls=1  schema_fail=0  exec_fail=0  denied=0  tokens_in=2325 tokens_out=50 [AssertionText]
[FAIL] distractor_selection_among_files ollama:qwen2.5:3b    (rep 5)   2201ms  rounds=2 tool_calls=1  schema_fail=0  exec_fail=0  denied=0  tokens_in=2325 tokens_out=57 [AssertionText]
[PASS] edit_file_function_body  ollama:qwen2.5:3b      5533ms  rounds=3 tool_calls=2  schema_fail=0  exec_fail=1  denied=0  tokens_in=3807 tokens_out=202
[FAIL] edit_file_function_body  ollama:qwen2.5:3b    (rep 2)   8352ms  rounds=3 tool_calls=2  schema_fail=1  exec_fail=1  denied=0  tokens_in=3910 tokens_out=363 [AssertionFiles]
[FAIL] edit_file_function_body  ollama:qwen2.5:3b    (rep 3)   3878ms  rounds=2 tool_calls=1  schema_fail=0  exec_fail=1  denied=0  tokens_in=2412 tokens_out=146 [AssertionFiles]
[FAIL] edit_file_function_body  ollama:qwen2.5:3b    (rep 4)   3992ms  rounds=2 tool_calls=1  schema_fail=0  exec_fail=1  denied=0  tokens_in=2412 tokens_out=147 [AssertionFiles]
[FAIL] edit_file_function_body  ollama:qwen2.5:3b    (rep 5)   3536ms  rounds=2 tool_calls=1  schema_fail=0  exec_fail=1  denied=0  tokens_in=2412 tokens_out=133 [AssertionFiles]
[PASS] no_tool_capital_question ollama:qwen2.5:3b       901ms  rounds=1 tool_calls=0  schema_fail=0  exec_fail=0  denied=0  tokens_in=1114 tokens_out=3
[PASS] no_tool_capital_question ollama:qwen2.5:3b    (rep 2)    803ms  rounds=1 tool_calls=0  schema_fail=0  exec_fail=0  denied=0  tokens_in=1114 tokens_out=3
[PASS] no_tool_capital_question ollama:qwen2.5:3b    (rep 3)    822ms  rounds=1 tool_calls=0  schema_fail=0  exec_fail=0  denied=0  tokens_in=1114 tokens_out=3
[PASS] no_tool_capital_question ollama:qwen2.5:3b    (rep 4)    802ms  rounds=1 tool_calls=0  schema_fail=0  exec_fail=0  denied=0  tokens_in=1114 tokens_out=3
[PASS] no_tool_capital_question ollama:qwen2.5:3b    (rep 5)    720ms  rounds=1 tool_calls=0  schema_fail=0  exec_fail=0  denied=0  tokens_in=1114 tokens_out=3
[PASS] no_tool_subtraction      ollama:qwen2.5:3b       691ms  rounds=1 tool_calls=0  schema_fail=0  exec_fail=0  denied=0  tokens_in=1112 tokens_out=2
[PASS] no_tool_subtraction      ollama:qwen2.5:3b    (rep 2)    703ms  rounds=1 tool_calls=0  schema_fail=0  exec_fail=0  denied=0  tokens_in=1112 tokens_out=2
[PASS] no_tool_subtraction      ollama:qwen2.5:3b    (rep 3)    773ms  rounds=1 tool_calls=0  schema_fail=0  exec_fail=0  denied=0  tokens_in=1112 tokens_out=2
[PASS] no_tool_subtraction      ollama:qwen2.5:3b    (rep 4)    645ms  rounds=1 tool_calls=0  schema_fail=0  exec_fail=0  denied=0  tokens_in=1112 tokens_out=2
[PASS] no_tool_subtraction      ollama:qwen2.5:3b    (rep 5)    644ms  rounds=1 tool_calls=0  schema_fail=0  exec_fail=0  denied=0  tokens_in=1112 tokens_out=2
[FAIL] multi_step_sum_two_files ollama:qwen2.5:3b      6003ms  rounds=2 tool_calls=4  schema_fail=1  exec_fail=0  denied=0  tokens_in=2753 tokens_out=269 [AssertionFiles]
[FAIL] multi_step_sum_two_files ollama:qwen2.5:3b    (rep 2)  13339ms  rounds=5 tool_calls=12  schema_fail=3  exec_fail=2  denied=0  tokens_in=9271 tokens_out=555 [AssertionFiles]
[FAIL] multi_step_sum_two_files ollama:qwen2.5:3b    (rep 3)   9859ms  rounds=3 tool_calls=9  schema_fail=4  exec_fail=3  denied=1  tokens_in=5011 tokens_out=438 [AssertionFiles]
[FAIL] multi_step_sum_two_files ollama:qwen2.5:3b    (rep 4)   8664ms  rounds=3 tool_calls=7  schema_fail=2  exec_fail=2  denied=1  tokens_in=4881 tokens_out=395 [AssertionFiles]
[PASS] multi_step_sum_two_files ollama:qwen2.5:3b    (rep 5)  11562ms  rounds=5 tool_calls=12  schema_fail=1  exec_fail=3  denied=2  tokens_in=9415 tokens_out=485
[FAIL] multi_step_multiply_and_write ollama:qwen2.5:3b      4466ms  rounds=4 tool_calls=4  schema_fail=2  exec_fail=0  denied=0  tokens_in=5633 tokens_out=164 [AssertionFiles]
[PASS] multi_step_multiply_and_write ollama:qwen2.5:3b    (rep 2)   3584ms  rounds=3 tool_calls=3  schema_fail=1  exec_fail=0  denied=0  tokens_in=4033 tokens_out=131
[PASS] multi_step_multiply_and_write ollama:qwen2.5:3b    (rep 3)   8380ms  rounds=6 tool_calls=7  schema_fail=5  exec_fail=0  denied=0  tokens_in=9557 tokens_out=343
[PASS] multi_step_multiply_and_write ollama:qwen2.5:3b    (rep 4)   2651ms  rounds=3 tool_calls=2  schema_fail=0  exec_fail=0  denied=0  tokens_in=3671 tokens_out=83
[PASS] multi_step_multiply_and_write ollama:qwen2.5:3b    (rep 5)   3490ms  rounds=4 tool_calls=3  schema_fail=0  exec_fail=0  denied=0  tokens_in=5056 tokens_out=115
[FAIL] error_recovery_wrong_config_extension ollama:qwen2.5:3b      2731ms  rounds=2 tool_calls=1  schema_fail=0  exec_fail=1  denied=0  tokens_in=2373 tokens_out=100 [AssertionText]
[FAIL] error_recovery_wrong_config_extension ollama:qwen2.5:3b    (rep 2)   4603ms  rounds=3 tool_calls=2  schema_fail=0  exec_fail=2  denied=0  tokens_in=3752 tokens_out=184 [AssertionText]
[FAIL] error_recovery_wrong_config_extension ollama:qwen2.5:3b    (rep 3)   1905ms  rounds=2 tool_calls=1  schema_fail=0  exec_fail=1  denied=0  tokens_in=2373 tokens_out=56 [AssertionText]
[FAIL] error_recovery_wrong_config_extension ollama:qwen2.5:3b    (rep 4)   2408ms  rounds=2 tool_calls=1  schema_fail=0  exec_fail=1  denied=0  tokens_in=2375 tokens_out=84 [AssertionText]
[FAIL] error_recovery_wrong_config_extension ollama:qwen2.5:3b    (rep 5)   2386ms  rounds=2 tool_calls=1  schema_fail=0  exec_fail=1  denied=0  tokens_in=2373 tokens_out=83 [AssertionText]
[PASS] error_recovery_edit_wrong_filename ollama:qwen2.5:3b      2943ms  rounds=3 tool_calls=2  schema_fail=0  exec_fail=0  denied=0  tokens_in=3754 tokens_out=98
[PASS] error_recovery_edit_wrong_filename ollama:qwen2.5:3b    (rep 2)   2957ms  rounds=3 tool_calls=2  schema_fail=0  exec_fail=0  denied=0  tokens_in=3754 tokens_out=103
[FAIL] error_recovery_edit_wrong_filename ollama:qwen2.5:3b    (rep 3)   3769ms  rounds=3 tool_calls=2  schema_fail=0  exec_fail=0  denied=0  tokens_in=3658 tokens_out=149 [AssertionFiles]
[FAIL] error_recovery_edit_wrong_filename ollama:qwen2.5:3b    (rep 4)   3833ms  rounds=3 tool_calls=2  schema_fail=0  exec_fail=0  denied=0  tokens_in=3656 tokens_out=150 [AssertionFiles]
[PASS] error_recovery_edit_wrong_filename ollama:qwen2.5:3b    (rep 5)   3172ms  rounds=3 tool_calls=2  schema_fail=0  exec_fail=0  denied=0  tokens_in=3754 tokens_out=113
[PASS] distractor_selection_log_with_error ollama:qwen2.5:3b      1623ms  rounds=2 tool_calls=1  schema_fail=0  exec_fail=0  denied=0  tokens_in=2361 tokens_out=39
[PASS] distractor_selection_log_with_error ollama:qwen2.5:3b    (rep 2)   1560ms  rounds=2 tool_calls=1  schema_fail=0  exec_fail=0  denied=0  tokens_in=2361 tokens_out=39
[PASS] distractor_selection_log_with_error ollama:qwen2.5:3b    (rep 3)   1588ms  rounds=2 tool_calls=1  schema_fail=0  exec_fail=0  denied=0  tokens_in=2361 tokens_out=39
[PASS] distractor_selection_log_with_error ollama:qwen2.5:3b    (rep 4)   1584ms  rounds=2 tool_calls=1  schema_fail=0  exec_fail=0  denied=0  tokens_in=2361 tokens_out=39
[PASS] distractor_selection_log_with_error ollama:qwen2.5:3b    (rep 5)   1610ms  rounds=2 tool_calls=1  schema_fail=0  exec_fail=0  denied=0  tokens_in=2361 tokens_out=39
[PASS] distractor_selection_debug_config ollama:qwen2.5:3b      1647ms  rounds=2 tool_calls=1  schema_fail=0  exec_fail=0  denied=0  tokens_in=2337 tokens_out=40
[PASS] distractor_selection_debug_config ollama:qwen2.5:3b    (rep 2)   1628ms  rounds=2 tool_calls=1  schema_fail=0  exec_fail=0  denied=0  tokens_in=2337 tokens_out=42
[PASS] distractor_selection_debug_config ollama:qwen2.5:3b    (rep 3)   2112ms  rounds=2 tool_calls=1  schema_fail=0  exec_fail=0  denied=0  tokens_in=2337 tokens_out=69
[PASS] distractor_selection_debug_config ollama:qwen2.5:3b    (rep 4)   2118ms  rounds=2 tool_calls=1  schema_fail=0  exec_fail=0  denied=0  tokens_in=2337 tokens_out=69
[PASS] distractor_selection_debug_config ollama:qwen2.5:3b    (rep 5)   2121ms  rounds=2 tool_calls=1  schema_fail=0  exec_fail=0  denied=0  tokens_in=2337 tokens_out=69
[PASS] read_file_basic          ollama:qwen2.5:3b+plan:ollama:gemma4:e4b  15293ms  rounds=3 tool_calls=1  schema_fail=0  exec_fail=0  denied=0  tokens_in=2865 tokens_out=155
[PASS] read_file_basic          ollama:qwen2.5:3b+plan:ollama:gemma4:e4b (rep 2)   8955ms  rounds=3 tool_calls=1  schema_fail=0  exec_fail=0  denied=0  tokens_in=2865 tokens_out=202
[PASS] read_file_basic          ollama:qwen2.5:3b+plan:ollama:gemma4:e4b (rep 3)   6914ms  rounds=3 tool_calls=1  schema_fail=0  exec_fail=0  denied=0  tokens_in=2865 tokens_out=152
[PASS] read_file_basic          ollama:qwen2.5:3b+plan:ollama:gemma4:e4b (rep 4)   7912ms  rounds=3 tool_calls=1  schema_fail=0  exec_fail=0  denied=0  tokens_in=2865 tokens_out=186
[PASS] read_file_basic          ollama:qwen2.5:3b+plan:ollama:gemma4:e4b (rep 5)   6945ms  rounds=3 tool_calls=1  schema_fail=0  exec_fail=0  denied=0  tokens_in=2865 tokens_out=156
[PASS] grep_basic               ollama:qwen2.5:3b+plan:ollama:gemma4:e4b  12005ms  rounds=3 tool_calls=1  schema_fail=0  exec_fail=0  denied=0  tokens_in=2896 tokens_out=314
[PASS] grep_basic               ollama:qwen2.5:3b+plan:ollama:gemma4:e4b (rep 2)   6377ms  rounds=3 tool_calls=1  schema_fail=0  exec_fail=0  denied=0  tokens_in=2896 tokens_out=129
[PASS] grep_basic               ollama:qwen2.5:3b+plan:ollama:gemma4:e4b (rep 3)  10003ms  rounds=3 tool_calls=1  schema_fail=0  exec_fail=0  denied=0  tokens_in=2917 tokens_out=241
[PASS] grep_basic               ollama:qwen2.5:3b+plan:ollama:gemma4:e4b (rep 4)   6467ms  rounds=3 tool_calls=1  schema_fail=0  exec_fail=0  denied=0  tokens_in=2896 tokens_out=131
[PASS] grep_basic               ollama:qwen2.5:3b+plan:ollama:gemma4:e4b (rep 5)   8998ms  rounds=3 tool_calls=1  schema_fail=0  exec_fail=0  denied=0  tokens_in=2896 tokens_out=215
[PASS] glob_basic               ollama:qwen2.5:3b+plan:ollama:gemma4:e4b   7902ms  rounds=3 tool_calls=1  schema_fail=0  exec_fail=0  denied=0  tokens_in=2903 tokens_out=167
[PASS] glob_basic               ollama:qwen2.5:3b+plan:ollama:gemma4:e4b (rep 2)   9219ms  rounds=3 tool_calls=1  schema_fail=0  exec_fail=0  denied=0  tokens_in=2903 tokens_out=209
[PASS] glob_basic               ollama:qwen2.5:3b+plan:ollama:gemma4:e4b (rep 3)   7862ms  rounds=3 tool_calls=1  schema_fail=0  exec_fail=0  denied=0  tokens_in=2903 tokens_out=167
[PASS] glob_basic               ollama:qwen2.5:3b+plan:ollama:gemma4:e4b (rep 4)  10588ms  rounds=3 tool_calls=1  schema_fail=0  exec_fail=0  denied=0  tokens_in=2903 tokens_out=263
[PASS] glob_basic               ollama:qwen2.5:3b+plan:ollama:gemma4:e4b (rep 5)   7781ms  rounds=3 tool_calls=1  schema_fail=0  exec_fail=0  denied=0  tokens_in=2903 tokens_out=164
[PASS] write_file_basic         ollama:qwen2.5:3b+plan:ollama:gemma4:e4b   6243ms  rounds=3 tool_calls=1  schema_fail=0  exec_fail=0  denied=0  tokens_in=2909 tokens_out=127
[PASS] write_file_basic         ollama:qwen2.5:3b+plan:ollama:gemma4:e4b (rep 2)   6315ms  rounds=3 tool_calls=1  schema_fail=0  exec_fail=0  denied=0  tokens_in=2909 tokens_out=127
[PASS] write_file_basic         ollama:qwen2.5:3b+plan:ollama:gemma4:e4b (rep 3)   6311ms  rounds=3 tool_calls=1  schema_fail=0  exec_fail=0  denied=0  tokens_in=2909 tokens_out=131
[PASS] write_file_basic         ollama:qwen2.5:3b+plan:ollama:gemma4:e4b (rep 4)   6389ms  rounds=3 tool_calls=1  schema_fail=0  exec_fail=0  denied=0  tokens_in=2909 tokens_out=129
[PASS] write_file_basic         ollama:qwen2.5:3b+plan:ollama:gemma4:e4b (rep 5)   6238ms  rounds=3 tool_calls=1  schema_fail=0  exec_fail=0  denied=0  tokens_in=2909 tokens_out=131
[PASS] edit_file_basic          ollama:qwen2.5:3b+plan:ollama:gemma4:e4b   8577ms  rounds=3 tool_calls=1  schema_fail=0  exec_fail=0  denied=0  tokens_in=2940 tokens_out=190
[PASS] edit_file_basic          ollama:qwen2.5:3b+plan:ollama:gemma4:e4b (rep 2)   8619ms  rounds=3 tool_calls=1  schema_fail=0  exec_fail=0  denied=0  tokens_in=2917 tokens_out=204
[PASS] edit_file_basic          ollama:qwen2.5:3b+plan:ollama:gemma4:e4b (rep 3)   7977ms  rounds=3 tool_calls=1  schema_fail=0  exec_fail=0  denied=0  tokens_in=2940 tokens_out=177
[PASS] edit_file_basic          ollama:qwen2.5:3b+plan:ollama:gemma4:e4b (rep 4)  10367ms  rounds=3 tool_calls=1  schema_fail=0  exec_fail=0  denied=0  tokens_in=2940 tokens_out=253
[PASS] edit_file_basic          ollama:qwen2.5:3b+plan:ollama:gemma4:e4b (rep 5)   8785ms  rounds=3 tool_calls=1  schema_fail=0  exec_fail=0  denied=0  tokens_in=2917 tokens_out=203
[FAIL] shell_exec_basic         ollama:qwen2.5:3b+plan:ollama:gemma4:e4b   4391ms  rounds=2 tool_calls=0  schema_fail=0  exec_fail=0  denied=0  tokens_in=1684 tokens_out=82 [ModelBackendError] (error: model's response had no text and requested no tool calls)
[FAIL] shell_exec_basic         ollama:qwen2.5:3b+plan:ollama:gemma4:e4b (rep 2)   4322ms  rounds=2 tool_calls=0  schema_fail=0  exec_fail=0  denied=0  tokens_in=1684 tokens_out=81 [ModelBackendError] (error: model's response had no text and requested no tool calls)
[FAIL] shell_exec_basic         ollama:qwen2.5:3b+plan:ollama:gemma4:e4b (rep 3)   4453ms  rounds=2 tool_calls=0  schema_fail=0  exec_fail=0  denied=0  tokens_in=1684 tokens_out=84 [ModelBackendError] (error: model's response had no text and requested no tool calls)
[FAIL] shell_exec_basic         ollama:qwen2.5:3b+plan:ollama:gemma4:e4b (rep 4)   4392ms  rounds=2 tool_calls=0  schema_fail=0  exec_fail=0  denied=0  tokens_in=1684 tokens_out=79 [ModelBackendError] (error: model's response had no text and requested no tool calls)
[FAIL] shell_exec_basic         ollama:qwen2.5:3b+plan:ollama:gemma4:e4b (rep 5)   4296ms  rounds=2 tool_calls=0  schema_fail=0  exec_fail=0  denied=0  tokens_in=1684 tokens_out=81 [ModelBackendError] (error: model's response had no text and requested no tool calls)
[PASS] no_tool_qa               ollama:qwen2.5:3b+plan:ollama:gemma4:e4b   3412ms  rounds=2 tool_calls=0  schema_fail=0  exec_fail=0  denied=0  tokens_in=1691 tokens_out=54
[PASS] no_tool_qa               ollama:qwen2.5:3b+plan:ollama:gemma4:e4b (rep 2)   3673ms  rounds=2 tool_calls=0  schema_fail=0  exec_fail=0  denied=0  tokens_in=1691 tokens_out=64
[PASS] no_tool_qa               ollama:qwen2.5:3b+plan:ollama:gemma4:e4b (rep 3)   3164ms  rounds=2 tool_calls=0  schema_fail=0  exec_fail=0  denied=0  tokens_in=1691 tokens_out=46
[PASS] no_tool_qa               ollama:qwen2.5:3b+plan:ollama:gemma4:e4b (rep 4)   4422ms  rounds=2 tool_calls=0  schema_fail=0  exec_fail=0  denied=0  tokens_in=1691 tokens_out=90
[PASS] no_tool_qa               ollama:qwen2.5:3b+plan:ollama:gemma4:e4b (rep 5)   3439ms  rounds=2 tool_calls=0  schema_fail=0  exec_fail=0  denied=0  tokens_in=1691 tokens_out=56
[FAIL] multi_step_read_count_write ollama:qwen2.5:3b+plan:ollama:gemma4:e4b  12437ms  rounds=2 tool_calls=0  schema_fail=0  exec_fail=0  denied=0  tokens_in=1853 tokens_out=351 [ModelBackendError] (error: model's response had no text and requested no tool calls)
[PASS] multi_step_read_count_write ollama:qwen2.5:3b+plan:ollama:gemma4:e4b (rep 2)  16207ms  rounds=4 tool_calls=2  schema_fail=0  exec_fail=0  denied=0  tokens_in=4624 tokens_out=416
[FAIL] multi_step_read_count_write ollama:qwen2.5:3b+plan:ollama:gemma4:e4b (rep 3)  19581ms  rounds=2 tool_calls=0  schema_fail=0  exec_fail=0  denied=0  tokens_in=1832 tokens_out=590 [ModelBackendError] (error: model's response had no text and requested no tool calls)
[PASS] multi_step_read_count_write ollama:qwen2.5:3b+plan:ollama:gemma4:e4b (rep 4)  15905ms  rounds=4 tool_calls=3  schema_fail=0  exec_fail=1  denied=0  tokens_in=4792 tokens_out=395
[PASS] multi_step_read_count_write ollama:qwen2.5:3b+plan:ollama:gemma4:e4b (rep 5)  20461ms  rounds=4 tool_calls=2  schema_fail=0  exec_fail=0  denied=0  tokens_in=4627 tokens_out=569
[FAIL] error_recovery_wrong_filename ollama:qwen2.5:3b+plan:ollama:gemma4:e4b  21101ms  rounds=4 tool_calls=2  schema_fail=0  exec_fail=1  denied=0  tokens_in=4686 tokens_out=551 [AssertionText]
[FAIL] error_recovery_wrong_filename ollama:qwen2.5:3b+plan:ollama:gemma4:e4b (rep 2)  26254ms  rounds=6 tool_calls=4  schema_fail=1  exec_fail=2  denied=0  tokens_in=8175 tokens_out=643 [AssertionText]
[PASS] error_recovery_wrong_filename ollama:qwen2.5:3b+plan:ollama:gemma4:e4b (rep 3)  11949ms  rounds=4 tool_calls=2  schema_fail=0  exec_fail=0  denied=0  tokens_in=4514 tokens_out=303
[PASS] error_recovery_wrong_filename ollama:qwen2.5:3b+plan:ollama:gemma4:e4b (rep 4)  13916ms  rounds=4 tool_calls=2  schema_fail=0  exec_fail=0  denied=0  tokens_in=4634 tokens_out=354
[FAIL] error_recovery_wrong_filename ollama:qwen2.5:3b+plan:ollama:gemma4:e4b (rep 5)  17597ms  rounds=4 tool_calls=2  schema_fail=0  exec_fail=1  denied=0  tokens_in=4586 tokens_out=435 [AssertionText]
[FAIL] distractor_selection_among_files ollama:qwen2.5:3b+plan:ollama:gemma4:e4b   8495ms  rounds=3 tool_calls=1  schema_fail=0  exec_fail=0  denied=0  tokens_in=2921 tokens_out=201 [AssertionText]
[FAIL] distractor_selection_among_files ollama:qwen2.5:3b+plan:ollama:gemma4:e4b (rep 2)   7118ms  rounds=3 tool_calls=1  schema_fail=0  exec_fail=0  denied=0  tokens_in=2921 tokens_out=149 [AssertionText]
[FAIL] distractor_selection_among_files ollama:qwen2.5:3b+plan:ollama:gemma4:e4b (rep 3)  19845ms  rounds=4 tool_calls=2  schema_fail=2  exec_fail=0  denied=0  tokens_in=4925 tokens_out=509 [AssertionText]
[FAIL] distractor_selection_among_files ollama:qwen2.5:3b+plan:ollama:gemma4:e4b (rep 4)   7067ms  rounds=3 tool_calls=1  schema_fail=0  exec_fail=0  denied=0  tokens_in=2925 tokens_out=149 [AssertionText]
[FAIL] distractor_selection_among_files ollama:qwen2.5:3b+plan:ollama:gemma4:e4b (rep 5)   6833ms  rounds=3 tool_calls=1  schema_fail=0  exec_fail=0  denied=0  tokens_in=2968 tokens_out=146 [AssertionText]
[FAIL] edit_file_function_body  ollama:qwen2.5:3b+plan:ollama:gemma4:e4b  18977ms  rounds=4 tool_calls=2  schema_fail=1  exec_fail=1  denied=0  tokens_in=4496 tokens_out=460 [AssertionFiles]
[FAIL] edit_file_function_body  ollama:qwen2.5:3b+plan:ollama:gemma4:e4b (rep 2)  14168ms  rounds=3 tool_calls=1  schema_fail=0  exec_fail=1  denied=0  tokens_in=3006 tokens_out=331 [AssertionFiles]
[FAIL] edit_file_function_body  ollama:qwen2.5:3b+plan:ollama:gemma4:e4b (rep 3)  11158ms  rounds=3 tool_calls=1  schema_fail=0  exec_fail=1  denied=0  tokens_in=3006 tokens_out=272 [AssertionFiles]
[FAIL] edit_file_function_body  ollama:qwen2.5:3b+plan:ollama:gemma4:e4b (rep 4)  12964ms  rounds=3 tool_calls=1  schema_fail=0  exec_fail=1  denied=0  tokens_in=3006 tokens_out=329 [AssertionFiles]
[FAIL] edit_file_function_body  ollama:qwen2.5:3b+plan:ollama:gemma4:e4b (rep 5)  19858ms  rounds=4 tool_calls=2  schema_fail=1  exec_fail=1  denied=0  tokens_in=4504 tokens_out=482 [AssertionFiles]
[PASS] no_tool_capital_question ollama:qwen2.5:3b+plan:ollama:gemma4:e4b   4692ms  rounds=2 tool_calls=0  schema_fail=0  exec_fail=0  denied=0  tokens_in=1700 tokens_out=66
[PASS] no_tool_capital_question ollama:qwen2.5:3b+plan:ollama:gemma4:e4b (rep 2)   3885ms  rounds=2 tool_calls=0  schema_fail=0  exec_fail=0  denied=0  tokens_in=1700 tokens_out=49
[PASS] no_tool_capital_question ollama:qwen2.5:3b+plan:ollama:gemma4:e4b (rep 3)   4074ms  rounds=2 tool_calls=0  schema_fail=0  exec_fail=0  denied=0  tokens_in=1700 tokens_out=62
[PASS] no_tool_capital_question ollama:qwen2.5:3b+plan:ollama:gemma4:e4b (rep 4)   4748ms  rounds=2 tool_calls=0  schema_fail=0  exec_fail=0  denied=0  tokens_in=1700 tokens_out=80
[PASS] no_tool_capital_question ollama:qwen2.5:3b+plan:ollama:gemma4:e4b (rep 5)   4277ms  rounds=2 tool_calls=0  schema_fail=0  exec_fail=0  denied=0  tokens_in=1700 tokens_out=61
[PASS] no_tool_subtraction      ollama:qwen2.5:3b+plan:ollama:gemma4:e4b   4465ms  rounds=2 tool_calls=0  schema_fail=0  exec_fail=0  denied=0  tokens_in=1696 tokens_out=70
[PASS] no_tool_subtraction      ollama:qwen2.5:3b+plan:ollama:gemma4:e4b (rep 2)   4630ms  rounds=2 tool_calls=0  schema_fail=0  exec_fail=0  denied=0  tokens_in=1696 tokens_out=77
[PASS] no_tool_subtraction      ollama:qwen2.5:3b+plan:ollama:gemma4:e4b (rep 3)   3759ms  rounds=2 tool_calls=0  schema_fail=0  exec_fail=0  denied=0  tokens_in=1696 tokens_out=50
[PASS] no_tool_subtraction      ollama:qwen2.5:3b+plan:ollama:gemma4:e4b (rep 4)   5780ms  rounds=2 tool_calls=0  schema_fail=0  exec_fail=0  denied=0  tokens_in=1696 tokens_out=78
[PASS] no_tool_subtraction      ollama:qwen2.5:3b+plan:ollama:gemma4:e4b (rep 5)   5166ms  rounds=2 tool_calls=0  schema_fail=0  exec_fail=0  denied=0  tokens_in=1696 tokens_out=78
[FAIL] multi_step_sum_two_files ollama:qwen2.5:3b+plan:ollama:gemma4:e4b  26403ms  rounds=2 tool_calls=0  schema_fail=0  exec_fail=0  denied=0  tokens_in=1896 tokens_out=778 [ModelBackendError] (error: model's response had no text and requested no tool calls)
[FAIL] multi_step_sum_two_files ollama:qwen2.5:3b+plan:ollama:gemma4:e4b (rep 2)  19794ms  rounds=2 tool_calls=0  schema_fail=0  exec_fail=0  denied=0  tokens_in=1865 tokens_out=592 [ModelBackendError] (error: model's response had no text and requested no tool calls)
[FAIL] multi_step_sum_two_files ollama:qwen2.5:3b+plan:ollama:gemma4:e4b (rep 3)  27370ms  rounds=3 tool_calls=4  schema_fail=0  exec_fail=3  denied=1  tokens_in=3624 tokens_out=740 [AssertionFiles]
[FAIL] multi_step_sum_two_files ollama:qwen2.5:3b+plan:ollama:gemma4:e4b (rep 4) 180003ms  rounds=3 tool_calls=4  schema_fail=0  exec_fail=2  denied=2  tokens_in=3482 tokens_out=690 [Timeout] (error: task exceeded its time budget)
[FAIL] multi_step_sum_two_files ollama:qwen2.5:3b+plan:ollama:gemma4:e4b (rep 5)  39940ms  rounds=4 tool_calls=3  schema_fail=0  exec_fail=0  denied=0  tokens_in=4949 tokens_out=1144 [AssertionFiles]
[FAIL] multi_step_multiply_and_write ollama:qwen2.5:3b+plan:ollama:gemma4:e4b  15383ms  rounds=4 tool_calls=2  schema_fail=0  exec_fail=0  denied=0  tokens_in=4577 tokens_out=393 [AssertionFiles]
[FAIL] multi_step_multiply_and_write ollama:qwen2.5:3b+plan:ollama:gemma4:e4b (rep 2)  17911ms  rounds=3 tool_calls=3  schema_fail=0  exec_fail=0  denied=0  tokens_in=3375 tokens_out=480 [AssertionFiles]
[PASS] multi_step_multiply_and_write ollama:qwen2.5:3b+plan:ollama:gemma4:e4b (rep 3)  12817ms  rounds=4 tool_calls=2  schema_fail=0  exec_fail=0  denied=0  tokens_in=4505 tokens_out=316
[FAIL] multi_step_multiply_and_write ollama:qwen2.5:3b+plan:ollama:gemma4:e4b (rep 4)  22745ms  rounds=4 tool_calls=4  schema_fail=2  exec_fail=0  denied=0  tokens_in=5203 tokens_out=584 [AssertionFiles]
[FAIL] multi_step_multiply_and_write ollama:qwen2.5:3b+plan:ollama:gemma4:e4b (rep 5)  22373ms  rounds=4 tool_calls=4  schema_fail=0  exec_fail=1  denied=1  tokens_in=5064 tokens_out=576 [AssertionFiles]
[FAIL] error_recovery_wrong_config_extension ollama:qwen2.5:3b+plan:ollama:gemma4:e4b  30972ms  rounds=7 tool_calls=5  schema_fail=2  exec_fail=2  denied=1  tokens_in=10492 tokens_out=749 [AssertionText]
[FAIL] error_recovery_wrong_config_extension ollama:qwen2.5:3b+plan:ollama:gemma4:e4b (rep 2)  24262ms  rounds=6 tool_calls=4  schema_fail=0  exec_fail=3  denied=3  tokens_in=8024 tokens_out=585 [AssertionText]
[PASS] error_recovery_wrong_config_extension ollama:qwen2.5:3b+plan:ollama:gemma4:e4b (rep 3)  15375ms  rounds=4 tool_calls=2  schema_fail=0  exec_fail=0  denied=0  tokens_in=4732 tokens_out=399
[FAIL] error_recovery_wrong_config_extension ollama:qwen2.5:3b+plan:ollama:gemma4:e4b (rep 4)  17237ms  rounds=5 tool_calls=3  schema_fail=0  exec_fail=2  denied=2  tokens_in=6245 tokens_out=409 [AssertionText]
[PASS] error_recovery_wrong_config_extension ollama:qwen2.5:3b+plan:ollama:gemma4:e4b (rep 5)  15235ms  rounds=4 tool_calls=2  schema_fail=0  exec_fail=0  denied=0  tokens_in=4738 tokens_out=394
[FAIL] error_recovery_edit_wrong_filename ollama:qwen2.5:3b+plan:ollama:gemma4:e4b  22690ms  rounds=4 tool_calls=2  schema_fail=1  exec_fail=0  denied=0  tokens_in=4623 tokens_out=597 [AssertionFiles]
[FAIL] error_recovery_edit_wrong_filename ollama:qwen2.5:3b+plan:ollama:gemma4:e4b (rep 2)  28330ms  rounds=4 tool_calls=2  schema_fail=0  exec_fail=0  denied=0  tokens_in=4612 tokens_out=785 [AssertionFiles]
[PASS] error_recovery_edit_wrong_filename ollama:qwen2.5:3b+plan:ollama:gemma4:e4b (rep 3)  14595ms  rounds=4 tool_calls=2  schema_fail=0  exec_fail=0  denied=0  tokens_in=4632 tokens_out=365
[PASS] error_recovery_edit_wrong_filename ollama:qwen2.5:3b+plan:ollama:gemma4:e4b (rep 4)  38667ms  rounds=6 tool_calls=4  schema_fail=0  exec_fail=0  denied=0  tokens_in=7988 tokens_out=1035
[FAIL] error_recovery_edit_wrong_filename ollama:qwen2.5:3b+plan:ollama:gemma4:e4b (rep 5)  27827ms  rounds=6 tool_calls=4  schema_fail=1  exec_fail=0  denied=0  tokens_in=7986 tokens_out=695 [AssertionFiles]
[PASS] distractor_selection_log_with_error ollama:qwen2.5:3b+plan:ollama:gemma4:e4b  12273ms  rounds=3 tool_calls=1  schema_fail=0  exec_fail=0  denied=0  tokens_in=2957 tokens_out=327
[PASS] distractor_selection_log_with_error ollama:qwen2.5:3b+plan:ollama:gemma4:e4b (rep 2)   6094ms  rounds=3 tool_calls=1  schema_fail=0  exec_fail=0  denied=0  tokens_in=2957 tokens_out=123
[PASS] distractor_selection_log_with_error ollama:qwen2.5:3b+plan:ollama:gemma4:e4b (rep 3)   9117ms  rounds=3 tool_calls=1  schema_fail=0  exec_fail=0  denied=0  tokens_in=2957 tokens_out=225
[PASS] distractor_selection_log_with_error ollama:qwen2.5:3b+plan:ollama:gemma4:e4b (rep 4)   6149ms  rounds=3 tool_calls=1  schema_fail=0  exec_fail=0  denied=0  tokens_in=2957 tokens_out=122
[PASS] distractor_selection_log_with_error ollama:qwen2.5:3b+plan:ollama:gemma4:e4b (rep 5)  11561ms  rounds=3 tool_calls=1  schema_fail=0  exec_fail=0  denied=0  tokens_in=2957 tokens_out=311
[PASS] distractor_selection_debug_config ollama:qwen2.5:3b+plan:ollama:gemma4:e4b   6394ms  rounds=3 tool_calls=1  schema_fail=0  exec_fail=0  denied=0  tokens_in=2925 tokens_out=132
[PASS] distractor_selection_debug_config ollama:qwen2.5:3b+plan:ollama:gemma4:e4b (rep 2)  11528ms  rounds=3 tool_calls=1  schema_fail=0  exec_fail=0  denied=0  tokens_in=2925 tokens_out=308
[PASS] distractor_selection_debug_config ollama:qwen2.5:3b+plan:ollama:gemma4:e4b (rep 3)   6019ms  rounds=3 tool_calls=1  schema_fail=0  exec_fail=0  denied=0  tokens_in=2925 tokens_out=114
[PASS] distractor_selection_debug_config ollama:qwen2.5:3b+plan:ollama:gemma4:e4b (rep 4)  11740ms  rounds=3 tool_calls=1  schema_fail=0  exec_fail=0  denied=0  tokens_in=2925 tokens_out=316
[PASS] distractor_selection_debug_config ollama:qwen2.5:3b+plan:ollama:gemma4:e4b (rep 5)   7990ms  rounds=3 tool_calls=1  schema_fail=0  exec_fail=0  denied=0  tokens_in=2925 tokens_out=188
[PASS] read_file_basic          ollama:qwen2.5:3b+plan:ollama:gemma4:e4b+ablate:task-list   8926ms  rounds=3 tool_calls=1  schema_fail=0  exec_fail=0  denied=0  tokens_in=3178 tokens_out=216
[PASS] read_file_basic          ollama:qwen2.5:3b+plan:ollama:gemma4:e4b+ablate:task-list (rep 2)   6991ms  rounds=3 tool_calls=1  schema_fail=0  exec_fail=0  denied=0  tokens_in=3178 tokens_out=157
[PASS] read_file_basic          ollama:qwen2.5:3b+plan:ollama:gemma4:e4b+ablate:task-list (rep 3)   7843ms  rounds=3 tool_calls=1  schema_fail=0  exec_fail=0  denied=0  tokens_in=3178 tokens_out=186
[PASS] read_file_basic          ollama:qwen2.5:3b+plan:ollama:gemma4:e4b+ablate:task-list (rep 4)   7089ms  rounds=3 tool_calls=1  schema_fail=0  exec_fail=0  denied=0  tokens_in=3178 tokens_out=155
[PASS] read_file_basic          ollama:qwen2.5:3b+plan:ollama:gemma4:e4b+ablate:task-list (rep 5)   7918ms  rounds=3 tool_calls=1  schema_fail=0  exec_fail=0  denied=0  tokens_in=3178 tokens_out=185
[PASS] grep_basic               ollama:qwen2.5:3b+plan:ollama:gemma4:e4b+ablate:task-list   7574ms  rounds=3 tool_calls=1  schema_fail=0  exec_fail=0  denied=0  tokens_in=3228 tokens_out=153
[PASS] grep_basic               ollama:qwen2.5:3b+plan:ollama:gemma4:e4b+ablate:task-list (rep 2)   9212ms  rounds=3 tool_calls=1  schema_fail=0  exec_fail=0  denied=0  tokens_in=3206 tokens_out=222
[PASS] grep_basic               ollama:qwen2.5:3b+plan:ollama:gemma4:e4b+ablate:task-list (rep 3)   6613ms  rounds=3 tool_calls=1  schema_fail=0  exec_fail=0  denied=0  tokens_in=3206 tokens_out=133
[PASS] grep_basic               ollama:qwen2.5:3b+plan:ollama:gemma4:e4b+ablate:task-list (rep 4)   9856ms  rounds=3 tool_calls=1  schema_fail=0  exec_fail=0  denied=0  tokens_in=3228 tokens_out=239
[PASS] grep_basic               ollama:qwen2.5:3b+plan:ollama:gemma4:e4b+ablate:task-list (rep 5)   6192ms  rounds=3 tool_calls=1  schema_fail=0  exec_fail=0  denied=0  tokens_in=3206 tokens_out=121
[PASS] glob_basic               ollama:qwen2.5:3b+plan:ollama:gemma4:e4b+ablate:task-list   9179ms  rounds=3 tool_calls=1  schema_fail=0  exec_fail=0  denied=0  tokens_in=3213 tokens_out=211
[PASS] glob_basic               ollama:qwen2.5:3b+plan:ollama:gemma4:e4b+ablate:task-list (rep 2)   7804ms  rounds=3 tool_calls=1  schema_fail=0  exec_fail=0  denied=0  tokens_in=3213 tokens_out=163
[PASS] glob_basic               ollama:qwen2.5:3b+plan:ollama:gemma4:e4b+ablate:task-list (rep 3)   9391ms  rounds=3 tool_calls=1  schema_fail=0  exec_fail=0  denied=0  tokens_in=3213 tokens_out=211
[PASS] glob_basic               ollama:qwen2.5:3b+plan:ollama:gemma4:e4b+ablate:task-list (rep 4)   7895ms  rounds=3 tool_calls=1  schema_fail=0  exec_fail=0  denied=0  tokens_in=3213 tokens_out=163
[PASS] glob_basic               ollama:qwen2.5:3b+plan:ollama:gemma4:e4b+ablate:task-list (rep 5)   9217ms  rounds=3 tool_calls=1  schema_fail=0  exec_fail=0  denied=0  tokens_in=3213 tokens_out=211
[PASS] write_file_basic         ollama:qwen2.5:3b+plan:ollama:gemma4:e4b+ablate:task-list   6466ms  rounds=3 tool_calls=1  schema_fail=0  exec_fail=0  denied=0  tokens_in=3219 tokens_out=127
[PASS] write_file_basic         ollama:qwen2.5:3b+plan:ollama:gemma4:e4b+ablate:task-list (rep 2)   6507ms  rounds=3 tool_calls=1  schema_fail=0  exec_fail=0  denied=0  tokens_in=3219 tokens_out=131
[PASS] write_file_basic         ollama:qwen2.5:3b+plan:ollama:gemma4:e4b+ablate:task-list (rep 3)   6476ms  rounds=3 tool_calls=1  schema_fail=0  exec_fail=0  denied=0  tokens_in=3219 tokens_out=129
[PASS] write_file_basic         ollama:qwen2.5:3b+plan:ollama:gemma4:e4b+ablate:task-list (rep 4)   6467ms  rounds=3 tool_calls=1  schema_fail=0  exec_fail=0  denied=0  tokens_in=3219 tokens_out=129
[PASS] write_file_basic         ollama:qwen2.5:3b+plan:ollama:gemma4:e4b+ablate:task-list (rep 5)   6355ms  rounds=3 tool_calls=1  schema_fail=0  exec_fail=0  denied=0  tokens_in=3219 tokens_out=127
[PASS] edit_file_basic          ollama:qwen2.5:3b+plan:ollama:gemma4:e4b+ablate:task-list  10049ms  rounds=3 tool_calls=1  schema_fail=0  exec_fail=0  denied=0  tokens_in=3227 tokens_out=246
[PASS] edit_file_basic          ollama:qwen2.5:3b+plan:ollama:gemma4:e4b+ablate:task-list (rep 2)   7742ms  rounds=3 tool_calls=1  schema_fail=0  exec_fail=0  denied=0  tokens_in=3227 tokens_out=169
[PASS] edit_file_basic          ollama:qwen2.5:3b+plan:ollama:gemma4:e4b+ablate:task-list (rep 3)   9538ms  rounds=3 tool_calls=1  schema_fail=0  exec_fail=0  denied=0  tokens_in=3227 tokens_out=225
[PASS] edit_file_basic          ollama:qwen2.5:3b+plan:ollama:gemma4:e4b+ablate:task-list (rep 4)   7890ms  rounds=3 tool_calls=1  schema_fail=0  exec_fail=0  denied=0  tokens_in=3227 tokens_out=171
[PASS] edit_file_basic          ollama:qwen2.5:3b+plan:ollama:gemma4:e4b+ablate:task-list (rep 5)   8977ms  rounds=3 tool_calls=1  schema_fail=0  exec_fail=0  denied=0  tokens_in=3227 tokens_out=204
[FAIL] shell_exec_basic         ollama:qwen2.5:3b+plan:ollama:gemma4:e4b+ablate:task-list   4325ms  rounds=2 tool_calls=0  schema_fail=0  exec_fail=0  denied=0  tokens_in=1839 tokens_out=76 [ModelBackendError] (error: model's response had no text and requested no tool calls)
[PASS] shell_exec_basic         ollama:qwen2.5:3b+plan:ollama:gemma4:e4b+ablate:task-list (rep 2)   5735ms  rounds=3 tool_calls=1  schema_fail=0  exec_fail=0  denied=0  tokens_in=3187 tokens_out=106
[FAIL] shell_exec_basic         ollama:qwen2.5:3b+plan:ollama:gemma4:e4b+ablate:task-list (rep 3)   4514ms  rounds=2 tool_calls=0  schema_fail=0  exec_fail=0  denied=0  tokens_in=1839 tokens_out=82 [ModelBackendError] (error: model's response had no text and requested no tool calls)
[PASS] shell_exec_basic         ollama:qwen2.5:3b+plan:ollama:gemma4:e4b+ablate:task-list (rep 4)   5736ms  rounds=3 tool_calls=1  schema_fail=0  exec_fail=0  denied=0  tokens_in=3187 tokens_out=106
[FAIL] shell_exec_basic         ollama:qwen2.5:3b+plan:ollama:gemma4:e4b+ablate:task-list (rep 5)   4320ms  rounds=2 tool_calls=0  schema_fail=0  exec_fail=0  denied=0  tokens_in=1839 tokens_out=79 [ModelBackendError] (error: model's response had no text and requested no tool calls)
[PASS] no_tool_qa               ollama:qwen2.5:3b+plan:ollama:gemma4:e4b+ablate:task-list   3724ms  rounds=2 tool_calls=0  schema_fail=0  exec_fail=0  denied=0  tokens_in=1846 tokens_out=61
[PASS] no_tool_qa               ollama:qwen2.5:3b+plan:ollama:gemma4:e4b+ablate:task-list (rep 2)   3507ms  rounds=2 tool_calls=0  schema_fail=0  exec_fail=0  denied=0  tokens_in=1846 tokens_out=54
[PASS] no_tool_qa               ollama:qwen2.5:3b+plan:ollama:gemma4:e4b+ablate:task-list (rep 3)   3637ms  rounds=2 tool_calls=0  schema_fail=0  exec_fail=0  denied=0  tokens_in=1846 tokens_out=60
[PASS] no_tool_qa               ollama:qwen2.5:3b+plan:ollama:gemma4:e4b+ablate:task-list (rep 4)   3428ms  rounds=2 tool_calls=0  schema_fail=0  exec_fail=0  denied=0  tokens_in=1846 tokens_out=49
[PASS] no_tool_qa               ollama:qwen2.5:3b+plan:ollama:gemma4:e4b+ablate:task-list (rep 5)   3595ms  rounds=2 tool_calls=0  schema_fail=0  exec_fail=0  denied=0  tokens_in=1846 tokens_out=59
[FAIL] multi_step_read_count_write ollama:qwen2.5:3b+plan:ollama:gemma4:e4b+ablate:task-list  18628ms  rounds=5 tool_calls=5  schema_fail=1  exec_fail=0  denied=0  tokens_in=7325 tokens_out=444 [AssertionFiles]
[PASS] multi_step_read_count_write ollama:qwen2.5:3b+plan:ollama:gemma4:e4b+ablate:task-list (rep 2)  28352ms  rounds=6 tool_calls=5  schema_fail=0  exec_fail=0  denied=0  tokens_in=9230 tokens_out=685
[FAIL] multi_step_read_count_write ollama:qwen2.5:3b+plan:ollama:gemma4:e4b+ablate:task-list (rep 3)    925ms  rounds=0 tool_calls=0  schema_fail=0  exec_fail=0  denied=0  tokens_in=0 tokens_out=0 [ModelBackendError] (error: model backend error: request to model backend failed: ollama request failed: error sending request for url (http://192.168.1.8:11434/api/chat))
[FAIL] multi_step_read_count_write ollama:qwen2.5:3b+plan:ollama:gemma4:e4b+ablate:task-list (rep 4)     22ms  rounds=0 tool_calls=0  schema_fail=0  exec_fail=0  denied=0  tokens_in=0 tokens_out=0 [ModelBackendError] (error: model backend error: request to model backend failed: ollama request failed: error sending request for url (http://192.168.1.8:11434/api/chat))
[FAIL] multi_step_read_count_write ollama:qwen2.5:3b+plan:ollama:gemma4:e4b+ablate:task-list (rep 5)     66ms  rounds=0 tool_calls=0  schema_fail=0  exec_fail=0  denied=0  tokens_in=0 tokens_out=0 [ModelBackendError] (error: model backend error: request to model backend failed: ollama request failed: error sending request for url (http://192.168.1.8:11434/api/chat))
[FAIL] error_recovery_wrong_filename ollama:qwen2.5:3b+plan:ollama:gemma4:e4b+ablate:task-list    150ms  rounds=0 tool_calls=0  schema_fail=0  exec_fail=0  denied=0  tokens_in=0 tokens_out=0 [ModelBackendError] (error: model backend error: request to model backend failed: ollama request failed: error sending request for url (http://192.168.1.8:11434/api/chat))
[FAIL] error_recovery_wrong_filename ollama:qwen2.5:3b+plan:ollama:gemma4:e4b+ablate:task-list (rep 2)     41ms  rounds=0 tool_calls=0  schema_fail=0  exec_fail=0  denied=0  tokens_in=0 tokens_out=0 [ModelBackendError] (error: model backend error: request to model backend failed: ollama request failed: error sending request for url (http://192.168.1.8:11434/api/chat))
[FAIL] error_recovery_wrong_filename ollama:qwen2.5:3b+plan:ollama:gemma4:e4b+ablate:task-list (rep 3)     19ms  rounds=0 tool_calls=0  schema_fail=0  exec_fail=0  denied=0  tokens_in=0 tokens_out=0 [ModelBackendError] (error: model backend error: request to model backend failed: ollama request failed: error sending request for url (http://192.168.1.8:11434/api/chat))
[FAIL] error_recovery_wrong_filename ollama:qwen2.5:3b+plan:ollama:gemma4:e4b+ablate:task-list (rep 4)     21ms  rounds=0 tool_calls=0  schema_fail=0  exec_fail=0  denied=0  tokens_in=0 tokens_out=0 [ModelBackendError] (error: model backend error: request to model backend failed: ollama request failed: error sending request for url (http://192.168.1.8:11434/api/chat))
[FAIL] error_recovery_wrong_filename ollama:qwen2.5:3b+plan:ollama:gemma4:e4b+ablate:task-list (rep 5)    141ms  rounds=0 tool_calls=0  schema_fail=0  exec_fail=0  denied=0  tokens_in=0 tokens_out=0 [ModelBackendError] (error: model backend error: request to model backend failed: ollama request failed: error sending request for url (http://192.168.1.8:11434/api/chat))
[FAIL] distractor_selection_among_files ollama:qwen2.5:3b+plan:ollama:gemma4:e4b+ablate:task-list     63ms  rounds=0 tool_calls=0  schema_fail=0  exec_fail=0  denied=0  tokens_in=0 tokens_out=0 [ModelBackendError] (error: model backend error: request to model backend failed: ollama request failed: error sending request for url (http://192.168.1.8:11434/api/chat))
[FAIL] distractor_selection_among_files ollama:qwen2.5:3b+plan:ollama:gemma4:e4b+ablate:task-list (rep 2)     26ms  rounds=0 tool_calls=0  schema_fail=0  exec_fail=0  denied=0  tokens_in=0 tokens_out=0 [ModelBackendError] (error: model backend error: request to model backend failed: ollama request failed: error sending request for url (http://192.168.1.8:11434/api/chat))
[FAIL] distractor_selection_among_files ollama:qwen2.5:3b+plan:ollama:gemma4:e4b+ablate:task-list (rep 3)    128ms  rounds=0 tool_calls=0  schema_fail=0  exec_fail=0  denied=0  tokens_in=0 tokens_out=0 [ModelBackendError] (error: model backend error: request to model backend failed: ollama request failed: error sending request for url (http://192.168.1.8:11434/api/chat))
[FAIL] distractor_selection_among_files ollama:qwen2.5:3b+plan:ollama:gemma4:e4b+ablate:task-list (rep 4)     16ms  rounds=0 tool_calls=0  schema_fail=0  exec_fail=0  denied=0  tokens_in=0 tokens_out=0 [ModelBackendError] (error: model backend error: request to model backend failed: ollama request failed: error sending request for url (http://192.168.1.8:11434/api/chat))
[FAIL] distractor_selection_among_files ollama:qwen2.5:3b+plan:ollama:gemma4:e4b+ablate:task-list (rep 5)     60ms  rounds=0 tool_calls=0  schema_fail=0  exec_fail=0  denied=0  tokens_in=0 tokens_out=0 [ModelBackendError] (error: model backend error: request to model backend failed: ollama request failed: error sending request for url (http://192.168.1.8:11434/api/chat))
[FAIL] edit_file_function_body  ollama:qwen2.5:3b+plan:ollama:gemma4:e4b+ablate:task-list    149ms  rounds=0 tool_calls=0  schema_fail=0  exec_fail=0  denied=0  tokens_in=0 tokens_out=0 [ModelBackendError] (error: model backend error: request to model backend failed: ollama request failed: error sending request for url (http://192.168.1.8:11434/api/chat))
[FAIL] edit_file_function_body  ollama:qwen2.5:3b+plan:ollama:gemma4:e4b+ablate:task-list (rep 2)     21ms  rounds=0 tool_calls=0  schema_fail=0  exec_fail=0  denied=0  tokens_in=0 tokens_out=0 [ModelBackendError] (error: model backend error: request to model backend failed: ollama request failed: error sending request for url (http://192.168.1.8:11434/api/chat))
[FAIL] edit_file_function_body  ollama:qwen2.5:3b+plan:ollama:gemma4:e4b+ablate:task-list (rep 3)     14ms  rounds=0 tool_calls=0  schema_fail=0  exec_fail=0  denied=0  tokens_in=0 tokens_out=0 [ModelBackendError] (error: model backend error: request to model backend failed: ollama request failed: error sending request for url (http://192.168.1.8:11434/api/chat))
[FAIL] edit_file_function_body  ollama:qwen2.5:3b+plan:ollama:gemma4:e4b+ablate:task-list (rep 4)     20ms  rounds=0 tool_calls=0  schema_fail=0  exec_fail=0  denied=0  tokens_in=0 tokens_out=0 [ModelBackendError] (error: model backend error: request to model backend failed: ollama request failed: error sending request for url (http://192.168.1.8:11434/api/chat))
[FAIL] edit_file_function_body  ollama:qwen2.5:3b+plan:ollama:gemma4:e4b+ablate:task-list (rep 5)     33ms  rounds=0 tool_calls=0  schema_fail=0  exec_fail=0  denied=0  tokens_in=0 tokens_out=0 [ModelBackendError] (error: model backend error: request to model backend failed: ollama request failed: error sending request for url (http://192.168.1.8:11434/api/chat))
[FAIL] no_tool_capital_question ollama:qwen2.5:3b+plan:ollama:gemma4:e4b+ablate:task-list    138ms  rounds=0 tool_calls=0  schema_fail=0  exec_fail=0  denied=0  tokens_in=0 tokens_out=0 [ModelBackendError] (error: model backend error: request to model backend failed: ollama request failed: error sending request for url (http://192.168.1.8:11434/api/chat))
[FAIL] no_tool_capital_question ollama:qwen2.5:3b+plan:ollama:gemma4:e4b+ablate:task-list (rep 2)     37ms  rounds=0 tool_calls=0  schema_fail=0  exec_fail=0  denied=0  tokens_in=0 tokens_out=0 [ModelBackendError] (error: model backend error: request to model backend failed: ollama request failed: error sending request for url (http://192.168.1.8:11434/api/chat))
[FAIL] no_tool_capital_question ollama:qwen2.5:3b+plan:ollama:gemma4:e4b+ablate:task-list (rep 3)     39ms  rounds=0 tool_calls=0  schema_fail=0  exec_fail=0  denied=0  tokens_in=0 tokens_out=0 [ModelBackendError] (error: model backend error: request to model backend failed: ollama request failed: error sending request for url (http://192.168.1.8:11434/api/chat))
[FAIL] no_tool_capital_question ollama:qwen2.5:3b+plan:ollama:gemma4:e4b+ablate:task-list (rep 4)    184ms  rounds=0 tool_calls=0  schema_fail=0  exec_fail=0  denied=0  tokens_in=0 tokens_out=0 [ModelBackendError] (error: model backend error: request to model backend failed: ollama request failed: error sending request for url (http://192.168.1.8:11434/api/chat))
[FAIL] no_tool_capital_question ollama:qwen2.5:3b+plan:ollama:gemma4:e4b+ablate:task-list (rep 5)     19ms  rounds=0 tool_calls=0  schema_fail=0  exec_fail=0  denied=0  tokens_in=0 tokens_out=0 [ModelBackendError] (error: model backend error: request to model backend failed: ollama request failed: error sending request for url (http://192.168.1.8:11434/api/chat))
[FAIL] no_tool_subtraction      ollama:qwen2.5:3b+plan:ollama:gemma4:e4b+ablate:task-list    171ms  rounds=0 tool_calls=0  schema_fail=0  exec_fail=0  denied=0  tokens_in=0 tokens_out=0 [ModelBackendError] (error: model backend error: request to model backend failed: ollama request failed: error sending request for url (http://192.168.1.8:11434/api/chat))
[FAIL] no_tool_subtraction      ollama:qwen2.5:3b+plan:ollama:gemma4:e4b+ablate:task-list (rep 2)     22ms  rounds=0 tool_calls=0  schema_fail=0  exec_fail=0  denied=0  tokens_in=0 tokens_out=0 [ModelBackendError] (error: model backend error: request to model backend failed: ollama request failed: error sending request for url (http://192.168.1.8:11434/api/chat))
[FAIL] no_tool_subtraction      ollama:qwen2.5:3b+plan:ollama:gemma4:e4b+ablate:task-list (rep 3)     24ms  rounds=0 tool_calls=0  schema_fail=0  exec_fail=0  denied=0  tokens_in=0 tokens_out=0 [ModelBackendError] (error: model backend error: request to model backend failed: ollama request failed: error sending request for url (http://192.168.1.8:11434/api/chat))
[FAIL] no_tool_subtraction      ollama:qwen2.5:3b+plan:ollama:gemma4:e4b+ablate:task-list (rep 4)     14ms  rounds=0 tool_calls=0  schema_fail=0  exec_fail=0  denied=0  tokens_in=0 tokens_out=0 [ModelBackendError] (error: model backend error: request to model backend failed: ollama request failed: error sending request for url (http://192.168.1.8:11434/api/chat))
[FAIL] no_tool_subtraction      ollama:qwen2.5:3b+plan:ollama:gemma4:e4b+ablate:task-list (rep 5)     26ms  rounds=0 tool_calls=0  schema_fail=0  exec_fail=0  denied=0  tokens_in=0 tokens_out=0 [ModelBackendError] (error: model backend error: request to model backend failed: ollama request failed: error sending request for url (http://192.168.1.8:11434/api/chat))
[FAIL] multi_step_sum_two_files ollama:qwen2.5:3b+plan:ollama:gemma4:e4b+ablate:task-list    147ms  rounds=0 tool_calls=0  schema_fail=0  exec_fail=0  denied=0  tokens_in=0 tokens_out=0 [ModelBackendError] (error: model backend error: request to model backend failed: ollama request failed: error sending request for url (http://192.168.1.8:11434/api/chat))
[FAIL] multi_step_sum_two_files ollama:qwen2.5:3b+plan:ollama:gemma4:e4b+ablate:task-list (rep 2)     59ms  rounds=0 tool_calls=0  schema_fail=0  exec_fail=0  denied=0  tokens_in=0 tokens_out=0 [ModelBackendError] (error: model backend error: request to model backend failed: ollama request failed: error sending request for url (http://192.168.1.8:11434/api/chat))
[FAIL] multi_step_sum_two_files ollama:qwen2.5:3b+plan:ollama:gemma4:e4b+ablate:task-list (rep 3)     24ms  rounds=0 tool_calls=0  schema_fail=0  exec_fail=0  denied=0  tokens_in=0 tokens_out=0 [ModelBackendError] (error: model backend error: request to model backend failed: ollama request failed: error sending request for url (http://192.168.1.8:11434/api/chat))
[FAIL] multi_step_sum_two_files ollama:qwen2.5:3b+plan:ollama:gemma4:e4b+ablate:task-list (rep 4)    158ms  rounds=0 tool_calls=0  schema_fail=0  exec_fail=0  denied=0  tokens_in=0 tokens_out=0 [ModelBackendError] (error: model backend error: request to model backend failed: ollama request failed: error sending request for url (http://192.168.1.8:11434/api/chat))
[FAIL] multi_step_sum_two_files ollama:qwen2.5:3b+plan:ollama:gemma4:e4b+ablate:task-list (rep 5)     52ms  rounds=0 tool_calls=0  schema_fail=0  exec_fail=0  denied=0  tokens_in=0 tokens_out=0 [ModelBackendError] (error: model backend error: request to model backend failed: ollama request failed: error sending request for url (http://192.168.1.8:11434/api/chat))
[FAIL] multi_step_multiply_and_write ollama:qwen2.5:3b+plan:ollama:gemma4:e4b+ablate:task-list     20ms  rounds=0 tool_calls=0  schema_fail=0  exec_fail=0  denied=0  tokens_in=0 tokens_out=0 [ModelBackendError] (error: model backend error: request to model backend failed: ollama request failed: error sending request for url (http://192.168.1.8:11434/api/chat))
[FAIL] multi_step_multiply_and_write ollama:qwen2.5:3b+plan:ollama:gemma4:e4b+ablate:task-list (rep 2)    141ms  rounds=0 tool_calls=0  schema_fail=0  exec_fail=0  denied=0  tokens_in=0 tokens_out=0 [ModelBackendError] (error: model backend error: request to model backend failed: ollama request failed: error sending request for url (http://192.168.1.8:11434/api/chat))
[FAIL] multi_step_multiply_and_write ollama:qwen2.5:3b+plan:ollama:gemma4:e4b+ablate:task-list (rep 3)     23ms  rounds=0 tool_calls=0  schema_fail=0  exec_fail=0  denied=0  tokens_in=0 tokens_out=0 [ModelBackendError] (error: model backend error: request to model backend failed: ollama request failed: error sending request for url (http://192.168.1.8:11434/api/chat))
[FAIL] multi_step_multiply_and_write ollama:qwen2.5:3b+plan:ollama:gemma4:e4b+ablate:task-list (rep 4)     19ms  rounds=0 tool_calls=0  schema_fail=0  exec_fail=0  denied=0  tokens_in=0 tokens_out=0 [ModelBackendError] (error: model backend error: request to model backend failed: ollama request failed: error sending request for url (http://192.168.1.8:11434/api/chat))
[FAIL] multi_step_multiply_and_write ollama:qwen2.5:3b+plan:ollama:gemma4:e4b+ablate:task-list (rep 5)     16ms  rounds=0 tool_calls=0  schema_fail=0  exec_fail=0  denied=0  tokens_in=0 tokens_out=0 [ModelBackendError] (error: model backend error: request to model backend failed: ollama request failed: error sending request for url (http://192.168.1.8:11434/api/chat))
[FAIL] error_recovery_wrong_config_extension ollama:qwen2.5:3b+plan:ollama:gemma4:e4b+ablate:task-list     19ms  rounds=0 tool_calls=0  schema_fail=0  exec_fail=0  denied=0  tokens_in=0 tokens_out=0 [ModelBackendError] (error: model backend error: request to model backend failed: ollama request failed: error sending request for url (http://192.168.1.8:11434/api/chat))
[FAIL] error_recovery_wrong_config_extension ollama:qwen2.5:3b+plan:ollama:gemma4:e4b+ablate:task-list (rep 2)    209ms  rounds=0 tool_calls=0  schema_fail=0  exec_fail=0  denied=0  tokens_in=0 tokens_out=0 [ModelBackendError] (error: model backend error: request to model backend failed: ollama request failed: error sending request for url (http://192.168.1.8:11434/api/chat))
[FAIL] error_recovery_wrong_config_extension ollama:qwen2.5:3b+plan:ollama:gemma4:e4b+ablate:task-list (rep 3)     22ms  rounds=0 tool_calls=0  schema_fail=0  exec_fail=0  denied=0  tokens_in=0 tokens_out=0 [ModelBackendError] (error: model backend error: request to model backend failed: ollama request failed: error sending request for url (http://192.168.1.8:11434/api/chat))
[FAIL] error_recovery_wrong_config_extension ollama:qwen2.5:3b+plan:ollama:gemma4:e4b+ablate:task-list (rep 4)     68ms  rounds=0 tool_calls=0  schema_fail=0  exec_fail=0  denied=0  tokens_in=0 tokens_out=0 [ModelBackendError] (error: model backend error: request to model backend failed: ollama request failed: error sending request for url (http://192.168.1.8:11434/api/chat))
[FAIL] error_recovery_wrong_config_extension ollama:qwen2.5:3b+plan:ollama:gemma4:e4b+ablate:task-list (rep 5)     25ms  rounds=0 tool_calls=0  schema_fail=0  exec_fail=0  denied=0  tokens_in=0 tokens_out=0 [ModelBackendError] (error: model backend error: request to model backend failed: ollama request failed: error sending request for url (http://192.168.1.8:11434/api/chat))
[FAIL] error_recovery_edit_wrong_filename ollama:qwen2.5:3b+plan:ollama:gemma4:e4b+ablate:task-list     27ms  rounds=0 tool_calls=0  schema_fail=0  exec_fail=0  denied=0  tokens_in=0 tokens_out=0 [ModelBackendError] (error: model backend error: request to model backend failed: ollama request failed: error sending request for url (http://192.168.1.8:11434/api/chat))
[FAIL] error_recovery_edit_wrong_filename ollama:qwen2.5:3b+plan:ollama:gemma4:e4b+ablate:task-list (rep 2)     18ms  rounds=0 tool_calls=0  schema_fail=0  exec_fail=0  denied=0  tokens_in=0 tokens_out=0 [ModelBackendError] (error: model backend error: request to model backend failed: ollama request failed: error sending request for url (http://192.168.1.8:11434/api/chat))
[FAIL] error_recovery_edit_wrong_filename ollama:qwen2.5:3b+plan:ollama:gemma4:e4b+ablate:task-list (rep 3)     45ms  rounds=0 tool_calls=0  schema_fail=0  exec_fail=0  denied=0  tokens_in=0 tokens_out=0 [ModelBackendError] (error: model backend error: request to model backend failed: ollama request failed: error sending request for url (http://192.168.1.8:11434/api/chat))
[FAIL] error_recovery_edit_wrong_filename ollama:qwen2.5:3b+plan:ollama:gemma4:e4b+ablate:task-list (rep 4)     47ms  rounds=0 tool_calls=0  schema_fail=0  exec_fail=0  denied=0  tokens_in=0 tokens_out=0 [ModelBackendError] (error: model backend error: request to model backend failed: ollama request failed: error sending request for url (http://192.168.1.8:11434/api/chat))
[FAIL] error_recovery_edit_wrong_filename ollama:qwen2.5:3b+plan:ollama:gemma4:e4b+ablate:task-list (rep 5)     27ms  rounds=0 tool_calls=0  schema_fail=0  exec_fail=0  denied=0  tokens_in=0 tokens_out=0 [ModelBackendError] (error: model backend error: request to model backend failed: ollama request failed: error sending request for url (http://192.168.1.8:11434/api/chat))
[FAIL] distractor_selection_log_with_error ollama:qwen2.5:3b+plan:ollama:gemma4:e4b+ablate:task-list     22ms  rounds=0 tool_calls=0  schema_fail=0  exec_fail=0  denied=0  tokens_in=0 tokens_out=0 [ModelBackendError] (error: model backend error: request to model backend failed: ollama request failed: error sending request for url (http://192.168.1.8:11434/api/chat))
[FAIL] distractor_selection_log_with_error ollama:qwen2.5:3b+plan:ollama:gemma4:e4b+ablate:task-list (rep 2)     93ms  rounds=0 tool_calls=0  schema_fail=0  exec_fail=0  denied=0  tokens_in=0 tokens_out=0 [ModelBackendError] (error: model backend error: request to model backend failed: ollama request failed: error sending request for url (http://192.168.1.8:11434/api/chat))
[FAIL] distractor_selection_log_with_error ollama:qwen2.5:3b+plan:ollama:gemma4:e4b+ablate:task-list (rep 3)     50ms  rounds=0 tool_calls=0  schema_fail=0  exec_fail=0  denied=0  tokens_in=0 tokens_out=0 [ModelBackendError] (error: model backend error: request to model backend failed: ollama request failed: error sending request for url (http://192.168.1.8:11434/api/chat))
[FAIL] distractor_selection_log_with_error ollama:qwen2.5:3b+plan:ollama:gemma4:e4b+ablate:task-list (rep 4)     20ms  rounds=0 tool_calls=0  schema_fail=0  exec_fail=0  denied=0  tokens_in=0 tokens_out=0 [ModelBackendError] (error: model backend error: request to model backend failed: ollama request failed: error sending request for url (http://192.168.1.8:11434/api/chat))
[FAIL] distractor_selection_log_with_error ollama:qwen2.5:3b+plan:ollama:gemma4:e4b+ablate:task-list (rep 5)     28ms  rounds=0 tool_calls=0  schema_fail=0  exec_fail=0  denied=0  tokens_in=0 tokens_out=0 [ModelBackendError] (error: model backend error: request to model backend failed: ollama request failed: error sending request for url (http://192.168.1.8:11434/api/chat))
[FAIL] distractor_selection_debug_config ollama:qwen2.5:3b+plan:ollama:gemma4:e4b+ablate:task-list     16ms  rounds=0 tool_calls=0  schema_fail=0  exec_fail=0  denied=0  tokens_in=0 tokens_out=0 [ModelBackendError] (error: model backend error: request to model backend failed: ollama request failed: error sending request for url (http://192.168.1.8:11434/api/chat))
[FAIL] distractor_selection_debug_config ollama:qwen2.5:3b+plan:ollama:gemma4:e4b+ablate:task-list (rep 2)     37ms  rounds=0 tool_calls=0  schema_fail=0  exec_fail=0  denied=0  tokens_in=0 tokens_out=0 [ModelBackendError] (error: model backend error: request to model backend failed: ollama request failed: error sending request for url (http://192.168.1.8:11434/api/chat))
[FAIL] distractor_selection_debug_config ollama:qwen2.5:3b+plan:ollama:gemma4:e4b+ablate:task-list (rep 3)     24ms  rounds=0 tool_calls=0  schema_fail=0  exec_fail=0  denied=0  tokens_in=0 tokens_out=0 [ModelBackendError] (error: model backend error: request to model backend failed: ollama request failed: error sending request for url (http://192.168.1.8:11434/api/chat))
[FAIL] distractor_selection_debug_config ollama:qwen2.5:3b+plan:ollama:gemma4:e4b+ablate:task-list (rep 4)     42ms  rounds=0 tool_calls=0  schema_fail=0  exec_fail=0  denied=0  tokens_in=0 tokens_out=0 [ModelBackendError] (error: model backend error: request to model backend failed: ollama request failed: error sending request for url (http://192.168.1.8:11434/api/chat))
[FAIL] distractor_selection_debug_config ollama:qwen2.5:3b+plan:ollama:gemma4:e4b+ablate:task-list (rep 5)     43ms  rounds=0 tool_calls=0  schema_fail=0  exec_fail=0  denied=0  tokens_in=0 tokens_out=0 [ModelBackendError] (error: model backend error: request to model backend failed: ollama request failed: error sending request for url (http://192.168.1.8:11434/api/chat))
[FAIL] read_file_basic          ollama:qwen3.5-coder     17ms  rounds=0 tool_calls=0  schema_fail=0  exec_fail=0  denied=0  tokens_in=0 tokens_out=0 [ModelBackendError] (error: model backend error: request to model backend failed: ollama request failed: error sending request for url (http://192.168.1.8:11434/api/chat))
[FAIL] read_file_basic          ollama:qwen3.5-coder (rep 2)     13ms  rounds=0 tool_calls=0  schema_fail=0  exec_fail=0  denied=0  tokens_in=0 tokens_out=0 [ModelBackendError] (error: model backend error: request to model backend failed: ollama request failed: error sending request for url (http://192.168.1.8:11434/api/chat))
[FAIL] read_file_basic          ollama:qwen3.5-coder (rep 3)     12ms  rounds=0 tool_calls=0  schema_fail=0  exec_fail=0  denied=0  tokens_in=0 tokens_out=0 [ModelBackendError] (error: model backend error: request to model backend failed: ollama request failed: error sending request for url (http://192.168.1.8:11434/api/chat))
[FAIL] read_file_basic          ollama:qwen3.5-coder (rep 4)     31ms  rounds=0 tool_calls=0  schema_fail=0  exec_fail=0  denied=0  tokens_in=0 tokens_out=0 [ModelBackendError] (error: model backend error: request to model backend failed: ollama request failed: error sending request for url (http://192.168.1.8:11434/api/chat))
[FAIL] read_file_basic          ollama:qwen3.5-coder (rep 5)     24ms  rounds=0 tool_calls=0  schema_fail=0  exec_fail=0  denied=0  tokens_in=0 tokens_out=0 [ModelBackendError] (error: model backend error: request to model backend failed: ollama request failed: error sending request for url (http://192.168.1.8:11434/api/chat))
[FAIL] grep_basic               ollama:qwen3.5-coder     14ms  rounds=0 tool_calls=0  schema_fail=0  exec_fail=0  denied=0  tokens_in=0 tokens_out=0 [ModelBackendError] (error: model backend error: request to model backend failed: ollama request failed: error sending request for url (http://192.168.1.8:11434/api/chat))
[FAIL] grep_basic               ollama:qwen3.5-coder (rep 2)     43ms  rounds=0 tool_calls=0  schema_fail=0  exec_fail=0  denied=0  tokens_in=0 tokens_out=0 [ModelBackendError] (error: model backend error: request to model backend failed: ollama request failed: error sending request for url (http://192.168.1.8:11434/api/chat))
[PASS] grep_basic               ollama:qwen3.5-coder (rep 3)  54214ms  rounds=6 tool_calls=5  schema_fail=2  exec_fail=0  denied=0  tokens_in=10245 tokens_out=313
[PASS] grep_basic               ollama:qwen3.5-coder (rep 4)  14024ms  rounds=2 tool_calls=1  schema_fail=0  exec_fail=0  denied=0  tokens_in=2933 tokens_out=127
[PASS] grep_basic               ollama:qwen3.5-coder (rep 5)  21608ms  rounds=3 tool_calls=2  schema_fail=0  exec_fail=0  denied=0  tokens_in=4561 tokens_out=195
[PASS] glob_basic               ollama:qwen3.5-coder  21037ms  rounds=2 tool_calls=1  schema_fail=0  exec_fail=0  denied=0  tokens_in=2963 tokens_out=199
[PASS] glob_basic               ollama:qwen3.5-coder (rep 2)  20334ms  rounds=2 tool_calls=1  schema_fail=0  exec_fail=0  denied=0  tokens_in=2974 tokens_out=192
[PASS] glob_basic               ollama:qwen3.5-coder (rep 3)  20473ms  rounds=2 tool_calls=1  schema_fail=0  exec_fail=0  denied=0  tokens_in=2963 tokens_out=193
[PASS] glob_basic               ollama:qwen3.5-coder (rep 4)  20373ms  rounds=2 tool_calls=1  schema_fail=0  exec_fail=0  denied=0  tokens_in=2963 tokens_out=191
[PASS] glob_basic               ollama:qwen3.5-coder (rep 5)  19911ms  rounds=2 tool_calls=1  schema_fail=0  exec_fail=0  denied=0  tokens_in=2963 tokens_out=188
[PASS] write_file_basic         ollama:qwen3.5-coder  16717ms  rounds=2 tool_calls=1  schema_fail=0  exec_fail=0  denied=0  tokens_in=2992 tokens_out=152
[PASS] write_file_basic         ollama:qwen3.5-coder (rep 2)  14482ms  rounds=2 tool_calls=1  schema_fail=0  exec_fail=0  denied=0  tokens_in=2992 tokens_out=128
[PASS] write_file_basic         ollama:qwen3.5-coder (rep 3)  16664ms  rounds=2 tool_calls=1  schema_fail=0  exec_fail=0  denied=0  tokens_in=2992 tokens_out=151
[PASS] write_file_basic         ollama:qwen3.5-coder (rep 4)  13586ms  rounds=2 tool_calls=1  schema_fail=0  exec_fail=0  denied=0  tokens_in=2968 tokens_out=119
[PASS] write_file_basic         ollama:qwen3.5-coder (rep 5)  13818ms  rounds=2 tool_calls=1  schema_fail=0  exec_fail=0  denied=0  tokens_in=2968 tokens_out=122
[PASS] edit_file_basic          ollama:qwen3.5-coder  23642ms  rounds=3 tool_calls=2  schema_fail=0  exec_fail=0  denied=0  tokens_in=4563 tokens_out=214
[PASS] edit_file_basic          ollama:qwen3.5-coder (rep 2)  23391ms  rounds=3 tool_calls=2  schema_fail=0  exec_fail=0  denied=0  tokens_in=4563 tokens_out=211
[PASS] edit_file_basic          ollama:qwen3.5-coder (rep 3)  23124ms  rounds=3 tool_calls=2  schema_fail=0  exec_fail=0  denied=0  tokens_in=4563 tokens_out=208
[PASS] edit_file_basic          ollama:qwen3.5-coder (rep 4)  24349ms  rounds=3 tool_calls=2  schema_fail=0  exec_fail=0  denied=0  tokens_in=4563 tokens_out=221
[PASS] edit_file_basic          ollama:qwen3.5-coder (rep 5)  23476ms  rounds=3 tool_calls=2  schema_fail=0  exec_fail=0  denied=0  tokens_in=4563 tokens_out=213
[PASS] shell_exec_basic         ollama:qwen3.5-coder  13888ms  rounds=2 tool_calls=1  schema_fail=0  exec_fail=0  denied=0  tokens_in=2936 tokens_out=122
[PASS] shell_exec_basic         ollama:qwen3.5-coder (rep 2)  13490ms  rounds=2 tool_calls=1  schema_fail=0  exec_fail=0  denied=0  tokens_in=2936 tokens_out=118
[PASS] shell_exec_basic         ollama:qwen3.5-coder (rep 3)  13770ms  rounds=2 tool_calls=1  schema_fail=0  exec_fail=0  denied=0  tokens_in=2936 tokens_out=121
[PASS] shell_exec_basic         ollama:qwen3.5-coder (rep 4)  13923ms  rounds=2 tool_calls=1  schema_fail=0  exec_fail=0  denied=0  tokens_in=2936 tokens_out=123
[PASS] shell_exec_basic         ollama:qwen3.5-coder (rep 5)  13766ms  rounds=2 tool_calls=1  schema_fail=0  exec_fail=0  denied=0  tokens_in=2936 tokens_out=121
[PASS] no_tool_qa               ollama:qwen3.5-coder   6732ms  rounds=1 tool_calls=0  schema_fail=0  exec_fail=0  denied=0  tokens_in=1424 tokens_out=55
[PASS] no_tool_qa               ollama:qwen3.5-coder (rep 2)   6673ms  rounds=1 tool_calls=0  schema_fail=0  exec_fail=0  denied=0  tokens_in=1424 tokens_out=54
[PASS] no_tool_qa               ollama:qwen3.5-coder (rep 3)   6736ms  rounds=1 tool_calls=0  schema_fail=0  exec_fail=0  denied=0  tokens_in=1424 tokens_out=55
[PASS] no_tool_qa               ollama:qwen3.5-coder (rep 4)   6740ms  rounds=1 tool_calls=0  schema_fail=0  exec_fail=0  denied=0  tokens_in=1424 tokens_out=55
[PASS] no_tool_qa               ollama:qwen3.5-coder (rep 5)   7648ms  rounds=1 tool_calls=0  schema_fail=0  exec_fail=0  denied=0  tokens_in=1424 tokens_out=64
[PASS] multi_step_read_count_write ollama:qwen3.5-coder  25861ms  rounds=4 tool_calls=2  schema_fail=0  exec_fail=0  denied=0  tokens_in=5246 tokens_out=213
[PASS] multi_step_read_count_write ollama:qwen3.5-coder (rep 2)  25404ms  rounds=3 tool_calls=2  schema_fail=0  exec_fail=0  denied=0  tokens_in=4621 tokens_out=226
[PASS] multi_step_read_count_write ollama:qwen3.5-coder (rep 3)  23760ms  rounds=3 tool_calls=2  schema_fail=0  exec_fail=0  denied=0  tokens_in=4621 tokens_out=209
[PASS] multi_step_read_count_write ollama:qwen3.5-coder (rep 4)  22620ms  rounds=3 tool_calls=2  schema_fail=0  exec_fail=0  denied=0  tokens_in=4621 tokens_out=197
[PASS] multi_step_read_count_write ollama:qwen3.5-coder (rep 5)  24256ms  rounds=3 tool_calls=2  schema_fail=0  exec_fail=0  denied=0  tokens_in=4647 tokens_out=215
[PASS] error_recovery_wrong_filename ollama:qwen3.5-coder  22708ms  rounds=3 tool_calls=2  schema_fail=0  exec_fail=0  denied=0  tokens_in=4679 tokens_out=200
[PASS] error_recovery_wrong_filename ollama:qwen3.5-coder (rep 2)  22504ms  rounds=3 tool_calls=2  schema_fail=0  exec_fail=0  denied=0  tokens_in=4679 tokens_out=198
[PASS] error_recovery_wrong_filename ollama:qwen3.5-coder (rep 3)  20609ms  rounds=3 tool_calls=2  schema_fail=0  exec_fail=0  denied=0  tokens_in=4679 tokens_out=179
[PASS] error_recovery_wrong_filename ollama:qwen3.5-coder (rep 4)  21186ms  rounds=3 tool_calls=2  schema_fail=0  exec_fail=0  denied=0  tokens_in=4679 tokens_out=184
[PASS] error_recovery_wrong_filename ollama:qwen3.5-coder (rep 5)  23195ms  rounds=3 tool_calls=2  schema_fail=0  exec_fail=0  denied=0  tokens_in=4679 tokens_out=205
[FAIL] distractor_selection_among_files ollama:qwen3.5-coder  18221ms  rounds=1 tool_calls=1  schema_fail=0  exec_fail=0  denied=0  tokens_in=1438 tokens_out=103 [ModelBackendError] (error: model backend error: model backend's completion stream failed: XML syntax error on line 3: element <function> closed by </parameter>)
[FAIL] distractor_selection_among_files ollama:qwen3.5-coder (rep 2)  19187ms  rounds=1 tool_calls=1  schema_fail=0  exec_fail=0  denied=0  tokens_in=1438 tokens_out=113 [ModelBackendError] (error: model backend error: model backend's completion stream failed: XML syntax error on line 3: element <function> closed by </parameter>)
[PASS] distractor_selection_among_files ollama:qwen3.5-coder (rep 3)  31323ms  rounds=3 tool_calls=2  schema_fail=0  exec_fail=0  denied=0  tokens_in=4758 tokens_out=288
[FAIL] distractor_selection_among_files ollama:qwen3.5-coder (rep 4)  31061ms  rounds=2 tool_calls=2  schema_fail=0  exec_fail=0  denied=0  tokens_in=3059 tokens_out=226 [ModelBackendError] (error: model backend error: model backend's completion stream failed: XML syntax error on line 3: element <function> closed by </parameter>)
[PASS] distractor_selection_among_files ollama:qwen3.5-coder (rep 5)  86557ms  rounds=8 tool_calls=7  schema_fail=0  exec_fail=0  denied=0  tokens_in=15679 tokens_out=768
[PASS] edit_file_function_body  ollama:qwen3.5-coder  28361ms  rounds=3 tool_calls=2  schema_fail=0  exec_fail=0  denied=0  tokens_in=4652 tokens_out=259
[PASS] edit_file_function_body  ollama:qwen3.5-coder (rep 2)  29157ms  rounds=3 tool_calls=2  schema_fail=0  exec_fail=0  denied=0  tokens_in=4640 tokens_out=269
[PASS] edit_file_function_body  ollama:qwen3.5-coder (rep 3)  28234ms  rounds=3 tool_calls=2  schema_fail=0  exec_fail=0  denied=0  tokens_in=4652 tokens_out=259
[PASS] edit_file_function_body  ollama:qwen3.5-coder (rep 4)  28996ms  rounds=3 tool_calls=2  schema_fail=0  exec_fail=0  denied=0  tokens_in=4652 tokens_out=269
[PASS] edit_file_function_body  ollama:qwen3.5-coder (rep 5)  31300ms  rounds=3 tool_calls=2  schema_fail=0  exec_fail=0  denied=0  tokens_in=4652 tokens_out=292
[PASS] no_tool_capital_question ollama:qwen3.5-coder   7100ms  rounds=1 tool_calls=0  schema_fail=0  exec_fail=0  denied=0  tokens_in=1426 tokens_out=58
[PASS] no_tool_capital_question ollama:qwen3.5-coder (rep 2)   7181ms  rounds=1 tool_calls=0  schema_fail=0  exec_fail=0  denied=0  tokens_in=1426 tokens_out=58
[PASS] no_tool_capital_question ollama:qwen3.5-coder (rep 3)   7138ms  rounds=1 tool_calls=0  schema_fail=0  exec_fail=0  denied=0  tokens_in=1426 tokens_out=58
[PASS] no_tool_capital_question ollama:qwen3.5-coder (rep 4)   7112ms  rounds=1 tool_calls=0  schema_fail=0  exec_fail=0  denied=0  tokens_in=1426 tokens_out=58
[PASS] no_tool_capital_question ollama:qwen3.5-coder (rep 5)   7528ms  rounds=1 tool_calls=0  schema_fail=0  exec_fail=0  denied=0  tokens_in=1426 tokens_out=63
[PASS] no_tool_subtraction      ollama:qwen3.5-coder   8042ms  rounds=1 tool_calls=0  schema_fail=0  exec_fail=0  denied=0  tokens_in=1426 tokens_out=68
[PASS] no_tool_subtraction      ollama:qwen3.5-coder (rep 2)   7532ms  rounds=1 tool_calls=0  schema_fail=0  exec_fail=0  denied=0  tokens_in=1426 tokens_out=63
[PASS] no_tool_subtraction      ollama:qwen3.5-coder (rep 3)   7851ms  rounds=1 tool_calls=0  schema_fail=0  exec_fail=0  denied=0  tokens_in=1426 tokens_out=66
[PASS] no_tool_subtraction      ollama:qwen3.5-coder (rep 4)   8538ms  rounds=1 tool_calls=0  schema_fail=0  exec_fail=0  denied=0  tokens_in=1426 tokens_out=74
[PASS] no_tool_subtraction      ollama:qwen3.5-coder (rep 5)   8004ms  rounds=1 tool_calls=0  schema_fail=0  exec_fail=0  denied=0  tokens_in=1426 tokens_out=67
[PASS] multi_step_sum_two_files ollama:qwen3.5-coder  30703ms  rounds=3 tool_calls=3  schema_fail=0  exec_fail=0  denied=0  tokens_in=4786 tokens_out=279
[PASS] multi_step_sum_two_files ollama:qwen3.5-coder (rep 2)  30757ms  rounds=3 tool_calls=3  schema_fail=0  exec_fail=0  denied=0  tokens_in=4786 tokens_out=267
[PASS] multi_step_sum_two_files ollama:qwen3.5-coder (rep 3)  26435ms  rounds=3 tool_calls=3  schema_fail=0  exec_fail=0  denied=0  tokens_in=4786 tokens_out=233
[PASS] multi_step_sum_two_files ollama:qwen3.5-coder (rep 4)  28412ms  rounds=3 tool_calls=3  schema_fail=0  exec_fail=0  denied=0  tokens_in=4786 tokens_out=252
[PASS] multi_step_sum_two_files ollama:qwen3.5-coder (rep 5)  33688ms  rounds=4 tool_calls=3  schema_fail=0  exec_fail=0  denied=0  tokens_in=5438 tokens_out=289
[PASS] multi_step_multiply_and_write ollama:qwen3.5-coder  27192ms  rounds=3 tool_calls=2  schema_fail=0  exec_fail=0  denied=0  tokens_in=4629 tokens_out=241
[PASS] multi_step_multiply_and_write ollama:qwen3.5-coder (rep 2)  27993ms  rounds=3 tool_calls=2  schema_fail=0  exec_fail=0  denied=0  tokens_in=4629 tokens_out=249
[PASS] multi_step_multiply_and_write ollama:qwen3.5-coder (rep 3)  30422ms  rounds=4 tool_calls=2  schema_fail=0  exec_fail=0  denied=0  tokens_in=5281 tokens_out=258
[PASS] multi_step_multiply_and_write ollama:qwen3.5-coder (rep 4)  29964ms  rounds=4 tool_calls=2  schema_fail=0  exec_fail=0  denied=0  tokens_in=5281 tokens_out=251
[PASS] multi_step_multiply_and_write ollama:qwen3.5-coder (rep 5)  28744ms  rounds=3 tool_calls=2  schema_fail=0  exec_fail=0  denied=0  tokens_in=4671 tokens_out=257
[PASS] error_recovery_wrong_config_extension ollama:qwen3.5-coder  25192ms  rounds=3 tool_calls=2  schema_fail=0  exec_fail=0  denied=0  tokens_in=4626 tokens_out=225
[PASS] error_recovery_wrong_config_extension ollama:qwen3.5-coder (rep 2)  24025ms  rounds=3 tool_calls=2  schema_fail=0  exec_fail=0  denied=0  tokens_in=4626 tokens_out=214
[PASS] error_recovery_wrong_config_extension ollama:qwen3.5-coder (rep 3)  24127ms  rounds=3 tool_calls=2  schema_fail=0  exec_fail=0  denied=0  tokens_in=4626 tokens_out=214
[PASS] error_recovery_wrong_config_extension ollama:qwen3.5-coder (rep 4)  23810ms  rounds=3 tool_calls=2  schema_fail=0  exec_fail=0  denied=0  tokens_in=4626 tokens_out=212
[PASS] error_recovery_wrong_config_extension ollama:qwen3.5-coder (rep 5)  24327ms  rounds=3 tool_calls=2  schema_fail=0  exec_fail=0  denied=0  tokens_in=4626 tokens_out=216
[PASS] error_recovery_edit_wrong_filename ollama:qwen3.5-coder  59981ms  rounds=6 tool_calls=5  schema_fail=0  exec_fail=0  denied=0  tokens_in=10524 tokens_out=553
[PASS] error_recovery_edit_wrong_filename ollama:qwen3.5-coder (rep 2)  46440ms  rounds=5 tool_calls=4  schema_fail=0  exec_fail=0  denied=0  tokens_in=8308 tokens_out=423
[FAIL] error_recovery_edit_wrong_filename ollama:qwen3.5-coder (rep 3)  61756ms  rounds=7 tool_calls=5  schema_fail=0  exec_fail=0  denied=0  tokens_in=11540 tokens_out=550 [ModelBackendError] (error: model's response had no text and requested no tool calls)
[PASS] error_recovery_edit_wrong_filename ollama:qwen3.5-coder (rep 4)  53567ms  rounds=5 tool_calls=4  schema_fail=0  exec_fail=0  denied=0  tokens_in=8499 tokens_out=501
[FAIL] error_recovery_edit_wrong_filename ollama:qwen3.5-coder (rep 5)  54488ms  rounds=6 tool_calls=4  schema_fail=0  exec_fail=0  denied=0  tokens_in=9399 tokens_out=488 [ModelBackendError] (error: model's response had no text and requested no tool calls)
[PASS] distractor_selection_log_with_error ollama:qwen3.5-coder  31245ms  rounds=4 tool_calls=3  schema_fail=0  exec_fail=0  denied=0  tokens_in=6696 tokens_out=274
[PASS] distractor_selection_log_with_error ollama:qwen3.5-coder (rep 2)  31083ms  rounds=4 tool_calls=3  schema_fail=0  exec_fail=0  denied=0  tokens_in=6696 tokens_out=277
[PASS] distractor_selection_log_with_error ollama:qwen3.5-coder (rep 3)  57466ms  rounds=5 tool_calls=4  schema_fail=0  exec_fail=0  denied=0  tokens_in=8685 tokens_out=541
[PASS] distractor_selection_log_with_error ollama:qwen3.5-coder (rep 4)  47711ms  rounds=5 tool_calls=4  schema_fail=0  exec_fail=0  denied=0  tokens_in=8718 tokens_out=438
[FAIL] distractor_selection_log_with_error ollama:qwen3.5-coder (rep 5)  68627ms  rounds=8 tool_calls=6  schema_fail=1  exec_fail=0  denied=0  tokens_in=14154 tokens_out=563 [ModelBackendError] (error: model's response had no text and requested no tool calls)
[PASS] distractor_selection_debug_config ollama:qwen3.5-coder  34387ms  rounds=4 tool_calls=5  schema_fail=0  exec_fail=0  denied=0  tokens_in=6650 tokens_out=311
[PASS] distractor_selection_debug_config ollama:qwen3.5-coder (rep 2)  28473ms  rounds=4 tool_calls=3  schema_fail=0  exec_fail=0  denied=0  tokens_in=6588 tokens_out=253
[PASS] distractor_selection_debug_config ollama:qwen3.5-coder (rep 3)  27645ms  rounds=3 tool_calls=2  schema_fail=0  exec_fail=0  denied=0  tokens_in=4686 tokens_out=253
[PASS] distractor_selection_debug_config ollama:qwen3.5-coder (rep 4)  21960ms  rounds=2 tool_calls=1  schema_fail=0  exec_fail=0  denied=0  tokens_in=3000 tokens_out=204
[PASS] distractor_selection_debug_config ollama:qwen3.5-coder (rep 5)  54359ms  rounds=7 tool_calls=6  schema_fail=0  exec_fail=0  denied=0  tokens_in=12698 tokens_out=470
[PASS] read_file_basic          ollama:qwen3.5-coder+plan:ollama:gemma4:e4b  41927ms  rounds=3 tool_calls=1  schema_fail=0  exec_fail=0  denied=0  tokens_in=3508 tokens_out=230
[PASS] read_file_basic          ollama:qwen3.5-coder+plan:ollama:gemma4:e4b (rep 2)  41454ms  rounds=3 tool_calls=1  schema_fail=0  exec_fail=0  denied=0  tokens_in=3508 tokens_out=296
[PASS] read_file_basic          ollama:qwen3.5-coder+plan:ollama:gemma4:e4b (rep 3)  42351ms  rounds=3 tool_calls=1  schema_fail=0  exec_fail=0  denied=0  tokens_in=3508 tokens_out=263
[PASS] read_file_basic          ollama:qwen3.5-coder+plan:ollama:gemma4:e4b (rep 4)  42901ms  rounds=3 tool_calls=1  schema_fail=0  exec_fail=0  denied=0  tokens_in=3508 tokens_out=272
[PASS] read_file_basic          ollama:qwen3.5-coder+plan:ollama:gemma4:e4b (rep 5)  39985ms  rounds=3 tool_calls=1  schema_fail=0  exec_fail=0  denied=0  tokens_in=3508 tokens_out=229
[PASS] grep_basic               ollama:qwen3.5-coder+plan:ollama:gemma4:e4b  38248ms  rounds=3 tool_calls=1  schema_fail=0  exec_fail=0  denied=0  tokens_in=3520 tokens_out=196
[PASS] grep_basic               ollama:qwen3.5-coder+plan:ollama:gemma4:e4b (rep 2)  37341ms  rounds=3 tool_calls=1  schema_fail=0  exec_fail=0  denied=0  tokens_in=3520 tokens_out=202
[PASS] grep_basic               ollama:qwen3.5-coder+plan:ollama:gemma4:e4b (rep 3)  38265ms  rounds=3 tool_calls=1  schema_fail=0  exec_fail=0  denied=0  tokens_in=3520 tokens_out=201
[PASS] grep_basic               ollama:qwen3.5-coder+plan:ollama:gemma4:e4b (rep 4)  37963ms  rounds=3 tool_calls=1  schema_fail=0  exec_fail=0  denied=0  tokens_in=3520 tokens_out=192
[PASS] grep_basic               ollama:qwen3.5-coder+plan:ollama:gemma4:e4b (rep 5)  38284ms  rounds=3 tool_calls=1  schema_fail=0  exec_fail=0  denied=0  tokens_in=3520 tokens_out=192
[PASS] glob_basic               ollama:qwen3.5-coder+plan:ollama:gemma4:e4b  45403ms  rounds=3 tool_calls=1  schema_fail=0  exec_fail=0  denied=0  tokens_in=3556 tokens_out=265
[PASS] glob_basic               ollama:qwen3.5-coder+plan:ollama:gemma4:e4b (rep 2)  37445ms  rounds=3 tool_calls=1  schema_fail=0  exec_fail=0  denied=0  tokens_in=3545 tokens_out=198
[PASS] glob_basic               ollama:qwen3.5-coder+plan:ollama:gemma4:e4b (rep 3)  43443ms  rounds=3 tool_calls=1  schema_fail=0  exec_fail=0  denied=0  tokens_in=3545 tokens_out=256
[PASS] glob_basic               ollama:qwen3.5-coder+plan:ollama:gemma4:e4b (rep 4)  44167ms  rounds=3 tool_calls=1  schema_fail=0  exec_fail=0  denied=0  tokens_in=3545 tokens_out=269
[PASS] glob_basic               ollama:qwen3.5-coder+plan:ollama:gemma4:e4b (rep 5)  44051ms  rounds=3 tool_calls=1  schema_fail=0  exec_fail=0  denied=0  tokens_in=3545 tokens_out=265
[PASS] write_file_basic         ollama:qwen3.5-coder+plan:ollama:gemma4:e4b  39186ms  rounds=3 tool_calls=1  schema_fail=0  exec_fail=0  denied=0  tokens_in=3582 tokens_out=216
[PASS] write_file_basic         ollama:qwen3.5-coder+plan:ollama:gemma4:e4b (rep 2)  42969ms  rounds=3 tool_calls=1  schema_fail=0  exec_fail=0  denied=0  tokens_in=3582 tokens_out=231
[PASS] write_file_basic         ollama:qwen3.5-coder+plan:ollama:gemma4:e4b (rep 3)  37788ms  rounds=3 tool_calls=1  schema_fail=0  exec_fail=0  denied=0  tokens_in=3558 tokens_out=200
[PASS] write_file_basic         ollama:qwen3.5-coder+plan:ollama:gemma4:e4b (rep 4)  42319ms  rounds=3 tool_calls=1  schema_fail=0  exec_fail=0  denied=0  tokens_in=3582 tokens_out=224
[PASS] write_file_basic         ollama:qwen3.5-coder+plan:ollama:gemma4:e4b (rep 5)  37525ms  rounds=3 tool_calls=1  schema_fail=0  exec_fail=0  denied=0  tokens_in=3558 tokens_out=199
[PASS] edit_file_basic          ollama:qwen3.5-coder+plan:ollama:gemma4:e4b  48961ms  rounds=4 tool_calls=2  schema_fail=0  exec_fail=0  denied=0  tokens_in=5157 tokens_out=310
[PASS] edit_file_basic          ollama:qwen3.5-coder+plan:ollama:gemma4:e4b (rep 2)  48836ms  rounds=4 tool_calls=2  schema_fail=0  exec_fail=0  denied=0  tokens_in=5157 tokens_out=314
[PASS] edit_file_basic          ollama:qwen3.5-coder+plan:ollama:gemma4:e4b (rep 3)  47908ms  rounds=4 tool_calls=2  schema_fail=0  exec_fail=0  denied=0  tokens_in=5157 tokens_out=314
[PASS] edit_file_basic          ollama:qwen3.5-coder+plan:ollama:gemma4:e4b (rep 4)  48545ms  rounds=4 tool_calls=2  schema_fail=0  exec_fail=0  denied=0  tokens_in=5157 tokens_out=313
[PASS] edit_file_basic          ollama:qwen3.5-coder+plan:ollama:gemma4:e4b (rep 5)  49294ms  rounds=4 tool_calls=2  schema_fail=0  exec_fail=0  denied=0  tokens_in=5157 tokens_out=340
[PASS] shell_exec_basic         ollama:qwen3.5-coder+plan:ollama:gemma4:e4b  36821ms  rounds=3 tool_calls=1  schema_fail=0  exec_fail=0  denied=0  tokens_in=3525 tokens_out=178
[PASS] shell_exec_basic         ollama:qwen3.5-coder+plan:ollama:gemma4:e4b (rep 2)  37233ms  rounds=3 tool_calls=1  schema_fail=0  exec_fail=0  denied=0  tokens_in=3525 tokens_out=185
[PASS] shell_exec_basic         ollama:qwen3.5-coder+plan:ollama:gemma4:e4b (rep 3)  38943ms  rounds=3 tool_calls=1  schema_fail=0  exec_fail=0  denied=0  tokens_in=3525 tokens_out=189
[PASS] shell_exec_basic         ollama:qwen3.5-coder+plan:ollama:gemma4:e4b (rep 4)  37002ms  rounds=3 tool_calls=1  schema_fail=0  exec_fail=0  denied=0  tokens_in=3525 tokens_out=183
[PASS] shell_exec_basic         ollama:qwen3.5-coder+plan:ollama:gemma4:e4b (rep 5)  39321ms  rounds=3 tool_calls=1  schema_fail=0  exec_fail=0  denied=0  tokens_in=3525 tokens_out=186
[PASS] no_tool_qa               ollama:qwen3.5-coder+plan:ollama:gemma4:e4b  30897ms  rounds=2 tool_calls=0  schema_fail=0  exec_fail=0  denied=0  tokens_in=2015 tokens_out=118
[PASS] no_tool_qa               ollama:qwen3.5-coder+plan:ollama:gemma4:e4b (rep 2)  32230ms  rounds=2 tool_calls=0  schema_fail=0  exec_fail=0  denied=0  tokens_in=2015 tokens_out=116
[PASS] no_tool_qa               ollama:qwen3.5-coder+plan:ollama:gemma4:e4b (rep 3)  29299ms  rounds=2 tool_calls=0  schema_fail=0  exec_fail=0  denied=0  tokens_in=2015 tokens_out=104
[PASS] no_tool_qa               ollama:qwen3.5-coder+plan:ollama:gemma4:e4b (rep 4)  33117ms  rounds=2 tool_calls=0  schema_fail=0  exec_fail=0  denied=0  tokens_in=2015 tokens_out=125
[PASS] no_tool_qa               ollama:qwen3.5-coder+plan:ollama:gemma4:e4b (rep 5)  30382ms  rounds=2 tool_calls=0  schema_fail=0  exec_fail=0  denied=0  tokens_in=2015 tokens_out=111
[PASS] multi_step_read_count_write ollama:qwen3.5-coder+plan:ollama:gemma4:e4b  54524ms  rounds=4 tool_calls=2  schema_fail=0  exec_fail=0  denied=0  tokens_in=5542 tokens_out=492
[PASS] multi_step_read_count_write ollama:qwen3.5-coder+plan:ollama:gemma4:e4b (rep 2)  57951ms  rounds=4 tool_calls=2  schema_fail=0  exec_fail=0  denied=0  tokens_in=5581 tokens_out=623
[PASS] multi_step_read_count_write ollama:qwen3.5-coder+plan:ollama:gemma4:e4b (rep 3)  51784ms  rounds=4 tool_calls=2  schema_fail=0  exec_fail=0  denied=0  tokens_in=5545 tokens_out=441
[PASS] multi_step_read_count_write ollama:qwen3.5-coder+plan:ollama:gemma4:e4b (rep 4)  52515ms  rounds=4 tool_calls=2  schema_fail=0  exec_fail=0  denied=0  tokens_in=5554 tokens_out=461
[PASS] multi_step_read_count_write ollama:qwen3.5-coder+plan:ollama:gemma4:e4b (rep 5)  53445ms  rounds=4 tool_calls=2  schema_fail=0  exec_fail=0  denied=0  tokens_in=5539 tokens_out=466
[PASS] error_recovery_wrong_filename ollama:qwen3.5-coder+plan:ollama:gemma4:e4b  51789ms  rounds=4 tool_calls=2  schema_fail=0  exec_fail=0  denied=0  tokens_in=5612 tokens_out=432
[PASS] error_recovery_wrong_filename ollama:qwen3.5-coder+plan:ollama:gemma4:e4b (rep 2)  50485ms  rounds=4 tool_calls=2  schema_fail=0  exec_fail=0  denied=0  tokens_in=5540 tokens_out=384
[PASS] error_recovery_wrong_filename ollama:qwen3.5-coder+plan:ollama:gemma4:e4b (rep 3)  58846ms  rounds=4 tool_calls=2  schema_fail=0  exec_fail=0  denied=0  tokens_in=5654 tokens_out=558
[PASS] error_recovery_wrong_filename ollama:qwen3.5-coder+plan:ollama:gemma4:e4b (rep 4)  50656ms  rounds=4 tool_calls=2  schema_fail=0  exec_fail=0  denied=0  tokens_in=5489 tokens_out=428
[PASS] error_recovery_wrong_filename ollama:qwen3.5-coder+plan:ollama:gemma4:e4b (rep 5)  54244ms  rounds=4 tool_calls=2  schema_fail=0  exec_fail=0  denied=0  tokens_in=5558 tokens_out=457
[PASS] distractor_selection_among_files ollama:qwen3.5-coder+plan:ollama:gemma4:e4b  51743ms  rounds=4 tool_calls=2  schema_fail=0  exec_fail=0  denied=0  tokens_in=5362 tokens_out=352
[PASS] distractor_selection_among_files ollama:qwen3.5-coder+plan:ollama:gemma4:e4b (rep 2)  63847ms  rounds=5 tool_calls=3  schema_fail=0  exec_fail=0  denied=0  tokens_in=7346 tokens_out=436
[FAIL] distractor_selection_among_files ollama:qwen3.5-coder+plan:ollama:gemma4:e4b (rep 3)  41874ms  rounds=2 tool_calls=1  schema_fail=0  exec_fail=0  denied=0  tokens_in=2042 tokens_out=189 [ModelBackendError] (error: model backend error: model backend's completion stream failed: XML syntax error on line 3: element <function> closed by </parameter>)
[PASS] distractor_selection_among_files ollama:qwen3.5-coder+plan:ollama:gemma4:e4b (rep 4)  78216ms  rounds=7 tool_calls=5  schema_fail=0  exec_fail=0  denied=0  tokens_in=11494 tokens_out=590
[FAIL] distractor_selection_among_files ollama:qwen3.5-coder+plan:ollama:gemma4:e4b (rep 5)  42943ms  rounds=2 tool_calls=1  schema_fail=0  exec_fail=0  denied=0  tokens_in=2042 tokens_out=205 [ModelBackendError] (error: model backend error: model backend's completion stream failed: XML syntax error on line 3: element <function> closed by </parameter>)
[PASS] edit_file_function_body  ollama:qwen3.5-coder+plan:ollama:gemma4:e4b  52038ms  rounds=4 tool_calls=2  schema_fail=0  exec_fail=0  denied=0  tokens_in=5252 tokens_out=380
[PASS] edit_file_function_body  ollama:qwen3.5-coder+plan:ollama:gemma4:e4b (rep 2)  52606ms  rounds=4 tool_calls=2  schema_fail=0  exec_fail=0  denied=0  tokens_in=5279 tokens_out=381
[PASS] edit_file_function_body  ollama:qwen3.5-coder+plan:ollama:gemma4:e4b (rep 3)  50967ms  rounds=4 tool_calls=2  schema_fail=0  exec_fail=0  denied=0  tokens_in=5240 tokens_out=372
[PASS] edit_file_function_body  ollama:qwen3.5-coder+plan:ollama:gemma4:e4b (rep 4)  62054ms  rounds=4 tool_calls=2  schema_fail=0  exec_fail=0  denied=0  tokens_in=5252 tokens_out=508
[PASS] edit_file_function_body  ollama:qwen3.5-coder+plan:ollama:gemma4:e4b (rep 5)  55191ms  rounds=4 tool_calls=2  schema_fail=0  exec_fail=0  denied=0  tokens_in=5252 tokens_out=409
[PASS] no_tool_capital_question ollama:qwen3.5-coder+plan:ollama:gemma4:e4b  30063ms  rounds=2 tool_calls=0  schema_fail=0  exec_fail=0  denied=0  tokens_in=2022 tokens_out=104
[PASS] no_tool_capital_question ollama:qwen3.5-coder+plan:ollama:gemma4:e4b (rep 2)  30781ms  rounds=2 tool_calls=0  schema_fail=0  exec_fail=0  denied=0  tokens_in=2022 tokens_out=101
[PASS] no_tool_capital_question ollama:qwen3.5-coder+plan:ollama:gemma4:e4b (rep 3)  30636ms  rounds=2 tool_calls=0  schema_fail=0  exec_fail=0  denied=0  tokens_in=2022 tokens_out=115
[PASS] no_tool_capital_question ollama:qwen3.5-coder+plan:ollama:gemma4:e4b (rep 4)  31622ms  rounds=2 tool_calls=0  schema_fail=0  exec_fail=0  denied=0  tokens_in=2022 tokens_out=116
[PASS] no_tool_capital_question ollama:qwen3.5-coder+plan:ollama:gemma4:e4b (rep 5)  32895ms  rounds=2 tool_calls=0  schema_fail=0  exec_fail=0  denied=0  tokens_in=2022 tokens_out=131
[PASS] no_tool_subtraction      ollama:qwen3.5-coder+plan:ollama:gemma4:e4b  29213ms  rounds=2 tool_calls=0  schema_fail=0  exec_fail=0  denied=0  tokens_in=2020 tokens_out=105
[PASS] no_tool_subtraction      ollama:qwen3.5-coder+plan:ollama:gemma4:e4b (rep 2)  30345ms  rounds=2 tool_calls=0  schema_fail=0  exec_fail=0  denied=0  tokens_in=2020 tokens_out=139
[PASS] no_tool_subtraction      ollama:qwen3.5-coder+plan:ollama:gemma4:e4b (rep 3)  40158ms  rounds=2 tool_calls=0  schema_fail=0  exec_fail=0  denied=0  tokens_in=2020 tokens_out=146
[PASS] no_tool_subtraction      ollama:qwen3.5-coder+plan:ollama:gemma4:e4b (rep 4)  33210ms  rounds=2 tool_calls=0  schema_fail=0  exec_fail=0  denied=0  tokens_in=2020 tokens_out=110
[PASS] no_tool_subtraction      ollama:qwen3.5-coder+plan:ollama:gemma4:e4b (rep 5)  30409ms  rounds=2 tool_calls=0  schema_fail=0  exec_fail=0  denied=0  tokens_in=2020 tokens_out=119
[PASS] multi_step_sum_two_files ollama:qwen3.5-coder+plan:ollama:gemma4:e4b  68882ms  rounds=4 tool_calls=3  schema_fail=0  exec_fail=0  denied=0  tokens_in=5806 tokens_out=848
[PASS] multi_step_sum_two_files ollama:qwen3.5-coder+plan:ollama:gemma4:e4b (rep 2)  68291ms  rounds=4 tool_calls=2  schema_fail=0  exec_fail=0  denied=0  tokens_in=5614 tokens_out=811
[PASS] multi_step_sum_two_files ollama:qwen3.5-coder+plan:ollama:gemma4:e4b (rep 3)  54782ms  rounds=4 tool_calls=2  schema_fail=0  exec_fail=0  denied=0  tokens_in=5617 tokens_out=491
[PASS] multi_step_sum_two_files ollama:qwen3.5-coder+plan:ollama:gemma4:e4b (rep 4)  63560ms  rounds=4 tool_calls=3  schema_fail=0  exec_fail=0  denied=0  tokens_in=5407 tokens_out=683
[PASS] multi_step_sum_two_files ollama:qwen3.5-coder+plan:ollama:gemma4:e4b (rep 5)  59469ms  rounds=4 tool_calls=3  schema_fail=0  exec_fail=0  denied=0  tokens_in=5746 tokens_out=528
[PASS] multi_step_multiply_and_write ollama:qwen3.5-coder+plan:ollama:gemma4:e4b  57105ms  rounds=4 tool_calls=2  schema_fail=0  exec_fail=0  denied=0  tokens_in=5572 tokens_out=506
[PASS] multi_step_multiply_and_write ollama:qwen3.5-coder+plan:ollama:gemma4:e4b (rep 2)  75849ms  rounds=6 tool_calls=4  schema_fail=1  exec_fail=1  denied=1  tokens_in=9824 tokens_out=665
[PASS] multi_step_multiply_and_write ollama:qwen3.5-coder+plan:ollama:gemma4:e4b (rep 3) 144417ms  rounds=11 tool_calls=9  schema_fail=0  exec_fail=4  denied=4  tokens_in=21029 tokens_out=1101
[FAIL] multi_step_multiply_and_write ollama:qwen3.5-coder+plan:ollama:gemma4:e4b (rep 4) 180000ms  rounds=13 tool_calls=12  schema_fail=3  exec_fail=3  denied=3  tokens_in=27488 tokens_out=1429 [Timeout] (error: task exceeded its time budget)
[PASS] multi_step_multiply_and_write ollama:qwen3.5-coder+plan:ollama:gemma4:e4b (rep 5)  64484ms  rounds=4 tool_calls=2  schema_fail=0  exec_fail=0  denied=0  tokens_in=5551 tokens_out=599
[PASS] error_recovery_wrong_config_extension ollama:qwen3.5-coder+plan:ollama:gemma4:e4b  62579ms  rounds=4 tool_calls=2  schema_fail=0  exec_fail=0  denied=0  tokens_in=5506 tokens_out=336
[PASS] error_recovery_wrong_config_extension ollama:qwen3.5-coder+plan:ollama:gemma4:e4b (rep 2)  50390ms  rounds=4 tool_calls=2  schema_fail=0  exec_fail=0  denied=0  tokens_in=5515 tokens_out=422
[PASS] error_recovery_wrong_config_extension ollama:qwen3.5-coder+plan:ollama:gemma4:e4b (rep 3)  49917ms  rounds=4 tool_calls=2  schema_fail=0  exec_fail=0  denied=0  tokens_in=5530 tokens_out=371
[PASS] error_recovery_wrong_config_extension ollama:qwen3.5-coder+plan:ollama:gemma4:e4b (rep 4)  52233ms  rounds=4 tool_calls=2  schema_fail=0  exec_fail=0  denied=0  tokens_in=5555 tokens_out=410
[PASS] error_recovery_wrong_config_extension ollama:qwen3.5-coder+plan:ollama:gemma4:e4b (rep 5)  55798ms  rounds=4 tool_calls=2  schema_fail=0  exec_fail=0  denied=0  tokens_in=5512 tokens_out=483
[PASS] error_recovery_edit_wrong_filename ollama:qwen3.5-coder+plan:ollama:gemma4:e4b  78493ms  rounds=5 tool_calls=3  schema_fail=0  exec_fail=0  denied=0  tokens_in=7633 tokens_out=657
[PASS] error_recovery_edit_wrong_filename ollama:qwen3.5-coder+plan:ollama:gemma4:e4b (rep 2)  73519ms  rounds=4 tool_calls=2  schema_fail=0  exec_fail=0  denied=0  tokens_in=5736 tokens_out=689
[PASS] error_recovery_edit_wrong_filename ollama:qwen3.5-coder+plan:ollama:gemma4:e4b (rep 3)  68707ms  rounds=4 tool_calls=2  schema_fail=0  exec_fail=0  denied=0  tokens_in=5682 tokens_out=573
[PASS] error_recovery_edit_wrong_filename ollama:qwen3.5-coder+plan:ollama:gemma4:e4b (rep 4)  73064ms  rounds=5 tool_calls=3  schema_fail=0  exec_fail=0  denied=0  tokens_in=7631 tokens_out=692
[PASS] error_recovery_edit_wrong_filename ollama:qwen3.5-coder+plan:ollama:gemma4:e4b (rep 5)  72948ms  rounds=5 tool_calls=3  schema_fail=0  exec_fail=0  denied=0  tokens_in=7655 tokens_out=749
[FAIL] distractor_selection_log_with_error ollama:qwen3.5-coder+plan:ollama:gemma4:e4b  89267ms  rounds=9 tool_calls=6  schema_fail=1  exec_fail=0  denied=0  tokens_in=14894 tokens_out=665 [ModelBackendError] (error: model's response had no text and requested no tool calls)
[PASS] distractor_selection_log_with_error ollama:qwen3.5-coder+plan:ollama:gemma4:e4b (rep 2)  75215ms  rounds=7 tool_calls=5  schema_fail=0  exec_fail=0  denied=0  tokens_in=11319 tokens_out=521
[PASS] distractor_selection_log_with_error ollama:qwen3.5-coder+plan:ollama:gemma4:e4b (rep 3)  52328ms  rounds=5 tool_calls=3  schema_fail=0  exec_fail=0  denied=0  tokens_in=7252 tokens_out=337
[PASS] distractor_selection_log_with_error ollama:qwen3.5-coder+plan:ollama:gemma4:e4b (rep 4)  60843ms  rounds=5 tool_calls=3  schema_fail=0  exec_fail=0  denied=0  tokens_in=7300 tokens_out=374
[PASS] distractor_selection_log_with_error ollama:qwen3.5-coder+plan:ollama:gemma4:e4b (rep 5)  92671ms  rounds=9 tool_calls=7  schema_fail=1  exec_fail=0  denied=0  tokens_in=15943 tokens_out=675
[PASS] distractor_selection_debug_config ollama:qwen3.5-coder+plan:ollama:gemma4:e4b  68580ms  rounds=7 tool_calls=5  schema_fail=0  exec_fail=0  denied=0  tokens_in=11190 tokens_out=473
[PASS] distractor_selection_debug_config ollama:qwen3.5-coder+plan:ollama:gemma4:e4b (rep 2) 105823ms  rounds=9 tool_calls=7  schema_fail=1  exec_fail=0  denied=0  tokens_in=15898 tokens_out=685
[PASS] distractor_selection_debug_config ollama:qwen3.5-coder+plan:ollama:gemma4:e4b (rep 3)  89405ms  rounds=9 tool_calls=7  schema_fail=1  exec_fail=0  denied=0  tokens_in=15753 tokens_out=641
[PASS] distractor_selection_debug_config ollama:qwen3.5-coder+plan:ollama:gemma4:e4b (rep 4)  59717ms  rounds=5 tool_calls=3  schema_fail=0  exec_fail=0  denied=0  tokens_in=7072 tokens_out=366
[PASS] distractor_selection_debug_config ollama:qwen3.5-coder+plan:ollama:gemma4:e4b (rep 5)  67147ms  rounds=7 tool_calls=5  schema_fail=0  exec_fail=0  denied=0  tokens_in=11190 tokens_out=463
[PASS] read_file_basic          ollama:qwen3.5-coder+plan:ollama:gemma4:e4b+ablate:task-list  41492ms  rounds=3 tool_calls=1  schema_fail=0  exec_fail=0  denied=0  tokens_in=3916 tokens_out=242
[PASS] read_file_basic          ollama:qwen3.5-coder+plan:ollama:gemma4:e4b+ablate:task-list (rep 2)  40001ms  rounds=3 tool_calls=1  schema_fail=0  exec_fail=0  denied=0  tokens_in=3916 tokens_out=255
[PASS] read_file_basic          ollama:qwen3.5-coder+plan:ollama:gemma4:e4b+ablate:task-list (rep 3)  43169ms  rounds=3 tool_calls=1  schema_fail=0  exec_fail=0  denied=0  tokens_in=3916 tokens_out=259
[PASS] read_file_basic          ollama:qwen3.5-coder+plan:ollama:gemma4:e4b+ablate:task-list (rep 4)  40806ms  rounds=3 tool_calls=1  schema_fail=0  exec_fail=0  denied=0  tokens_in=3916 tokens_out=255
[PASS] read_file_basic          ollama:qwen3.5-coder+plan:ollama:gemma4:e4b+ablate:task-list (rep 5)  44038ms  rounds=3 tool_calls=1  schema_fail=0  exec_fail=0  denied=0  tokens_in=3916 tokens_out=340
[PASS] grep_basic               ollama:qwen3.5-coder+plan:ollama:gemma4:e4b+ablate:task-list  40687ms  rounds=3 tool_calls=1  schema_fail=0  exec_fail=0  denied=0  tokens_in=3951 tokens_out=217
[PASS] grep_basic               ollama:qwen3.5-coder+plan:ollama:gemma4:e4b+ablate:task-list (rep 2)  39895ms  rounds=3 tool_calls=1  schema_fail=0  exec_fail=0  denied=0  tokens_in=3951 tokens_out=217
[PASS] grep_basic               ollama:qwen3.5-coder+plan:ollama:gemma4:e4b+ablate:task-list (rep 3)  43420ms  rounds=3 tool_calls=1  schema_fail=0  exec_fail=0  denied=0  tokens_in=3951 tokens_out=241
[PASS] grep_basic               ollama:qwen3.5-coder+plan:ollama:gemma4:e4b+ablate:task-list (rep 4)  53282ms  rounds=4 tool_calls=2  schema_fail=0  exec_fail=0  denied=0  tokens_in=5829 tokens_out=339
[PASS] grep_basic               ollama:qwen3.5-coder+plan:ollama:gemma4:e4b+ablate:task-list (rep 5)  42240ms  rounds=3 tool_calls=1  schema_fail=0  exec_fail=0  denied=0  tokens_in=3951 tokens_out=221
[PASS] glob_basic               ollama:qwen3.5-coder+plan:ollama:gemma4:e4b+ablate:task-list  44442ms  rounds=3 tool_calls=1  schema_fail=0  exec_fail=0  denied=0  tokens_in=3953 tokens_out=263
[PASS] glob_basic               ollama:qwen3.5-coder+plan:ollama:gemma4:e4b+ablate:task-list (rep 2)  48894ms  rounds=3 tool_calls=1  schema_fail=0  exec_fail=0  denied=0  tokens_in=3953 tokens_out=297
[PASS] glob_basic               ollama:qwen3.5-coder+plan:ollama:gemma4:e4b+ablate:task-list (rep 3)  44895ms  rounds=3 tool_calls=1  schema_fail=0  exec_fail=0  denied=0  tokens_in=3953 tokens_out=263
[PASS] glob_basic               ollama:qwen3.5-coder+plan:ollama:gemma4:e4b+ablate:task-list (rep 4)  44931ms  rounds=3 tool_calls=1  schema_fail=0  exec_fail=0  denied=0  tokens_in=3953 tokens_out=257
[PASS] glob_basic               ollama:qwen3.5-coder+plan:ollama:gemma4:e4b+ablate:task-list (rep 5)  42959ms  rounds=3 tool_calls=1  schema_fail=0  exec_fail=0  denied=0  tokens_in=3953 tokens_out=247
[PASS] write_file_basic         ollama:qwen3.5-coder+plan:ollama:gemma4:e4b+ablate:task-list  40039ms  rounds=3 tool_calls=1  schema_fail=0  exec_fail=0  denied=0  tokens_in=3990 tokens_out=200
[PASS] write_file_basic         ollama:qwen3.5-coder+plan:ollama:gemma4:e4b+ablate:task-list (rep 2)  37687ms  rounds=3 tool_calls=1  schema_fail=0  exec_fail=0  denied=0  tokens_in=3990 tokens_out=201
[PASS] write_file_basic         ollama:qwen3.5-coder+plan:ollama:gemma4:e4b+ablate:task-list (rep 3)  40204ms  rounds=3 tool_calls=1  schema_fail=0  exec_fail=0  denied=0  tokens_in=3966 tokens_out=199
[PASS] write_file_basic         ollama:qwen3.5-coder+plan:ollama:gemma4:e4b+ablate:task-list (rep 4)  39487ms  rounds=3 tool_calls=1  schema_fail=0  exec_fail=0  denied=0  tokens_in=3990 tokens_out=201
[PASS] write_file_basic         ollama:qwen3.5-coder+plan:ollama:gemma4:e4b+ablate:task-list (rep 5)  37817ms  rounds=3 tool_calls=1  schema_fail=0  exec_fail=0  denied=0  tokens_in=3966 tokens_out=194
[PASS] edit_file_basic          ollama:qwen3.5-coder+plan:ollama:gemma4:e4b+ablate:task-list  48376ms  rounds=4 tool_calls=2  schema_fail=0  exec_fail=0  denied=0  tokens_in=5769 tokens_out=339
[PASS] edit_file_basic          ollama:qwen3.5-coder+plan:ollama:gemma4:e4b+ablate:task-list (rep 2)  50404ms  rounds=4 tool_calls=2  schema_fail=0  exec_fail=0  denied=0  tokens_in=5769 tokens_out=322
[PASS] edit_file_basic          ollama:qwen3.5-coder+plan:ollama:gemma4:e4b+ablate:task-list (rep 3)  46547ms  rounds=4 tool_calls=2  schema_fail=0  exec_fail=0  denied=0  tokens_in=5769 tokens_out=307
[PASS] edit_file_basic          ollama:qwen3.5-coder+plan:ollama:gemma4:e4b+ablate:task-list (rep 4)  48622ms  rounds=4 tool_calls=2  schema_fail=0  exec_fail=0  denied=0  tokens_in=5769 tokens_out=299
[PASS] edit_file_basic          ollama:qwen3.5-coder+plan:ollama:gemma4:e4b+ablate:task-list (rep 5)  49017ms  rounds=4 tool_calls=2  schema_fail=0  exec_fail=0  denied=0  tokens_in=5769 tokens_out=344
[PASS] shell_exec_basic         ollama:qwen3.5-coder+plan:ollama:gemma4:e4b+ablate:task-list  37489ms  rounds=3 tool_calls=1  schema_fail=0  exec_fail=0  denied=0  tokens_in=3933 tokens_out=184
[PASS] shell_exec_basic         ollama:qwen3.5-coder+plan:ollama:gemma4:e4b+ablate:task-list (rep 2)  36741ms  rounds=3 tool_calls=1  schema_fail=0  exec_fail=0  denied=0  tokens_in=3933 tokens_out=183
[PASS] shell_exec_basic         ollama:qwen3.5-coder+plan:ollama:gemma4:e4b+ablate:task-list (rep 3)  37424ms  rounds=3 tool_calls=1  schema_fail=0  exec_fail=0  denied=0  tokens_in=3933 tokens_out=179
[PASS] shell_exec_basic         ollama:qwen3.5-coder+plan:ollama:gemma4:e4b+ablate:task-list (rep 4)  36330ms  rounds=3 tool_calls=1  schema_fail=0  exec_fail=0  denied=0  tokens_in=3933 tokens_out=176
[PASS] shell_exec_basic         ollama:qwen3.5-coder+plan:ollama:gemma4:e4b+ablate:task-list (rep 5)  37516ms  rounds=3 tool_calls=1  schema_fail=0  exec_fail=0  denied=0  tokens_in=3933 tokens_out=176
[PASS] no_tool_qa               ollama:qwen3.5-coder+plan:ollama:gemma4:e4b+ablate:task-list  30742ms  rounds=2 tool_calls=0  schema_fail=0  exec_fail=0  denied=0  tokens_in=2219 tokens_out=124
[PASS] no_tool_qa               ollama:qwen3.5-coder+plan:ollama:gemma4:e4b+ablate:task-list (rep 2)  31986ms  rounds=2 tool_calls=0  schema_fail=0  exec_fail=0  denied=0  tokens_in=2219 tokens_out=123
[PASS] no_tool_qa               ollama:qwen3.5-coder+plan:ollama:gemma4:e4b+ablate:task-list (rep 3)  29513ms  rounds=2 tool_calls=0  schema_fail=0  exec_fail=0  denied=0  tokens_in=2219 tokens_out=112
[PASS] no_tool_qa               ollama:qwen3.5-coder+plan:ollama:gemma4:e4b+ablate:task-list (rep 4)  30947ms  rounds=2 tool_calls=0  schema_fail=0  exec_fail=0  denied=0  tokens_in=2219 tokens_out=115
[PASS] no_tool_qa               ollama:qwen3.5-coder+plan:ollama:gemma4:e4b+ablate:task-list (rep 5)  30521ms  rounds=2 tool_calls=0  schema_fail=0  exec_fail=0  denied=0  tokens_in=2219 tokens_out=118
[PASS] multi_step_read_count_write ollama:qwen3.5-coder+plan:ollama:gemma4:e4b+ablate:task-list  67214ms  rounds=4 tool_calls=2  schema_fail=0  exec_fail=0  denied=0  tokens_in=6133 tokens_out=577
[PASS] multi_step_read_count_write ollama:qwen3.5-coder+plan:ollama:gemma4:e4b+ablate:task-list (rep 2)  67264ms  rounds=4 tool_calls=2  schema_fail=0  exec_fail=0  denied=0  tokens_in=6166 tokens_out=640
[PASS] multi_step_read_count_write ollama:qwen3.5-coder+plan:ollama:gemma4:e4b+ablate:task-list (rep 3)  91277ms  rounds=6 tool_calls=4  schema_fail=0  exec_fail=0  denied=0  tokens_in=10740 tokens_out=788
[PASS] multi_step_read_count_write ollama:qwen3.5-coder+plan:ollama:gemma4:e4b+ablate:task-list (rep 4)  73461ms  rounds=4 tool_calls=3  schema_fail=0  exec_fail=0  denied=0  tokens_in=6329 tokens_out=646
[PASS] multi_step_read_count_write ollama:qwen3.5-coder+plan:ollama:gemma4:e4b+ablate:task-list (rep 5)  69118ms  rounds=4 tool_calls=3  schema_fail=0  exec_fail=0  denied=0  tokens_in=6281 tokens_out=602
[PASS] error_recovery_wrong_filename ollama:qwen3.5-coder+plan:ollama:gemma4:e4b+ablate:task-list  77893ms  rounds=6 tool_calls=4  schema_fail=0  exec_fail=0  denied=0  tokens_in=10609 tokens_out=628
[PASS] error_recovery_wrong_filename ollama:qwen3.5-coder+plan:ollama:gemma4:e4b+ablate:task-list (rep 2)  76306ms  rounds=5 tool_calls=3  schema_fail=0  exec_fail=0  denied=0  tokens_in=8310 tokens_out=692
[PASS] error_recovery_wrong_filename ollama:qwen3.5-coder+plan:ollama:gemma4:e4b+ablate:task-list (rep 3)  61421ms  rounds=4 tool_calls=2  schema_fail=0  exec_fail=0  denied=0  tokens_in=6333 tokens_out=601
[PASS] error_recovery_wrong_filename ollama:qwen3.5-coder+plan:ollama:gemma4:e4b+ablate:task-list (rep 4)  76176ms  rounds=5 tool_calls=3  schema_fail=0  exec_fail=0  denied=0  tokens_in=8101 tokens_out=646
[PASS] error_recovery_wrong_filename ollama:qwen3.5-coder+plan:ollama:gemma4:e4b+ablate:task-list (rep 5)  61140ms  rounds=4 tool_calls=2  schema_fail=0  exec_fail=0  denied=0  tokens_in=6176 tokens_out=553
[FAIL] distractor_selection_among_files ollama:qwen3.5-coder+plan:ollama:gemma4:e4b+ablate:task-list  50781ms  rounds=3 tool_calls=2  schema_fail=0  exec_fail=0  denied=0  tokens_in=4071 tokens_out=267 [ModelBackendError] (error: model backend error: model backend's completion stream failed: XML syntax error on line 3: element <function> closed by </parameter>)
[FAIL] distractor_selection_among_files ollama:qwen3.5-coder+plan:ollama:gemma4:e4b+ablate:task-list (rep 2)  49671ms  rounds=3 tool_calls=2  schema_fail=0  exec_fail=0  denied=0  tokens_in=4071 tokens_out=270 [ModelBackendError] (error: model backend error: model backend's completion stream failed: XML syntax error on line 3: element <function> closed by </parameter>)
[PASS] distractor_selection_among_files ollama:qwen3.5-coder+plan:ollama:gemma4:e4b+ablate:task-list (rep 3)  52308ms  rounds=4 tool_calls=2  schema_fail=0  exec_fail=0  denied=0  tokens_in=6060 tokens_out=338
[FAIL] distractor_selection_among_files ollama:qwen3.5-coder+plan:ollama:gemma4:e4b+ablate:task-list (rep 4)  51333ms  rounds=3 tool_calls=2  schema_fail=0  exec_fail=0  denied=0  tokens_in=4071 tokens_out=317 [ModelBackendError] (error: model backend error: model backend's completion stream failed: XML syntax error on line 3: element <function> closed by </parameter>)
[FAIL] distractor_selection_among_files ollama:qwen3.5-coder+plan:ollama:gemma4:e4b+ablate:task-list (rep 5)  51620ms  rounds=3 tool_calls=2  schema_fail=0  exec_fail=0  denied=0  tokens_in=4071 tokens_out=264 [ModelBackendError] (error: model backend error: model backend's completion stream failed: XML syntax error on line 3: element <function> closed by </parameter>)
[PASS] edit_file_function_body  ollama:qwen3.5-coder+plan:ollama:gemma4:e4b+ablate:task-list  53404ms  rounds=4 tool_calls=2  schema_fail=0  exec_fail=0  denied=0  tokens_in=5891 tokens_out=406
[PASS] edit_file_function_body  ollama:qwen3.5-coder+plan:ollama:gemma4:e4b+ablate:task-list (rep 2)  54574ms  rounds=4 tool_calls=2  schema_fail=0  exec_fail=0  denied=0  tokens_in=5864 tokens_out=400
[PASS] edit_file_function_body  ollama:qwen3.5-coder+plan:ollama:gemma4:e4b+ablate:task-list (rep 3)  52784ms  rounds=4 tool_calls=2  schema_fail=0  exec_fail=0  denied=0  tokens_in=5891 tokens_out=401
[PASS] edit_file_function_body  ollama:qwen3.5-coder+plan:ollama:gemma4:e4b+ablate:task-list (rep 4)  62625ms  rounds=4 tool_calls=2  schema_fail=0  exec_fail=0  denied=0  tokens_in=5951 tokens_out=483
[FAIL] edit_file_function_body  ollama:qwen3.5-coder+plan:ollama:gemma4:e4b+ablate:task-list (rep 5)  53070ms  rounds=5 tool_calls=2  schema_fail=0  exec_fail=0  denied=0  tokens_in=6532 tokens_out=377 [ModelBackendError] (error: model's response had no text and requested no tool calls)
[PASS] no_tool_capital_question ollama:qwen3.5-coder+plan:ollama:gemma4:e4b+ablate:task-list  32039ms  rounds=2 tool_calls=0  schema_fail=0  exec_fail=0  denied=0  tokens_in=2226 tokens_out=115
[PASS] no_tool_capital_question ollama:qwen3.5-coder+plan:ollama:gemma4:e4b+ablate:task-list (rep 2)  29241ms  rounds=2 tool_calls=0  schema_fail=0  exec_fail=0  denied=0  tokens_in=2226 tokens_out=115
[PASS] no_tool_capital_question ollama:qwen3.5-coder+plan:ollama:gemma4:e4b+ablate:task-list (rep 3)  32749ms  rounds=2 tool_calls=0  schema_fail=0  exec_fail=0  denied=0  tokens_in=2226 tokens_out=129
[PASS] no_tool_capital_question ollama:qwen3.5-coder+plan:ollama:gemma4:e4b+ablate:task-list (rep 4)  29323ms  rounds=2 tool_calls=0  schema_fail=0  exec_fail=0  denied=0  tokens_in=2226 tokens_out=117
[PASS] no_tool_capital_question ollama:qwen3.5-coder+plan:ollama:gemma4:e4b+ablate:task-list (rep 5)  31000ms  rounds=2 tool_calls=0  schema_fail=0  exec_fail=0  denied=0  tokens_in=2226 tokens_out=99
[PASS] no_tool_subtraction      ollama:qwen3.5-coder+plan:ollama:gemma4:e4b+ablate:task-list  29495ms  rounds=2 tool_calls=0  schema_fail=0  exec_fail=0  denied=0  tokens_in=2224 tokens_out=129
[PASS] no_tool_subtraction      ollama:qwen3.5-coder+plan:ollama:gemma4:e4b+ablate:task-list (rep 2)  33057ms  rounds=2 tool_calls=0  schema_fail=0  exec_fail=0  denied=0  tokens_in=2224 tokens_out=148
[PASS] no_tool_subtraction      ollama:qwen3.5-coder+plan:ollama:gemma4:e4b+ablate:task-list (rep 3)  31951ms  rounds=2 tool_calls=0  schema_fail=0  exec_fail=0  denied=0  tokens_in=2224 tokens_out=154
[PASS] no_tool_subtraction      ollama:qwen3.5-coder+plan:ollama:gemma4:e4b+ablate:task-list (rep 4)  31826ms  rounds=2 tool_calls=0  schema_fail=0  exec_fail=0  denied=0  tokens_in=2224 tokens_out=140
[PASS] no_tool_subtraction      ollama:qwen3.5-coder+plan:ollama:gemma4:e4b+ablate:task-list (rep 5)  31524ms  rounds=2 tool_calls=0  schema_fail=0  exec_fail=0  denied=0  tokens_in=2224 tokens_out=134
[PASS] multi_step_sum_two_files ollama:qwen3.5-coder+plan:ollama:gemma4:e4b+ablate:task-list 125245ms  rounds=5 tool_calls=4  schema_fail=0  exec_fail=0  denied=0  tokens_in=8637 tokens_out=1388
[PASS] multi_step_sum_two_files ollama:qwen3.5-coder+plan:ollama:gemma4:e4b+ablate:task-list (rep 2) 127314ms  rounds=7 tool_calls=5  schema_fail=0  exec_fail=0  denied=0  tokens_in=13409 tokens_out=1172
[PASS] multi_step_sum_two_files ollama:qwen3.5-coder+plan:ollama:gemma4:e4b+ablate:task-list (rep 3) 113464ms  rounds=8 tool_calls=6  schema_fail=1  exec_fail=0  denied=0  tokens_in=16073 tokens_out=997
[PASS] multi_step_sum_two_files ollama:qwen3.5-coder+plan:ollama:gemma4:e4b+ablate:task-list (rep 4) 118660ms  rounds=7 tool_calls=5  schema_fail=0  exec_fail=0  denied=0  tokens_in=13359 tokens_out=1293
[PASS] multi_step_sum_two_files ollama:qwen3.5-coder+plan:ollama:gemma4:e4b+ablate:task-list (rep 5) 114059ms  rounds=6 tool_calls=4  schema_fail=0  exec_fail=0  denied=0  tokens_in=11032 tokens_out=1249
[PASS] multi_step_multiply_and_write ollama:qwen3.5-coder+plan:ollama:gemma4:e4b+ablate:task-list  81610ms  rounds=5 tool_calls=3  schema_fail=0  exec_fail=0  denied=0  tokens_in=8252 tokens_out=689
[PASS] multi_step_multiply_and_write ollama:qwen3.5-coder+plan:ollama:gemma4:e4b+ablate:task-list (rep 2)  99803ms  rounds=7 tool_calls=6  schema_fail=0  exec_fail=0  denied=0  tokens_in=14084 tokens_out=824
[PASS] multi_step_multiply_and_write ollama:qwen3.5-coder+plan:ollama:gemma4:e4b+ablate:task-list (rep 3) 166230ms  rounds=11 tool_calls=9  schema_fail=0  exec_fail=0  denied=0  tokens_in=24261 tokens_out=1607
[PASS] multi_step_multiply_and_write ollama:qwen3.5-coder+plan:ollama:gemma4:e4b+ablate:task-list (rep 4) 128776ms  rounds=9 tool_calls=8  schema_fail=0  exec_fail=0  denied=0  tokens_in=19853 tokens_out=1134
[PASS] multi_step_multiply_and_write ollama:qwen3.5-coder+plan:ollama:gemma4:e4b+ablate:task-list (rep 5)  93065ms  rounds=5 tool_calls=5  schema_fail=0  exec_fail=0  denied=0  tokens_in=8524 tokens_out=786
[PASS] error_recovery_wrong_config_extension ollama:qwen3.5-coder+plan:ollama:gemma4:e4b+ablate:task-list  55098ms  rounds=4 tool_calls=2  schema_fail=0  exec_fail=0  denied=0  tokens_in=6093 tokens_out=448
[PASS] error_recovery_wrong_config_extension ollama:qwen3.5-coder+plan:ollama:gemma4:e4b+ablate:task-list (rep 2)  55785ms  rounds=4 tool_calls=2  schema_fail=0  exec_fail=0  denied=0  tokens_in=6087 tokens_out=376
[PASS] error_recovery_wrong_config_extension ollama:qwen3.5-coder+plan:ollama:gemma4:e4b+ablate:task-list (rep 3)  95661ms  rounds=7 tool_calls=7  schema_fail=0  exec_fail=0  denied=0  tokens_in=15326 tokens_out=825
[PASS] error_recovery_wrong_config_extension ollama:qwen3.5-coder+plan:ollama:gemma4:e4b+ablate:task-list (rep 4)  59662ms  rounds=4 tool_calls=3  schema_fail=0  exec_fail=0  denied=0  tokens_in=6258 tokens_out=473
[PASS] error_recovery_wrong_config_extension ollama:qwen3.5-coder+plan:ollama:gemma4:e4b+ablate:task-list (rep 5)  55119ms  rounds=4 tool_calls=2  schema_fail=0  exec_fail=0  denied=0  tokens_in=6167 tokens_out=493
[PASS] error_recovery_edit_wrong_filename ollama:qwen3.5-coder+plan:ollama:gemma4:e4b+ablate:task-list 101395ms  rounds=6 tool_calls=4  schema_fail=0  exec_fail=0  denied=0  tokens_in=10780 tokens_out=937
[PASS] error_recovery_edit_wrong_filename ollama:qwen3.5-coder+plan:ollama:gemma4:e4b+ablate:task-list (rep 2) 140462ms  rounds=8 tool_calls=6  schema_fail=0  exec_fail=2  denied=2  tokens_in=15643 tokens_out=1294
[PASS] error_recovery_edit_wrong_filename ollama:qwen3.5-coder+plan:ollama:gemma4:e4b+ablate:task-list (rep 3)  68221ms  rounds=4 tool_calls=2  schema_fail=0  exec_fail=0  denied=0  tokens_in=6312 tokens_out=602
[PASS] error_recovery_edit_wrong_filename ollama:qwen3.5-coder+plan:ollama:gemma4:e4b+ablate:task-list (rep 4)  86932ms  rounds=5 tool_calls=3  schema_fail=0  exec_fail=0  denied=0  tokens_in=8209 tokens_out=811
[PASS] error_recovery_edit_wrong_filename ollama:qwen3.5-coder+plan:ollama:gemma4:e4b+ablate:task-list (rep 5) 106586ms  rounds=6 tool_calls=5  schema_fail=0  exec_fail=0  denied=0  tokens_in=10834 tokens_out=1109
[FAIL] distractor_selection_log_with_error ollama:qwen3.5-coder+plan:ollama:gemma4:e4b+ablate:task-list  46573ms  rounds=3 tool_calls=2  schema_fail=0  exec_fail=0  denied=0  tokens_in=4058 tokens_out=233 [ModelBackendError] (error: model backend error: model backend's completion stream failed: XML syntax error on line 3: element <function> closed by </parameter>)
[PASS] distractor_selection_log_with_error ollama:qwen3.5-coder+plan:ollama:gemma4:e4b+ablate:task-list (rep 2)  72818ms  rounds=6 tool_calls=4  schema_fail=0  exec_fail=0  denied=0  tokens_in=10239 tokens_out=520
[FAIL] distractor_selection_log_with_error ollama:qwen3.5-coder+plan:ollama:gemma4:e4b+ablate:task-list (rep 3)  41490ms  rounds=2 tool_calls=1  schema_fail=0  exec_fail=0  denied=0  tokens_in=2243 tokens_out=205 [ModelBackendError] (error: model backend error: model backend's completion stream failed: XML syntax error on line 3: element <function> closed by </parameter>)
[FAIL] distractor_selection_log_with_error ollama:qwen3.5-coder+plan:ollama:gemma4:e4b+ablate:task-list (rep 4)  44218ms  rounds=3 tool_calls=2  schema_fail=0  exec_fail=0  denied=0  tokens_in=4058 tokens_out=212 [ModelBackendError] (error: model backend error: model backend's completion stream failed: XML syntax error on line 3: element <function> closed by </parameter>)
[FAIL] distractor_selection_log_with_error ollama:qwen3.5-coder+plan:ollama:gemma4:e4b+ablate:task-list (rep 5)  49125ms  rounds=3 tool_calls=2  schema_fail=0  exec_fail=0  denied=0  tokens_in=4058 tokens_out=257 [ModelBackendError] (error: model backend error: model backend's completion stream failed: XML syntax error on line 3: element <function> closed by </parameter>)
[PASS] distractor_selection_debug_config ollama:qwen3.5-coder+plan:ollama:gemma4:e4b+ablate:task-list  55514ms  rounds=5 tool_calls=3  schema_fail=0  exec_fail=0  denied=0  tokens_in=8000 tokens_out=344
[PASS] distractor_selection_debug_config ollama:qwen3.5-coder+plan:ollama:gemma4:e4b+ablate:task-list (rep 2)  52693ms  rounds=5 tool_calls=3  schema_fail=0  exec_fail=0  denied=0  tokens_in=8000 tokens_out=347
[PASS] distractor_selection_debug_config ollama:qwen3.5-coder+plan:ollama:gemma4:e4b+ablate:task-list (rep 3)  57634ms  rounds=5 tool_calls=3  schema_fail=0  exec_fail=0  denied=0  tokens_in=8046 tokens_out=364
[PASS] distractor_selection_debug_config ollama:qwen3.5-coder+plan:ollama:gemma4:e4b+ablate:task-list (rep 4)  41780ms  rounds=3 tool_calls=1  schema_fail=0  exec_fail=0  denied=0  tokens_in=3981 tokens_out=260
[PASS] distractor_selection_debug_config ollama:qwen3.5-coder+plan:ollama:gemma4:e4b+ablate:task-list (rep 5)  62866ms  rounds=6 tool_calls=4  schema_fail=1  exec_fail=0  denied=0  tokens_in=10205 tokens_out=407

== Comparación por backend ==
backend                   pass_rate(±95%) avg_rounds       avg_ms  median_ms     avg_tok_in      avg_tok_out       schema_fail      exec_fail     denied  harness_err   rescues   escalat   compact   sumfall   cost_usd
ollama:qwen2.5:3b            64/95 (±9pp)      2.1         2766       2206           2635               86                20             26          4            0         0         0         0         0    $0.0000
ollama:qwen2.5:3b+plan:ollama:gemma4:e4b    60/95 (±10pp)      3.1        13739       8998           3341              295                11             23         10            0         0         0         0         0    $0.0000
ollama:qwen2.5:3b+plan:ollama:gemma4:e4b+ablate:task-list     33/95 (±9pp)      1.1         3072        138           1241               66                 1              0          0            0         0         0         0         0    $0.0000
ollama:qwen3.5-coder         82/95 (±7pp)      2.7        23413      23124           4233              205                 3              0          0            0         0         0         0         7    $0.0000
ollama:qwen3.5-coder+plan:ollama:gemma4:e4b     91/95 (±4pp)      4.0        53098      49917           5600              376                 8              8          8            0         0         0         0         1    $0.0000
ollama:qwen3.5-coder+plan:ollama:gemma4:e4b+ablate:task-list     86/95 (±6pp)      3.9        58064      49125           6131              430                 2              2          2            0         0         0         0         1    $0.0000

== Comparación por skill ==
backend                  skill                pass_rate avg_rounds     avg_ms  median_ms avg_tok_out   rescues   escalat   compact   sumfall   cost_usd
ollama:qwen2.5:3b        single_tool              26/35      1.9       2541       2180          67         0         0         0         0    $0.0000
ollama:qwen2.5:3b        no_tool                  15/15      1.0        796        803           2         0         0         0         0    $0.0000
ollama:qwen2.5:3b        multi_step                9/15      3.5       5931       3808         234         0         0         0         0    $0.0000
ollama:qwen2.5:3b        error_recovery            3/15      2.4       2955       2943         102         0         0         0         0    $0.0000
ollama:qwen2.5:3b        distractor_selection     11/15      2.0       1909       2051          50         0         0         0         0    $0.0000
ollama:qwen2.5:3b+plan:ollama:gemma4:e4b single_tool              25/35      2.9       8801       7912         194         0         0         0         0    $0.0000
ollama:qwen2.5:3b+plan:ollama:gemma4:e4b no_tool                  15/15      2.0       4239       4277          65         0         0         0         0    $0.0000
ollama:qwen2.5:3b+plan:ollama:gemma4:e4b multi_step                4/15      3.3      31289      19794         574         0         0         0         0    $0.0000
ollama:qwen2.5:3b+plan:ollama:gemma4:e4b error_recovery            6/15      4.8      21734      21101         553         0         0         0         0    $0.0000
ollama:qwen2.5:3b+plan:ollama:gemma4:e4b distractor_selection     10/15      3.1       9215       7990         221         0         0         0         0    $0.0000
ollama:qwen2.5:3b+plan:ollama:gemma4:e4b+ablate:task-list single_tool              27/35      2.5       6372       6991         138         0         0         0         0    $0.0000
ollama:qwen2.5:3b+plan:ollama:gemma4:e4b+ablate:task-list no_tool                   5/15      0.7       1238        138          19         0         0         0         0    $0.0000
ollama:qwen2.5:3b+plan:ollama:gemma4:e4b+ablate:task-list multi_step                1/15      0.7       3243         59          75         0         0         0         0    $0.0000
ollama:qwen2.5:3b+plan:ollama:gemma4:e4b+ablate:task-list error_recovery            0/15      0.0         59         27           0         0         0         0         0    $0.0000
ollama:qwen2.5:3b+plan:ollama:gemma4:e4b+ablate:task-list distractor_selection      0/15      0.0         45         37           0         0         0         0         0    $0.0000
ollama:qwen3.5-coder     single_tool              28/35      2.0      17150      16717         151         0         0         0         0    $0.0000
ollama:qwen3.5-coder     no_tool                  15/15      1.0       7370       7181          61         0         0         0         0    $0.0000
ollama:qwen3.5-coder     multi_step               15/15      3.3      27747      27993         242         0         0         0         4    $0.0000
ollama:qwen3.5-coder     error_recovery           13/15      3.9      33861      24127         304         0         0         0         2    $0.0000
ollama:qwen3.5-coder     distractor_selection     11/15      4.1      39287      31245         339         0         0         0         1    $0.0000
ollama:qwen3.5-coder+plan:ollama:gemma4:e4b single_tool              35/35      3.3      43392      42319         262         0         0         0         0    $0.0000
ollama:qwen3.5-coder+plan:ollama:gemma4:e4b no_tool                  15/15      2.0      31684      30781         117         0         0         0         0    $0.0000
ollama:qwen3.5-coder+plan:ollama:gemma4:e4b multi_step               14/15      5.2      73804      59469         676         0         0         0         0    $0.0000
ollama:qwen3.5-coder+plan:ollama:gemma4:e4b error_recovery           15/15      4.2      60245      55798         509         0         0         0         0    $0.0000
ollama:qwen3.5-coder+plan:ollama:gemma4:e4b distractor_selection     12/15      6.1      69308      67147         465         0         0         0         1    $0.0000
ollama:qwen3.5-coder+plan:ollama:gemma4:e4b+ablate:task-list single_tool              34/35      3.3      44437      43169         271         0         0         0         1    $0.0000
ollama:qwen3.5-coder+plan:ollama:gemma4:e4b+ablate:task-list no_tool                  15/15      2.0      31061      31000         125         0         0         0         0    $0.0000
ollama:qwen3.5-coder+plan:ollama:gemma4:e4b+ablate:task-list multi_step               15/15      6.1     102437      99803         959         0         0         0         0    $0.0000
ollama:qwen3.5-coder+plan:ollama:gemma4:e4b+ablate:task-list error_recovery           15/15      5.1      78524      76176         699         0         0         0         0    $0.0000
ollama:qwen3.5-coder+plan:ollama:gemma4:e4b+ablate:task-list distractor_selection      7/15      3.8      52028      51333         307         0         0         0         0    $0.0000

Resultados JSON escritos en docs/sweep-planner-ab-2026-07-11.json
