Corriendo 5 repetición(es) por (tarea, backend) — timeout 180s por intento.
-> ollama:qwen2.5:3b :: read_file_basic (rep 1/5)
-> ollama:qwen2.5:3b :: read_file_basic (rep 2/5)
-> ollama:qwen2.5:3b :: read_file_basic (rep 3/5)
-> ollama:qwen2.5:3b :: read_file_basic (rep 4/5)
-> ollama:qwen2.5:3b :: read_file_basic (rep 5/5)
-> ollama:qwen2.5:3b :: grep_basic (rep 1/5)
-> ollama:qwen2.5:3b :: grep_basic (rep 2/5)
-> ollama:qwen2.5:3b :: grep_basic (rep 3/5)
-> ollama:qwen2.5:3b :: grep_basic (rep 4/5)
-> ollama:qwen2.5:3b :: grep_basic (rep 5/5)
-> ollama:qwen2.5:3b :: glob_basic (rep 1/5)
-> ollama:qwen2.5:3b :: glob_basic (rep 2/5)
-> ollama:qwen2.5:3b :: glob_basic (rep 3/5)
-> ollama:qwen2.5:3b :: glob_basic (rep 4/5)
-> ollama:qwen2.5:3b :: glob_basic (rep 5/5)
-> ollama:qwen2.5:3b :: write_file_basic (rep 1/5)
-> ollama:qwen2.5:3b :: write_file_basic (rep 2/5)
-> ollama:qwen2.5:3b :: write_file_basic (rep 3/5)
-> ollama:qwen2.5:3b :: write_file_basic (rep 4/5)
-> ollama:qwen2.5:3b :: write_file_basic (rep 5/5)
-> ollama:qwen2.5:3b :: edit_file_basic (rep 1/5)
-> ollama:qwen2.5:3b :: edit_file_basic (rep 2/5)
-> ollama:qwen2.5:3b :: edit_file_basic (rep 3/5)
-> ollama:qwen2.5:3b :: edit_file_basic (rep 4/5)
-> ollama:qwen2.5:3b :: edit_file_basic (rep 5/5)
-> ollama:qwen2.5:3b :: shell_exec_basic (rep 1/5)
-> ollama:qwen2.5:3b :: shell_exec_basic (rep 2/5)
-> ollama:qwen2.5:3b :: shell_exec_basic (rep 3/5)
-> ollama:qwen2.5:3b :: shell_exec_basic (rep 4/5)
-> ollama:qwen2.5:3b :: shell_exec_basic (rep 5/5)
-> ollama:qwen2.5:3b :: no_tool_qa (rep 1/5)
-> ollama:qwen2.5:3b :: no_tool_qa (rep 2/5)
-> ollama:qwen2.5:3b :: no_tool_qa (rep 3/5)
-> ollama:qwen2.5:3b :: no_tool_qa (rep 4/5)
-> ollama:qwen2.5:3b :: no_tool_qa (rep 5/5)
-> ollama:qwen2.5:3b :: multi_step_read_count_write (rep 1/5)
-> ollama:qwen2.5:3b :: multi_step_read_count_write (rep 2/5)
-> ollama:qwen2.5:3b :: multi_step_read_count_write (rep 3/5)
-> ollama:qwen2.5:3b :: multi_step_read_count_write (rep 4/5)
-> ollama:qwen2.5:3b :: multi_step_read_count_write (rep 5/5)
-> ollama:qwen2.5:3b :: error_recovery_wrong_filename (rep 1/5)
-> ollama:qwen2.5:3b :: error_recovery_wrong_filename (rep 2/5)
-> ollama:qwen2.5:3b :: error_recovery_wrong_filename (rep 3/5)
-> ollama:qwen2.5:3b :: error_recovery_wrong_filename (rep 4/5)
-> ollama:qwen2.5:3b :: error_recovery_wrong_filename (rep 5/5)
-> ollama:qwen2.5:3b :: distractor_selection_among_files (rep 1/5)
-> ollama:qwen2.5:3b :: distractor_selection_among_files (rep 2/5)
-> ollama:qwen2.5:3b :: distractor_selection_among_files (rep 3/5)
-> ollama:qwen2.5:3b :: distractor_selection_among_files (rep 4/5)
-> ollama:qwen2.5:3b :: distractor_selection_among_files (rep 5/5)
-> ollama:qwen2.5:3b :: edit_file_function_body (rep 1/5)
-> ollama:qwen2.5:3b :: edit_file_function_body (rep 2/5)
-> ollama:qwen2.5:3b :: edit_file_function_body (rep 3/5)
[2m2026-07-10T20:51:25.667208Z[0m [33m WARN[0m [1mturn[0m[1m{[0m[3msession[0m[2m=[0m8fc65a10-5064-409a-88a9-5a06619d673c[1m}[0m[2m:[0m [2mbraze_engine::engine[0m[2m:[0m model repeated an identical tool call this turn; nudging instead of re-dispatching [3mtool[0m[2m=[0medit_file
-> ollama:qwen2.5:3b :: edit_file_function_body (rep 4/5)
-> ollama:qwen2.5:3b :: edit_file_function_body (rep 5/5)
-> ollama:qwen2.5:3b :: no_tool_capital_question (rep 1/5)
-> ollama:qwen2.5:3b :: no_tool_capital_question (rep 2/5)
-> ollama:qwen2.5:3b :: no_tool_capital_question (rep 3/5)
-> ollama:qwen2.5:3b :: no_tool_capital_question (rep 4/5)
-> ollama:qwen2.5:3b :: no_tool_capital_question (rep 5/5)
-> ollama:qwen2.5:3b :: no_tool_subtraction (rep 1/5)
-> ollama:qwen2.5:3b :: no_tool_subtraction (rep 2/5)
-> ollama:qwen2.5:3b :: no_tool_subtraction (rep 3/5)
-> ollama:qwen2.5:3b :: no_tool_subtraction (rep 4/5)
-> ollama:qwen2.5:3b :: no_tool_subtraction (rep 5/5)
-> ollama:qwen2.5:3b :: multi_step_sum_two_files (rep 1/5)
-> ollama:qwen2.5:3b :: multi_step_sum_two_files (rep 2/5)
[2m2026-07-10T20:51:55.432669Z[0m [33m WARN[0m [1mturn[0m[1m{[0m[3msession[0m[2m=[0m1d1c0f98-4c1e-469f-881d-54a2f3674ffc[1m}[0m[2m:[0m [2mbraze_engine::engine[0m[2m:[0m tool call arguments failed schema validation before dispatch [3mtool[0m[2m=[0medit_file [3mattempt[0m[2m=[0m1 [3merror[0m[2m=[0m"old_string" is a required property
-> ollama:qwen2.5:3b :: multi_step_sum_two_files (rep 3/5)
[2m2026-07-10T20:52:00.549225Z[0m [33m WARN[0m [1mturn[0m[1m{[0m[3msession[0m[2m=[0m0a2d0f6e-5d24-4c7a-afc6-e9a910b735a6[1m}[0m[2m:[0m [2mbraze_engine::engine[0m[2m:[0m tool call arguments failed schema validation before dispatch [3mtool[0m[2m=[0mgrep [3mattempt[0m[2m=[0m1 [3merror[0m[2m=[0mAdditional properties are not allowed ('command' was unexpected)
-> ollama:qwen2.5:3b :: multi_step_sum_two_files (rep 4/5)
[2m2026-07-10T20:52:05.677043Z[0m [33m WARN[0m [1mturn[0m[1m{[0m[3msession[0m[2m=[0mb1f73a71-f28f-4553-a7d8-0bc5261c39c1[1m}[0m[2m:[0m [2mbraze_engine::engine[0m[2m:[0m tool call arguments failed schema validation before dispatch [3mtool[0m[2m=[0mgrep [3mattempt[0m[2m=[0m1 [3merror[0m[2m=[0mAdditional properties are not allowed ('command' was unexpected)
-> ollama:qwen2.5:3b :: multi_step_sum_two_files (rep 5/5)
[2m2026-07-10T20:52:10.570808Z[0m [33m WARN[0m [1mturn[0m[1m{[0m[3msession[0m[2m=[0m8ff2e4a6-bd21-42be-a43c-8b6d41154e02[1m}[0m[2m:[0m [2mbraze_engine::engine[0m[2m:[0m tool call arguments failed schema validation before dispatch [3mtool[0m[2m=[0mgrep [3mattempt[0m[2m=[0m1 [3merror[0m[2m=[0mAdditional properties are not allowed ('command' was unexpected)
-> ollama:qwen2.5:3b :: multi_step_multiply_and_write (rep 1/5)
-> ollama:qwen2.5:3b :: multi_step_multiply_and_write (rep 2/5)
[2m2026-07-10T20:52:18.464292Z[0m [33m WARN[0m [1mturn[0m[1m{[0m[3msession[0m[2m=[0maaae6f4f-86ac-43a8-b660-08cfe83ed351[1m}[0m[2m:[0m [2mbraze_engine::engine[0m[2m:[0m tool call arguments failed schema validation before dispatch [3mtool[0m[2m=[0mshell_exec [3mattempt[0m[2m=[0m1 [3merror[0m[2m=[0mAdditional properties are not allowed ('content' was unexpected)
[2m2026-07-10T20:52:19.364323Z[0m [33m WARN[0m [1mturn[0m[1m{[0m[3msession[0m[2m=[0maaae6f4f-86ac-43a8-b660-08cfe83ed351[1m}[0m[2m:[0m [2mbraze_engine::engine[0m[2m:[0m tool call arguments failed schema validation before dispatch [3mtool[0m[2m=[0mshell_exec [3mattempt[0m[2m=[0m2 [3merror[0m[2m=[0mAdditional properties are not allowed ('path' was unexpected)
[2m2026-07-10T20:52:20.227782Z[0m [33m WARN[0m [1mturn[0m[1m{[0m[3msession[0m[2m=[0maaae6f4f-86ac-43a8-b660-08cfe83ed351[1m}[0m[2m:[0m [2mbraze_engine::engine[0m[2m:[0m model repeated an identical tool call this turn; nudging instead of re-dispatching [3mtool[0m[2m=[0mshell_exec
[2m2026-07-10T20:52:21.611688Z[0m [33m WARN[0m [1mturn[0m[1m{[0m[3msession[0m[2m=[0maaae6f4f-86ac-43a8-b660-08cfe83ed351[1m}[0m[2m:[0m [2mbraze_engine::engine[0m[2m:[0m model repeated an identical tool call this turn; nudging instead of re-dispatching [3mtool[0m[2m=[0mread_file
-> ollama:qwen2.5:3b :: multi_step_multiply_and_write (rep 3/5)
-> ollama:qwen2.5:3b :: multi_step_multiply_and_write (rep 4/5)
-> ollama:qwen2.5:3b :: multi_step_multiply_and_write (rep 5/5)
[2m2026-07-10T20:52:30.705082Z[0m [33m WARN[0m [1mturn[0m[1m{[0m[3msession[0m[2m=[0md00399c2-eaa1-46bc-864c-94e4f3f2c60c[1m}[0m[2m:[0m [2mbraze_engine::engine[0m[2m:[0m tool call arguments failed schema validation before dispatch [3mtool[0m[2m=[0mshell_exec [3mattempt[0m[2m=[0m1 [3merror[0m[2m=[0mAdditional properties are not allowed ('content' was unexpected)
[2m2026-07-10T20:52:31.614915Z[0m [33m WARN[0m [1mturn[0m[1m{[0m[3msession[0m[2m=[0md00399c2-eaa1-46bc-864c-94e4f3f2c60c[1m}[0m[2m:[0m [2mbraze_engine::engine[0m[2m:[0m tool call arguments failed schema validation before dispatch [3mtool[0m[2m=[0mshell_exec [3mattempt[0m[2m=[0m2 [3merror[0m[2m=[0mAdditional properties are not allowed ('path' was unexpected)
[2m2026-07-10T20:52:32.477499Z[0m [33m WARN[0m [1mturn[0m[1m{[0m[3msession[0m[2m=[0md00399c2-eaa1-46bc-864c-94e4f3f2c60c[1m}[0m[2m:[0m [2mbraze_engine::engine[0m[2m:[0m model repeated an identical tool call this turn; nudging instead of re-dispatching [3mtool[0m[2m=[0mshell_exec
-> ollama:qwen2.5:3b :: error_recovery_wrong_config_extension (rep 1/5)
-> ollama:qwen2.5:3b :: error_recovery_wrong_config_extension (rep 2/5)
-> ollama:qwen2.5:3b :: error_recovery_wrong_config_extension (rep 3/5)
-> ollama:qwen2.5:3b :: error_recovery_wrong_config_extension (rep 4/5)
-> ollama:qwen2.5:3b :: error_recovery_wrong_config_extension (rep 5/5)
-> ollama:qwen2.5:3b :: error_recovery_edit_wrong_filename (rep 1/5)
-> ollama:qwen2.5:3b :: error_recovery_edit_wrong_filename (rep 2/5)
-> ollama:qwen2.5:3b :: error_recovery_edit_wrong_filename (rep 3/5)
-> ollama:qwen2.5:3b :: error_recovery_edit_wrong_filename (rep 4/5)
-> ollama:qwen2.5:3b :: error_recovery_edit_wrong_filename (rep 5/5)
-> ollama:qwen2.5:3b :: distractor_selection_log_with_error (rep 1/5)
-> ollama:qwen2.5:3b :: distractor_selection_log_with_error (rep 2/5)
-> ollama:qwen2.5:3b :: distractor_selection_log_with_error (rep 3/5)
-> ollama:qwen2.5:3b :: distractor_selection_log_with_error (rep 4/5)
-> ollama:qwen2.5:3b :: distractor_selection_log_with_error (rep 5/5)
-> ollama:qwen2.5:3b :: distractor_selection_debug_config (rep 1/5)
-> ollama:qwen2.5:3b :: distractor_selection_debug_config (rep 2/5)
-> ollama:qwen2.5:3b :: distractor_selection_debug_config (rep 3/5)
-> ollama:qwen2.5:3b :: distractor_selection_debug_config (rep 4/5)
-> ollama:qwen2.5:3b :: distractor_selection_debug_config (rep 5/5)
-> ollama:qwen2.5:3b+plan:ollama:gemma4:e4b :: read_file_basic (rep 1/5)
-> ollama:qwen2.5:3b+plan:ollama:gemma4:e4b :: read_file_basic (rep 2/5)
-> ollama:qwen2.5:3b+plan:ollama:gemma4:e4b :: read_file_basic (rep 3/5)
-> ollama:qwen2.5:3b+plan:ollama:gemma4:e4b :: read_file_basic (rep 4/5)
-> ollama:qwen2.5:3b+plan:ollama:gemma4:e4b :: read_file_basic (rep 5/5)
-> ollama:qwen2.5:3b+plan:ollama:gemma4:e4b :: grep_basic (rep 1/5)
-> ollama:qwen2.5:3b+plan:ollama:gemma4:e4b :: grep_basic (rep 2/5)
-> ollama:qwen2.5:3b+plan:ollama:gemma4:e4b :: grep_basic (rep 3/5)
-> ollama:qwen2.5:3b+plan:ollama:gemma4:e4b :: grep_basic (rep 4/5)
[2m2026-07-10T20:55:03.206392Z[0m [33m WARN[0m [1mturn[0m[1m{[0m[3msession[0m[2m=[0m8704aa31-8b2f-44c1-9bb9-5a55fb914cd7[1m}[0m[2m:[0m [2mbraze_engine::engine[0m[2m:[0m tool call arguments failed schema validation before dispatch [3mtool[0m[2m=[0mgrep [3mattempt[0m[2m=[0m1 [3merror[0m[2m=[0mAdditional properties are not allowed ('command' was unexpected)
-> ollama:qwen2.5:3b+plan:ollama:gemma4:e4b :: grep_basic (rep 5/5)
-> ollama:qwen2.5:3b+plan:ollama:gemma4:e4b :: glob_basic (rep 1/5)
-> ollama:qwen2.5:3b+plan:ollama:gemma4:e4b :: glob_basic (rep 2/5)
-> ollama:qwen2.5:3b+plan:ollama:gemma4:e4b :: glob_basic (rep 3/5)
-> ollama:qwen2.5:3b+plan:ollama:gemma4:e4b :: glob_basic (rep 4/5)
-> ollama:qwen2.5:3b+plan:ollama:gemma4:e4b :: glob_basic (rep 5/5)
-> ollama:qwen2.5:3b+plan:ollama:gemma4:e4b :: write_file_basic (rep 1/5)
-> ollama:qwen2.5:3b+plan:ollama:gemma4:e4b :: write_file_basic (rep 2/5)
-> ollama:qwen2.5:3b+plan:ollama:gemma4:e4b :: write_file_basic (rep 3/5)
-> ollama:qwen2.5:3b+plan:ollama:gemma4:e4b :: write_file_basic (rep 4/5)
-> ollama:qwen2.5:3b+plan:ollama:gemma4:e4b :: write_file_basic (rep 5/5)
-> ollama:qwen2.5:3b+plan:ollama:gemma4:e4b :: edit_file_basic (rep 1/5)
-> ollama:qwen2.5:3b+plan:ollama:gemma4:e4b :: edit_file_basic (rep 2/5)
-> ollama:qwen2.5:3b+plan:ollama:gemma4:e4b :: edit_file_basic (rep 3/5)
-> ollama:qwen2.5:3b+plan:ollama:gemma4:e4b :: edit_file_basic (rep 4/5)
-> ollama:qwen2.5:3b+plan:ollama:gemma4:e4b :: edit_file_basic (rep 5/5)
-> ollama:qwen2.5:3b+plan:ollama:gemma4:e4b :: shell_exec_basic (rep 1/5)
-> ollama:qwen2.5:3b+plan:ollama:gemma4:e4b :: shell_exec_basic (rep 2/5)
-> ollama:qwen2.5:3b+plan:ollama:gemma4:e4b :: shell_exec_basic (rep 3/5)
-> ollama:qwen2.5:3b+plan:ollama:gemma4:e4b :: shell_exec_basic (rep 4/5)
-> ollama:qwen2.5:3b+plan:ollama:gemma4:e4b :: shell_exec_basic (rep 5/5)
-> ollama:qwen2.5:3b+plan:ollama:gemma4:e4b :: no_tool_qa (rep 1/5)
-> ollama:qwen2.5:3b+plan:ollama:gemma4:e4b :: no_tool_qa (rep 2/5)
-> ollama:qwen2.5:3b+plan:ollama:gemma4:e4b :: no_tool_qa (rep 3/5)
-> ollama:qwen2.5:3b+plan:ollama:gemma4:e4b :: no_tool_qa (rep 4/5)
-> ollama:qwen2.5:3b+plan:ollama:gemma4:e4b :: no_tool_qa (rep 5/5)
-> ollama:qwen2.5:3b+plan:ollama:gemma4:e4b :: multi_step_read_count_write (rep 1/5)
-> ollama:qwen2.5:3b+plan:ollama:gemma4:e4b :: multi_step_read_count_write (rep 2/5)
-> ollama:qwen2.5:3b+plan:ollama:gemma4:e4b :: multi_step_read_count_write (rep 3/5)
-> ollama:qwen2.5:3b+plan:ollama:gemma4:e4b :: multi_step_read_count_write (rep 4/5)
-> ollama:qwen2.5:3b+plan:ollama:gemma4:e4b :: multi_step_read_count_write (rep 5/5)
-> ollama:qwen2.5:3b+plan:ollama:gemma4:e4b :: error_recovery_wrong_filename (rep 1/5)
-> ollama:qwen2.5:3b+plan:ollama:gemma4:e4b :: error_recovery_wrong_filename (rep 2/5)
-> ollama:qwen2.5:3b+plan:ollama:gemma4:e4b :: error_recovery_wrong_filename (rep 3/5)
-> ollama:qwen2.5:3b+plan:ollama:gemma4:e4b :: error_recovery_wrong_filename (rep 4/5)
[2m2026-07-10T21:01:04.706513Z[0m [33m WARN[0m [1mturn[0m[1m{[0m[3msession[0m[2m=[0m78b929a9-7d79-4fe2-9518-70794a72ff81[1m}[0m[2m:[0m [2mbraze_engine::engine[0m[2m:[0m tool call arguments failed schema validation before dispatch [3mtool[0m[2m=[0mglob [3mattempt[0m[2m=[0m1 [3merror[0m[2m=[0mnull is not of type "string"
-> ollama:qwen2.5:3b+plan:ollama:gemma4:e4b :: error_recovery_wrong_filename (rep 5/5)
-> ollama:qwen2.5:3b+plan:ollama:gemma4:e4b :: distractor_selection_among_files (rep 1/5)
-> ollama:qwen2.5:3b+plan:ollama:gemma4:e4b :: distractor_selection_among_files (rep 2/5)
-> ollama:qwen2.5:3b+plan:ollama:gemma4:e4b :: distractor_selection_among_files (rep 3/5)
-> ollama:qwen2.5:3b+plan:ollama:gemma4:e4b :: distractor_selection_among_files (rep 4/5)
-> ollama:qwen2.5:3b+plan:ollama:gemma4:e4b :: distractor_selection_among_files (rep 5/5)
-> ollama:qwen2.5:3b+plan:ollama:gemma4:e4b :: edit_file_function_body (rep 1/5)
-> ollama:qwen2.5:3b+plan:ollama:gemma4:e4b :: edit_file_function_body (rep 2/5)
[2m2026-07-10T21:02:58.031622Z[0m [33m WARN[0m [1mturn[0m[1m{[0m[3msession[0m[2m=[0m38906e66-f854-497a-a41f-5b7393a9f66c[1m}[0m[2m:[0m [2mbraze_engine::engine[0m[2m:[0m model repeated an identical tool call this turn; nudging instead of re-dispatching [3mtool[0m[2m=[0medit_file
[2m2026-07-10T21:03:03.307597Z[0m [33m WARN[0m [1mturn[0m[1m{[0m[3msession[0m[2m=[0m38906e66-f854-497a-a41f-5b7393a9f66c[1m}[0m[2m:[0m [2mbraze_engine::engine[0m[2m:[0m model repeated an identical tool call this turn; nudging instead of re-dispatching [3mtool[0m[2m=[0medit_file
-> ollama:qwen2.5:3b+plan:ollama:gemma4:e4b :: edit_file_function_body (rep 3/5)
-> ollama:qwen2.5:3b+plan:ollama:gemma4:e4b :: edit_file_function_body (rep 4/5)
-> ollama:qwen2.5:3b+plan:ollama:gemma4:e4b :: edit_file_function_body (rep 5/5)
-> ollama:qwen2.5:3b+plan:ollama:gemma4:e4b :: no_tool_capital_question (rep 1/5)
-> ollama:qwen2.5:3b+plan:ollama:gemma4:e4b :: no_tool_capital_question (rep 2/5)
-> ollama:qwen2.5:3b+plan:ollama:gemma4:e4b :: no_tool_capital_question (rep 3/5)
-> ollama:qwen2.5:3b+plan:ollama:gemma4:e4b :: no_tool_capital_question (rep 4/5)
-> ollama:qwen2.5:3b+plan:ollama:gemma4:e4b :: no_tool_capital_question (rep 5/5)
-> ollama:qwen2.5:3b+plan:ollama:gemma4:e4b :: no_tool_subtraction (rep 1/5)
-> ollama:qwen2.5:3b+plan:ollama:gemma4:e4b :: no_tool_subtraction (rep 2/5)
-> ollama:qwen2.5:3b+plan:ollama:gemma4:e4b :: no_tool_subtraction (rep 3/5)
-> ollama:qwen2.5:3b+plan:ollama:gemma4:e4b :: no_tool_subtraction (rep 4/5)
-> ollama:qwen2.5:3b+plan:ollama:gemma4:e4b :: no_tool_subtraction (rep 5/5)
-> ollama:qwen2.5:3b+plan:ollama:gemma4:e4b :: multi_step_sum_two_files (rep 1/5)
-> ollama:qwen2.5:3b+plan:ollama:gemma4:e4b :: multi_step_sum_two_files (rep 2/5)
[2m2026-07-10T21:04:56.259661Z[0m [33m WARN[0m [1mturn[0m[1m{[0m[3msession[0m[2m=[0m7a756830-56a8-4369-a89b-e5c66dbeb77d[1m}[0m[2m:[0m [2mbraze_engine::engine[0m[2m:[0m model repeated an identical tool call this turn; nudging instead of re-dispatching [3mtool[0m[2m=[0mread_file
-> ollama:qwen2.5:3b+plan:ollama:gemma4:e4b :: multi_step_sum_two_files (rep 3/5)
-> ollama:qwen2.5:3b+plan:ollama:gemma4:e4b :: multi_step_sum_two_files (rep 4/5)
-> ollama:qwen2.5:3b+plan:ollama:gemma4:e4b :: multi_step_sum_two_files (rep 5/5)
[2m2026-07-10T21:06:29.320706Z[0m [33m WARN[0m [1mturn[0m[1m{[0m[3msession[0m[2m=[0m7bc63bc6-c9d8-47b0-a97d-6e51000582fe[1m}[0m[2m:[0m [2mbraze_engine::engine[0m[2m:[0m round produced neither text nor a tool call after this turn already dispatched at least one; attempting a tools-free summary round instead of discarding that progress [3mround[0m[2m=[0m1
-> ollama:qwen2.5:3b+plan:ollama:gemma4:e4b :: multi_step_multiply_and_write (rep 1/5)
-> ollama:qwen2.5:3b+plan:ollama:gemma4:e4b :: multi_step_multiply_and_write (rep 2/5)
-> ollama:qwen2.5:3b+plan:ollama:gemma4:e4b :: multi_step_multiply_and_write (rep 3/5)
-> ollama:qwen2.5:3b+plan:ollama:gemma4:e4b :: multi_step_multiply_and_write (rep 4/5)
-> ollama:qwen2.5:3b+plan:ollama:gemma4:e4b :: multi_step_multiply_and_write (rep 5/5)
-> ollama:qwen2.5:3b+plan:ollama:gemma4:e4b :: error_recovery_wrong_config_extension (rep 1/5)
-> ollama:qwen2.5:3b+plan:ollama:gemma4:e4b :: error_recovery_wrong_config_extension (rep 2/5)
-> ollama:qwen2.5:3b+plan:ollama:gemma4:e4b :: error_recovery_wrong_config_extension (rep 3/5)
-> ollama:qwen2.5:3b+plan:ollama:gemma4:e4b :: error_recovery_wrong_config_extension (rep 4/5)
-> ollama:qwen2.5:3b+plan:ollama:gemma4:e4b :: error_recovery_wrong_config_extension (rep 5/5)
-> ollama:qwen2.5:3b+plan:ollama:gemma4:e4b :: error_recovery_edit_wrong_filename (rep 1/5)
-> ollama:qwen2.5:3b+plan:ollama:gemma4:e4b :: error_recovery_edit_wrong_filename (rep 2/5)
-> ollama:qwen2.5:3b+plan:ollama:gemma4:e4b :: error_recovery_edit_wrong_filename (rep 3/5)
-> ollama:qwen2.5:3b+plan:ollama:gemma4:e4b :: error_recovery_edit_wrong_filename (rep 4/5)
[2m2026-07-10T21:11:04.265642Z[0m [33m WARN[0m [1mturn[0m[1m{[0m[3msession[0m[2m=[0m425760c9-ece9-4c47-adfd-2afc8f9731a2[1m}[0m[2m:[0m [2mbraze_engine::engine[0m[2m:[0m model repeated an identical tool call this turn; nudging instead of re-dispatching [3mtool[0m[2m=[0mglob
[2m2026-07-10T21:11:08.404602Z[0m [33m WARN[0m [1mturn[0m[1m{[0m[3msession[0m[2m=[0m425760c9-ece9-4c47-adfd-2afc8f9731a2[1m}[0m[2m:[0m [2mbraze_engine::engine[0m[2m:[0m model repeated an identical tool call this turn; nudging instead of re-dispatching [3mtool[0m[2m=[0mglob
[2m2026-07-10T21:11:10.976632Z[0m [33m WARN[0m [1mturn[0m[1m{[0m[3msession[0m[2m=[0m425760c9-ece9-4c47-adfd-2afc8f9731a2[1m}[0m[2m:[0m [2mbraze_engine::engine[0m[2m:[0m model repeated an identical tool call this turn; nudging instead of re-dispatching [3mtool[0m[2m=[0mglob
-> ollama:qwen2.5:3b+plan:ollama:gemma4:e4b :: error_recovery_edit_wrong_filename (rep 5/5)
-> ollama:qwen2.5:3b+plan:ollama:gemma4:e4b :: distractor_selection_log_with_error (rep 1/5)
-> ollama:qwen2.5:3b+plan:ollama:gemma4:e4b :: distractor_selection_log_with_error (rep 2/5)
[2m2026-07-10T21:12:03.127095Z[0m [33m WARN[0m [1mturn[0m[1m{[0m[3msession[0m[2m=[0mc7f522be-a49f-46cc-ba66-3b05bf35f08e[1m}[0m[2m:[0m [2mbraze_engine::engine[0m[2m:[0m tool call arguments failed schema validation before dispatch [3mtool[0m[2m=[0mread_file [3mattempt[0m[2m=[0m1 [3merror[0m[2m=[0mAdditional properties are not allowed ('content' was unexpected)
-> ollama:qwen2.5:3b+plan:ollama:gemma4:e4b :: distractor_selection_log_with_error (rep 3/5)
-> ollama:qwen2.5:3b+plan:ollama:gemma4:e4b :: distractor_selection_log_with_error (rep 4/5)
-> ollama:qwen2.5:3b+plan:ollama:gemma4:e4b :: distractor_selection_log_with_error (rep 5/5)
-> ollama:qwen2.5:3b+plan:ollama:gemma4:e4b :: distractor_selection_debug_config (rep 1/5)
-> ollama:qwen2.5:3b+plan:ollama:gemma4:e4b :: distractor_selection_debug_config (rep 2/5)
-> ollama:qwen2.5:3b+plan:ollama:gemma4:e4b :: distractor_selection_debug_config (rep 3/5)
-> ollama:qwen2.5:3b+plan:ollama:gemma4:e4b :: distractor_selection_debug_config (rep 4/5)
-> ollama:qwen2.5:3b+plan:ollama:gemma4:e4b :: distractor_selection_debug_config (rep 5/5)
-> ollama:qwen2.5:3b+lead:ollama:gemma4:e4b :: read_file_basic (rep 1/5)
-> ollama:qwen2.5:3b+lead:ollama:gemma4:e4b :: read_file_basic (rep 2/5)
-> ollama:qwen2.5:3b+lead:ollama:gemma4:e4b :: read_file_basic (rep 3/5)
-> ollama:qwen2.5:3b+lead:ollama:gemma4:e4b :: read_file_basic (rep 4/5)
-> ollama:qwen2.5:3b+lead:ollama:gemma4:e4b :: read_file_basic (rep 5/5)
-> ollama:qwen2.5:3b+lead:ollama:gemma4:e4b :: grep_basic (rep 1/5)
-> ollama:qwen2.5:3b+lead:ollama:gemma4:e4b :: grep_basic (rep 2/5)
-> ollama:qwen2.5:3b+lead:ollama:gemma4:e4b :: grep_basic (rep 3/5)
-> ollama:qwen2.5:3b+lead:ollama:gemma4:e4b :: grep_basic (rep 4/5)
-> ollama:qwen2.5:3b+lead:ollama:gemma4:e4b :: grep_basic (rep 5/5)
-> ollama:qwen2.5:3b+lead:ollama:gemma4:e4b :: glob_basic (rep 1/5)
-> ollama:qwen2.5:3b+lead:ollama:gemma4:e4b :: glob_basic (rep 2/5)
-> ollama:qwen2.5:3b+lead:ollama:gemma4:e4b :: glob_basic (rep 3/5)
-> ollama:qwen2.5:3b+lead:ollama:gemma4:e4b :: glob_basic (rep 4/5)
-> ollama:qwen2.5:3b+lead:ollama:gemma4:e4b :: glob_basic (rep 5/5)
-> ollama:qwen2.5:3b+lead:ollama:gemma4:e4b :: write_file_basic (rep 1/5)
-> ollama:qwen2.5:3b+lead:ollama:gemma4:e4b :: write_file_basic (rep 2/5)
-> ollama:qwen2.5:3b+lead:ollama:gemma4:e4b :: write_file_basic (rep 3/5)
-> ollama:qwen2.5:3b+lead:ollama:gemma4:e4b :: write_file_basic (rep 4/5)
-> ollama:qwen2.5:3b+lead:ollama:gemma4:e4b :: write_file_basic (rep 5/5)
-> ollama:qwen2.5:3b+lead:ollama:gemma4:e4b :: edit_file_basic (rep 1/5)
-> ollama:qwen2.5:3b+lead:ollama:gemma4:e4b :: edit_file_basic (rep 2/5)
-> ollama:qwen2.5:3b+lead:ollama:gemma4:e4b :: edit_file_basic (rep 3/5)
-> ollama:qwen2.5:3b+lead:ollama:gemma4:e4b :: edit_file_basic (rep 4/5)
-> ollama:qwen2.5:3b+lead:ollama:gemma4:e4b :: edit_file_basic (rep 5/5)
-> ollama:qwen2.5:3b+lead:ollama:gemma4:e4b :: shell_exec_basic (rep 1/5)
-> ollama:qwen2.5:3b+lead:ollama:gemma4:e4b :: shell_exec_basic (rep 2/5)
-> ollama:qwen2.5:3b+lead:ollama:gemma4:e4b :: shell_exec_basic (rep 3/5)
-> ollama:qwen2.5:3b+lead:ollama:gemma4:e4b :: shell_exec_basic (rep 4/5)
-> ollama:qwen2.5:3b+lead:ollama:gemma4:e4b :: shell_exec_basic (rep 5/5)
-> ollama:qwen2.5:3b+lead:ollama:gemma4:e4b :: no_tool_qa (rep 1/5)
-> ollama:qwen2.5:3b+lead:ollama:gemma4:e4b :: no_tool_qa (rep 2/5)
-> ollama:qwen2.5:3b+lead:ollama:gemma4:e4b :: no_tool_qa (rep 3/5)
-> ollama:qwen2.5:3b+lead:ollama:gemma4:e4b :: no_tool_qa (rep 4/5)
-> ollama:qwen2.5:3b+lead:ollama:gemma4:e4b :: no_tool_qa (rep 5/5)
-> ollama:qwen2.5:3b+lead:ollama:gemma4:e4b :: multi_step_read_count_write (rep 1/5)
-> ollama:qwen2.5:3b+lead:ollama:gemma4:e4b :: multi_step_read_count_write (rep 2/5)
-> ollama:qwen2.5:3b+lead:ollama:gemma4:e4b :: multi_step_read_count_write (rep 3/5)
-> ollama:qwen2.5:3b+lead:ollama:gemma4:e4b :: multi_step_read_count_write (rep 4/5)
[2m2026-07-10T21:18:44.231766Z[0m [33m WARN[0m [1mturn[0m[1m{[0m[3msession[0m[2m=[0m9dd35979-5e93-42dd-8c5d-2dfa163fc95c[1m}[0m[2m:[0m [2mbraze_engine::engine[0m[2m:[0m model repeated an identical tool call this turn; nudging instead of re-dispatching [3mtool[0m[2m=[0mshell_exec
[2m2026-07-10T21:19:00.735843Z[0m [33m WARN[0m [1mturn[0m[1m{[0m[3msession[0m[2m=[0m9dd35979-5e93-42dd-8c5d-2dfa163fc95c[1m}[0m[2m:[0m [2mbraze_engine::engine[0m[2m:[0m model repeated an identical tool call this turn; nudging instead of re-dispatching [3mtool[0m[2m=[0mshell_exec
-> ollama:qwen2.5:3b+lead:ollama:gemma4:e4b :: multi_step_read_count_write (rep 5/5)
-> ollama:qwen2.5:3b+lead:ollama:gemma4:e4b :: error_recovery_wrong_filename (rep 1/5)
-> ollama:qwen2.5:3b+lead:ollama:gemma4:e4b :: error_recovery_wrong_filename (rep 2/5)
-> ollama:qwen2.5:3b+lead:ollama:gemma4:e4b :: error_recovery_wrong_filename (rep 3/5)
-> ollama:qwen2.5:3b+lead:ollama:gemma4:e4b :: error_recovery_wrong_filename (rep 4/5)
-> ollama:qwen2.5:3b+lead:ollama:gemma4:e4b :: error_recovery_wrong_filename (rep 5/5)
-> ollama:qwen2.5:3b+lead:ollama:gemma4:e4b :: distractor_selection_among_files (rep 1/5)
-> ollama:qwen2.5:3b+lead:ollama:gemma4:e4b :: distractor_selection_among_files (rep 2/5)
-> ollama:qwen2.5:3b+lead:ollama:gemma4:e4b :: distractor_selection_among_files (rep 3/5)
-> ollama:qwen2.5:3b+lead:ollama:gemma4:e4b :: distractor_selection_among_files (rep 4/5)
-> ollama:qwen2.5:3b+lead:ollama:gemma4:e4b :: distractor_selection_among_files (rep 5/5)
-> ollama:qwen2.5:3b+lead:ollama:gemma4:e4b :: edit_file_function_body (rep 1/5)
-> ollama:qwen2.5:3b+lead:ollama:gemma4:e4b :: edit_file_function_body (rep 2/5)
-> ollama:qwen2.5:3b+lead:ollama:gemma4:e4b :: edit_file_function_body (rep 3/5)
-> ollama:qwen2.5:3b+lead:ollama:gemma4:e4b :: edit_file_function_body (rep 4/5)
-> ollama:qwen2.5:3b+lead:ollama:gemma4:e4b :: edit_file_function_body (rep 5/5)
-> ollama:qwen2.5:3b+lead:ollama:gemma4:e4b :: no_tool_capital_question (rep 1/5)
-> ollama:qwen2.5:3b+lead:ollama:gemma4:e4b :: no_tool_capital_question (rep 2/5)
-> ollama:qwen2.5:3b+lead:ollama:gemma4:e4b :: no_tool_capital_question (rep 3/5)
-> ollama:qwen2.5:3b+lead:ollama:gemma4:e4b :: no_tool_capital_question (rep 4/5)
-> ollama:qwen2.5:3b+lead:ollama:gemma4:e4b :: no_tool_capital_question (rep 5/5)
-> ollama:qwen2.5:3b+lead:ollama:gemma4:e4b :: no_tool_subtraction (rep 1/5)
-> ollama:qwen2.5:3b+lead:ollama:gemma4:e4b :: no_tool_subtraction (rep 2/5)
-> ollama:qwen2.5:3b+lead:ollama:gemma4:e4b :: no_tool_subtraction (rep 3/5)
-> ollama:qwen2.5:3b+lead:ollama:gemma4:e4b :: no_tool_subtraction (rep 4/5)
-> ollama:qwen2.5:3b+lead:ollama:gemma4:e4b :: no_tool_subtraction (rep 5/5)
-> ollama:qwen2.5:3b+lead:ollama:gemma4:e4b :: multi_step_sum_two_files (rep 1/5)
-> ollama:qwen2.5:3b+lead:ollama:gemma4:e4b :: multi_step_sum_two_files (rep 2/5)
-> ollama:qwen2.5:3b+lead:ollama:gemma4:e4b :: multi_step_sum_two_files (rep 3/5)
-> ollama:qwen2.5:3b+lead:ollama:gemma4:e4b :: multi_step_sum_two_files (rep 4/5)
-> ollama:qwen2.5:3b+lead:ollama:gemma4:e4b :: multi_step_sum_two_files (rep 5/5)
-> ollama:qwen2.5:3b+lead:ollama:gemma4:e4b :: multi_step_multiply_and_write (rep 1/5)
-> ollama:qwen2.5:3b+lead:ollama:gemma4:e4b :: multi_step_multiply_and_write (rep 2/5)
-> ollama:qwen2.5:3b+lead:ollama:gemma4:e4b :: multi_step_multiply_and_write (rep 3/5)
-> ollama:qwen2.5:3b+lead:ollama:gemma4:e4b :: multi_step_multiply_and_write (rep 4/5)
-> ollama:qwen2.5:3b+lead:ollama:gemma4:e4b :: multi_step_multiply_and_write (rep 5/5)
-> ollama:qwen2.5:3b+lead:ollama:gemma4:e4b :: error_recovery_wrong_config_extension (rep 1/5)
-> ollama:qwen2.5:3b+lead:ollama:gemma4:e4b :: error_recovery_wrong_config_extension (rep 2/5)
-> ollama:qwen2.5:3b+lead:ollama:gemma4:e4b :: error_recovery_wrong_config_extension (rep 3/5)
-> ollama:qwen2.5:3b+lead:ollama:gemma4:e4b :: error_recovery_wrong_config_extension (rep 4/5)
-> ollama:qwen2.5:3b+lead:ollama:gemma4:e4b :: error_recovery_wrong_config_extension (rep 5/5)
-> ollama:qwen2.5:3b+lead:ollama:gemma4:e4b :: error_recovery_edit_wrong_filename (rep 1/5)
-> ollama:qwen2.5:3b+lead:ollama:gemma4:e4b :: error_recovery_edit_wrong_filename (rep 2/5)
-> ollama:qwen2.5:3b+lead:ollama:gemma4:e4b :: error_recovery_edit_wrong_filename (rep 3/5)
-> ollama:qwen2.5:3b+lead:ollama:gemma4:e4b :: error_recovery_edit_wrong_filename (rep 4/5)
-> ollama:qwen2.5:3b+lead:ollama:gemma4:e4b :: error_recovery_edit_wrong_filename (rep 5/5)
-> ollama:qwen2.5:3b+lead:ollama:gemma4:e4b :: distractor_selection_log_with_error (rep 1/5)
-> ollama:qwen2.5:3b+lead:ollama:gemma4:e4b :: distractor_selection_log_with_error (rep 2/5)
-> ollama:qwen2.5:3b+lead:ollama:gemma4:e4b :: distractor_selection_log_with_error (rep 3/5)
-> ollama:qwen2.5:3b+lead:ollama:gemma4:e4b :: distractor_selection_log_with_error (rep 4/5)
-> ollama:qwen2.5:3b+lead:ollama:gemma4:e4b :: distractor_selection_log_with_error (rep 5/5)
-> ollama:qwen2.5:3b+lead:ollama:gemma4:e4b :: distractor_selection_debug_config (rep 1/5)
-> ollama:qwen2.5:3b+lead:ollama:gemma4:e4b :: distractor_selection_debug_config (rep 2/5)
-> ollama:qwen2.5:3b+lead:ollama:gemma4:e4b :: distractor_selection_debug_config (rep 3/5)
-> ollama:qwen2.5:3b+lead:ollama:gemma4:e4b :: distractor_selection_debug_config (rep 4/5)
-> ollama:qwen2.5:3b+lead:ollama:gemma4:e4b :: distractor_selection_debug_config (rep 5/5)
-> ollama:qwen2.5:3b+plan:ollama:gemma4:e4b+lead:ollama:gemma4:e4b :: read_file_basic (rep 1/5)
-> ollama:qwen2.5:3b+plan:ollama:gemma4:e4b+lead:ollama:gemma4:e4b :: read_file_basic (rep 2/5)
-> ollama:qwen2.5:3b+plan:ollama:gemma4:e4b+lead:ollama:gemma4:e4b :: read_file_basic (rep 3/5)
-> ollama:qwen2.5:3b+plan:ollama:gemma4:e4b+lead:ollama:gemma4:e4b :: read_file_basic (rep 4/5)
-> ollama:qwen2.5:3b+plan:ollama:gemma4:e4b+lead:ollama:gemma4:e4b :: read_file_basic (rep 5/5)
-> ollama:qwen2.5:3b+plan:ollama:gemma4:e4b+lead:ollama:gemma4:e4b :: grep_basic (rep 1/5)
-> ollama:qwen2.5:3b+plan:ollama:gemma4:e4b+lead:ollama:gemma4:e4b :: grep_basic (rep 2/5)
-> ollama:qwen2.5:3b+plan:ollama:gemma4:e4b+lead:ollama:gemma4:e4b :: grep_basic (rep 3/5)
-> ollama:qwen2.5:3b+plan:ollama:gemma4:e4b+lead:ollama:gemma4:e4b :: grep_basic (rep 4/5)
-> ollama:qwen2.5:3b+plan:ollama:gemma4:e4b+lead:ollama:gemma4:e4b :: grep_basic (rep 5/5)
-> ollama:qwen2.5:3b+plan:ollama:gemma4:e4b+lead:ollama:gemma4:e4b :: glob_basic (rep 1/5)
-> ollama:qwen2.5:3b+plan:ollama:gemma4:e4b+lead:ollama:gemma4:e4b :: glob_basic (rep 2/5)
-> ollama:qwen2.5:3b+plan:ollama:gemma4:e4b+lead:ollama:gemma4:e4b :: glob_basic (rep 3/5)
-> ollama:qwen2.5:3b+plan:ollama:gemma4:e4b+lead:ollama:gemma4:e4b :: glob_basic (rep 4/5)
-> ollama:qwen2.5:3b+plan:ollama:gemma4:e4b+lead:ollama:gemma4:e4b :: glob_basic (rep 5/5)
-> ollama:qwen2.5:3b+plan:ollama:gemma4:e4b+lead:ollama:gemma4:e4b :: write_file_basic (rep 1/5)
-> ollama:qwen2.5:3b+plan:ollama:gemma4:e4b+lead:ollama:gemma4:e4b :: write_file_basic (rep 2/5)
-> ollama:qwen2.5:3b+plan:ollama:gemma4:e4b+lead:ollama:gemma4:e4b :: write_file_basic (rep 3/5)
-> ollama:qwen2.5:3b+plan:ollama:gemma4:e4b+lead:ollama:gemma4:e4b :: write_file_basic (rep 4/5)
-> ollama:qwen2.5:3b+plan:ollama:gemma4:e4b+lead:ollama:gemma4:e4b :: write_file_basic (rep 5/5)
-> ollama:qwen2.5:3b+plan:ollama:gemma4:e4b+lead:ollama:gemma4:e4b :: edit_file_basic (rep 1/5)
-> ollama:qwen2.5:3b+plan:ollama:gemma4:e4b+lead:ollama:gemma4:e4b :: edit_file_basic (rep 2/5)
-> ollama:qwen2.5:3b+plan:ollama:gemma4:e4b+lead:ollama:gemma4:e4b :: edit_file_basic (rep 3/5)
-> ollama:qwen2.5:3b+plan:ollama:gemma4:e4b+lead:ollama:gemma4:e4b :: edit_file_basic (rep 4/5)
-> ollama:qwen2.5:3b+plan:ollama:gemma4:e4b+lead:ollama:gemma4:e4b :: edit_file_basic (rep 5/5)
-> ollama:qwen2.5:3b+plan:ollama:gemma4:e4b+lead:ollama:gemma4:e4b :: shell_exec_basic (rep 1/5)
-> ollama:qwen2.5:3b+plan:ollama:gemma4:e4b+lead:ollama:gemma4:e4b :: shell_exec_basic (rep 2/5)
-> ollama:qwen2.5:3b+plan:ollama:gemma4:e4b+lead:ollama:gemma4:e4b :: shell_exec_basic (rep 3/5)
-> ollama:qwen2.5:3b+plan:ollama:gemma4:e4b+lead:ollama:gemma4:e4b :: shell_exec_basic (rep 4/5)
-> ollama:qwen2.5:3b+plan:ollama:gemma4:e4b+lead:ollama:gemma4:e4b :: shell_exec_basic (rep 5/5)
-> ollama:qwen2.5:3b+plan:ollama:gemma4:e4b+lead:ollama:gemma4:e4b :: no_tool_qa (rep 1/5)
-> ollama:qwen2.5:3b+plan:ollama:gemma4:e4b+lead:ollama:gemma4:e4b :: no_tool_qa (rep 2/5)
-> ollama:qwen2.5:3b+plan:ollama:gemma4:e4b+lead:ollama:gemma4:e4b :: no_tool_qa (rep 3/5)
-> ollama:qwen2.5:3b+plan:ollama:gemma4:e4b+lead:ollama:gemma4:e4b :: no_tool_qa (rep 4/5)
-> ollama:qwen2.5:3b+plan:ollama:gemma4:e4b+lead:ollama:gemma4:e4b :: no_tool_qa (rep 5/5)
-> ollama:qwen2.5:3b+plan:ollama:gemma4:e4b+lead:ollama:gemma4:e4b :: multi_step_read_count_write (rep 1/5)
-> ollama:qwen2.5:3b+plan:ollama:gemma4:e4b+lead:ollama:gemma4:e4b :: multi_step_read_count_write (rep 2/5)
[2m2026-07-10T21:38:58.920510Z[0m [33m WARN[0m [1mturn[0m[1m{[0m[3msession[0m[2m=[0m9d341ff0-2108-4f77-94aa-e9e35c30c0bd[1m}[0m[2m:[0m [2mbraze_engine::engine[0m[2m:[0m model repeated an identical tool call this turn; nudging instead of re-dispatching [3mtool[0m[2m=[0mshell_exec
-> ollama:qwen2.5:3b+plan:ollama:gemma4:e4b+lead:ollama:gemma4:e4b :: multi_step_read_count_write (rep 3/5)
-> ollama:qwen2.5:3b+plan:ollama:gemma4:e4b+lead:ollama:gemma4:e4b :: multi_step_read_count_write (rep 4/5)
-> ollama:qwen2.5:3b+plan:ollama:gemma4:e4b+lead:ollama:gemma4:e4b :: multi_step_read_count_write (rep 5/5)
-> ollama:qwen2.5:3b+plan:ollama:gemma4:e4b+lead:ollama:gemma4:e4b :: error_recovery_wrong_filename (rep 1/5)
-> ollama:qwen2.5:3b+plan:ollama:gemma4:e4b+lead:ollama:gemma4:e4b :: error_recovery_wrong_filename (rep 2/5)
-> ollama:qwen2.5:3b+plan:ollama:gemma4:e4b+lead:ollama:gemma4:e4b :: error_recovery_wrong_filename (rep 3/5)
-> ollama:qwen2.5:3b+plan:ollama:gemma4:e4b+lead:ollama:gemma4:e4b :: error_recovery_wrong_filename (rep 4/5)
-> ollama:qwen2.5:3b+plan:ollama:gemma4:e4b+lead:ollama:gemma4:e4b :: error_recovery_wrong_filename (rep 5/5)
-> ollama:qwen2.5:3b+plan:ollama:gemma4:e4b+lead:ollama:gemma4:e4b :: distractor_selection_among_files (rep 1/5)
-> ollama:qwen2.5:3b+plan:ollama:gemma4:e4b+lead:ollama:gemma4:e4b :: distractor_selection_among_files (rep 2/5)
-> ollama:qwen2.5:3b+plan:ollama:gemma4:e4b+lead:ollama:gemma4:e4b :: distractor_selection_among_files (rep 3/5)
-> ollama:qwen2.5:3b+plan:ollama:gemma4:e4b+lead:ollama:gemma4:e4b :: distractor_selection_among_files (rep 4/5)
-> ollama:qwen2.5:3b+plan:ollama:gemma4:e4b+lead:ollama:gemma4:e4b :: distractor_selection_among_files (rep 5/5)
-> ollama:qwen2.5:3b+plan:ollama:gemma4:e4b+lead:ollama:gemma4:e4b :: edit_file_function_body (rep 1/5)
-> ollama:qwen2.5:3b+plan:ollama:gemma4:e4b+lead:ollama:gemma4:e4b :: edit_file_function_body (rep 2/5)
-> ollama:qwen2.5:3b+plan:ollama:gemma4:e4b+lead:ollama:gemma4:e4b :: edit_file_function_body (rep 3/5)
-> ollama:qwen2.5:3b+plan:ollama:gemma4:e4b+lead:ollama:gemma4:e4b :: edit_file_function_body (rep 4/5)
-> ollama:qwen2.5:3b+plan:ollama:gemma4:e4b+lead:ollama:gemma4:e4b :: edit_file_function_body (rep 5/5)
-> ollama:qwen2.5:3b+plan:ollama:gemma4:e4b+lead:ollama:gemma4:e4b :: no_tool_capital_question (rep 1/5)
-> ollama:qwen2.5:3b+plan:ollama:gemma4:e4b+lead:ollama:gemma4:e4b :: no_tool_capital_question (rep 2/5)
-> ollama:qwen2.5:3b+plan:ollama:gemma4:e4b+lead:ollama:gemma4:e4b :: no_tool_capital_question (rep 3/5)
-> ollama:qwen2.5:3b+plan:ollama:gemma4:e4b+lead:ollama:gemma4:e4b :: no_tool_capital_question (rep 4/5)
-> ollama:qwen2.5:3b+plan:ollama:gemma4:e4b+lead:ollama:gemma4:e4b :: no_tool_capital_question (rep 5/5)
-> ollama:qwen2.5:3b+plan:ollama:gemma4:e4b+lead:ollama:gemma4:e4b :: no_tool_subtraction (rep 1/5)
-> ollama:qwen2.5:3b+plan:ollama:gemma4:e4b+lead:ollama:gemma4:e4b :: no_tool_subtraction (rep 2/5)
-> ollama:qwen2.5:3b+plan:ollama:gemma4:e4b+lead:ollama:gemma4:e4b :: no_tool_subtraction (rep 3/5)
-> ollama:qwen2.5:3b+plan:ollama:gemma4:e4b+lead:ollama:gemma4:e4b :: no_tool_subtraction (rep 4/5)
-> ollama:qwen2.5:3b+plan:ollama:gemma4:e4b+lead:ollama:gemma4:e4b :: no_tool_subtraction (rep 5/5)
-> ollama:qwen2.5:3b+plan:ollama:gemma4:e4b+lead:ollama:gemma4:e4b :: multi_step_sum_two_files (rep 1/5)
-> ollama:qwen2.5:3b+plan:ollama:gemma4:e4b+lead:ollama:gemma4:e4b :: multi_step_sum_two_files (rep 2/5)
[2m2026-07-10T21:47:40.573772Z[0m [33m WARN[0m [1mturn[0m[1m{[0m[3msession[0m[2m=[0mf9046498-6208-4efc-abfb-d1631965463a[1m}[0m[2m:[0m [2mbraze_engine::engine[0m[2m:[0m model repeated an identical tool call this turn; nudging instead of re-dispatching [3mtool[0m[2m=[0mshell_exec
-> ollama:qwen2.5:3b+plan:ollama:gemma4:e4b+lead:ollama:gemma4:e4b :: multi_step_sum_two_files (rep 3/5)
[2m2026-07-10T21:48:41.507506Z[0m [33m WARN[0m [1mturn[0m[1m{[0m[3msession[0m[2m=[0m268fd03f-4b11-4a3f-af2c-1fe1d6cc8cb5[1m}[0m[2m:[0m [2mbraze_engine::engine[0m[2m:[0m model repeated an identical tool call this turn; nudging instead of re-dispatching [3mtool[0m[2m=[0mshell_exec
-> ollama:qwen2.5:3b+plan:ollama:gemma4:e4b+lead:ollama:gemma4:e4b :: multi_step_sum_two_files (rep 4/5)
-> ollama:qwen2.5:3b+plan:ollama:gemma4:e4b+lead:ollama:gemma4:e4b :: multi_step_sum_two_files (rep 5/5)
-> ollama:qwen2.5:3b+plan:ollama:gemma4:e4b+lead:ollama:gemma4:e4b :: multi_step_multiply_and_write (rep 1/5)
[2m2026-07-10T21:50:33.001469Z[0m [33m WARN[0m [1mturn[0m[1m{[0m[3msession[0m[2m=[0m8dd88395-b363-46bc-a40c-b088645aac87[1m}[0m[2m:[0m [2mbraze_engine::engine[0m[2m:[0m model repeated an identical tool call this turn; nudging instead of re-dispatching [3mtool[0m[2m=[0mshell_exec
-> ollama:qwen2.5:3b+plan:ollama:gemma4:e4b+lead:ollama:gemma4:e4b :: multi_step_multiply_and_write (rep 2/5)
[2m2026-07-10T21:51:13.230665Z[0m [33m WARN[0m [1mturn[0m[1m{[0m[3msession[0m[2m=[0m0c08f1a5-80d1-4a74-87ea-331bfb117627[1m}[0m[2m:[0m [2mbraze_engine::engine[0m[2m:[0m model repeated an identical tool call this turn; nudging instead of re-dispatching [3mtool[0m[2m=[0mshell_exec
-> ollama:qwen2.5:3b+plan:ollama:gemma4:e4b+lead:ollama:gemma4:e4b :: multi_step_multiply_and_write (rep 3/5)
-> ollama:qwen2.5:3b+plan:ollama:gemma4:e4b+lead:ollama:gemma4:e4b :: multi_step_multiply_and_write (rep 4/5)
-> ollama:qwen2.5:3b+plan:ollama:gemma4:e4b+lead:ollama:gemma4:e4b :: multi_step_multiply_and_write (rep 5/5)
-> ollama:qwen2.5:3b+plan:ollama:gemma4:e4b+lead:ollama:gemma4:e4b :: error_recovery_wrong_config_extension (rep 1/5)
-> ollama:qwen2.5:3b+plan:ollama:gemma4:e4b+lead:ollama:gemma4:e4b :: error_recovery_wrong_config_extension (rep 2/5)
-> ollama:qwen2.5:3b+plan:ollama:gemma4:e4b+lead:ollama:gemma4:e4b :: error_recovery_wrong_config_extension (rep 3/5)
-> ollama:qwen2.5:3b+plan:ollama:gemma4:e4b+lead:ollama:gemma4:e4b :: error_recovery_wrong_config_extension (rep 4/5)
-> ollama:qwen2.5:3b+plan:ollama:gemma4:e4b+lead:ollama:gemma4:e4b :: error_recovery_wrong_config_extension (rep 5/5)
-> ollama:qwen2.5:3b+plan:ollama:gemma4:e4b+lead:ollama:gemma4:e4b :: error_recovery_edit_wrong_filename (rep 1/5)
-> ollama:qwen2.5:3b+plan:ollama:gemma4:e4b+lead:ollama:gemma4:e4b :: error_recovery_edit_wrong_filename (rep 2/5)
-> ollama:qwen2.5:3b+plan:ollama:gemma4:e4b+lead:ollama:gemma4:e4b :: error_recovery_edit_wrong_filename (rep 3/5)
-> ollama:qwen2.5:3b+plan:ollama:gemma4:e4b+lead:ollama:gemma4:e4b :: error_recovery_edit_wrong_filename (rep 4/5)
-> ollama:qwen2.5:3b+plan:ollama:gemma4:e4b+lead:ollama:gemma4:e4b :: error_recovery_edit_wrong_filename (rep 5/5)
-> ollama:qwen2.5:3b+plan:ollama:gemma4:e4b+lead:ollama:gemma4:e4b :: distractor_selection_log_with_error (rep 1/5)
-> ollama:qwen2.5:3b+plan:ollama:gemma4:e4b+lead:ollama:gemma4:e4b :: distractor_selection_log_with_error (rep 2/5)
-> ollama:qwen2.5:3b+plan:ollama:gemma4:e4b+lead:ollama:gemma4:e4b :: distractor_selection_log_with_error (rep 3/5)
-> ollama:qwen2.5:3b+plan:ollama:gemma4:e4b+lead:ollama:gemma4:e4b :: distractor_selection_log_with_error (rep 4/5)
-> ollama:qwen2.5:3b+plan:ollama:gemma4:e4b+lead:ollama:gemma4:e4b :: distractor_selection_log_with_error (rep 5/5)
-> ollama:qwen2.5:3b+plan:ollama:gemma4:e4b+lead:ollama:gemma4:e4b :: distractor_selection_debug_config (rep 1/5)
-> ollama:qwen2.5:3b+plan:ollama:gemma4:e4b+lead:ollama:gemma4:e4b :: distractor_selection_debug_config (rep 2/5)
-> ollama:qwen2.5:3b+plan:ollama:gemma4:e4b+lead:ollama:gemma4:e4b :: distractor_selection_debug_config (rep 3/5)
-> ollama:qwen2.5:3b+plan:ollama:gemma4:e4b+lead:ollama:gemma4:e4b :: distractor_selection_debug_config (rep 4/5)
-> ollama:qwen2.5:3b+plan:ollama:gemma4:e4b+lead:ollama:gemma4:e4b :: distractor_selection_debug_config (rep 5/5)
-> ollama:qwen2.5:7b :: read_file_basic (rep 1/5)
-> ollama:qwen2.5:7b :: read_file_basic (rep 2/5)
-> ollama:qwen2.5:7b :: read_file_basic (rep 3/5)
-> ollama:qwen2.5:7b :: read_file_basic (rep 4/5)
-> ollama:qwen2.5:7b :: read_file_basic (rep 5/5)
-> ollama:qwen2.5:7b :: grep_basic (rep 1/5)
-> ollama:qwen2.5:7b :: grep_basic (rep 2/5)
-> ollama:qwen2.5:7b :: grep_basic (rep 3/5)
-> ollama:qwen2.5:7b :: grep_basic (rep 4/5)
-> ollama:qwen2.5:7b :: grep_basic (rep 5/5)
-> ollama:qwen2.5:7b :: glob_basic (rep 1/5)
-> ollama:qwen2.5:7b :: glob_basic (rep 2/5)
-> ollama:qwen2.5:7b :: glob_basic (rep 3/5)
-> ollama:qwen2.5:7b :: glob_basic (rep 4/5)
-> ollama:qwen2.5:7b :: glob_basic (rep 5/5)
-> ollama:qwen2.5:7b :: write_file_basic (rep 1/5)
-> ollama:qwen2.5:7b :: write_file_basic (rep 2/5)
-> ollama:qwen2.5:7b :: write_file_basic (rep 3/5)
-> ollama:qwen2.5:7b :: write_file_basic (rep 4/5)
-> ollama:qwen2.5:7b :: write_file_basic (rep 5/5)
-> ollama:qwen2.5:7b :: edit_file_basic (rep 1/5)
-> ollama:qwen2.5:7b :: edit_file_basic (rep 2/5)
-> ollama:qwen2.5:7b :: edit_file_basic (rep 3/5)
-> ollama:qwen2.5:7b :: edit_file_basic (rep 4/5)
-> ollama:qwen2.5:7b :: edit_file_basic (rep 5/5)
-> ollama:qwen2.5:7b :: shell_exec_basic (rep 1/5)
-> ollama:qwen2.5:7b :: shell_exec_basic (rep 2/5)
-> ollama:qwen2.5:7b :: shell_exec_basic (rep 3/5)
-> ollama:qwen2.5:7b :: shell_exec_basic (rep 4/5)
-> ollama:qwen2.5:7b :: shell_exec_basic (rep 5/5)
-> ollama:qwen2.5:7b :: no_tool_qa (rep 1/5)
-> ollama:qwen2.5:7b :: no_tool_qa (rep 2/5)
-> ollama:qwen2.5:7b :: no_tool_qa (rep 3/5)
-> ollama:qwen2.5:7b :: no_tool_qa (rep 4/5)
-> ollama:qwen2.5:7b :: no_tool_qa (rep 5/5)
-> ollama:qwen2.5:7b :: multi_step_read_count_write (rep 1/5)
-> ollama:qwen2.5:7b :: multi_step_read_count_write (rep 2/5)
-> ollama:qwen2.5:7b :: multi_step_read_count_write (rep 3/5)
-> ollama:qwen2.5:7b :: multi_step_read_count_write (rep 4/5)
-> ollama:qwen2.5:7b :: multi_step_read_count_write (rep 5/5)
-> ollama:qwen2.5:7b :: error_recovery_wrong_filename (rep 1/5)
-> ollama:qwen2.5:7b :: error_recovery_wrong_filename (rep 2/5)
-> ollama:qwen2.5:7b :: error_recovery_wrong_filename (rep 3/5)
-> ollama:qwen2.5:7b :: error_recovery_wrong_filename (rep 4/5)
-> ollama:qwen2.5:7b :: error_recovery_wrong_filename (rep 5/5)
-> ollama:qwen2.5:7b :: distractor_selection_among_files (rep 1/5)
-> ollama:qwen2.5:7b :: distractor_selection_among_files (rep 2/5)
-> ollama:qwen2.5:7b :: distractor_selection_among_files (rep 3/5)
-> ollama:qwen2.5:7b :: distractor_selection_among_files (rep 4/5)
-> ollama:qwen2.5:7b :: distractor_selection_among_files (rep 5/5)
-> ollama:qwen2.5:7b :: edit_file_function_body (rep 1/5)
-> ollama:qwen2.5:7b :: edit_file_function_body (rep 2/5)
-> ollama:qwen2.5:7b :: edit_file_function_body (rep 3/5)
-> ollama:qwen2.5:7b :: edit_file_function_body (rep 4/5)
-> ollama:qwen2.5:7b :: edit_file_function_body (rep 5/5)
-> ollama:qwen2.5:7b :: no_tool_capital_question (rep 1/5)
-> ollama:qwen2.5:7b :: no_tool_capital_question (rep 2/5)
-> ollama:qwen2.5:7b :: no_tool_capital_question (rep 3/5)
-> ollama:qwen2.5:7b :: no_tool_capital_question (rep 4/5)
-> ollama:qwen2.5:7b :: no_tool_capital_question (rep 5/5)
-> ollama:qwen2.5:7b :: no_tool_subtraction (rep 1/5)
-> ollama:qwen2.5:7b :: no_tool_subtraction (rep 2/5)
-> ollama:qwen2.5:7b :: no_tool_subtraction (rep 3/5)
-> ollama:qwen2.5:7b :: no_tool_subtraction (rep 4/5)
-> ollama:qwen2.5:7b :: no_tool_subtraction (rep 5/5)
-> ollama:qwen2.5:7b :: multi_step_sum_two_files (rep 1/5)
-> ollama:qwen2.5:7b :: multi_step_sum_two_files (rep 2/5)
-> ollama:qwen2.5:7b :: multi_step_sum_two_files (rep 3/5)
-> ollama:qwen2.5:7b :: multi_step_sum_two_files (rep 4/5)
-> ollama:qwen2.5:7b :: multi_step_sum_two_files (rep 5/5)
-> ollama:qwen2.5:7b :: multi_step_multiply_and_write (rep 1/5)
-> ollama:qwen2.5:7b :: multi_step_multiply_and_write (rep 2/5)
-> ollama:qwen2.5:7b :: multi_step_multiply_and_write (rep 3/5)
-> ollama:qwen2.5:7b :: multi_step_multiply_and_write (rep 4/5)
-> ollama:qwen2.5:7b :: multi_step_multiply_and_write (rep 5/5)
-> ollama:qwen2.5:7b :: error_recovery_wrong_config_extension (rep 1/5)
-> ollama:qwen2.5:7b :: error_recovery_wrong_config_extension (rep 2/5)
-> ollama:qwen2.5:7b :: error_recovery_wrong_config_extension (rep 3/5)
-> ollama:qwen2.5:7b :: error_recovery_wrong_config_extension (rep 4/5)
-> ollama:qwen2.5:7b :: error_recovery_wrong_config_extension (rep 5/5)
-> ollama:qwen2.5:7b :: error_recovery_edit_wrong_filename (rep 1/5)
-> ollama:qwen2.5:7b :: error_recovery_edit_wrong_filename (rep 2/5)
-> ollama:qwen2.5:7b :: error_recovery_edit_wrong_filename (rep 3/5)
-> ollama:qwen2.5:7b :: error_recovery_edit_wrong_filename (rep 4/5)
-> ollama:qwen2.5:7b :: error_recovery_edit_wrong_filename (rep 5/5)
-> ollama:qwen2.5:7b :: distractor_selection_log_with_error (rep 1/5)
-> ollama:qwen2.5:7b :: distractor_selection_log_with_error (rep 2/5)
-> ollama:qwen2.5:7b :: distractor_selection_log_with_error (rep 3/5)
-> ollama:qwen2.5:7b :: distractor_selection_log_with_error (rep 4/5)
-> ollama:qwen2.5:7b :: distractor_selection_log_with_error (rep 5/5)
-> ollama:qwen2.5:7b :: distractor_selection_debug_config (rep 1/5)
-> ollama:qwen2.5:7b :: distractor_selection_debug_config (rep 2/5)
-> ollama:qwen2.5:7b :: distractor_selection_debug_config (rep 3/5)
-> ollama:qwen2.5:7b :: distractor_selection_debug_config (rep 4/5)
-> ollama:qwen2.5:7b :: distractor_selection_debug_config (rep 5/5)
-> ollama:qwen2.5:7b+plan:ollama:gemma4:e4b :: read_file_basic (rep 1/5)
-> ollama:qwen2.5:7b+plan:ollama:gemma4:e4b :: read_file_basic (rep 2/5)
-> ollama:qwen2.5:7b+plan:ollama:gemma4:e4b :: read_file_basic (rep 3/5)
-> ollama:qwen2.5:7b+plan:ollama:gemma4:e4b :: read_file_basic (rep 4/5)
-> ollama:qwen2.5:7b+plan:ollama:gemma4:e4b :: read_file_basic (rep 5/5)
-> ollama:qwen2.5:7b+plan:ollama:gemma4:e4b :: grep_basic (rep 1/5)
-> ollama:qwen2.5:7b+plan:ollama:gemma4:e4b :: grep_basic (rep 2/5)
-> ollama:qwen2.5:7b+plan:ollama:gemma4:e4b :: grep_basic (rep 3/5)
-> ollama:qwen2.5:7b+plan:ollama:gemma4:e4b :: grep_basic (rep 4/5)
-> ollama:qwen2.5:7b+plan:ollama:gemma4:e4b :: grep_basic (rep 5/5)
-> ollama:qwen2.5:7b+plan:ollama:gemma4:e4b :: glob_basic (rep 1/5)
-> ollama:qwen2.5:7b+plan:ollama:gemma4:e4b :: glob_basic (rep 2/5)
-> ollama:qwen2.5:7b+plan:ollama:gemma4:e4b :: glob_basic (rep 3/5)
-> ollama:qwen2.5:7b+plan:ollama:gemma4:e4b :: glob_basic (rep 4/5)
-> ollama:qwen2.5:7b+plan:ollama:gemma4:e4b :: glob_basic (rep 5/5)
-> ollama:qwen2.5:7b+plan:ollama:gemma4:e4b :: write_file_basic (rep 1/5)
-> ollama:qwen2.5:7b+plan:ollama:gemma4:e4b :: write_file_basic (rep 2/5)
-> ollama:qwen2.5:7b+plan:ollama:gemma4:e4b :: write_file_basic (rep 3/5)
-> ollama:qwen2.5:7b+plan:ollama:gemma4:e4b :: write_file_basic (rep 4/5)
-> ollama:qwen2.5:7b+plan:ollama:gemma4:e4b :: write_file_basic (rep 5/5)
-> ollama:qwen2.5:7b+plan:ollama:gemma4:e4b :: edit_file_basic (rep 1/5)
-> ollama:qwen2.5:7b+plan:ollama:gemma4:e4b :: edit_file_basic (rep 2/5)
-> ollama:qwen2.5:7b+plan:ollama:gemma4:e4b :: edit_file_basic (rep 3/5)
-> ollama:qwen2.5:7b+plan:ollama:gemma4:e4b :: edit_file_basic (rep 4/5)
-> ollama:qwen2.5:7b+plan:ollama:gemma4:e4b :: edit_file_basic (rep 5/5)
-> ollama:qwen2.5:7b+plan:ollama:gemma4:e4b :: shell_exec_basic (rep 1/5)
-> ollama:qwen2.5:7b+plan:ollama:gemma4:e4b :: shell_exec_basic (rep 2/5)
-> ollama:qwen2.5:7b+plan:ollama:gemma4:e4b :: shell_exec_basic (rep 3/5)
-> ollama:qwen2.5:7b+plan:ollama:gemma4:e4b :: shell_exec_basic (rep 4/5)
-> ollama:qwen2.5:7b+plan:ollama:gemma4:e4b :: shell_exec_basic (rep 5/5)
-> ollama:qwen2.5:7b+plan:ollama:gemma4:e4b :: no_tool_qa (rep 1/5)
-> ollama:qwen2.5:7b+plan:ollama:gemma4:e4b :: no_tool_qa (rep 2/5)
-> ollama:qwen2.5:7b+plan:ollama:gemma4:e4b :: no_tool_qa (rep 3/5)
-> ollama:qwen2.5:7b+plan:ollama:gemma4:e4b :: no_tool_qa (rep 4/5)
-> ollama:qwen2.5:7b+plan:ollama:gemma4:e4b :: no_tool_qa (rep 5/5)
-> ollama:qwen2.5:7b+plan:ollama:gemma4:e4b :: multi_step_read_count_write (rep 1/5)
-> ollama:qwen2.5:7b+plan:ollama:gemma4:e4b :: multi_step_read_count_write (rep 2/5)
-> ollama:qwen2.5:7b+plan:ollama:gemma4:e4b :: multi_step_read_count_write (rep 3/5)
-> ollama:qwen2.5:7b+plan:ollama:gemma4:e4b :: multi_step_read_count_write (rep 4/5)
-> ollama:qwen2.5:7b+plan:ollama:gemma4:e4b :: multi_step_read_count_write (rep 5/5)
-> ollama:qwen2.5:7b+plan:ollama:gemma4:e4b :: error_recovery_wrong_filename (rep 1/5)
-> ollama:qwen2.5:7b+plan:ollama:gemma4:e4b :: error_recovery_wrong_filename (rep 2/5)
-> ollama:qwen2.5:7b+plan:ollama:gemma4:e4b :: error_recovery_wrong_filename (rep 3/5)
-> ollama:qwen2.5:7b+plan:ollama:gemma4:e4b :: error_recovery_wrong_filename (rep 4/5)
-> ollama:qwen2.5:7b+plan:ollama:gemma4:e4b :: error_recovery_wrong_filename (rep 5/5)
-> ollama:qwen2.5:7b+plan:ollama:gemma4:e4b :: distractor_selection_among_files (rep 1/5)
-> ollama:qwen2.5:7b+plan:ollama:gemma4:e4b :: distractor_selection_among_files (rep 2/5)
-> ollama:qwen2.5:7b+plan:ollama:gemma4:e4b :: distractor_selection_among_files (rep 3/5)
-> ollama:qwen2.5:7b+plan:ollama:gemma4:e4b :: distractor_selection_among_files (rep 4/5)
-> ollama:qwen2.5:7b+plan:ollama:gemma4:e4b :: distractor_selection_among_files (rep 5/5)
-> ollama:qwen2.5:7b+plan:ollama:gemma4:e4b :: edit_file_function_body (rep 1/5)
-> ollama:qwen2.5:7b+plan:ollama:gemma4:e4b :: edit_file_function_body (rep 2/5)
-> ollama:qwen2.5:7b+plan:ollama:gemma4:e4b :: edit_file_function_body (rep 3/5)
-> ollama:qwen2.5:7b+plan:ollama:gemma4:e4b :: edit_file_function_body (rep 4/5)
-> ollama:qwen2.5:7b+plan:ollama:gemma4:e4b :: edit_file_function_body (rep 5/5)
-> ollama:qwen2.5:7b+plan:ollama:gemma4:e4b :: no_tool_capital_question (rep 1/5)
-> ollama:qwen2.5:7b+plan:ollama:gemma4:e4b :: no_tool_capital_question (rep 2/5)
-> ollama:qwen2.5:7b+plan:ollama:gemma4:e4b :: no_tool_capital_question (rep 3/5)
-> ollama:qwen2.5:7b+plan:ollama:gemma4:e4b :: no_tool_capital_question (rep 4/5)
-> ollama:qwen2.5:7b+plan:ollama:gemma4:e4b :: no_tool_capital_question (rep 5/5)
-> ollama:qwen2.5:7b+plan:ollama:gemma4:e4b :: no_tool_subtraction (rep 1/5)
-> ollama:qwen2.5:7b+plan:ollama:gemma4:e4b :: no_tool_subtraction (rep 2/5)
-> ollama:qwen2.5:7b+plan:ollama:gemma4:e4b :: no_tool_subtraction (rep 3/5)
-> ollama:qwen2.5:7b+plan:ollama:gemma4:e4b :: no_tool_subtraction (rep 4/5)
-> ollama:qwen2.5:7b+plan:ollama:gemma4:e4b :: no_tool_subtraction (rep 5/5)
-> ollama:qwen2.5:7b+plan:ollama:gemma4:e4b :: multi_step_sum_two_files (rep 1/5)
-> ollama:qwen2.5:7b+plan:ollama:gemma4:e4b :: multi_step_sum_two_files (rep 2/5)
-> ollama:qwen2.5:7b+plan:ollama:gemma4:e4b :: multi_step_sum_two_files (rep 3/5)
-> ollama:qwen2.5:7b+plan:ollama:gemma4:e4b :: multi_step_sum_two_files (rep 4/5)
-> ollama:qwen2.5:7b+plan:ollama:gemma4:e4b :: multi_step_sum_two_files (rep 5/5)
-> ollama:qwen2.5:7b+plan:ollama:gemma4:e4b :: multi_step_multiply_and_write (rep 1/5)
-> ollama:qwen2.5:7b+plan:ollama:gemma4:e4b :: multi_step_multiply_and_write (rep 2/5)
-> ollama:qwen2.5:7b+plan:ollama:gemma4:e4b :: multi_step_multiply_and_write (rep 3/5)
-> ollama:qwen2.5:7b+plan:ollama:gemma4:e4b :: multi_step_multiply_and_write (rep 4/5)
-> ollama:qwen2.5:7b+plan:ollama:gemma4:e4b :: multi_step_multiply_and_write (rep 5/5)
-> ollama:qwen2.5:7b+plan:ollama:gemma4:e4b :: error_recovery_wrong_config_extension (rep 1/5)
-> ollama:qwen2.5:7b+plan:ollama:gemma4:e4b :: error_recovery_wrong_config_extension (rep 2/5)
-> ollama:qwen2.5:7b+plan:ollama:gemma4:e4b :: error_recovery_wrong_config_extension (rep 3/5)
-> ollama:qwen2.5:7b+plan:ollama:gemma4:e4b :: error_recovery_wrong_config_extension (rep 4/5)
-> ollama:qwen2.5:7b+plan:ollama:gemma4:e4b :: error_recovery_wrong_config_extension (rep 5/5)
-> ollama:qwen2.5:7b+plan:ollama:gemma4:e4b :: error_recovery_edit_wrong_filename (rep 1/5)
-> ollama:qwen2.5:7b+plan:ollama:gemma4:e4b :: error_recovery_edit_wrong_filename (rep 2/5)
-> ollama:qwen2.5:7b+plan:ollama:gemma4:e4b :: error_recovery_edit_wrong_filename (rep 3/5)
-> ollama:qwen2.5:7b+plan:ollama:gemma4:e4b :: error_recovery_edit_wrong_filename (rep 4/5)
-> ollama:qwen2.5:7b+plan:ollama:gemma4:e4b :: error_recovery_edit_wrong_filename (rep 5/5)
-> ollama:qwen2.5:7b+plan:ollama:gemma4:e4b :: distractor_selection_log_with_error (rep 1/5)
-> ollama:qwen2.5:7b+plan:ollama:gemma4:e4b :: distractor_selection_log_with_error (rep 2/5)
-> ollama:qwen2.5:7b+plan:ollama:gemma4:e4b :: distractor_selection_log_with_error (rep 3/5)
-> ollama:qwen2.5:7b+plan:ollama:gemma4:e4b :: distractor_selection_log_with_error (rep 4/5)
-> ollama:qwen2.5:7b+plan:ollama:gemma4:e4b :: distractor_selection_log_with_error (rep 5/5)
-> ollama:qwen2.5:7b+plan:ollama:gemma4:e4b :: distractor_selection_debug_config (rep 1/5)
-> ollama:qwen2.5:7b+plan:ollama:gemma4:e4b :: distractor_selection_debug_config (rep 2/5)
-> ollama:qwen2.5:7b+plan:ollama:gemma4:e4b :: distractor_selection_debug_config (rep 3/5)
-> ollama:qwen2.5:7b+plan:ollama:gemma4:e4b :: distractor_selection_debug_config (rep 4/5)
-> ollama:qwen2.5:7b+plan:ollama:gemma4:e4b :: distractor_selection_debug_config (rep 5/5)
-> ollama:qwen2.5:7b+lead:ollama:gemma4:e4b :: read_file_basic (rep 1/5)
-> ollama:qwen2.5:7b+lead:ollama:gemma4:e4b :: read_file_basic (rep 2/5)
-> ollama:qwen2.5:7b+lead:ollama:gemma4:e4b :: read_file_basic (rep 3/5)
-> ollama:qwen2.5:7b+lead:ollama:gemma4:e4b :: read_file_basic (rep 4/5)
-> ollama:qwen2.5:7b+lead:ollama:gemma4:e4b :: read_file_basic (rep 5/5)
-> ollama:qwen2.5:7b+lead:ollama:gemma4:e4b :: grep_basic (rep 1/5)
-> ollama:qwen2.5:7b+lead:ollama:gemma4:e4b :: grep_basic (rep 2/5)
-> ollama:qwen2.5:7b+lead:ollama:gemma4:e4b :: grep_basic (rep 3/5)
-> ollama:qwen2.5:7b+lead:ollama:gemma4:e4b :: grep_basic (rep 4/5)
-> ollama:qwen2.5:7b+lead:ollama:gemma4:e4b :: grep_basic (rep 5/5)
-> ollama:qwen2.5:7b+lead:ollama:gemma4:e4b :: glob_basic (rep 1/5)
-> ollama:qwen2.5:7b+lead:ollama:gemma4:e4b :: glob_basic (rep 2/5)
-> ollama:qwen2.5:7b+lead:ollama:gemma4:e4b :: glob_basic (rep 3/5)
-> ollama:qwen2.5:7b+lead:ollama:gemma4:e4b :: glob_basic (rep 4/5)
-> ollama:qwen2.5:7b+lead:ollama:gemma4:e4b :: glob_basic (rep 5/5)
-> ollama:qwen2.5:7b+lead:ollama:gemma4:e4b :: write_file_basic (rep 1/5)
-> ollama:qwen2.5:7b+lead:ollama:gemma4:e4b :: write_file_basic (rep 2/5)
-> ollama:qwen2.5:7b+lead:ollama:gemma4:e4b :: write_file_basic (rep 3/5)
-> ollama:qwen2.5:7b+lead:ollama:gemma4:e4b :: write_file_basic (rep 4/5)
-> ollama:qwen2.5:7b+lead:ollama:gemma4:e4b :: write_file_basic (rep 5/5)
-> ollama:qwen2.5:7b+lead:ollama:gemma4:e4b :: edit_file_basic (rep 1/5)
-> ollama:qwen2.5:7b+lead:ollama:gemma4:e4b :: edit_file_basic (rep 2/5)
-> ollama:qwen2.5:7b+lead:ollama:gemma4:e4b :: edit_file_basic (rep 3/5)
-> ollama:qwen2.5:7b+lead:ollama:gemma4:e4b :: edit_file_basic (rep 4/5)
-> ollama:qwen2.5:7b+lead:ollama:gemma4:e4b :: edit_file_basic (rep 5/5)
-> ollama:qwen2.5:7b+lead:ollama:gemma4:e4b :: shell_exec_basic (rep 1/5)
-> ollama:qwen2.5:7b+lead:ollama:gemma4:e4b :: shell_exec_basic (rep 2/5)
-> ollama:qwen2.5:7b+lead:ollama:gemma4:e4b :: shell_exec_basic (rep 3/5)
-> ollama:qwen2.5:7b+lead:ollama:gemma4:e4b :: shell_exec_basic (rep 4/5)
-> ollama:qwen2.5:7b+lead:ollama:gemma4:e4b :: shell_exec_basic (rep 5/5)
-> ollama:qwen2.5:7b+lead:ollama:gemma4:e4b :: no_tool_qa (rep 1/5)
-> ollama:qwen2.5:7b+lead:ollama:gemma4:e4b :: no_tool_qa (rep 2/5)
-> ollama:qwen2.5:7b+lead:ollama:gemma4:e4b :: no_tool_qa (rep 3/5)
-> ollama:qwen2.5:7b+lead:ollama:gemma4:e4b :: no_tool_qa (rep 4/5)
-> ollama:qwen2.5:7b+lead:ollama:gemma4:e4b :: no_tool_qa (rep 5/5)
-> ollama:qwen2.5:7b+lead:ollama:gemma4:e4b :: multi_step_read_count_write (rep 1/5)
-> ollama:qwen2.5:7b+lead:ollama:gemma4:e4b :: multi_step_read_count_write (rep 2/5)
-> ollama:qwen2.5:7b+lead:ollama:gemma4:e4b :: multi_step_read_count_write (rep 3/5)
-> ollama:qwen2.5:7b+lead:ollama:gemma4:e4b :: multi_step_read_count_write (rep 4/5)
-> ollama:qwen2.5:7b+lead:ollama:gemma4:e4b :: multi_step_read_count_write (rep 5/5)
-> ollama:qwen2.5:7b+lead:ollama:gemma4:e4b :: error_recovery_wrong_filename (rep 1/5)
-> ollama:qwen2.5:7b+lead:ollama:gemma4:e4b :: error_recovery_wrong_filename (rep 2/5)
-> ollama:qwen2.5:7b+lead:ollama:gemma4:e4b :: error_recovery_wrong_filename (rep 3/5)
-> ollama:qwen2.5:7b+lead:ollama:gemma4:e4b :: error_recovery_wrong_filename (rep 4/5)
-> ollama:qwen2.5:7b+lead:ollama:gemma4:e4b :: error_recovery_wrong_filename (rep 5/5)
-> ollama:qwen2.5:7b+lead:ollama:gemma4:e4b :: distractor_selection_among_files (rep 1/5)
-> ollama:qwen2.5:7b+lead:ollama:gemma4:e4b :: distractor_selection_among_files (rep 2/5)
-> ollama:qwen2.5:7b+lead:ollama:gemma4:e4b :: distractor_selection_among_files (rep 3/5)
[2m2026-07-10T23:02:16.608074Z[0m [33m WARN[0m [1mturn[0m[1m{[0m[3msession[0m[2m=[0m030d0d16-c4de-4770-9915-4fe2b125f033[1m}[0m[2m:[0m [2mbraze_engine::engine[0m[2m:[0m model repeated an identical tool call this turn; nudging instead of re-dispatching [3mtool[0m[2m=[0mgrep
-> ollama:qwen2.5:7b+lead:ollama:gemma4:e4b :: distractor_selection_among_files (rep 4/5)
-> ollama:qwen2.5:7b+lead:ollama:gemma4:e4b :: distractor_selection_among_files (rep 5/5)
-> ollama:qwen2.5:7b+lead:ollama:gemma4:e4b :: edit_file_function_body (rep 1/5)
-> ollama:qwen2.5:7b+lead:ollama:gemma4:e4b :: edit_file_function_body (rep 2/5)
-> ollama:qwen2.5:7b+lead:ollama:gemma4:e4b :: edit_file_function_body (rep 3/5)
-> ollama:qwen2.5:7b+lead:ollama:gemma4:e4b :: edit_file_function_body (rep 4/5)
-> ollama:qwen2.5:7b+lead:ollama:gemma4:e4b :: edit_file_function_body (rep 5/5)
-> ollama:qwen2.5:7b+lead:ollama:gemma4:e4b :: no_tool_capital_question (rep 1/5)
-> ollama:qwen2.5:7b+lead:ollama:gemma4:e4b :: no_tool_capital_question (rep 2/5)
-> ollama:qwen2.5:7b+lead:ollama:gemma4:e4b :: no_tool_capital_question (rep 3/5)
-> ollama:qwen2.5:7b+lead:ollama:gemma4:e4b :: no_tool_capital_question (rep 4/5)
-> ollama:qwen2.5:7b+lead:ollama:gemma4:e4b :: no_tool_capital_question (rep 5/5)
-> ollama:qwen2.5:7b+lead:ollama:gemma4:e4b :: no_tool_subtraction (rep 1/5)
-> ollama:qwen2.5:7b+lead:ollama:gemma4:e4b :: no_tool_subtraction (rep 2/5)
-> ollama:qwen2.5:7b+lead:ollama:gemma4:e4b :: no_tool_subtraction (rep 3/5)
-> ollama:qwen2.5:7b+lead:ollama:gemma4:e4b :: no_tool_subtraction (rep 4/5)
-> ollama:qwen2.5:7b+lead:ollama:gemma4:e4b :: no_tool_subtraction (rep 5/5)
-> ollama:qwen2.5:7b+lead:ollama:gemma4:e4b :: multi_step_sum_two_files (rep 1/5)
-> ollama:qwen2.5:7b+lead:ollama:gemma4:e4b :: multi_step_sum_two_files (rep 2/5)
-> ollama:qwen2.5:7b+lead:ollama:gemma4:e4b :: multi_step_sum_two_files (rep 3/5)
-> ollama:qwen2.5:7b+lead:ollama:gemma4:e4b :: multi_step_sum_two_files (rep 4/5)
-> ollama:qwen2.5:7b+lead:ollama:gemma4:e4b :: multi_step_sum_two_files (rep 5/5)
-> ollama:qwen2.5:7b+lead:ollama:gemma4:e4b :: multi_step_multiply_and_write (rep 1/5)
-> ollama:qwen2.5:7b+lead:ollama:gemma4:e4b :: multi_step_multiply_and_write (rep 2/5)
-> ollama:qwen2.5:7b+lead:ollama:gemma4:e4b :: multi_step_multiply_and_write (rep 3/5)
-> ollama:qwen2.5:7b+lead:ollama:gemma4:e4b :: multi_step_multiply_and_write (rep 4/5)
-> ollama:qwen2.5:7b+lead:ollama:gemma4:e4b :: multi_step_multiply_and_write (rep 5/5)
-> ollama:qwen2.5:7b+lead:ollama:gemma4:e4b :: error_recovery_wrong_config_extension (rep 1/5)
-> ollama:qwen2.5:7b+lead:ollama:gemma4:e4b :: error_recovery_wrong_config_extension (rep 2/5)
-> ollama:qwen2.5:7b+lead:ollama:gemma4:e4b :: error_recovery_wrong_config_extension (rep 3/5)
-> ollama:qwen2.5:7b+lead:ollama:gemma4:e4b :: error_recovery_wrong_config_extension (rep 4/5)
-> ollama:qwen2.5:7b+lead:ollama:gemma4:e4b :: error_recovery_wrong_config_extension (rep 5/5)
-> ollama:qwen2.5:7b+lead:ollama:gemma4:e4b :: error_recovery_edit_wrong_filename (rep 1/5)
-> ollama:qwen2.5:7b+lead:ollama:gemma4:e4b :: error_recovery_edit_wrong_filename (rep 2/5)
-> ollama:qwen2.5:7b+lead:ollama:gemma4:e4b :: error_recovery_edit_wrong_filename (rep 3/5)
-> ollama:qwen2.5:7b+lead:ollama:gemma4:e4b :: error_recovery_edit_wrong_filename (rep 4/5)
-> ollama:qwen2.5:7b+lead:ollama:gemma4:e4b :: error_recovery_edit_wrong_filename (rep 5/5)
-> ollama:qwen2.5:7b+lead:ollama:gemma4:e4b :: distractor_selection_log_with_error (rep 1/5)
-> ollama:qwen2.5:7b+lead:ollama:gemma4:e4b :: distractor_selection_log_with_error (rep 2/5)
-> ollama:qwen2.5:7b+lead:ollama:gemma4:e4b :: distractor_selection_log_with_error (rep 3/5)
-> ollama:qwen2.5:7b+lead:ollama:gemma4:e4b :: distractor_selection_log_with_error (rep 4/5)
-> ollama:qwen2.5:7b+lead:ollama:gemma4:e4b :: distractor_selection_log_with_error (rep 5/5)
-> ollama:qwen2.5:7b+lead:ollama:gemma4:e4b :: distractor_selection_debug_config (rep 1/5)
-> ollama:qwen2.5:7b+lead:ollama:gemma4:e4b :: distractor_selection_debug_config (rep 2/5)
-> ollama:qwen2.5:7b+lead:ollama:gemma4:e4b :: distractor_selection_debug_config (rep 3/5)
-> ollama:qwen2.5:7b+lead:ollama:gemma4:e4b :: distractor_selection_debug_config (rep 4/5)
-> ollama:qwen2.5:7b+lead:ollama:gemma4:e4b :: distractor_selection_debug_config (rep 5/5)
-> ollama:qwen2.5:7b+plan:ollama:gemma4:e4b+lead:ollama:gemma4:e4b :: read_file_basic (rep 1/5)
-> ollama:qwen2.5:7b+plan:ollama:gemma4:e4b+lead:ollama:gemma4:e4b :: read_file_basic (rep 2/5)
-> ollama:qwen2.5:7b+plan:ollama:gemma4:e4b+lead:ollama:gemma4:e4b :: read_file_basic (rep 3/5)
-> ollama:qwen2.5:7b+plan:ollama:gemma4:e4b+lead:ollama:gemma4:e4b :: read_file_basic (rep 4/5)
-> ollama:qwen2.5:7b+plan:ollama:gemma4:e4b+lead:ollama:gemma4:e4b :: read_file_basic (rep 5/5)
-> ollama:qwen2.5:7b+plan:ollama:gemma4:e4b+lead:ollama:gemma4:e4b :: grep_basic (rep 1/5)
-> ollama:qwen2.5:7b+plan:ollama:gemma4:e4b+lead:ollama:gemma4:e4b :: grep_basic (rep 2/5)
-> ollama:qwen2.5:7b+plan:ollama:gemma4:e4b+lead:ollama:gemma4:e4b :: grep_basic (rep 3/5)
-> ollama:qwen2.5:7b+plan:ollama:gemma4:e4b+lead:ollama:gemma4:e4b :: grep_basic (rep 4/5)
-> ollama:qwen2.5:7b+plan:ollama:gemma4:e4b+lead:ollama:gemma4:e4b :: grep_basic (rep 5/5)
-> ollama:qwen2.5:7b+plan:ollama:gemma4:e4b+lead:ollama:gemma4:e4b :: glob_basic (rep 1/5)
-> ollama:qwen2.5:7b+plan:ollama:gemma4:e4b+lead:ollama:gemma4:e4b :: glob_basic (rep 2/5)
-> ollama:qwen2.5:7b+plan:ollama:gemma4:e4b+lead:ollama:gemma4:e4b :: glob_basic (rep 3/5)
-> ollama:qwen2.5:7b+plan:ollama:gemma4:e4b+lead:ollama:gemma4:e4b :: glob_basic (rep 4/5)
-> ollama:qwen2.5:7b+plan:ollama:gemma4:e4b+lead:ollama:gemma4:e4b :: glob_basic (rep 5/5)
-> ollama:qwen2.5:7b+plan:ollama:gemma4:e4b+lead:ollama:gemma4:e4b :: write_file_basic (rep 1/5)
-> ollama:qwen2.5:7b+plan:ollama:gemma4:e4b+lead:ollama:gemma4:e4b :: write_file_basic (rep 2/5)
-> ollama:qwen2.5:7b+plan:ollama:gemma4:e4b+lead:ollama:gemma4:e4b :: write_file_basic (rep 3/5)
-> ollama:qwen2.5:7b+plan:ollama:gemma4:e4b+lead:ollama:gemma4:e4b :: write_file_basic (rep 4/5)
-> ollama:qwen2.5:7b+plan:ollama:gemma4:e4b+lead:ollama:gemma4:e4b :: write_file_basic (rep 5/5)
-> ollama:qwen2.5:7b+plan:ollama:gemma4:e4b+lead:ollama:gemma4:e4b :: edit_file_basic (rep 1/5)
-> ollama:qwen2.5:7b+plan:ollama:gemma4:e4b+lead:ollama:gemma4:e4b :: edit_file_basic (rep 2/5)
-> ollama:qwen2.5:7b+plan:ollama:gemma4:e4b+lead:ollama:gemma4:e4b :: edit_file_basic (rep 3/5)
-> ollama:qwen2.5:7b+plan:ollama:gemma4:e4b+lead:ollama:gemma4:e4b :: edit_file_basic (rep 4/5)
-> ollama:qwen2.5:7b+plan:ollama:gemma4:e4b+lead:ollama:gemma4:e4b :: edit_file_basic (rep 5/5)
-> ollama:qwen2.5:7b+plan:ollama:gemma4:e4b+lead:ollama:gemma4:e4b :: shell_exec_basic (rep 1/5)
-> ollama:qwen2.5:7b+plan:ollama:gemma4:e4b+lead:ollama:gemma4:e4b :: shell_exec_basic (rep 2/5)
-> ollama:qwen2.5:7b+plan:ollama:gemma4:e4b+lead:ollama:gemma4:e4b :: shell_exec_basic (rep 3/5)
-> ollama:qwen2.5:7b+plan:ollama:gemma4:e4b+lead:ollama:gemma4:e4b :: shell_exec_basic (rep 4/5)
-> ollama:qwen2.5:7b+plan:ollama:gemma4:e4b+lead:ollama:gemma4:e4b :: shell_exec_basic (rep 5/5)
-> ollama:qwen2.5:7b+plan:ollama:gemma4:e4b+lead:ollama:gemma4:e4b :: no_tool_qa (rep 1/5)
-> ollama:qwen2.5:7b+plan:ollama:gemma4:e4b+lead:ollama:gemma4:e4b :: no_tool_qa (rep 2/5)
-> ollama:qwen2.5:7b+plan:ollama:gemma4:e4b+lead:ollama:gemma4:e4b :: no_tool_qa (rep 3/5)
-> ollama:qwen2.5:7b+plan:ollama:gemma4:e4b+lead:ollama:gemma4:e4b :: no_tool_qa (rep 4/5)
-> ollama:qwen2.5:7b+plan:ollama:gemma4:e4b+lead:ollama:gemma4:e4b :: no_tool_qa (rep 5/5)
-> ollama:qwen2.5:7b+plan:ollama:gemma4:e4b+lead:ollama:gemma4:e4b :: multi_step_read_count_write (rep 1/5)
-> ollama:qwen2.5:7b+plan:ollama:gemma4:e4b+lead:ollama:gemma4:e4b :: multi_step_read_count_write (rep 2/5)
-> ollama:qwen2.5:7b+plan:ollama:gemma4:e4b+lead:ollama:gemma4:e4b :: multi_step_read_count_write (rep 3/5)
-> ollama:qwen2.5:7b+plan:ollama:gemma4:e4b+lead:ollama:gemma4:e4b :: multi_step_read_count_write (rep 4/5)
-> ollama:qwen2.5:7b+plan:ollama:gemma4:e4b+lead:ollama:gemma4:e4b :: multi_step_read_count_write (rep 5/5)
-> ollama:qwen2.5:7b+plan:ollama:gemma4:e4b+lead:ollama:gemma4:e4b :: error_recovery_wrong_filename (rep 1/5)
-> ollama:qwen2.5:7b+plan:ollama:gemma4:e4b+lead:ollama:gemma4:e4b :: error_recovery_wrong_filename (rep 2/5)
-> ollama:qwen2.5:7b+plan:ollama:gemma4:e4b+lead:ollama:gemma4:e4b :: error_recovery_wrong_filename (rep 3/5)
-> ollama:qwen2.5:7b+plan:ollama:gemma4:e4b+lead:ollama:gemma4:e4b :: error_recovery_wrong_filename (rep 4/5)
-> ollama:qwen2.5:7b+plan:ollama:gemma4:e4b+lead:ollama:gemma4:e4b :: error_recovery_wrong_filename (rep 5/5)
-> ollama:qwen2.5:7b+plan:ollama:gemma4:e4b+lead:ollama:gemma4:e4b :: distractor_selection_among_files (rep 1/5)
-> ollama:qwen2.5:7b+plan:ollama:gemma4:e4b+lead:ollama:gemma4:e4b :: distractor_selection_among_files (rep 2/5)
[2m2026-07-10T23:27:33.430180Z[0m [33m WARN[0m [1mturn[0m[1m{[0m[3msession[0m[2m=[0m5928b0ca-77ec-4a16-9338-f5bda709424b[1m}[0m[2m:[0m [2mbraze_engine::engine[0m[2m:[0m model repeated an identical tool call this turn; nudging instead of re-dispatching [3mtool[0m[2m=[0mgrep
-> ollama:qwen2.5:7b+plan:ollama:gemma4:e4b+lead:ollama:gemma4:e4b :: distractor_selection_among_files (rep 3/5)
-> ollama:qwen2.5:7b+plan:ollama:gemma4:e4b+lead:ollama:gemma4:e4b :: distractor_selection_among_files (rep 4/5)
-> ollama:qwen2.5:7b+plan:ollama:gemma4:e4b+lead:ollama:gemma4:e4b :: distractor_selection_among_files (rep 5/5)
-> ollama:qwen2.5:7b+plan:ollama:gemma4:e4b+lead:ollama:gemma4:e4b :: edit_file_function_body (rep 1/5)
-> ollama:qwen2.5:7b+plan:ollama:gemma4:e4b+lead:ollama:gemma4:e4b :: edit_file_function_body (rep 2/5)
-> ollama:qwen2.5:7b+plan:ollama:gemma4:e4b+lead:ollama:gemma4:e4b :: edit_file_function_body (rep 3/5)
-> ollama:qwen2.5:7b+plan:ollama:gemma4:e4b+lead:ollama:gemma4:e4b :: edit_file_function_body (rep 4/5)
-> ollama:qwen2.5:7b+plan:ollama:gemma4:e4b+lead:ollama:gemma4:e4b :: edit_file_function_body (rep 5/5)
-> ollama:qwen2.5:7b+plan:ollama:gemma4:e4b+lead:ollama:gemma4:e4b :: no_tool_capital_question (rep 1/5)
-> ollama:qwen2.5:7b+plan:ollama:gemma4:e4b+lead:ollama:gemma4:e4b :: no_tool_capital_question (rep 2/5)
-> ollama:qwen2.5:7b+plan:ollama:gemma4:e4b+lead:ollama:gemma4:e4b :: no_tool_capital_question (rep 3/5)
-> ollama:qwen2.5:7b+plan:ollama:gemma4:e4b+lead:ollama:gemma4:e4b :: no_tool_capital_question (rep 4/5)
-> ollama:qwen2.5:7b+plan:ollama:gemma4:e4b+lead:ollama:gemma4:e4b :: no_tool_capital_question (rep 5/5)
-> ollama:qwen2.5:7b+plan:ollama:gemma4:e4b+lead:ollama:gemma4:e4b :: no_tool_subtraction (rep 1/5)
-> ollama:qwen2.5:7b+plan:ollama:gemma4:e4b+lead:ollama:gemma4:e4b :: no_tool_subtraction (rep 2/5)
-> ollama:qwen2.5:7b+plan:ollama:gemma4:e4b+lead:ollama:gemma4:e4b :: no_tool_subtraction (rep 3/5)
-> ollama:qwen2.5:7b+plan:ollama:gemma4:e4b+lead:ollama:gemma4:e4b :: no_tool_subtraction (rep 4/5)
-> ollama:qwen2.5:7b+plan:ollama:gemma4:e4b+lead:ollama:gemma4:e4b :: no_tool_subtraction (rep 5/5)
-> ollama:qwen2.5:7b+plan:ollama:gemma4:e4b+lead:ollama:gemma4:e4b :: multi_step_sum_two_files (rep 1/5)
-> ollama:qwen2.5:7b+plan:ollama:gemma4:e4b+lead:ollama:gemma4:e4b :: multi_step_sum_two_files (rep 2/5)
[2m2026-07-10T23:34:38.139734Z[0m [33m WARN[0m [1mturn[0m[1m{[0m[3msession[0m[2m=[0m040f8306-59ad-4d35-84ef-8d13bec49049[1m}[0m[2m:[0m [2mbraze_engine::engine[0m[2m:[0m model repeated an identical tool call this turn; nudging instead of re-dispatching [3mtool[0m[2m=[0mshell_exec
[2m2026-07-10T23:35:00.980096Z[0m [33m WARN[0m [1mturn[0m[1m{[0m[3msession[0m[2m=[0m040f8306-59ad-4d35-84ef-8d13bec49049[1m}[0m[2m:[0m [2mbraze_engine::engine[0m[2m:[0m model repeated an identical tool call this turn; nudging instead of re-dispatching [3mtool[0m[2m=[0mshell_exec
-> ollama:qwen2.5:7b+plan:ollama:gemma4:e4b+lead:ollama:gemma4:e4b :: multi_step_sum_two_files (rep 3/5)
-> ollama:qwen2.5:7b+plan:ollama:gemma4:e4b+lead:ollama:gemma4:e4b :: multi_step_sum_two_files (rep 4/5)
-> ollama:qwen2.5:7b+plan:ollama:gemma4:e4b+lead:ollama:gemma4:e4b :: multi_step_sum_two_files (rep 5/5)
-> ollama:qwen2.5:7b+plan:ollama:gemma4:e4b+lead:ollama:gemma4:e4b :: multi_step_multiply_and_write (rep 1/5)
-> ollama:qwen2.5:7b+plan:ollama:gemma4:e4b+lead:ollama:gemma4:e4b :: multi_step_multiply_and_write (rep 2/5)
-> ollama:qwen2.5:7b+plan:ollama:gemma4:e4b+lead:ollama:gemma4:e4b :: multi_step_multiply_and_write (rep 3/5)
-> ollama:qwen2.5:7b+plan:ollama:gemma4:e4b+lead:ollama:gemma4:e4b :: multi_step_multiply_and_write (rep 4/5)
-> ollama:qwen2.5:7b+plan:ollama:gemma4:e4b+lead:ollama:gemma4:e4b :: multi_step_multiply_and_write (rep 5/5)
-> ollama:qwen2.5:7b+plan:ollama:gemma4:e4b+lead:ollama:gemma4:e4b :: error_recovery_wrong_config_extension (rep 1/5)
-> ollama:qwen2.5:7b+plan:ollama:gemma4:e4b+lead:ollama:gemma4:e4b :: error_recovery_wrong_config_extension (rep 2/5)
-> ollama:qwen2.5:7b+plan:ollama:gemma4:e4b+lead:ollama:gemma4:e4b :: error_recovery_wrong_config_extension (rep 3/5)
-> ollama:qwen2.5:7b+plan:ollama:gemma4:e4b+lead:ollama:gemma4:e4b :: error_recovery_wrong_config_extension (rep 4/5)
-> ollama:qwen2.5:7b+plan:ollama:gemma4:e4b+lead:ollama:gemma4:e4b :: error_recovery_wrong_config_extension (rep 5/5)
-> ollama:qwen2.5:7b+plan:ollama:gemma4:e4b+lead:ollama:gemma4:e4b :: error_recovery_edit_wrong_filename (rep 1/5)
-> ollama:qwen2.5:7b+plan:ollama:gemma4:e4b+lead:ollama:gemma4:e4b :: error_recovery_edit_wrong_filename (rep 2/5)
-> ollama:qwen2.5:7b+plan:ollama:gemma4:e4b+lead:ollama:gemma4:e4b :: error_recovery_edit_wrong_filename (rep 3/5)
-> ollama:qwen2.5:7b+plan:ollama:gemma4:e4b+lead:ollama:gemma4:e4b :: error_recovery_edit_wrong_filename (rep 4/5)
-> ollama:qwen2.5:7b+plan:ollama:gemma4:e4b+lead:ollama:gemma4:e4b :: error_recovery_edit_wrong_filename (rep 5/5)
-> ollama:qwen2.5:7b+plan:ollama:gemma4:e4b+lead:ollama:gemma4:e4b :: distractor_selection_log_with_error (rep 1/5)
-> ollama:qwen2.5:7b+plan:ollama:gemma4:e4b+lead:ollama:gemma4:e4b :: distractor_selection_log_with_error (rep 2/5)
-> ollama:qwen2.5:7b+plan:ollama:gemma4:e4b+lead:ollama:gemma4:e4b :: distractor_selection_log_with_error (rep 3/5)
-> ollama:qwen2.5:7b+plan:ollama:gemma4:e4b+lead:ollama:gemma4:e4b :: distractor_selection_log_with_error (rep 4/5)
-> ollama:qwen2.5:7b+plan:ollama:gemma4:e4b+lead:ollama:gemma4:e4b :: distractor_selection_log_with_error (rep 5/5)
-> ollama:qwen2.5:7b+plan:ollama:gemma4:e4b+lead:ollama:gemma4:e4b :: distractor_selection_debug_config (rep 1/5)
-> ollama:qwen2.5:7b+plan:ollama:gemma4:e4b+lead:ollama:gemma4:e4b :: distractor_selection_debug_config (rep 2/5)
-> ollama:qwen2.5:7b+plan:ollama:gemma4:e4b+lead:ollama:gemma4:e4b :: distractor_selection_debug_config (rep 3/5)
-> ollama:qwen2.5:7b+plan:ollama:gemma4:e4b+lead:ollama:gemma4:e4b :: distractor_selection_debug_config (rep 4/5)
-> ollama:qwen2.5:7b+plan:ollama:gemma4:e4b+lead:ollama:gemma4:e4b :: distractor_selection_debug_config (rep 5/5)
-> ollama:qwen3.5-coder :: read_file_basic (rep 1/5)
-> ollama:qwen3.5-coder :: read_file_basic (rep 2/5)
-> ollama:qwen3.5-coder :: read_file_basic (rep 3/5)
-> ollama:qwen3.5-coder :: read_file_basic (rep 4/5)
-> ollama:qwen3.5-coder :: read_file_basic (rep 5/5)
-> ollama:qwen3.5-coder :: grep_basic (rep 1/5)
-> ollama:qwen3.5-coder :: grep_basic (rep 2/5)
-> ollama:qwen3.5-coder :: grep_basic (rep 3/5)
-> ollama:qwen3.5-coder :: grep_basic (rep 4/5)
-> ollama:qwen3.5-coder :: grep_basic (rep 5/5)
-> ollama:qwen3.5-coder :: glob_basic (rep 1/5)
-> ollama:qwen3.5-coder :: glob_basic (rep 2/5)
-> ollama:qwen3.5-coder :: glob_basic (rep 3/5)
-> ollama:qwen3.5-coder :: glob_basic (rep 4/5)
-> ollama:qwen3.5-coder :: glob_basic (rep 5/5)
-> ollama:qwen3.5-coder :: write_file_basic (rep 1/5)
-> ollama:qwen3.5-coder :: write_file_basic (rep 2/5)
-> ollama:qwen3.5-coder :: write_file_basic (rep 3/5)
-> ollama:qwen3.5-coder :: write_file_basic (rep 4/5)
-> ollama:qwen3.5-coder :: write_file_basic (rep 5/5)
-> ollama:qwen3.5-coder :: edit_file_basic (rep 1/5)
-> ollama:qwen3.5-coder :: edit_file_basic (rep 2/5)
-> ollama:qwen3.5-coder :: edit_file_basic (rep 3/5)
-> ollama:qwen3.5-coder :: edit_file_basic (rep 4/5)
-> ollama:qwen3.5-coder :: edit_file_basic (rep 5/5)
-> ollama:qwen3.5-coder :: shell_exec_basic (rep 1/5)
-> ollama:qwen3.5-coder :: shell_exec_basic (rep 2/5)
-> ollama:qwen3.5-coder :: shell_exec_basic (rep 3/5)
-> ollama:qwen3.5-coder :: shell_exec_basic (rep 4/5)
-> ollama:qwen3.5-coder :: shell_exec_basic (rep 5/5)
-> ollama:qwen3.5-coder :: no_tool_qa (rep 1/5)
-> ollama:qwen3.5-coder :: no_tool_qa (rep 2/5)
-> ollama:qwen3.5-coder :: no_tool_qa (rep 3/5)
-> ollama:qwen3.5-coder :: no_tool_qa (rep 4/5)
-> ollama:qwen3.5-coder :: no_tool_qa (rep 5/5)
-> ollama:qwen3.5-coder :: multi_step_read_count_write (rep 1/5)
-> ollama:qwen3.5-coder :: multi_step_read_count_write (rep 2/5)
-> ollama:qwen3.5-coder :: multi_step_read_count_write (rep 3/5)
-> ollama:qwen3.5-coder :: multi_step_read_count_write (rep 4/5)
-> ollama:qwen3.5-coder :: multi_step_read_count_write (rep 5/5)
-> ollama:qwen3.5-coder :: error_recovery_wrong_filename (rep 1/5)
-> ollama:qwen3.5-coder :: error_recovery_wrong_filename (rep 2/5)
-> ollama:qwen3.5-coder :: error_recovery_wrong_filename (rep 3/5)
-> ollama:qwen3.5-coder :: error_recovery_wrong_filename (rep 4/5)
-> ollama:qwen3.5-coder :: error_recovery_wrong_filename (rep 5/5)
-> ollama:qwen3.5-coder :: distractor_selection_among_files (rep 1/5)
-> ollama:qwen3.5-coder :: distractor_selection_among_files (rep 2/5)
-> ollama:qwen3.5-coder :: distractor_selection_among_files (rep 3/5)
-> ollama:qwen3.5-coder :: distractor_selection_among_files (rep 4/5)
-> ollama:qwen3.5-coder :: distractor_selection_among_files (rep 5/5)
-> ollama:qwen3.5-coder :: edit_file_function_body (rep 1/5)
-> ollama:qwen3.5-coder :: edit_file_function_body (rep 2/5)
-> ollama:qwen3.5-coder :: edit_file_function_body (rep 3/5)
-> ollama:qwen3.5-coder :: edit_file_function_body (rep 4/5)
-> ollama:qwen3.5-coder :: edit_file_function_body (rep 5/5)
-> ollama:qwen3.5-coder :: no_tool_capital_question (rep 1/5)
-> ollama:qwen3.5-coder :: no_tool_capital_question (rep 2/5)
-> ollama:qwen3.5-coder :: no_tool_capital_question (rep 3/5)
-> ollama:qwen3.5-coder :: no_tool_capital_question (rep 4/5)
-> ollama:qwen3.5-coder :: no_tool_capital_question (rep 5/5)
-> ollama:qwen3.5-coder :: no_tool_subtraction (rep 1/5)
-> ollama:qwen3.5-coder :: no_tool_subtraction (rep 2/5)
-> ollama:qwen3.5-coder :: no_tool_subtraction (rep 3/5)
-> ollama:qwen3.5-coder :: no_tool_subtraction (rep 4/5)
-> ollama:qwen3.5-coder :: no_tool_subtraction (rep 5/5)
-> ollama:qwen3.5-coder :: multi_step_sum_two_files (rep 1/5)
-> ollama:qwen3.5-coder :: multi_step_sum_two_files (rep 2/5)
-> ollama:qwen3.5-coder :: multi_step_sum_two_files (rep 3/5)
-> ollama:qwen3.5-coder :: multi_step_sum_two_files (rep 4/5)
-> ollama:qwen3.5-coder :: multi_step_sum_two_files (rep 5/5)
-> ollama:qwen3.5-coder :: multi_step_multiply_and_write (rep 1/5)
-> ollama:qwen3.5-coder :: multi_step_multiply_and_write (rep 2/5)
-> ollama:qwen3.5-coder :: multi_step_multiply_and_write (rep 3/5)
-> ollama:qwen3.5-coder :: multi_step_multiply_and_write (rep 4/5)
-> ollama:qwen3.5-coder :: multi_step_multiply_and_write (rep 5/5)
-> ollama:qwen3.5-coder :: error_recovery_wrong_config_extension (rep 1/5)
-> ollama:qwen3.5-coder :: error_recovery_wrong_config_extension (rep 2/5)
-> ollama:qwen3.5-coder :: error_recovery_wrong_config_extension (rep 3/5)
-> ollama:qwen3.5-coder :: error_recovery_wrong_config_extension (rep 4/5)
-> ollama:qwen3.5-coder :: error_recovery_wrong_config_extension (rep 5/5)
-> ollama:qwen3.5-coder :: error_recovery_edit_wrong_filename (rep 1/5)
-> ollama:qwen3.5-coder :: error_recovery_edit_wrong_filename (rep 2/5)
-> ollama:qwen3.5-coder :: error_recovery_edit_wrong_filename (rep 3/5)
-> ollama:qwen3.5-coder :: error_recovery_edit_wrong_filename (rep 4/5)
-> ollama:qwen3.5-coder :: error_recovery_edit_wrong_filename (rep 5/5)
-> ollama:qwen3.5-coder :: distractor_selection_log_with_error (rep 1/5)
-> ollama:qwen3.5-coder :: distractor_selection_log_with_error (rep 2/5)
-> ollama:qwen3.5-coder :: distractor_selection_log_with_error (rep 3/5)
-> ollama:qwen3.5-coder :: distractor_selection_log_with_error (rep 4/5)
-> ollama:qwen3.5-coder :: distractor_selection_log_with_error (rep 5/5)
-> ollama:qwen3.5-coder :: distractor_selection_debug_config (rep 1/5)
-> ollama:qwen3.5-coder :: distractor_selection_debug_config (rep 2/5)
-> ollama:qwen3.5-coder :: distractor_selection_debug_config (rep 3/5)
-> ollama:qwen3.5-coder :: distractor_selection_debug_config (rep 4/5)
-> ollama:qwen3.5-coder :: distractor_selection_debug_config (rep 5/5)
-> ollama:qwen3.5-coder+plan:ollama:gemma4:e4b :: read_file_basic (rep 1/5)
-> ollama:qwen3.5-coder+plan:ollama:gemma4:e4b :: read_file_basic (rep 2/5)
-> ollama:qwen3.5-coder+plan:ollama:gemma4:e4b :: read_file_basic (rep 3/5)
-> ollama:qwen3.5-coder+plan:ollama:gemma4:e4b :: read_file_basic (rep 4/5)
-> ollama:qwen3.5-coder+plan:ollama:gemma4:e4b :: read_file_basic (rep 5/5)
-> ollama:qwen3.5-coder+plan:ollama:gemma4:e4b :: grep_basic (rep 1/5)
-> ollama:qwen3.5-coder+plan:ollama:gemma4:e4b :: grep_basic (rep 2/5)
-> ollama:qwen3.5-coder+plan:ollama:gemma4:e4b :: grep_basic (rep 3/5)
-> ollama:qwen3.5-coder+plan:ollama:gemma4:e4b :: grep_basic (rep 4/5)
-> ollama:qwen3.5-coder+plan:ollama:gemma4:e4b :: grep_basic (rep 5/5)
-> ollama:qwen3.5-coder+plan:ollama:gemma4:e4b :: glob_basic (rep 1/5)
-> ollama:qwen3.5-coder+plan:ollama:gemma4:e4b :: glob_basic (rep 2/5)
-> ollama:qwen3.5-coder+plan:ollama:gemma4:e4b :: glob_basic (rep 3/5)
-> ollama:qwen3.5-coder+plan:ollama:gemma4:e4b :: glob_basic (rep 4/5)
-> ollama:qwen3.5-coder+plan:ollama:gemma4:e4b :: glob_basic (rep 5/5)
-> ollama:qwen3.5-coder+plan:ollama:gemma4:e4b :: write_file_basic (rep 1/5)
[2m2026-07-11T00:35:05.188519Z[0m [32m INFO[0m [1mturn[0m[1m{[0m[3msession[0m[2m=[0mc219ee39-dc92-400a-af79-880215e60e86[1m}[0m[2m:[0m [2mbraze_engine::engine[0m[2m:[0m rescued tool call(s) emitted as text in a native tool-template format instead of structured tool_calls entries [3mcount[0m[2m=[0m1 [3mformat[0m[2m=[0m"<function=> XML (qwen3-coder)"
-> ollama:qwen3.5-coder+plan:ollama:gemma4:e4b :: write_file_basic (rep 2/5)
[2m2026-07-11T00:35:47.823599Z[0m [32m INFO[0m [1mturn[0m[1m{[0m[3msession[0m[2m=[0m3b0f0b17-bf49-4c35-8154-69508e4eb53f[1m}[0m[2m:[0m [2mbraze_engine::engine[0m[2m:[0m rescued tool call(s) emitted as text in a native tool-template format instead of structured tool_calls entries [3mcount[0m[2m=[0m1 [3mformat[0m[2m=[0m"<function=> XML (qwen3-coder)"
[2m2026-07-11T00:35:47.829988Z[0m [33m WARN[0m [1mturn[0m[1m{[0m[3msession[0m[2m=[0m3b0f0b17-bf49-4c35-8154-69508e4eb53f[1m}[0m[2m:[0m [2mbraze_engine::engine[0m[2m:[0m tool call arguments failed schema validation before dispatch [3mtool[0m[2m=[0mwrite_file [3mattempt[0m[2m=[0m1 [3merror[0m[2m=[0m"path" is a required property
[2m2026-07-11T00:35:57.233117Z[0m [33m WARN[0m [1mturn[0m[1m{[0m[3msession[0m[2m=[0m3b0f0b17-bf49-4c35-8154-69508e4eb53f[1m}[0m[2m:[0m [2mbraze_engine::engine[0m[2m:[0m round produced neither text nor a tool call after this turn already dispatched at least one; attempting a tools-free summary round instead of discarding that progress [3mround[0m[2m=[0m1
-> ollama:qwen3.5-coder+plan:ollama:gemma4:e4b :: write_file_basic (rep 3/5)
[2m2026-07-11T00:36:34.482915Z[0m [32m INFO[0m [1mturn[0m[1m{[0m[3msession[0m[2m=[0m5a1b2b7c-7184-44ec-9ea7-b321e06047cf[1m}[0m[2m:[0m [2mbraze_engine::engine[0m[2m:[0m rescued tool call(s) emitted as text in a native tool-template format instead of structured tool_calls entries [3mcount[0m[2m=[0m1 [3mformat[0m[2m=[0m"<function=> XML (qwen3-coder)"
[2m2026-07-11T00:36:34.487228Z[0m [33m WARN[0m [1mturn[0m[1m{[0m[3msession[0m[2m=[0m5a1b2b7c-7184-44ec-9ea7-b321e06047cf[1m}[0m[2m:[0m [2mbraze_engine::engine[0m[2m:[0m tool call arguments failed schema validation before dispatch [3mtool[0m[2m=[0mwrite_file [3mattempt[0m[2m=[0m1 [3merror[0m[2m=[0m"path" is a required property
-> ollama:qwen3.5-coder+plan:ollama:gemma4:e4b :: write_file_basic (rep 4/5)
[2m2026-07-11T00:37:18.924930Z[0m [32m INFO[0m [1mturn[0m[1m{[0m[3msession[0m[2m=[0m85f04e7e-20f4-45a3-8e0c-8686c06ef395[1m}[0m[2m:[0m [2mbraze_engine::engine[0m[2m:[0m rescued tool call(s) emitted as text in a native tool-template format instead of structured tool_calls entries [3mcount[0m[2m=[0m1 [3mformat[0m[2m=[0m"<function=> XML (qwen3-coder)"
-> ollama:qwen3.5-coder+plan:ollama:gemma4:e4b :: write_file_basic (rep 5/5)
[2m2026-07-11T00:37:55.890731Z[0m [32m INFO[0m [1mturn[0m[1m{[0m[3msession[0m[2m=[0m5ae9a652-ae94-4c1c-9952-76ee6362ccf6[1m}[0m[2m:[0m [2mbraze_engine::engine[0m[2m:[0m rescued tool call(s) emitted as text in a native tool-template format instead of structured tool_calls entries [3mcount[0m[2m=[0m1 [3mformat[0m[2m=[0m"<function=> XML (qwen3-coder)"
-> ollama:qwen3.5-coder+plan:ollama:gemma4:e4b :: edit_file_basic (rep 1/5)
[2m2026-07-11T00:38:39.915369Z[0m [32m INFO[0m [1mturn[0m[1m{[0m[3msession[0m[2m=[0m2f4b3818-0bdb-4256-973c-269628d1099e[1m}[0m[2m:[0m [2mbraze_engine::engine[0m[2m:[0m rescued tool call(s) emitted as text in a native tool-template format instead of structured tool_calls entries [3mcount[0m[2m=[0m1 [3mformat[0m[2m=[0m"<function=> XML (qwen3-coder)"
[2m2026-07-11T00:38:39.922255Z[0m [33m WARN[0m [1mturn[0m[1m{[0m[3msession[0m[2m=[0m2f4b3818-0bdb-4256-973c-269628d1099e[1m}[0m[2m:[0m [2mbraze_engine::engine[0m[2m:[0m tool call arguments failed schema validation before dispatch [3mtool[0m[2m=[0medit_file [3mattempt[0m[2m=[0m1 [3merror[0m[2m=[0m"path" is a required property
-> ollama:qwen3.5-coder+plan:ollama:gemma4:e4b :: edit_file_basic (rep 2/5)
[2m2026-07-11T00:39:27.730704Z[0m [32m INFO[0m [1mturn[0m[1m{[0m[3msession[0m[2m=[0m8d2c9288-9ab7-4476-999a-b0ce3ede63e6[1m}[0m[2m:[0m [2mbraze_engine::engine[0m[2m:[0m rescued tool call(s) emitted as text in a native tool-template format instead of structured tool_calls entries [3mcount[0m[2m=[0m1 [3mformat[0m[2m=[0m"<function=> XML (qwen3-coder)"
[2m2026-07-11T00:39:27.738168Z[0m [33m WARN[0m [1mturn[0m[1m{[0m[3msession[0m[2m=[0m8d2c9288-9ab7-4476-999a-b0ce3ede63e6[1m}[0m[2m:[0m [2mbraze_engine::engine[0m[2m:[0m tool call arguments failed schema validation before dispatch [3mtool[0m[2m=[0medit_file [3mattempt[0m[2m=[0m1 [3merror[0m[2m=[0m"path" is a required property
-> ollama:qwen3.5-coder+plan:ollama:gemma4:e4b :: edit_file_basic (rep 3/5)
[2m2026-07-11T00:40:17.286994Z[0m [32m INFO[0m [1mturn[0m[1m{[0m[3msession[0m[2m=[0m2211863f-495c-4d4d-ab47-894297115514[1m}[0m[2m:[0m [2mbraze_engine::engine[0m[2m:[0m rescued tool call(s) emitted as text in a native tool-template format instead of structured tool_calls entries [3mcount[0m[2m=[0m1 [3mformat[0m[2m=[0m"<function=> XML (qwen3-coder)"
[2m2026-07-11T00:40:17.294467Z[0m [33m WARN[0m [1mturn[0m[1m{[0m[3msession[0m[2m=[0m2211863f-495c-4d4d-ab47-894297115514[1m}[0m[2m:[0m [2mbraze_engine::engine[0m[2m:[0m tool call arguments failed schema validation before dispatch [3mtool[0m[2m=[0medit_file [3mattempt[0m[2m=[0m1 [3merror[0m[2m=[0m"path" is a required property
-> ollama:qwen3.5-coder+plan:ollama:gemma4:e4b :: edit_file_basic (rep 4/5)
[2m2026-07-11T00:41:03.920745Z[0m [32m INFO[0m [1mturn[0m[1m{[0m[3msession[0m[2m=[0m623a2a16-e1d1-4316-be84-3baedb481b0a[1m}[0m[2m:[0m [2mbraze_engine::engine[0m[2m:[0m rescued tool call(s) emitted as text in a native tool-template format instead of structured tool_calls entries [3mcount[0m[2m=[0m1 [3mformat[0m[2m=[0m"<function=> XML (qwen3-coder)"
[2m2026-07-11T00:41:03.928469Z[0m [33m WARN[0m [1mturn[0m[1m{[0m[3msession[0m[2m=[0m623a2a16-e1d1-4316-be84-3baedb481b0a[1m}[0m[2m:[0m [2mbraze_engine::engine[0m[2m:[0m tool call arguments failed schema validation before dispatch [3mtool[0m[2m=[0medit_file [3mattempt[0m[2m=[0m1 [3merror[0m[2m=[0m"path" is a required property
-> ollama:qwen3.5-coder+plan:ollama:gemma4:e4b :: edit_file_basic (rep 5/5)
-> ollama:qwen3.5-coder+plan:ollama:gemma4:e4b :: shell_exec_basic (rep 1/5)
-> ollama:qwen3.5-coder+plan:ollama:gemma4:e4b :: shell_exec_basic (rep 2/5)
-> ollama:qwen3.5-coder+plan:ollama:gemma4:e4b :: shell_exec_basic (rep 3/5)
[2m2026-07-11T00:43:19.945435Z[0m [32m INFO[0m [1mturn[0m[1m{[0m[3msession[0m[2m=[0mde731ae6-34cf-4ee2-8493-5daaae2193f5[1m}[0m[2m:[0m [2mbraze_engine::engine[0m[2m:[0m rescued tool call(s) emitted as text in a native tool-template format instead of structured tool_calls entries [3mcount[0m[2m=[0m1 [3mformat[0m[2m=[0m"<function=> XML (qwen3-coder)"
-> ollama:qwen3.5-coder+plan:ollama:gemma4:e4b :: shell_exec_basic (rep 4/5)
-> ollama:qwen3.5-coder+plan:ollama:gemma4:e4b :: shell_exec_basic (rep 5/5)
-> ollama:qwen3.5-coder+plan:ollama:gemma4:e4b :: no_tool_qa (rep 1/5)
-> ollama:qwen3.5-coder+plan:ollama:gemma4:e4b :: no_tool_qa (rep 2/5)
-> ollama:qwen3.5-coder+plan:ollama:gemma4:e4b :: no_tool_qa (rep 3/5)
-> ollama:qwen3.5-coder+plan:ollama:gemma4:e4b :: no_tool_qa (rep 4/5)
-> ollama:qwen3.5-coder+plan:ollama:gemma4:e4b :: no_tool_qa (rep 5/5)
-> ollama:qwen3.5-coder+plan:ollama:gemma4:e4b :: multi_step_read_count_write (rep 1/5)
-> ollama:qwen3.5-coder+plan:ollama:gemma4:e4b :: multi_step_read_count_write (rep 2/5)
-> ollama:qwen3.5-coder+plan:ollama:gemma4:e4b :: multi_step_read_count_write (rep 3/5)
-> ollama:qwen3.5-coder+plan:ollama:gemma4:e4b :: multi_step_read_count_write (rep 4/5)
-> ollama:qwen3.5-coder+plan:ollama:gemma4:e4b :: multi_step_read_count_write (rep 5/5)
[2m2026-07-11T00:49:52.474103Z[0m [33m WARN[0m [1mturn[0m[1m{[0m[3msession[0m[2m=[0m49bfa916-4098-4563-a759-b012817011d6[1m}[0m[2m:[0m [2mbraze_engine::engine[0m[2m:[0m round produced neither text nor a tool call after this turn already dispatched at least one; attempting a tools-free summary round instead of discarding that progress [3mround[0m[2m=[0m2
-> ollama:qwen3.5-coder+plan:ollama:gemma4:e4b :: error_recovery_wrong_filename (rep 1/5)
-> ollama:qwen3.5-coder+plan:ollama:gemma4:e4b :: error_recovery_wrong_filename (rep 2/5)
-> ollama:qwen3.5-coder+plan:ollama:gemma4:e4b :: error_recovery_wrong_filename (rep 3/5)
-> ollama:qwen3.5-coder+plan:ollama:gemma4:e4b :: error_recovery_wrong_filename (rep 4/5)
-> ollama:qwen3.5-coder+plan:ollama:gemma4:e4b :: error_recovery_wrong_filename (rep 5/5)
-> ollama:qwen3.5-coder+plan:ollama:gemma4:e4b :: distractor_selection_among_files (rep 1/5)
-> ollama:qwen3.5-coder+plan:ollama:gemma4:e4b :: distractor_selection_among_files (rep 2/5)
-> ollama:qwen3.5-coder+plan:ollama:gemma4:e4b :: distractor_selection_among_files (rep 3/5)
-> ollama:qwen3.5-coder+plan:ollama:gemma4:e4b :: distractor_selection_among_files (rep 4/5)
-> ollama:qwen3.5-coder+plan:ollama:gemma4:e4b :: distractor_selection_among_files (rep 5/5)
-> ollama:qwen3.5-coder+plan:ollama:gemma4:e4b :: edit_file_function_body (rep 1/5)
[2m2026-07-11T00:57:36.111723Z[0m [33m WARN[0m [1mturn[0m[1m{[0m[3msession[0m[2m=[0m7604fb44-13c3-47e8-a882-970655bb9fb1[1m}[0m[2m:[0m [2mbraze_engine::engine[0m[2m:[0m round produced neither text nor a tool call after this turn already dispatched at least one; attempting a tools-free summary round instead of discarding that progress [3mround[0m[2m=[0m3
-> ollama:qwen3.5-coder+plan:ollama:gemma4:e4b :: edit_file_function_body (rep 2/5)
[2m2026-07-11T00:58:13.913612Z[0m [32m INFO[0m [1mturn[0m[1m{[0m[3msession[0m[2m=[0m4c19d013-07f2-43d0-ad61-4f50d6767130[1m}[0m[2m:[0m [2mbraze_engine::engine[0m[2m:[0m rescued tool call(s) emitted as text in a native tool-template format instead of structured tool_calls entries [3mcount[0m[2m=[0m1 [3mformat[0m[2m=[0m"<function=> XML (qwen3-coder)"
[2m2026-07-11T00:58:13.942586Z[0m [33m WARN[0m [1mturn[0m[1m{[0m[3msession[0m[2m=[0m4c19d013-07f2-43d0-ad61-4f50d6767130[1m}[0m[2m:[0m [2mbraze_engine::engine[0m[2m:[0m tool call arguments failed schema validation before dispatch [3mtool[0m[2m=[0medit_file [3mattempt[0m[2m=[0m1 [3merror[0m[2m=[0m"path" is a required property
-> ollama:qwen3.5-coder+plan:ollama:gemma4:e4b :: edit_file_function_body (rep 3/5)
-> ollama:qwen3.5-coder+plan:ollama:gemma4:e4b :: edit_file_function_body (rep 4/5)
[2m2026-07-11T01:00:42.751652Z[0m [33m WARN[0m [1mturn[0m[1m{[0m[3msession[0m[2m=[0mb6dc02d9-0fbf-4982-bee5-976461c6b2d2[1m}[0m[2m:[0m [2mbraze_engine::engine[0m[2m:[0m round produced neither text nor a tool call after this turn already dispatched at least one; attempting a tools-free summary round instead of discarding that progress [3mround[0m[2m=[0m3
-> ollama:qwen3.5-coder+plan:ollama:gemma4:e4b :: edit_file_function_body (rep 5/5)
-> ollama:qwen3.5-coder+plan:ollama:gemma4:e4b :: no_tool_capital_question (rep 1/5)
-> ollama:qwen3.5-coder+plan:ollama:gemma4:e4b :: no_tool_capital_question (rep 2/5)
-> ollama:qwen3.5-coder+plan:ollama:gemma4:e4b :: no_tool_capital_question (rep 3/5)
-> ollama:qwen3.5-coder+plan:ollama:gemma4:e4b :: no_tool_capital_question (rep 4/5)
-> ollama:qwen3.5-coder+plan:ollama:gemma4:e4b :: no_tool_capital_question (rep 5/5)
-> ollama:qwen3.5-coder+plan:ollama:gemma4:e4b :: no_tool_subtraction (rep 1/5)
-> ollama:qwen3.5-coder+plan:ollama:gemma4:e4b :: no_tool_subtraction (rep 2/5)
-> ollama:qwen3.5-coder+plan:ollama:gemma4:e4b :: no_tool_subtraction (rep 3/5)
-> ollama:qwen3.5-coder+plan:ollama:gemma4:e4b :: no_tool_subtraction (rep 4/5)
-> ollama:qwen3.5-coder+plan:ollama:gemma4:e4b :: no_tool_subtraction (rep 5/5)
-> ollama:qwen3.5-coder+plan:ollama:gemma4:e4b :: multi_step_sum_two_files (rep 1/5)
-> ollama:qwen3.5-coder+plan:ollama:gemma4:e4b :: multi_step_sum_two_files (rep 2/5)
[2m2026-07-11T01:07:23.391203Z[0m [32m INFO[0m [1mturn[0m[1m{[0m[3msession[0m[2m=[0m36c41820-5297-482f-a781-6cb59e4026e2[1m}[0m[2m:[0m [2mbraze_engine::engine[0m[2m:[0m rescued tool call(s) emitted as text in a native tool-template format instead of structured tool_calls entries [3mcount[0m[2m=[0m1 [3mformat[0m[2m=[0m"<function=> XML (qwen3-coder)"
-> ollama:qwen3.5-coder+plan:ollama:gemma4:e4b :: multi_step_sum_two_files (rep 3/5)
-> ollama:qwen3.5-coder+plan:ollama:gemma4:e4b :: multi_step_sum_two_files (rep 4/5)
-> ollama:qwen3.5-coder+plan:ollama:gemma4:e4b :: multi_step_sum_two_files (rep 5/5)
-> ollama:qwen3.5-coder+plan:ollama:gemma4:e4b :: multi_step_multiply_and_write (rep 1/5)
-> ollama:qwen3.5-coder+plan:ollama:gemma4:e4b :: multi_step_multiply_and_write (rep 2/5)
[2m2026-07-11T01:11:15.925834Z[0m [33m WARN[0m [1mturn[0m[1m{[0m[3msession[0m[2m=[0m4e9e5443-8da6-4364-a95a-050a865795b0[1m}[0m[2m:[0m [2mbraze_engine::engine[0m[2m:[0m round produced neither text nor a tool call after this turn already dispatched at least one; attempting a tools-free summary round instead of discarding that progress [3mround[0m[2m=[0m1
[2m2026-07-11T01:11:30.630395Z[0m [33m WARN[0m [1mturn[0m[1m{[0m[3msession[0m[2m=[0m4e9e5443-8da6-4364-a95a-050a865795b0[1m}[0m[2m:[0m [2mbraze_engine::engine[0m[2m:[0m tools-free summary round's stream failed mid-response [3merror[0m[2m=[0mmodel backend's completion stream failed: XML syntax error on line 5: element <parameter> closed by </function>
-> ollama:qwen3.5-coder+plan:ollama:gemma4:e4b :: multi_step_multiply_and_write (rep 3/5)
[2m2026-07-11T01:12:26.595654Z[0m [33m WARN[0m [1mturn[0m[1m{[0m[3msession[0m[2m=[0m44f5c439-63a3-4d15-98ef-40947c859dfc[1m}[0m[2m:[0m [2mbraze_engine::engine[0m[2m:[0m round produced neither text nor a tool call after this turn already dispatched at least one; attempting a tools-free summary round instead of discarding that progress [3mround[0m[2m=[0m2
-> ollama:qwen3.5-coder+plan:ollama:gemma4:e4b :: multi_step_multiply_and_write (rep 4/5)
[2m2026-07-11T01:13:21.940847Z[0m [33m WARN[0m [1mturn[0m[1m{[0m[3msession[0m[2m=[0m906a04ae-20cd-40dc-86b3-bc2d07af5071[1m}[0m[2m:[0m [2mbraze_engine::engine[0m[2m:[0m round produced neither text nor a tool call after this turn already dispatched at least one; attempting a tools-free summary round instead of discarding that progress [3mround[0m[2m=[0m2
-> ollama:qwen3.5-coder+plan:ollama:gemma4:e4b :: multi_step_multiply_and_write (rep 5/5)
[2m2026-07-11T01:14:21.239584Z[0m [33m WARN[0m [1mturn[0m[1m{[0m[3msession[0m[2m=[0m64dd0a50-92c0-4086-83f7-be2140e753ef[1m}[0m[2m:[0m [2mbraze_engine::engine[0m[2m:[0m round produced neither text nor a tool call after this turn already dispatched at least one; attempting a tools-free summary round instead of discarding that progress [3mround[0m[2m=[0m1
[2m2026-07-11T01:14:31.643789Z[0m [33m WARN[0m [1mturn[0m[1m{[0m[3msession[0m[2m=[0m64dd0a50-92c0-4086-83f7-be2140e753ef[1m}[0m[2m:[0m [2mbraze_engine::engine[0m[2m:[0m tools-free summary round's stream failed mid-response [3merror[0m[2m=[0mmodel backend's completion stream failed: XML syntax error on line 3: element <parameter> closed by </function>
-> ollama:qwen3.5-coder+plan:ollama:gemma4:e4b :: error_recovery_wrong_config_extension (rep 1/5)
-> ollama:qwen3.5-coder+plan:ollama:gemma4:e4b :: error_recovery_wrong_config_extension (rep 2/5)
-> ollama:qwen3.5-coder+plan:ollama:gemma4:e4b :: error_recovery_wrong_config_extension (rep 3/5)
-> ollama:qwen3.5-coder+plan:ollama:gemma4:e4b :: error_recovery_wrong_config_extension (rep 4/5)
-> ollama:qwen3.5-coder+plan:ollama:gemma4:e4b :: error_recovery_wrong_config_extension (rep 5/5)
-> ollama:qwen3.5-coder+plan:ollama:gemma4:e4b :: error_recovery_edit_wrong_filename (rep 1/5)
-> ollama:qwen3.5-coder+plan:ollama:gemma4:e4b :: error_recovery_edit_wrong_filename (rep 2/5)
-> ollama:qwen3.5-coder+plan:ollama:gemma4:e4b :: error_recovery_edit_wrong_filename (rep 3/5)
-> ollama:qwen3.5-coder+plan:ollama:gemma4:e4b :: error_recovery_edit_wrong_filename (rep 4/5)
-> ollama:qwen3.5-coder+plan:ollama:gemma4:e4b :: error_recovery_edit_wrong_filename (rep 5/5)
-> ollama:qwen3.5-coder+plan:ollama:gemma4:e4b :: distractor_selection_log_with_error (rep 1/5)
[2m2026-07-11T01:22:42.939842Z[0m [32m INFO[0m [1mturn[0m[1m{[0m[3msession[0m[2m=[0m7fd8775b-2490-4db4-b1d3-0e59369ec957[1m}[0m[2m:[0m [2mbraze_engine::engine[0m[2m:[0m rescued tool call(s) emitted as text in a native tool-template format instead of structured tool_calls entries [3mcount[0m[2m=[0m1 [3mformat[0m[2m=[0m"<function=> XML (qwen3-coder)"
-> ollama:qwen3.5-coder+plan:ollama:gemma4:e4b :: distractor_selection_log_with_error (rep 2/5)
[2m2026-07-11T01:23:31.045379Z[0m [33m WARN[0m [1mturn[0m[1m{[0m[3msession[0m[2m=[0mf4668437-aa52-475d-a2c0-ddb6998e0b9f[1m}[0m[2m:[0m [2mbraze_engine::engine[0m[2m:[0m round produced neither text nor a tool call after this turn already dispatched at least one; attempting a tools-free summary round instead of discarding that progress [3mround[0m[2m=[0m1
-> ollama:qwen3.5-coder+plan:ollama:gemma4:e4b :: distractor_selection_log_with_error (rep 3/5)
[2m2026-07-11T01:24:21.297957Z[0m [33m WARN[0m [1mturn[0m[1m{[0m[3msession[0m[2m=[0m10c3d330-d2c7-47c7-9fc6-8a5a11c7367b[1m}[0m[2m:[0m [2mbraze_engine::engine[0m[2m:[0m model repeated an identical tool call this turn; nudging instead of re-dispatching [3mtool[0m[2m=[0mgrep
[2m2026-07-11T01:24:34.934166Z[0m [33m WARN[0m [1mturn[0m[1m{[0m[3msession[0m[2m=[0m10c3d330-d2c7-47c7-9fc6-8a5a11c7367b[1m}[0m[2m:[0m [2mbraze_engine::engine[0m[2m:[0m model repeated an identical tool call this turn; nudging instead of re-dispatching [3mtool[0m[2m=[0mgrep
[2m2026-07-11T01:24:44.861943Z[0m [33m WARN[0m [1mturn[0m[1m{[0m[3msession[0m[2m=[0m10c3d330-d2c7-47c7-9fc6-8a5a11c7367b[1m}[0m[2m:[0m [2mbraze_engine::engine[0m[2m:[0m model repeated an identical tool call this turn; nudging instead of re-dispatching [3mtool[0m[2m=[0mgrep
[2m2026-07-11T01:25:08.899906Z[0m [33m WARN[0m [1mturn[0m[1m{[0m[3msession[0m[2m=[0m10c3d330-d2c7-47c7-9fc6-8a5a11c7367b[1m}[0m[2m:[0m [2mbraze_engine::engine[0m[2m:[0m model repeated an identical tool call this turn; nudging instead of re-dispatching [3mtool[0m[2m=[0mgrep
-> ollama:qwen3.5-coder+plan:ollama:gemma4:e4b :: distractor_selection_log_with_error (rep 4/5)
[2m2026-07-11T01:26:29.704432Z[0m [33m WARN[0m [1mturn[0m[1m{[0m[3msession[0m[2m=[0me6a61d65-fc35-4721-a309-debfd009d0a0[1m}[0m[2m:[0m [2mbraze_engine::engine[0m[2m:[0m round produced neither text nor a tool call after this turn already dispatched at least one; attempting a tools-free summary round instead of discarding that progress [3mround[0m[2m=[0m1
-> ollama:qwen3.5-coder+plan:ollama:gemma4:e4b :: distractor_selection_log_with_error (rep 5/5)
-> ollama:qwen3.5-coder+plan:ollama:gemma4:e4b :: distractor_selection_debug_config (rep 1/5)
-> ollama:qwen3.5-coder+plan:ollama:gemma4:e4b :: distractor_selection_debug_config (rep 2/5)
-> ollama:qwen3.5-coder+plan:ollama:gemma4:e4b :: distractor_selection_debug_config (rep 3/5)
-> ollama:qwen3.5-coder+plan:ollama:gemma4:e4b :: distractor_selection_debug_config (rep 4/5)
-> ollama:qwen3.5-coder+plan:ollama:gemma4:e4b :: distractor_selection_debug_config (rep 5/5)
-> ollama:qwen3.5-coder+lead:ollama:gemma4:e4b :: read_file_basic (rep 1/5)
-> ollama:qwen3.5-coder+lead:ollama:gemma4:e4b :: read_file_basic (rep 2/5)
-> ollama:qwen3.5-coder+lead:ollama:gemma4:e4b :: read_file_basic (rep 3/5)
-> ollama:qwen3.5-coder+lead:ollama:gemma4:e4b :: read_file_basic (rep 4/5)
-> ollama:qwen3.5-coder+lead:ollama:gemma4:e4b :: read_file_basic (rep 5/5)
-> ollama:qwen3.5-coder+lead:ollama:gemma4:e4b :: grep_basic (rep 1/5)
-> ollama:qwen3.5-coder+lead:ollama:gemma4:e4b :: grep_basic (rep 2/5)
-> ollama:qwen3.5-coder+lead:ollama:gemma4:e4b :: grep_basic (rep 3/5)
-> ollama:qwen3.5-coder+lead:ollama:gemma4:e4b :: grep_basic (rep 4/5)
-> ollama:qwen3.5-coder+lead:ollama:gemma4:e4b :: grep_basic (rep 5/5)
-> ollama:qwen3.5-coder+lead:ollama:gemma4:e4b :: glob_basic (rep 1/5)
-> ollama:qwen3.5-coder+lead:ollama:gemma4:e4b :: glob_basic (rep 2/5)
-> ollama:qwen3.5-coder+lead:ollama:gemma4:e4b :: glob_basic (rep 3/5)
-> ollama:qwen3.5-coder+lead:ollama:gemma4:e4b :: glob_basic (rep 4/5)
-> ollama:qwen3.5-coder+lead:ollama:gemma4:e4b :: glob_basic (rep 5/5)
-> ollama:qwen3.5-coder+lead:ollama:gemma4:e4b :: write_file_basic (rep 1/5)
-> ollama:qwen3.5-coder+lead:ollama:gemma4:e4b :: write_file_basic (rep 2/5)
-> ollama:qwen3.5-coder+lead:ollama:gemma4:e4b :: write_file_basic (rep 3/5)
-> ollama:qwen3.5-coder+lead:ollama:gemma4:e4b :: write_file_basic (rep 4/5)
-> ollama:qwen3.5-coder+lead:ollama:gemma4:e4b :: write_file_basic (rep 5/5)
-> ollama:qwen3.5-coder+lead:ollama:gemma4:e4b :: edit_file_basic (rep 1/5)
-> ollama:qwen3.5-coder+lead:ollama:gemma4:e4b :: edit_file_basic (rep 2/5)
-> ollama:qwen3.5-coder+lead:ollama:gemma4:e4b :: edit_file_basic (rep 3/5)
-> ollama:qwen3.5-coder+lead:ollama:gemma4:e4b :: edit_file_basic (rep 4/5)
-> ollama:qwen3.5-coder+lead:ollama:gemma4:e4b :: edit_file_basic (rep 5/5)
-> ollama:qwen3.5-coder+lead:ollama:gemma4:e4b :: shell_exec_basic (rep 1/5)
-> ollama:qwen3.5-coder+lead:ollama:gemma4:e4b :: shell_exec_basic (rep 2/5)
-> ollama:qwen3.5-coder+lead:ollama:gemma4:e4b :: shell_exec_basic (rep 3/5)
-> ollama:qwen3.5-coder+lead:ollama:gemma4:e4b :: shell_exec_basic (rep 4/5)
-> ollama:qwen3.5-coder+lead:ollama:gemma4:e4b :: shell_exec_basic (rep 5/5)
-> ollama:qwen3.5-coder+lead:ollama:gemma4:e4b :: no_tool_qa (rep 1/5)
-> ollama:qwen3.5-coder+lead:ollama:gemma4:e4b :: no_tool_qa (rep 2/5)
-> ollama:qwen3.5-coder+lead:ollama:gemma4:e4b :: no_tool_qa (rep 3/5)
-> ollama:qwen3.5-coder+lead:ollama:gemma4:e4b :: no_tool_qa (rep 4/5)
-> ollama:qwen3.5-coder+lead:ollama:gemma4:e4b :: no_tool_qa (rep 5/5)
-> ollama:qwen3.5-coder+lead:ollama:gemma4:e4b :: multi_step_read_count_write (rep 1/5)
-> ollama:qwen3.5-coder+lead:ollama:gemma4:e4b :: multi_step_read_count_write (rep 2/5)
-> ollama:qwen3.5-coder+lead:ollama:gemma4:e4b :: multi_step_read_count_write (rep 3/5)
-> ollama:qwen3.5-coder+lead:ollama:gemma4:e4b :: multi_step_read_count_write (rep 4/5)
-> ollama:qwen3.5-coder+lead:ollama:gemma4:e4b :: multi_step_read_count_write (rep 5/5)
[2m2026-07-11T01:36:51.430530Z[0m [33m WARN[0m [1mturn[0m[1m{[0m[3msession[0m[2m=[0m98051e46-bbc5-4e14-b1f5-e11ad9a49a05[1m}[0m[2m:[0m [2mbraze_engine::engine[0m[2m:[0m model repeated an identical tool call this turn; nudging instead of re-dispatching [3mtool[0m[2m=[0mshell_exec
[2m2026-07-11T01:37:06.161789Z[0m [33m WARN[0m [1mturn[0m[1m{[0m[3msession[0m[2m=[0m98051e46-bbc5-4e14-b1f5-e11ad9a49a05[1m}[0m[2m:[0m [2mbraze_engine::engine[0m[2m:[0m model repeated an identical tool call this turn; nudging instead of re-dispatching [3mtool[0m[2m=[0mshell_exec
[2m2026-07-11T01:37:33.029301Z[0m [33m WARN[0m [1mturn[0m[1m{[0m[3msession[0m[2m=[0m98051e46-bbc5-4e14-b1f5-e11ad9a49a05[1m}[0m[2m:[0m [2mbraze_engine::engine[0m[2m:[0m model repeated an identical tool call this turn; nudging instead of re-dispatching [3mtool[0m[2m=[0mshell_exec
[2m2026-07-11T01:37:54.417751Z[0m [33m WARN[0m [1mturn[0m[1m{[0m[3msession[0m[2m=[0m98051e46-bbc5-4e14-b1f5-e11ad9a49a05[1m}[0m[2m:[0m [2mbraze_engine::engine[0m[2m:[0m model repeated an identical tool call this turn; nudging instead of re-dispatching [3mtool[0m[2m=[0mshell_exec
-> ollama:qwen3.5-coder+lead:ollama:gemma4:e4b :: error_recovery_wrong_filename (rep 1/5)
-> ollama:qwen3.5-coder+lead:ollama:gemma4:e4b :: error_recovery_wrong_filename (rep 2/5)
-> ollama:qwen3.5-coder+lead:ollama:gemma4:e4b :: error_recovery_wrong_filename (rep 3/5)
-> ollama:qwen3.5-coder+lead:ollama:gemma4:e4b :: error_recovery_wrong_filename (rep 4/5)
-> ollama:qwen3.5-coder+lead:ollama:gemma4:e4b :: error_recovery_wrong_filename (rep 5/5)
-> ollama:qwen3.5-coder+lead:ollama:gemma4:e4b :: distractor_selection_among_files (rep 1/5)
-> ollama:qwen3.5-coder+lead:ollama:gemma4:e4b :: distractor_selection_among_files (rep 2/5)
-> ollama:qwen3.5-coder+lead:ollama:gemma4:e4b :: distractor_selection_among_files (rep 3/5)
-> ollama:qwen3.5-coder+lead:ollama:gemma4:e4b :: distractor_selection_among_files (rep 4/5)
-> ollama:qwen3.5-coder+lead:ollama:gemma4:e4b :: distractor_selection_among_files (rep 5/5)
-> ollama:qwen3.5-coder+lead:ollama:gemma4:e4b :: edit_file_function_body (rep 1/5)
-> ollama:qwen3.5-coder+lead:ollama:gemma4:e4b :: edit_file_function_body (rep 2/5)
-> ollama:qwen3.5-coder+lead:ollama:gemma4:e4b :: edit_file_function_body (rep 3/5)
-> ollama:qwen3.5-coder+lead:ollama:gemma4:e4b :: edit_file_function_body (rep 4/5)
-> ollama:qwen3.5-coder+lead:ollama:gemma4:e4b :: edit_file_function_body (rep 5/5)
-> ollama:qwen3.5-coder+lead:ollama:gemma4:e4b :: no_tool_capital_question (rep 1/5)
-> ollama:qwen3.5-coder+lead:ollama:gemma4:e4b :: no_tool_capital_question (rep 2/5)
-> ollama:qwen3.5-coder+lead:ollama:gemma4:e4b :: no_tool_capital_question (rep 3/5)
-> ollama:qwen3.5-coder+lead:ollama:gemma4:e4b :: no_tool_capital_question (rep 4/5)
-> ollama:qwen3.5-coder+lead:ollama:gemma4:e4b :: no_tool_capital_question (rep 5/5)
-> ollama:qwen3.5-coder+lead:ollama:gemma4:e4b :: no_tool_subtraction (rep 1/5)
-> ollama:qwen3.5-coder+lead:ollama:gemma4:e4b :: no_tool_subtraction (rep 2/5)
-> ollama:qwen3.5-coder+lead:ollama:gemma4:e4b :: no_tool_subtraction (rep 3/5)
-> ollama:qwen3.5-coder+lead:ollama:gemma4:e4b :: no_tool_subtraction (rep 4/5)
-> ollama:qwen3.5-coder+lead:ollama:gemma4:e4b :: no_tool_subtraction (rep 5/5)
-> ollama:qwen3.5-coder+lead:ollama:gemma4:e4b :: multi_step_sum_two_files (rep 1/5)
-> ollama:qwen3.5-coder+lead:ollama:gemma4:e4b :: multi_step_sum_two_files (rep 2/5)
-> ollama:qwen3.5-coder+lead:ollama:gemma4:e4b :: multi_step_sum_two_files (rep 3/5)
-> ollama:qwen3.5-coder+lead:ollama:gemma4:e4b :: multi_step_sum_two_files (rep 4/5)
-> ollama:qwen3.5-coder+lead:ollama:gemma4:e4b :: multi_step_sum_two_files (rep 5/5)
-> ollama:qwen3.5-coder+lead:ollama:gemma4:e4b :: multi_step_multiply_and_write (rep 1/5)
-> ollama:qwen3.5-coder+lead:ollama:gemma4:e4b :: multi_step_multiply_and_write (rep 2/5)
-> ollama:qwen3.5-coder+lead:ollama:gemma4:e4b :: multi_step_multiply_and_write (rep 3/5)
-> ollama:qwen3.5-coder+lead:ollama:gemma4:e4b :: multi_step_multiply_and_write (rep 4/5)
-> ollama:qwen3.5-coder+lead:ollama:gemma4:e4b :: multi_step_multiply_and_write (rep 5/5)
-> ollama:qwen3.5-coder+lead:ollama:gemma4:e4b :: error_recovery_wrong_config_extension (rep 1/5)
-> ollama:qwen3.5-coder+lead:ollama:gemma4:e4b :: error_recovery_wrong_config_extension (rep 2/5)
-> ollama:qwen3.5-coder+lead:ollama:gemma4:e4b :: error_recovery_wrong_config_extension (rep 3/5)
-> ollama:qwen3.5-coder+lead:ollama:gemma4:e4b :: error_recovery_wrong_config_extension (rep 4/5)
-> ollama:qwen3.5-coder+lead:ollama:gemma4:e4b :: error_recovery_wrong_config_extension (rep 5/5)
-> ollama:qwen3.5-coder+lead:ollama:gemma4:e4b :: error_recovery_edit_wrong_filename (rep 1/5)
-> ollama:qwen3.5-coder+lead:ollama:gemma4:e4b :: error_recovery_edit_wrong_filename (rep 2/5)
-> ollama:qwen3.5-coder+lead:ollama:gemma4:e4b :: error_recovery_edit_wrong_filename (rep 3/5)
-> ollama:qwen3.5-coder+lead:ollama:gemma4:e4b :: error_recovery_edit_wrong_filename (rep 4/5)
-> ollama:qwen3.5-coder+lead:ollama:gemma4:e4b :: error_recovery_edit_wrong_filename (rep 5/5)
-> ollama:qwen3.5-coder+lead:ollama:gemma4:e4b :: distractor_selection_log_with_error (rep 1/5)
-> ollama:qwen3.5-coder+lead:ollama:gemma4:e4b :: distractor_selection_log_with_error (rep 2/5)
-> ollama:qwen3.5-coder+lead:ollama:gemma4:e4b :: distractor_selection_log_with_error (rep 3/5)
[2m2026-07-11T01:57:41.805696Z[0m [33m WARN[0m [1mturn[0m[1m{[0m[3msession[0m[2m=[0m764dacda-e55c-4bb7-8e7e-c3b977ee16e8[1m}[0m[2m:[0m [2mbraze_engine::engine[0m[2m:[0m model repeated an identical tool call this turn; nudging instead of re-dispatching [3mtool[0m[2m=[0mshell_exec
[2m2026-07-11T01:57:56.551574Z[0m [33m WARN[0m [1mturn[0m[1m{[0m[3msession[0m[2m=[0m764dacda-e55c-4bb7-8e7e-c3b977ee16e8[1m}[0m[2m:[0m [2mbraze_engine::engine[0m[2m:[0m model repeated an identical tool call this turn; nudging instead of re-dispatching [3mtool[0m[2m=[0mshell_exec
[2m2026-07-11T01:58:20.024641Z[0m [33m WARN[0m [1mturn[0m[1m{[0m[3msession[0m[2m=[0m764dacda-e55c-4bb7-8e7e-c3b977ee16e8[1m}[0m[2m:[0m [2mbraze_engine::engine[0m[2m:[0m model repeated an identical tool call this turn; nudging instead of re-dispatching [3mtool[0m[2m=[0mshell_exec
-> ollama:qwen3.5-coder+lead:ollama:gemma4:e4b :: distractor_selection_log_with_error (rep 4/5)
-> ollama:qwen3.5-coder+lead:ollama:gemma4:e4b :: distractor_selection_log_with_error (rep 5/5)
-> ollama:qwen3.5-coder+lead:ollama:gemma4:e4b :: distractor_selection_debug_config (rep 1/5)
-> ollama:qwen3.5-coder+lead:ollama:gemma4:e4b :: distractor_selection_debug_config (rep 2/5)
-> ollama:qwen3.5-coder+lead:ollama:gemma4:e4b :: distractor_selection_debug_config (rep 3/5)
-> ollama:qwen3.5-coder+lead:ollama:gemma4:e4b :: distractor_selection_debug_config (rep 4/5)
-> ollama:qwen3.5-coder+lead:ollama:gemma4:e4b :: distractor_selection_debug_config (rep 5/5)
-> ollama:qwen3.5-coder+plan:ollama:gemma4:e4b+lead:ollama:gemma4:e4b :: read_file_basic (rep 1/5)
-> ollama:qwen3.5-coder+plan:ollama:gemma4:e4b+lead:ollama:gemma4:e4b :: read_file_basic (rep 2/5)
-> ollama:qwen3.5-coder+plan:ollama:gemma4:e4b+lead:ollama:gemma4:e4b :: read_file_basic (rep 3/5)
-> ollama:qwen3.5-coder+plan:ollama:gemma4:e4b+lead:ollama:gemma4:e4b :: read_file_basic (rep 4/5)
-> ollama:qwen3.5-coder+plan:ollama:gemma4:e4b+lead:ollama:gemma4:e4b :: read_file_basic (rep 5/5)
-> ollama:qwen3.5-coder+plan:ollama:gemma4:e4b+lead:ollama:gemma4:e4b :: grep_basic (rep 1/5)
-> ollama:qwen3.5-coder+plan:ollama:gemma4:e4b+lead:ollama:gemma4:e4b :: grep_basic (rep 2/5)
-> ollama:qwen3.5-coder+plan:ollama:gemma4:e4b+lead:ollama:gemma4:e4b :: grep_basic (rep 3/5)
-> ollama:qwen3.5-coder+plan:ollama:gemma4:e4b+lead:ollama:gemma4:e4b :: grep_basic (rep 4/5)
-> ollama:qwen3.5-coder+plan:ollama:gemma4:e4b+lead:ollama:gemma4:e4b :: grep_basic (rep 5/5)
-> ollama:qwen3.5-coder+plan:ollama:gemma4:e4b+lead:ollama:gemma4:e4b :: glob_basic (rep 1/5)
-> ollama:qwen3.5-coder+plan:ollama:gemma4:e4b+lead:ollama:gemma4:e4b :: glob_basic (rep 2/5)
-> ollama:qwen3.5-coder+plan:ollama:gemma4:e4b+lead:ollama:gemma4:e4b :: glob_basic (rep 3/5)
-> ollama:qwen3.5-coder+plan:ollama:gemma4:e4b+lead:ollama:gemma4:e4b :: glob_basic (rep 4/5)
-> ollama:qwen3.5-coder+plan:ollama:gemma4:e4b+lead:ollama:gemma4:e4b :: glob_basic (rep 5/5)
-> ollama:qwen3.5-coder+plan:ollama:gemma4:e4b+lead:ollama:gemma4:e4b :: write_file_basic (rep 1/5)
-> ollama:qwen3.5-coder+plan:ollama:gemma4:e4b+lead:ollama:gemma4:e4b :: write_file_basic (rep 2/5)
-> ollama:qwen3.5-coder+plan:ollama:gemma4:e4b+lead:ollama:gemma4:e4b :: write_file_basic (rep 3/5)
-> ollama:qwen3.5-coder+plan:ollama:gemma4:e4b+lead:ollama:gemma4:e4b :: write_file_basic (rep 4/5)
-> ollama:qwen3.5-coder+plan:ollama:gemma4:e4b+lead:ollama:gemma4:e4b :: write_file_basic (rep 5/5)
-> ollama:qwen3.5-coder+plan:ollama:gemma4:e4b+lead:ollama:gemma4:e4b :: edit_file_basic (rep 1/5)
-> ollama:qwen3.5-coder+plan:ollama:gemma4:e4b+lead:ollama:gemma4:e4b :: edit_file_basic (rep 2/5)
-> ollama:qwen3.5-coder+plan:ollama:gemma4:e4b+lead:ollama:gemma4:e4b :: edit_file_basic (rep 3/5)
-> ollama:qwen3.5-coder+plan:ollama:gemma4:e4b+lead:ollama:gemma4:e4b :: edit_file_basic (rep 4/5)
-> ollama:qwen3.5-coder+plan:ollama:gemma4:e4b+lead:ollama:gemma4:e4b :: edit_file_basic (rep 5/5)
-> ollama:qwen3.5-coder+plan:ollama:gemma4:e4b+lead:ollama:gemma4:e4b :: shell_exec_basic (rep 1/5)
-> ollama:qwen3.5-coder+plan:ollama:gemma4:e4b+lead:ollama:gemma4:e4b :: shell_exec_basic (rep 2/5)
-> ollama:qwen3.5-coder+plan:ollama:gemma4:e4b+lead:ollama:gemma4:e4b :: shell_exec_basic (rep 3/5)
-> ollama:qwen3.5-coder+plan:ollama:gemma4:e4b+lead:ollama:gemma4:e4b :: shell_exec_basic (rep 4/5)
-> ollama:qwen3.5-coder+plan:ollama:gemma4:e4b+lead:ollama:gemma4:e4b :: shell_exec_basic (rep 5/5)
-> ollama:qwen3.5-coder+plan:ollama:gemma4:e4b+lead:ollama:gemma4:e4b :: no_tool_qa (rep 1/5)
-> ollama:qwen3.5-coder+plan:ollama:gemma4:e4b+lead:ollama:gemma4:e4b :: no_tool_qa (rep 2/5)
-> ollama:qwen3.5-coder+plan:ollama:gemma4:e4b+lead:ollama:gemma4:e4b :: no_tool_qa (rep 3/5)
-> ollama:qwen3.5-coder+plan:ollama:gemma4:e4b+lead:ollama:gemma4:e4b :: no_tool_qa (rep 4/5)
-> ollama:qwen3.5-coder+plan:ollama:gemma4:e4b+lead:ollama:gemma4:e4b :: no_tool_qa (rep 5/5)
-> ollama:qwen3.5-coder+plan:ollama:gemma4:e4b+lead:ollama:gemma4:e4b :: multi_step_read_count_write (rep 1/5)
-> ollama:qwen3.5-coder+plan:ollama:gemma4:e4b+lead:ollama:gemma4:e4b :: multi_step_read_count_write (rep 2/5)
-> ollama:qwen3.5-coder+plan:ollama:gemma4:e4b+lead:ollama:gemma4:e4b :: multi_step_read_count_write (rep 3/5)
-> ollama:qwen3.5-coder+plan:ollama:gemma4:e4b+lead:ollama:gemma4:e4b :: multi_step_read_count_write (rep 4/5)
-> ollama:qwen3.5-coder+plan:ollama:gemma4:e4b+lead:ollama:gemma4:e4b :: multi_step_read_count_write (rep 5/5)
-> ollama:qwen3.5-coder+plan:ollama:gemma4:e4b+lead:ollama:gemma4:e4b :: error_recovery_wrong_filename (rep 1/5)
-> ollama:qwen3.5-coder+plan:ollama:gemma4:e4b+lead:ollama:gemma4:e4b :: error_recovery_wrong_filename (rep 2/5)
-> ollama:qwen3.5-coder+plan:ollama:gemma4:e4b+lead:ollama:gemma4:e4b :: error_recovery_wrong_filename (rep 3/5)
-> ollama:qwen3.5-coder+plan:ollama:gemma4:e4b+lead:ollama:gemma4:e4b :: error_recovery_wrong_filename (rep 4/5)
-> ollama:qwen3.5-coder+plan:ollama:gemma4:e4b+lead:ollama:gemma4:e4b :: error_recovery_wrong_filename (rep 5/5)
-> ollama:qwen3.5-coder+plan:ollama:gemma4:e4b+lead:ollama:gemma4:e4b :: distractor_selection_among_files (rep 1/5)
-> ollama:qwen3.5-coder+plan:ollama:gemma4:e4b+lead:ollama:gemma4:e4b :: distractor_selection_among_files (rep 2/5)
-> ollama:qwen3.5-coder+plan:ollama:gemma4:e4b+lead:ollama:gemma4:e4b :: distractor_selection_among_files (rep 3/5)
-> ollama:qwen3.5-coder+plan:ollama:gemma4:e4b+lead:ollama:gemma4:e4b :: distractor_selection_among_files (rep 4/5)
-> ollama:qwen3.5-coder+plan:ollama:gemma4:e4b+lead:ollama:gemma4:e4b :: distractor_selection_among_files (rep 5/5)
-> ollama:qwen3.5-coder+plan:ollama:gemma4:e4b+lead:ollama:gemma4:e4b :: edit_file_function_body (rep 1/5)
-> ollama:qwen3.5-coder+plan:ollama:gemma4:e4b+lead:ollama:gemma4:e4b :: edit_file_function_body (rep 2/5)
-> ollama:qwen3.5-coder+plan:ollama:gemma4:e4b+lead:ollama:gemma4:e4b :: edit_file_function_body (rep 3/5)
-> ollama:qwen3.5-coder+plan:ollama:gemma4:e4b+lead:ollama:gemma4:e4b :: edit_file_function_body (rep 4/5)
-> ollama:qwen3.5-coder+plan:ollama:gemma4:e4b+lead:ollama:gemma4:e4b :: edit_file_function_body (rep 5/5)
-> ollama:qwen3.5-coder+plan:ollama:gemma4:e4b+lead:ollama:gemma4:e4b :: no_tool_capital_question (rep 1/5)
-> ollama:qwen3.5-coder+plan:ollama:gemma4:e4b+lead:ollama:gemma4:e4b :: no_tool_capital_question (rep 2/5)
-> ollama:qwen3.5-coder+plan:ollama:gemma4:e4b+lead:ollama:gemma4:e4b :: no_tool_capital_question (rep 3/5)
-> ollama:qwen3.5-coder+plan:ollama:gemma4:e4b+lead:ollama:gemma4:e4b :: no_tool_capital_question (rep 4/5)
-> ollama:qwen3.5-coder+plan:ollama:gemma4:e4b+lead:ollama:gemma4:e4b :: no_tool_capital_question (rep 5/5)
-> ollama:qwen3.5-coder+plan:ollama:gemma4:e4b+lead:ollama:gemma4:e4b :: no_tool_subtraction (rep 1/5)
-> ollama:qwen3.5-coder+plan:ollama:gemma4:e4b+lead:ollama:gemma4:e4b :: no_tool_subtraction (rep 2/5)
-> ollama:qwen3.5-coder+plan:ollama:gemma4:e4b+lead:ollama:gemma4:e4b :: no_tool_subtraction (rep 3/5)
-> ollama:qwen3.5-coder+plan:ollama:gemma4:e4b+lead:ollama:gemma4:e4b :: no_tool_subtraction (rep 4/5)
-> ollama:qwen3.5-coder+plan:ollama:gemma4:e4b+lead:ollama:gemma4:e4b :: no_tool_subtraction (rep 5/5)
-> ollama:qwen3.5-coder+plan:ollama:gemma4:e4b+lead:ollama:gemma4:e4b :: multi_step_sum_two_files (rep 1/5)
-> ollama:qwen3.5-coder+plan:ollama:gemma4:e4b+lead:ollama:gemma4:e4b :: multi_step_sum_two_files (rep 2/5)
[2m2026-07-11T02:19:02.086857Z[0m [33m WARN[0m [1mturn[0m[1m{[0m[3msession[0m[2m=[0m44abbf13-4595-4a15-8afc-666adbe2a25e[1m}[0m[2m:[0m [2mbraze_engine::engine[0m[2m:[0m model repeated an identical tool call this turn; nudging instead of re-dispatching [3mtool[0m[2m=[0mshell_exec
[2m2026-07-11T02:19:19.867418Z[0m [33m WARN[0m [1mturn[0m[1m{[0m[3msession[0m[2m=[0m44abbf13-4595-4a15-8afc-666adbe2a25e[1m}[0m[2m:[0m [2mbraze_engine::engine[0m[2m:[0m model repeated an identical tool call this turn; nudging instead of re-dispatching [3mtool[0m[2m=[0mshell_exec
[2m2026-07-11T02:19:32.799673Z[0m [33m WARN[0m [1mturn[0m[1m{[0m[3msession[0m[2m=[0m44abbf13-4595-4a15-8afc-666adbe2a25e[1m}[0m[2m:[0m [2mbraze_engine::engine[0m[2m:[0m model repeated an identical tool call this turn; nudging instead of re-dispatching [3mtool[0m[2m=[0mshell_exec
[2m2026-07-11T02:19:42.264395Z[0m [33m WARN[0m [1mturn[0m[1m{[0m[3msession[0m[2m=[0m44abbf13-4595-4a15-8afc-666adbe2a25e[1m}[0m[2m:[0m [2mbraze_engine::engine[0m[2m:[0m model repeated an identical tool call this turn; nudging instead of re-dispatching [3mtool[0m[2m=[0mshell_exec
[2m2026-07-11T02:20:09.837311Z[0m [33m WARN[0m [1mturn[0m[1m{[0m[3msession[0m[2m=[0m44abbf13-4595-4a15-8afc-666adbe2a25e[1m}[0m[2m:[0m [2mbraze_engine::engine[0m[2m:[0m model repeated an identical tool call this turn; nudging instead of re-dispatching [3mtool[0m[2m=[0mshell_exec
[2m2026-07-11T02:20:23.051737Z[0m [33m WARN[0m [1mturn[0m[1m{[0m[3msession[0m[2m=[0m44abbf13-4595-4a15-8afc-666adbe2a25e[1m}[0m[2m:[0m [2mbraze_engine::engine[0m[2m:[0m model repeated an identical tool call this turn; nudging instead of re-dispatching [3mtool[0m[2m=[0mshell_exec
[2m2026-07-11T02:20:34.498866Z[0m [33m WARN[0m [1mturn[0m[1m{[0m[3msession[0m[2m=[0m44abbf13-4595-4a15-8afc-666adbe2a25e[1m}[0m[2m:[0m [2mbraze_engine::engine[0m[2m:[0m model repeated an identical tool call this turn; nudging instead of re-dispatching [3mtool[0m[2m=[0mshell_exec
[2m2026-07-11T02:20:52.595041Z[0m [33m WARN[0m [1mturn[0m[1m{[0m[3msession[0m[2m=[0m44abbf13-4595-4a15-8afc-666adbe2a25e[1m}[0m[2m:[0m [2mbraze_engine::engine[0m[2m:[0m model repeated an identical tool call this turn; nudging instead of re-dispatching [3mtool[0m[2m=[0mshell_exec
[2m2026-07-11T02:21:11.454566Z[0m [33m WARN[0m [1mturn[0m[1m{[0m[3msession[0m[2m=[0m44abbf13-4595-4a15-8afc-666adbe2a25e[1m}[0m[2m:[0m [2mbraze_engine::engine[0m[2m:[0m model repeated an identical tool call this turn; nudging instead of re-dispatching [3mtool[0m[2m=[0mshell_exec
-> ollama:qwen3.5-coder+plan:ollama:gemma4:e4b+lead:ollama:gemma4:e4b :: multi_step_sum_two_files (rep 3/5)
[2m2026-07-11T02:22:12.052975Z[0m [33m WARN[0m [1mturn[0m[1m{[0m[3msession[0m[2m=[0ma36b510c-34b5-44f9-aef8-e66db3fbe2ff[1m}[0m[2m:[0m [2mbraze_engine::engine[0m[2m:[0m round produced neither text nor a tool call after this turn already dispatched at least one; attempting a tools-free summary round instead of discarding that progress [3mround[0m[2m=[0m3
-> ollama:qwen3.5-coder+plan:ollama:gemma4:e4b+lead:ollama:gemma4:e4b :: multi_step_sum_two_files (rep 4/5)
[2m2026-07-11T02:23:23.088156Z[0m [33m WARN[0m [1mturn[0m[1m{[0m[3msession[0m[2m=[0m5a96fea7-2b52-4e31-9465-0ac831ad9a15[1m}[0m[2m:[0m [2mbraze_engine::engine[0m[2m:[0m round produced neither text nor a tool call after this turn already dispatched at least one; attempting a tools-free summary round instead of discarding that progress [3mround[0m[2m=[0m3
-> ollama:qwen3.5-coder+plan:ollama:gemma4:e4b+lead:ollama:gemma4:e4b :: multi_step_sum_two_files (rep 5/5)
[2m2026-07-11T02:24:40.349003Z[0m [33m WARN[0m [1mturn[0m[1m{[0m[3msession[0m[2m=[0m491cc136-eadb-4869-a7fb-c5314c6e32c2[1m}[0m[2m:[0m [2mbraze_engine::engine[0m[2m:[0m round produced neither text nor a tool call after this turn already dispatched at least one; attempting a tools-free summary round instead of discarding that progress [3mround[0m[2m=[0m3
-> ollama:qwen3.5-coder+plan:ollama:gemma4:e4b+lead:ollama:gemma4:e4b :: multi_step_multiply_and_write (rep 1/5)
[2m2026-07-11T02:25:30.398182Z[0m [33m WARN[0m [1mturn[0m[1m{[0m[3msession[0m[2m=[0m0c729b13-9f71-4d45-9248-9d4274ded1a4[1m}[0m[2m:[0m [2mbraze_engine::engine[0m[2m:[0m model repeated an identical tool call this turn; nudging instead of re-dispatching [3mtool[0m[2m=[0mshell_exec
-> ollama:qwen3.5-coder+plan:ollama:gemma4:e4b+lead:ollama:gemma4:e4b :: multi_step_multiply_and_write (rep 2/5)
-> ollama:qwen3.5-coder+plan:ollama:gemma4:e4b+lead:ollama:gemma4:e4b :: multi_step_multiply_and_write (rep 3/5)
-> ollama:qwen3.5-coder+plan:ollama:gemma4:e4b+lead:ollama:gemma4:e4b :: multi_step_multiply_and_write (rep 4/5)
-> ollama:qwen3.5-coder+plan:ollama:gemma4:e4b+lead:ollama:gemma4:e4b :: multi_step_multiply_and_write (rep 5/5)
-> ollama:qwen3.5-coder+plan:ollama:gemma4:e4b+lead:ollama:gemma4:e4b :: error_recovery_wrong_config_extension (rep 1/5)
-> ollama:qwen3.5-coder+plan:ollama:gemma4:e4b+lead:ollama:gemma4:e4b :: error_recovery_wrong_config_extension (rep 2/5)
-> ollama:qwen3.5-coder+plan:ollama:gemma4:e4b+lead:ollama:gemma4:e4b :: error_recovery_wrong_config_extension (rep 3/5)
-> ollama:qwen3.5-coder+plan:ollama:gemma4:e4b+lead:ollama:gemma4:e4b :: error_recovery_wrong_config_extension (rep 4/5)
-> ollama:qwen3.5-coder+plan:ollama:gemma4:e4b+lead:ollama:gemma4:e4b :: error_recovery_wrong_config_extension (rep 5/5)
-> ollama:qwen3.5-coder+plan:ollama:gemma4:e4b+lead:ollama:gemma4:e4b :: error_recovery_edit_wrong_filename (rep 1/5)
[2m2026-07-11T02:31:11.818114Z[0m [33m WARN[0m [1mturn[0m[1m{[0m[3msession[0m[2m=[0mc72cc76e-fe6b-44b7-bcd7-a02e2fa68c09[1m}[0m[2m:[0m [2mbraze_engine::engine[0m[2m:[0m round produced neither text nor a tool call after this turn already dispatched at least one; attempting a tools-free summary round instead of discarding that progress [3mround[0m[2m=[0m3
-> ollama:qwen3.5-coder+plan:ollama:gemma4:e4b+lead:ollama:gemma4:e4b :: error_recovery_edit_wrong_filename (rep 2/5)
-> ollama:qwen3.5-coder+plan:ollama:gemma4:e4b+lead:ollama:gemma4:e4b :: error_recovery_edit_wrong_filename (rep 3/5)
-> ollama:qwen3.5-coder+plan:ollama:gemma4:e4b+lead:ollama:gemma4:e4b :: error_recovery_edit_wrong_filename (rep 4/5)
-> ollama:qwen3.5-coder+plan:ollama:gemma4:e4b+lead:ollama:gemma4:e4b :: error_recovery_edit_wrong_filename (rep 5/5)
-> ollama:qwen3.5-coder+plan:ollama:gemma4:e4b+lead:ollama:gemma4:e4b :: distractor_selection_log_with_error (rep 1/5)
-> ollama:qwen3.5-coder+plan:ollama:gemma4:e4b+lead:ollama:gemma4:e4b :: distractor_selection_log_with_error (rep 2/5)
-> ollama:qwen3.5-coder+plan:ollama:gemma4:e4b+lead:ollama:gemma4:e4b :: distractor_selection_log_with_error (rep 3/5)
-> ollama:qwen3.5-coder+plan:ollama:gemma4:e4b+lead:ollama:gemma4:e4b :: distractor_selection_log_with_error (rep 4/5)
-> ollama:qwen3.5-coder+plan:ollama:gemma4:e4b+lead:ollama:gemma4:e4b :: distractor_selection_log_with_error (rep 5/5)
-> ollama:qwen3.5-coder+plan:ollama:gemma4:e4b+lead:ollama:gemma4:e4b :: distractor_selection_debug_config (rep 1/5)
-> ollama:qwen3.5-coder+plan:ollama:gemma4:e4b+lead:ollama:gemma4:e4b :: distractor_selection_debug_config (rep 2/5)
-> ollama:qwen3.5-coder+plan:ollama:gemma4:e4b+lead:ollama:gemma4:e4b :: distractor_selection_debug_config (rep 3/5)
-> ollama:qwen3.5-coder+plan:ollama:gemma4:e4b+lead:ollama:gemma4:e4b :: distractor_selection_debug_config (rep 4/5)
-> ollama:qwen3.5-coder+plan:ollama:gemma4:e4b+lead:ollama:gemma4:e4b :: distractor_selection_debug_config (rep 5/5)

== Resultados por tarea ==
[PASS] read_file_basic          ollama:qwen2.5:3b      4312ms  rounds=2 tool_calls=1  schema_fail=0  exec_fail=0  denied=0  tokens_in=2236 tokens_out=33
[PASS] read_file_basic          ollama:qwen2.5:3b    (rep 2)   1444ms  rounds=2 tool_calls=1  schema_fail=0  exec_fail=0  denied=0  tokens_in=2236 tokens_out=33
[PASS] read_file_basic          ollama:qwen2.5:3b    (rep 3)   1426ms  rounds=2 tool_calls=1  schema_fail=0  exec_fail=0  denied=0  tokens_in=2236 tokens_out=33
[PASS] read_file_basic          ollama:qwen2.5:3b    (rep 4)   1430ms  rounds=2 tool_calls=1  schema_fail=0  exec_fail=0  denied=0  tokens_in=2236 tokens_out=33
[PASS] read_file_basic          ollama:qwen2.5:3b    (rep 5)   1412ms  rounds=2 tool_calls=1  schema_fail=0  exec_fail=0  denied=0  tokens_in=2236 tokens_out=33
[PASS] grep_basic               ollama:qwen2.5:3b      1855ms  rounds=2 tool_calls=1  schema_fail=0  exec_fail=0  denied=0  tokens_in=2262 tokens_out=54
[PASS] grep_basic               ollama:qwen2.5:3b    (rep 2)   1862ms  rounds=2 tool_calls=1  schema_fail=0  exec_fail=0  denied=0  tokens_in=2262 tokens_out=57
[PASS] grep_basic               ollama:qwen2.5:3b    (rep 3)   1835ms  rounds=2 tool_calls=1  schema_fail=0  exec_fail=0  denied=0  tokens_in=2262 tokens_out=54
[PASS] grep_basic               ollama:qwen2.5:3b    (rep 4)   1782ms  rounds=2 tool_calls=1  schema_fail=0  exec_fail=0  denied=0  tokens_in=2262 tokens_out=52
[PASS] grep_basic               ollama:qwen2.5:3b    (rep 5)   1852ms  rounds=2 tool_calls=1  schema_fail=0  exec_fail=0  denied=0  tokens_in=2262 tokens_out=54
[PASS] glob_basic               ollama:qwen2.5:3b      1638ms  rounds=2 tool_calls=1  schema_fail=0  exec_fail=0  denied=0  tokens_in=2277 tokens_out=44
[PASS] glob_basic               ollama:qwen2.5:3b    (rep 2)   1628ms  rounds=2 tool_calls=1  schema_fail=0  exec_fail=0  denied=0  tokens_in=2277 tokens_out=44
[PASS] glob_basic               ollama:qwen2.5:3b    (rep 3)   1656ms  rounds=2 tool_calls=1  schema_fail=0  exec_fail=0  denied=0  tokens_in=2277 tokens_out=44
[PASS] glob_basic               ollama:qwen2.5:3b    (rep 4)   1748ms  rounds=2 tool_calls=1  schema_fail=0  exec_fail=0  denied=0  tokens_in=2280 tokens_out=48
[PASS] glob_basic               ollama:qwen2.5:3b    (rep 5)   1619ms  rounds=2 tool_calls=1  schema_fail=0  exec_fail=0  denied=0  tokens_in=2277 tokens_out=44
[PASS] write_file_basic         ollama:qwen2.5:3b      1920ms  rounds=2 tool_calls=1  schema_fail=0  exec_fail=0  denied=0  tokens_in=2276 tokens_out=54
[PASS] write_file_basic         ollama:qwen2.5:3b    (rep 2)   1823ms  rounds=2 tool_calls=1  schema_fail=0  exec_fail=0  denied=0  tokens_in=2276 tokens_out=54
[PASS] write_file_basic         ollama:qwen2.5:3b    (rep 3)   1892ms  rounds=2 tool_calls=1  schema_fail=0  exec_fail=0  denied=0  tokens_in=2276 tokens_out=54
[PASS] write_file_basic         ollama:qwen2.5:3b    (rep 4)   1853ms  rounds=2 tool_calls=1  schema_fail=0  exec_fail=0  denied=0  tokens_in=2276 tokens_out=54
[PASS] write_file_basic         ollama:qwen2.5:3b    (rep 5)   1821ms  rounds=2 tool_calls=1  schema_fail=0  exec_fail=0  denied=0  tokens_in=2276 tokens_out=54
[PASS] edit_file_basic          ollama:qwen2.5:3b      2115ms  rounds=2 tool_calls=1  schema_fail=0  exec_fail=0  denied=0  tokens_in=2280 tokens_out=70
[PASS] edit_file_basic          ollama:qwen2.5:3b    (rep 2)   2099ms  rounds=2 tool_calls=1  schema_fail=0  exec_fail=0  denied=0  tokens_in=2280 tokens_out=70
[PASS] edit_file_basic          ollama:qwen2.5:3b    (rep 3)   2134ms  rounds=2 tool_calls=1  schema_fail=0  exec_fail=0  denied=0  tokens_in=2280 tokens_out=70
[PASS] edit_file_basic          ollama:qwen2.5:3b    (rep 4)   2115ms  rounds=2 tool_calls=1  schema_fail=0  exec_fail=0  denied=0  tokens_in=2280 tokens_out=70
[PASS] edit_file_basic          ollama:qwen2.5:3b    (rep 5)   2162ms  rounds=2 tool_calls=1  schema_fail=0  exec_fail=0  denied=0  tokens_in=2280 tokens_out=70
[FAIL] shell_exec_basic         ollama:qwen2.5:3b       934ms  rounds=1 tool_calls=0  schema_fail=0  exec_fail=0  denied=0  tokens_in=1080 tokens_out=17 [ModelBackendError] (error: model's response had no text and requested no tool calls)
[FAIL] shell_exec_basic         ollama:qwen2.5:3b    (rep 2)    934ms  rounds=1 tool_calls=0  schema_fail=0  exec_fail=0  denied=0  tokens_in=1080 tokens_out=17 [ModelBackendError] (error: model's response had no text and requested no tool calls)
[FAIL] shell_exec_basic         ollama:qwen2.5:3b    (rep 3)   1121ms  rounds=1 tool_calls=0  schema_fail=0  exec_fail=0  denied=0  tokens_in=1080 tokens_out=27 [ModelBackendError] (error: model's response had no text and requested no tool calls)
[FAIL] shell_exec_basic         ollama:qwen2.5:3b    (rep 4)    958ms  rounds=1 tool_calls=0  schema_fail=0  exec_fail=0  denied=0  tokens_in=1080 tokens_out=17 [ModelBackendError] (error: model's response had no text and requested no tool calls)
[FAIL] shell_exec_basic         ollama:qwen2.5:3b    (rep 5)    953ms  rounds=1 tool_calls=0  schema_fail=0  exec_fail=0  denied=0  tokens_in=1080 tokens_out=17 [ModelBackendError] (error: model's response had no text and requested no tool calls)
[PASS] no_tool_qa               ollama:qwen2.5:3b       653ms  rounds=1 tool_calls=0  schema_fail=0  exec_fail=0  denied=0  tokens_in=1085 tokens_out=2
[PASS] no_tool_qa               ollama:qwen2.5:3b    (rep 2)    637ms  rounds=1 tool_calls=0  schema_fail=0  exec_fail=0  denied=0  tokens_in=1085 tokens_out=2
[PASS] no_tool_qa               ollama:qwen2.5:3b    (rep 3)    711ms  rounds=1 tool_calls=0  schema_fail=0  exec_fail=0  denied=0  tokens_in=1085 tokens_out=2
[PASS] no_tool_qa               ollama:qwen2.5:3b    (rep 4)    644ms  rounds=1 tool_calls=0  schema_fail=0  exec_fail=0  denied=0  tokens_in=1085 tokens_out=2
[PASS] no_tool_qa               ollama:qwen2.5:3b    (rep 5)    639ms  rounds=1 tool_calls=0  schema_fail=0  exec_fail=0  denied=0  tokens_in=1085 tokens_out=2
[PASS] multi_step_read_count_write ollama:qwen2.5:3b      2693ms  rounds=3 tool_calls=2  schema_fail=0  exec_fail=0  denied=0  tokens_in=3596 tokens_out=89
[PASS] multi_step_read_count_write ollama:qwen2.5:3b    (rep 2)   2530ms  rounds=3 tool_calls=2  schema_fail=0  exec_fail=0  denied=0  tokens_in=3593 tokens_out=81
[PASS] multi_step_read_count_write ollama:qwen2.5:3b    (rep 3)   2731ms  rounds=3 tool_calls=2  schema_fail=0  exec_fail=0  denied=0  tokens_in=3596 tokens_out=93
[PASS] multi_step_read_count_write ollama:qwen2.5:3b    (rep 4)   2708ms  rounds=3 tool_calls=2  schema_fail=0  exec_fail=0  denied=0  tokens_in=3596 tokens_out=89
[PASS] multi_step_read_count_write ollama:qwen2.5:3b    (rep 5)   2598ms  rounds=3 tool_calls=2  schema_fail=0  exec_fail=0  denied=0  tokens_in=3593 tokens_out=85
[FAIL] error_recovery_wrong_filename ollama:qwen2.5:3b      2161ms  rounds=2 tool_calls=1  schema_fail=0  exec_fail=1  denied=0  tokens_in=2317 tokens_out=71 [AssertionText]
[FAIL] error_recovery_wrong_filename ollama:qwen2.5:3b    (rep 2)   2431ms  rounds=2 tool_calls=1  schema_fail=0  exec_fail=1  denied=0  tokens_in=2314 tokens_out=84 [AssertionText]
[FAIL] error_recovery_wrong_filename ollama:qwen2.5:3b    (rep 3)   2400ms  rounds=2 tool_calls=1  schema_fail=0  exec_fail=1  denied=0  tokens_in=2314 tokens_out=85 [AssertionText]
[FAIL] error_recovery_wrong_filename ollama:qwen2.5:3b    (rep 4)   1966ms  rounds=2 tool_calls=1  schema_fail=0  exec_fail=1  denied=0  tokens_in=2314 tokens_out=59 [AssertionText]
[FAIL] error_recovery_wrong_filename ollama:qwen2.5:3b    (rep 5)   2062ms  rounds=2 tool_calls=1  schema_fail=0  exec_fail=1  denied=0  tokens_in=2314 tokens_out=65 [AssertionText]
[FAIL] distractor_selection_among_files ollama:qwen2.5:3b      1869ms  rounds=2 tool_calls=1  schema_fail=0  exec_fail=0  denied=0  tokens_in=2321 tokens_out=56 [AssertionText]
[FAIL] distractor_selection_among_files ollama:qwen2.5:3b    (rep 2)   2426ms  rounds=2 tool_calls=1  schema_fail=0  exec_fail=0  denied=0  tokens_in=2275 tokens_out=87 [AssertionText]
[PASS] distractor_selection_among_files ollama:qwen2.5:3b    (rep 3)   1792ms  rounds=2 tool_calls=1  schema_fail=0  exec_fail=0  denied=0  tokens_in=2321 tokens_out=46
[PASS] distractor_selection_among_files ollama:qwen2.5:3b    (rep 4)   1736ms  rounds=2 tool_calls=1  schema_fail=0  exec_fail=0  denied=0  tokens_in=2321 tokens_out=47
[PASS] distractor_selection_among_files ollama:qwen2.5:3b    (rep 5)   1931ms  rounds=2 tool_calls=1  schema_fail=0  exec_fail=0  denied=0  tokens_in=2321 tokens_out=57
[PASS] edit_file_function_body  ollama:qwen2.5:3b      5000ms  rounds=3 tool_calls=2  schema_fail=0  exec_fail=1  denied=0  tokens_in=3736 tokens_out=212
[FAIL] edit_file_function_body  ollama:qwen2.5:3b    (rep 2)   3642ms  rounds=2 tool_calls=1  schema_fail=0  exec_fail=1  denied=0  tokens_in=2362 tokens_out=151 [AssertionFiles]
[FAIL] edit_file_function_body  ollama:qwen2.5:3b    (rep 3)   7485ms  rounds=3 tool_calls=2  schema_fail=1  exec_fail=1  denied=0  tokens_in=3844 tokens_out=350 [AssertionFiles]
[PASS] edit_file_function_body  ollama:qwen2.5:3b    (rep 4)   6018ms  rounds=3 tool_calls=2  schema_fail=0  exec_fail=1  denied=0  tokens_in=3779 tokens_out=269
[FAIL] edit_file_function_body  ollama:qwen2.5:3b    (rep 5)   3259ms  rounds=2 tool_calls=1  schema_fail=0  exec_fail=1  denied=0  tokens_in=2362 tokens_out=131 [AssertionFiles]
[PASS] no_tool_capital_question ollama:qwen2.5:3b       705ms  rounds=1 tool_calls=0  schema_fail=0  exec_fail=0  denied=0  tokens_in=1089 tokens_out=3
[PASS] no_tool_capital_question ollama:qwen2.5:3b    (rep 2)    678ms  rounds=1 tool_calls=0  schema_fail=0  exec_fail=0  denied=0  tokens_in=1089 tokens_out=3
[PASS] no_tool_capital_question ollama:qwen2.5:3b    (rep 3)    702ms  rounds=1 tool_calls=0  schema_fail=0  exec_fail=0  denied=0  tokens_in=1089 tokens_out=3
[PASS] no_tool_capital_question ollama:qwen2.5:3b    (rep 4)    677ms  rounds=1 tool_calls=0  schema_fail=0  exec_fail=0  denied=0  tokens_in=1089 tokens_out=3
[PASS] no_tool_capital_question ollama:qwen2.5:3b    (rep 5)    658ms  rounds=1 tool_calls=0  schema_fail=0  exec_fail=0  denied=0  tokens_in=1089 tokens_out=3
[PASS] no_tool_subtraction      ollama:qwen2.5:3b       660ms  rounds=1 tool_calls=0  schema_fail=0  exec_fail=0  denied=0  tokens_in=1087 tokens_out=2
[PASS] no_tool_subtraction      ollama:qwen2.5:3b    (rep 2)    676ms  rounds=1 tool_calls=0  schema_fail=0  exec_fail=0  denied=0  tokens_in=1087 tokens_out=2
[PASS] no_tool_subtraction      ollama:qwen2.5:3b    (rep 3)    670ms  rounds=1 tool_calls=0  schema_fail=0  exec_fail=0  denied=0  tokens_in=1087 tokens_out=2
[PASS] no_tool_subtraction      ollama:qwen2.5:3b    (rep 4)    658ms  rounds=1 tool_calls=0  schema_fail=0  exec_fail=0  denied=0  tokens_in=1087 tokens_out=2
[PASS] no_tool_subtraction      ollama:qwen2.5:3b    (rep 5)    654ms  rounds=1 tool_calls=0  schema_fail=0  exec_fail=0  denied=0  tokens_in=1087 tokens_out=2
[FAIL] multi_step_sum_two_files ollama:qwen2.5:3b      3270ms  rounds=2 tool_calls=4  schema_fail=0  exec_fail=0  denied=0  tokens_in=2716 tokens_out=123 [AssertionFiles]
[FAIL] multi_step_sum_two_files ollama:qwen2.5:3b    (rep 2)   9529ms  rounds=3 tool_calls=9  schema_fail=1  exec_fail=0  denied=0  tokens_in=4351 tokens_out=433 [AssertionFiles]
[FAIL] multi_step_sum_two_files ollama:qwen2.5:3b    (rep 3)   6068ms  rounds=2 tool_calls=4  schema_fail=1  exec_fail=0  denied=0  tokens_in=2708 tokens_out=271 [AssertionFiles]
[FAIL] multi_step_sum_two_files ollama:qwen2.5:3b    (rep 4)   4333ms  rounds=3 tool_calls=4  schema_fail=1  exec_fail=0  denied=0  tokens_in=4153 tokens_out=169 [AssertionFiles]
[FAIL] multi_step_sum_two_files ollama:qwen2.5:3b    (rep 5)   6185ms  rounds=2 tool_calls=4  schema_fail=1  exec_fail=0  denied=0  tokens_in=2700 tokens_out=276 [AssertionFiles]
[PASS] multi_step_multiply_and_write ollama:qwen2.5:3b      2797ms  rounds=3 tool_calls=2  schema_fail=0  exec_fail=0  denied=0  tokens_in=3593 tokens_out=79
[FAIL] multi_step_multiply_and_write ollama:qwen2.5:3b    (rep 2)   6972ms  rounds=6 tool_calls=7  schema_fail=4  exec_fail=1  denied=0  tokens_in=9353 tokens_out=266 [AssertionFiles]
[PASS] multi_step_multiply_and_write ollama:qwen2.5:3b    (rep 3)   2662ms  rounds=3 tool_calls=2  schema_fail=0  exec_fail=0  denied=0  tokens_in=3593 tokens_out=82
[PASS] multi_step_multiply_and_write ollama:qwen2.5:3b    (rep 4)   2566ms  rounds=3 tool_calls=2  schema_fail=0  exec_fail=0  denied=0  tokens_in=3593 tokens_out=83
[FAIL] multi_step_multiply_and_write ollama:qwen2.5:3b    (rep 5)   5005ms  rounds=4 tool_calls=4  schema_fail=3  exec_fail=0  denied=0  tokens_in=5563 tokens_out=199 [AssertionFiles]
[PASS] error_recovery_wrong_config_extension ollama:qwen2.5:3b      5599ms  rounds=4 tool_calls=3  schema_fail=0  exec_fail=2  denied=0  tokens_in=5254 tokens_out=234
[FAIL] error_recovery_wrong_config_extension ollama:qwen2.5:3b    (rep 2)   2334ms  rounds=2 tool_calls=1  schema_fail=0  exec_fail=1  denied=0  tokens_in=2322 tokens_out=81 [AssertionText]
[FAIL] error_recovery_wrong_config_extension ollama:qwen2.5:3b    (rep 3)   2526ms  rounds=2 tool_calls=1  schema_fail=0  exec_fail=1  denied=0  tokens_in=2322 tokens_out=93 [AssertionText]
[FAIL] error_recovery_wrong_config_extension ollama:qwen2.5:3b    (rep 4)   1941ms  rounds=2 tool_calls=1  schema_fail=0  exec_fail=1  denied=0  tokens_in=2323 tokens_out=58 [AssertionText]
[FAIL] error_recovery_wrong_config_extension ollama:qwen2.5:3b    (rep 5)   2320ms  rounds=2 tool_calls=1  schema_fail=0  exec_fail=1  denied=0  tokens_in=2325 tokens_out=81 [AssertionText]
[FAIL] error_recovery_edit_wrong_filename ollama:qwen2.5:3b      4402ms  rounds=3 tool_calls=2  schema_fail=0  exec_fail=0  denied=0  tokens_in=3601 tokens_out=183 [AssertionFiles]
[PASS] error_recovery_edit_wrong_filename ollama:qwen2.5:3b    (rep 2)   3190ms  rounds=3 tool_calls=2  schema_fail=0  exec_fail=0  denied=0  tokens_in=3679 tokens_out=111
[FAIL] error_recovery_edit_wrong_filename ollama:qwen2.5:3b    (rep 3)   4226ms  rounds=3 tool_calls=2  schema_fail=0  exec_fail=1  denied=0  tokens_in=3640 tokens_out=173 [AssertionFiles]
[FAIL] error_recovery_edit_wrong_filename ollama:qwen2.5:3b    (rep 4)   4338ms  rounds=3 tool_calls=2  schema_fail=0  exec_fail=0  denied=0  tokens_in=3600 tokens_out=179 [AssertionFiles]
[FAIL] error_recovery_edit_wrong_filename ollama:qwen2.5:3b    (rep 5)   4380ms  rounds=3 tool_calls=2  schema_fail=0  exec_fail=0  denied=0  tokens_in=3600 tokens_out=179 [AssertionFiles]
[PASS] distractor_selection_log_with_error ollama:qwen2.5:3b      1621ms  rounds=2 tool_calls=1  schema_fail=0  exec_fail=0  denied=0  tokens_in=2311 tokens_out=39
[PASS] distractor_selection_log_with_error ollama:qwen2.5:3b    (rep 2)   1620ms  rounds=2 tool_calls=1  schema_fail=0  exec_fail=0  denied=0  tokens_in=2311 tokens_out=39
[PASS] distractor_selection_log_with_error ollama:qwen2.5:3b    (rep 3)   1601ms  rounds=2 tool_calls=1  schema_fail=0  exec_fail=0  denied=0  tokens_in=2311 tokens_out=39
[PASS] distractor_selection_log_with_error ollama:qwen2.5:3b    (rep 4)   1578ms  rounds=2 tool_calls=1  schema_fail=0  exec_fail=0  denied=0  tokens_in=2311 tokens_out=39
[PASS] distractor_selection_log_with_error ollama:qwen2.5:3b    (rep 5)   1583ms  rounds=2 tool_calls=1  schema_fail=0  exec_fail=0  denied=0  tokens_in=2311 tokens_out=40
[PASS] distractor_selection_debug_config ollama:qwen2.5:3b      1625ms  rounds=2 tool_calls=1  schema_fail=0  exec_fail=0  denied=0  tokens_in=2287 tokens_out=42
[PASS] distractor_selection_debug_config ollama:qwen2.5:3b    (rep 2)   1645ms  rounds=2 tool_calls=1  schema_fail=0  exec_fail=0  denied=0  tokens_in=2287 tokens_out=42
[PASS] distractor_selection_debug_config ollama:qwen2.5:3b    (rep 3)   1675ms  rounds=2 tool_calls=1  schema_fail=0  exec_fail=0  denied=0  tokens_in=2287 tokens_out=42
[PASS] distractor_selection_debug_config ollama:qwen2.5:3b    (rep 4)   1644ms  rounds=2 tool_calls=1  schema_fail=0  exec_fail=0  denied=0  tokens_in=2287 tokens_out=42
[PASS] distractor_selection_debug_config ollama:qwen2.5:3b    (rep 5)   1645ms  rounds=2 tool_calls=1  schema_fail=0  exec_fail=0  denied=0  tokens_in=2287 tokens_out=42
[FAIL] read_file_basic          ollama:qwen2.5:3b+plan:ollama:gemma4:e4b  21617ms  rounds=3 tool_calls=1  schema_fail=0  exec_fail=0  denied=0  tokens_in=2852 tokens_out=174 [AssertionToolCall]
[FAIL] read_file_basic          ollama:qwen2.5:3b+plan:ollama:gemma4:e4b (rep 2)  10423ms  rounds=3 tool_calls=1  schema_fail=0  exec_fail=0  denied=0  tokens_in=2859 tokens_out=268 [AssertionToolCall]
[FAIL] read_file_basic          ollama:qwen2.5:3b+plan:ollama:gemma4:e4b (rep 3)   7596ms  rounds=3 tool_calls=1  schema_fail=0  exec_fail=0  denied=0  tokens_in=2844 tokens_out=173 [AssertionToolCall]
[FAIL] read_file_basic          ollama:qwen2.5:3b+plan:ollama:gemma4:e4b (rep 4)   8976ms  rounds=3 tool_calls=1  schema_fail=0  exec_fail=0  denied=0  tokens_in=2866 tokens_out=216 [AssertionToolCall]
[FAIL] read_file_basic          ollama:qwen2.5:3b+plan:ollama:gemma4:e4b (rep 5)   7763ms  rounds=3 tool_calls=1  schema_fail=0  exec_fail=0  denied=0  tokens_in=2848 tokens_out=176 [AssertionToolCall]
[PASS] grep_basic               ollama:qwen2.5:3b+plan:ollama:gemma4:e4b  10094ms  rounds=3 tool_calls=1  schema_fail=0  exec_fail=0  denied=0  tokens_in=2849 tokens_out=246
[PASS] grep_basic               ollama:qwen2.5:3b+plan:ollama:gemma4:e4b (rep 2)   8368ms  rounds=3 tool_calls=1  schema_fail=0  exec_fail=0  denied=0  tokens_in=2872 tokens_out=179
[PASS] grep_basic               ollama:qwen2.5:3b+plan:ollama:gemma4:e4b (rep 3)  15206ms  rounds=3 tool_calls=1  schema_fail=0  exec_fail=0  denied=0  tokens_in=2915 tokens_out=408
[PASS] grep_basic               ollama:qwen2.5:3b+plan:ollama:gemma4:e4b (rep 4)  11976ms  rounds=3 tool_calls=1  schema_fail=1  exec_fail=0  denied=0  tokens_in=3018 tokens_out=279
[PASS] grep_basic               ollama:qwen2.5:3b+plan:ollama:gemma4:e4b (rep 5)  12796ms  rounds=3 tool_calls=1  schema_fail=0  exec_fail=0  denied=0  tokens_in=2861 tokens_out=336
[PASS] glob_basic               ollama:qwen2.5:3b+plan:ollama:gemma4:e4b   8883ms  rounds=3 tool_calls=1  schema_fail=0  exec_fail=0  denied=0  tokens_in=2881 tokens_out=197
[PASS] glob_basic               ollama:qwen2.5:3b+plan:ollama:gemma4:e4b (rep 2)   7919ms  rounds=3 tool_calls=1  schema_fail=0  exec_fail=0  denied=0  tokens_in=2897 tokens_out=179
[PASS] glob_basic               ollama:qwen2.5:3b+plan:ollama:gemma4:e4b (rep 3)   8060ms  rounds=3 tool_calls=1  schema_fail=0  exec_fail=0  denied=0  tokens_in=2881 tokens_out=175
[PASS] glob_basic               ollama:qwen2.5:3b+plan:ollama:gemma4:e4b (rep 4)  10272ms  rounds=3 tool_calls=1  schema_fail=0  exec_fail=0  denied=0  tokens_in=2893 tokens_out=241
[PASS] glob_basic               ollama:qwen2.5:3b+plan:ollama:gemma4:e4b (rep 5)   6869ms  rounds=3 tool_calls=1  schema_fail=0  exec_fail=0  denied=0  tokens_in=2874 tokens_out=140
[PASS] write_file_basic         ollama:qwen2.5:3b+plan:ollama:gemma4:e4b   8078ms  rounds=3 tool_calls=1  schema_fail=0  exec_fail=0  denied=0  tokens_in=2868 tokens_out=177
[PASS] write_file_basic         ollama:qwen2.5:3b+plan:ollama:gemma4:e4b (rep 2)   7309ms  rounds=3 tool_calls=1  schema_fail=0  exec_fail=0  denied=0  tokens_in=2864 tokens_out=155
[PASS] write_file_basic         ollama:qwen2.5:3b+plan:ollama:gemma4:e4b (rep 3)   7385ms  rounds=3 tool_calls=1  schema_fail=0  exec_fail=0  denied=0  tokens_in=2872 tokens_out=160
[PASS] write_file_basic         ollama:qwen2.5:3b+plan:ollama:gemma4:e4b (rep 4)   7254ms  rounds=3 tool_calls=1  schema_fail=0  exec_fail=0  denied=0  tokens_in=2864 tokens_out=155
[PASS] write_file_basic         ollama:qwen2.5:3b+plan:ollama:gemma4:e4b (rep 5)   8151ms  rounds=3 tool_calls=1  schema_fail=0  exec_fail=0  denied=0  tokens_in=2867 tokens_out=184
[PASS] edit_file_basic          ollama:qwen2.5:3b+plan:ollama:gemma4:e4b   8857ms  rounds=3 tool_calls=1  schema_fail=0  exec_fail=0  denied=0  tokens_in=2876 tokens_out=198
[PASS] edit_file_basic          ollama:qwen2.5:3b+plan:ollama:gemma4:e4b (rep 2)  11602ms  rounds=3 tool_calls=1  schema_fail=0  exec_fail=0  denied=0  tokens_in=2876 tokens_out=298
[PASS] edit_file_basic          ollama:qwen2.5:3b+plan:ollama:gemma4:e4b (rep 3)   8988ms  rounds=3 tool_calls=1  schema_fail=0  exec_fail=0  denied=0  tokens_in=2876 tokens_out=197
[PASS] edit_file_basic          ollama:qwen2.5:3b+plan:ollama:gemma4:e4b (rep 4)  12375ms  rounds=3 tool_calls=1  schema_fail=0  exec_fail=0  denied=0  tokens_in=2876 tokens_out=310
[PASS] edit_file_basic          ollama:qwen2.5:3b+plan:ollama:gemma4:e4b (rep 5)   8770ms  rounds=3 tool_calls=1  schema_fail=0  exec_fail=0  denied=0  tokens_in=2876 tokens_out=199
[PASS] shell_exec_basic         ollama:qwen2.5:3b+plan:ollama:gemma4:e4b   6019ms  rounds=3 tool_calls=1  schema_fail=0  exec_fail=0  denied=0  tokens_in=2840 tokens_out=115
[FAIL] shell_exec_basic         ollama:qwen2.5:3b+plan:ollama:gemma4:e4b (rep 2)   4697ms  rounds=2 tool_calls=0  schema_fail=0  exec_fail=0  denied=0  tokens_in=1653 tokens_out=90 [AssertionToolCall]
[PASS] shell_exec_basic         ollama:qwen2.5:3b+plan:ollama:gemma4:e4b (rep 3)   5928ms  rounds=3 tool_calls=1  schema_fail=0  exec_fail=0  denied=0  tokens_in=2840 tokens_out=115
[PASS] shell_exec_basic         ollama:qwen2.5:3b+plan:ollama:gemma4:e4b (rep 4)   6087ms  rounds=3 tool_calls=1  schema_fail=0  exec_fail=0  denied=0  tokens_in=2840 tokens_out=115
[FAIL] shell_exec_basic         ollama:qwen2.5:3b+plan:ollama:gemma4:e4b (rep 5)   4708ms  rounds=2 tool_calls=0  schema_fail=0  exec_fail=0  denied=0  tokens_in=1653 tokens_out=90 [AssertionToolCall]
[FAIL] no_tool_qa               ollama:qwen2.5:3b+plan:ollama:gemma4:e4b   3653ms  rounds=2 tool_calls=0  schema_fail=0  exec_fail=0  denied=0  tokens_in=1642 tokens_out=49 [ModelBackendError] (error: model's response had no text and requested no tool calls)
[FAIL] no_tool_qa               ollama:qwen2.5:3b+plan:ollama:gemma4:e4b (rep 2)   3769ms  rounds=2 tool_calls=0  schema_fail=0  exec_fail=0  denied=0  tokens_in=1642 tokens_out=56 [ModelBackendError] (error: model's response had no text and requested no tool calls)
[FAIL] no_tool_qa               ollama:qwen2.5:3b+plan:ollama:gemma4:e4b (rep 3)   3634ms  rounds=2 tool_calls=0  schema_fail=0  exec_fail=0  denied=0  tokens_in=1642 tokens_out=53 [ModelBackendError] (error: model's response had no text and requested no tool calls)
[FAIL] no_tool_qa               ollama:qwen2.5:3b+plan:ollama:gemma4:e4b (rep 4)   3910ms  rounds=2 tool_calls=0  schema_fail=0  exec_fail=0  denied=0  tokens_in=1642 tokens_out=63 [ModelBackendError] (error: model's response had no text and requested no tool calls)
[FAIL] no_tool_qa               ollama:qwen2.5:3b+plan:ollama:gemma4:e4b (rep 5)   3388ms  rounds=2 tool_calls=0  schema_fail=0  exec_fail=0  denied=0  tokens_in=1642 tokens_out=45 [ModelBackendError] (error: model's response had no text and requested no tool calls)
[FAIL] multi_step_read_count_write ollama:qwen2.5:3b+plan:ollama:gemma4:e4b  17457ms  rounds=3 tool_calls=1  schema_fail=0  exec_fail=0  denied=0  tokens_in=3053 tokens_out=467 [AssertionFiles]
[FAIL] multi_step_read_count_write ollama:qwen2.5:3b+plan:ollama:gemma4:e4b (rep 2)  29359ms  rounds=3 tool_calls=1  schema_fail=0  exec_fail=1  denied=0  tokens_in=3070 tokens_out=870 [AssertionFiles]
[FAIL] multi_step_read_count_write ollama:qwen2.5:3b+plan:ollama:gemma4:e4b (rep 3)  28817ms  rounds=3 tool_calls=1  schema_fail=0  exec_fail=1  denied=0  tokens_in=3169 tokens_out=821 [AssertionFiles]
[PASS] multi_step_read_count_write ollama:qwen2.5:3b+plan:ollama:gemma4:e4b (rep 4)  14894ms  rounds=4 tool_calls=2  schema_fail=0  exec_fail=0  denied=0  tokens_in=4373 tokens_out=375
[FAIL] multi_step_read_count_write ollama:qwen2.5:3b+plan:ollama:gemma4:e4b (rep 5)  13296ms  rounds=2 tool_calls=0  schema_fail=0  exec_fail=0  denied=0  tokens_in=1772 tokens_out=388 [ModelBackendError] (error: model's response had no text and requested no tool calls)
[FAIL] error_recovery_wrong_filename ollama:qwen2.5:3b+plan:ollama:gemma4:e4b  17114ms  rounds=4 tool_calls=2  schema_fail=0  exec_fail=1  denied=0  tokens_in=4413 tokens_out=434 [AssertionText]
[FAIL] error_recovery_wrong_filename ollama:qwen2.5:3b+plan:ollama:gemma4:e4b (rep 2)  13864ms  rounds=3 tool_calls=1  schema_fail=0  exec_fail=0  denied=0  tokens_in=3014 tokens_out=372 [AssertionText]
[PASS] error_recovery_wrong_filename ollama:qwen2.5:3b+plan:ollama:gemma4:e4b (rep 3)  14585ms  rounds=4 tool_calls=2  schema_fail=0  exec_fail=0  denied=0  tokens_in=4381 tokens_out=363
[FAIL] error_recovery_wrong_filename ollama:qwen2.5:3b+plan:ollama:gemma4:e4b (rep 4)  25485ms  rounds=6 tool_calls=4  schema_fail=1  exec_fail=1  denied=0  tokens_in=7908 tokens_out=641 [AssertionText]
[FAIL] error_recovery_wrong_filename ollama:qwen2.5:3b+plan:ollama:gemma4:e4b (rep 5)  20191ms  rounds=4 tool_calls=2  schema_fail=0  exec_fail=1  denied=0  tokens_in=4506 tokens_out=528 [AssertionText]
[PASS] distractor_selection_among_files ollama:qwen2.5:3b+plan:ollama:gemma4:e4b  13761ms  rounds=3 tool_calls=1  schema_fail=0  exec_fail=0  denied=0  tokens_in=2982 tokens_out=361
[PASS] distractor_selection_among_files ollama:qwen2.5:3b+plan:ollama:gemma4:e4b (rep 2)   7492ms  rounds=3 tool_calls=1  schema_fail=0  exec_fail=0  denied=0  tokens_in=3024 tokens_out=159
[PASS] distractor_selection_among_files ollama:qwen2.5:3b+plan:ollama:gemma4:e4b (rep 3)   9962ms  rounds=3 tool_calls=1  schema_fail=0  exec_fail=0  denied=0  tokens_in=2999 tokens_out=234
[PASS] distractor_selection_among_files ollama:qwen2.5:3b+plan:ollama:gemma4:e4b (rep 4)   7112ms  rounds=3 tool_calls=1  schema_fail=0  exec_fail=0  denied=0  tokens_in=2949 tokens_out=149
[FAIL] distractor_selection_among_files ollama:qwen2.5:3b+plan:ollama:gemma4:e4b (rep 5)  16841ms  rounds=3 tool_calls=1  schema_fail=0  exec_fail=1  denied=0  tokens_in=3042 tokens_out=445 [AssertionText]
[PASS] edit_file_function_body  ollama:qwen2.5:3b+plan:ollama:gemma4:e4b  11604ms  rounds=3 tool_calls=1  schema_fail=0  exec_fail=0  denied=0  tokens_in=2897 tokens_out=275
[FAIL] edit_file_function_body  ollama:qwen2.5:3b+plan:ollama:gemma4:e4b (rep 2)  27516ms  rounds=6 tool_calls=4  schema_fail=2  exec_fail=2  denied=0  tokens_in=7850 tokens_out=696 [AssertionFiles]
[PASS] edit_file_function_body  ollama:qwen2.5:3b+plan:ollama:gemma4:e4b (rep 3)  10856ms  rounds=3 tool_calls=1  schema_fail=0  exec_fail=0  denied=0  tokens_in=2895 tokens_out=261
[PASS] edit_file_function_body  ollama:qwen2.5:3b+plan:ollama:gemma4:e4b (rep 4)  12374ms  rounds=3 tool_calls=1  schema_fail=0  exec_fail=0  denied=0  tokens_in=2901 tokens_out=314
[PASS] edit_file_function_body  ollama:qwen2.5:3b+plan:ollama:gemma4:e4b (rep 5)  11637ms  rounds=3 tool_calls=1  schema_fail=0  exec_fail=0  denied=0  tokens_in=2905 tokens_out=292
[PASS] no_tool_capital_question ollama:qwen2.5:3b+plan:ollama:gemma4:e4b   4615ms  rounds=2 tool_calls=0  schema_fail=0  exec_fail=0  denied=0  tokens_in=1652 tokens_out=89
[PASS] no_tool_capital_question ollama:qwen2.5:3b+plan:ollama:gemma4:e4b (rep 2)   3893ms  rounds=2 tool_calls=0  schema_fail=0  exec_fail=0  denied=0  tokens_in=1652 tokens_out=59
[PASS] no_tool_capital_question ollama:qwen2.5:3b+plan:ollama:gemma4:e4b (rep 3)   4213ms  rounds=2 tool_calls=0  schema_fail=0  exec_fail=0  denied=0  tokens_in=1652 tokens_out=69
[PASS] no_tool_capital_question ollama:qwen2.5:3b+plan:ollama:gemma4:e4b (rep 4)   3823ms  rounds=2 tool_calls=0  schema_fail=0  exec_fail=0  denied=0  tokens_in=1652 tokens_out=53
[PASS] no_tool_capital_question ollama:qwen2.5:3b+plan:ollama:gemma4:e4b (rep 5)   4191ms  rounds=2 tool_calls=0  schema_fail=0  exec_fail=0  denied=0  tokens_in=1652 tokens_out=69
[FAIL] no_tool_subtraction      ollama:qwen2.5:3b+plan:ollama:gemma4:e4b   3631ms  rounds=2 tool_calls=0  schema_fail=0  exec_fail=0  denied=0  tokens_in=1647 tokens_out=48 [ModelBackendError] (error: model's response had no text and requested no tool calls)
[FAIL] no_tool_subtraction      ollama:qwen2.5:3b+plan:ollama:gemma4:e4b (rep 2)   4354ms  rounds=2 tool_calls=0  schema_fail=0  exec_fail=0  denied=0  tokens_in=1647 tokens_out=77 [ModelBackendError] (error: model's response had no text and requested no tool calls)
[PASS] no_tool_subtraction      ollama:qwen2.5:3b+plan:ollama:gemma4:e4b (rep 3)   4330ms  rounds=2 tool_calls=0  schema_fail=0  exec_fail=0  denied=0  tokens_in=1647 tokens_out=75
[PASS] no_tool_subtraction      ollama:qwen2.5:3b+plan:ollama:gemma4:e4b (rep 4)   3790ms  rounds=2 tool_calls=0  schema_fail=0  exec_fail=0  denied=0  tokens_in=1647 tokens_out=59
[FAIL] no_tool_subtraction      ollama:qwen2.5:3b+plan:ollama:gemma4:e4b (rep 5)   4274ms  rounds=2 tool_calls=0  schema_fail=0  exec_fail=0  denied=0  tokens_in=1647 tokens_out=75 [ModelBackendError] (error: model's response had no text and requested no tool calls)
[FAIL] multi_step_sum_two_files ollama:qwen2.5:3b+plan:ollama:gemma4:e4b  22366ms  rounds=2 tool_calls=0  schema_fail=0  exec_fail=0  denied=0  tokens_in=1791 tokens_out=668 [AssertionFiles]
[FAIL] multi_step_sum_two_files ollama:qwen2.5:3b+plan:ollama:gemma4:e4b (rep 2)  18462ms  rounds=5 tool_calls=3  schema_fail=1  exec_fail=0  denied=0  tokens_in=5912 tokens_out=469 [AssertionFiles]
[FAIL] multi_step_sum_two_files ollama:qwen2.5:3b+plan:ollama:gemma4:e4b (rep 3)  34168ms  rounds=3 tool_calls=1  schema_fail=0  exec_fail=0  denied=0  tokens_in=3082 tokens_out=1038 [AssertionFiles]
[FAIL] multi_step_sum_two_files ollama:qwen2.5:3b+plan:ollama:gemma4:e4b (rep 4)  23802ms  rounds=3 tool_calls=1  schema_fail=0  exec_fail=0  denied=0  tokens_in=3063 tokens_out=701 [AssertionFiles]
[FAIL] multi_step_sum_two_files ollama:qwen2.5:3b+plan:ollama:gemma4:e4b (rep 5)  33337ms  rounds=4 tool_calls=1  schema_fail=0  exec_fail=0  denied=0  tokens_in=3549 tokens_out=976 [AssertionFiles]
[FAIL] multi_step_multiply_and_write ollama:qwen2.5:3b+plan:ollama:gemma4:e4b  22216ms  rounds=5 tool_calls=3  schema_fail=0  exec_fail=0  denied=0  tokens_in=5965 tokens_out=573 [AssertionFiles]
[FAIL] multi_step_multiply_and_write ollama:qwen2.5:3b+plan:ollama:gemma4:e4b (rep 2)  15186ms  rounds=3 tool_calls=1  schema_fail=0  exec_fail=0  denied=0  tokens_in=3041 tokens_out=407 [AssertionFiles]
[FAIL] multi_step_multiply_and_write ollama:qwen2.5:3b+plan:ollama:gemma4:e4b (rep 3)  15915ms  rounds=3 tool_calls=1  schema_fail=0  exec_fail=0  denied=0  tokens_in=3021 tokens_out=426 [AssertionFiles]
[PASS] multi_step_multiply_and_write ollama:qwen2.5:3b+plan:ollama:gemma4:e4b (rep 4)  19974ms  rounds=4 tool_calls=2  schema_fail=0  exec_fail=0  denied=0  tokens_in=4390 tokens_out=521
[FAIL] multi_step_multiply_and_write ollama:qwen2.5:3b+plan:ollama:gemma4:e4b (rep 5)  14315ms  rounds=3 tool_calls=1  schema_fail=0  exec_fail=0  denied=0  tokens_in=3045 tokens_out=378 [AssertionFiles]
[FAIL] error_recovery_wrong_config_extension ollama:qwen2.5:3b+plan:ollama:gemma4:e4b  17472ms  rounds=4 tool_calls=2  schema_fail=0  exec_fail=1  denied=1  tokens_in=4541 tokens_out=455 [AssertionText]
[FAIL] error_recovery_wrong_config_extension ollama:qwen2.5:3b+plan:ollama:gemma4:e4b (rep 2)  23557ms  rounds=5 tool_calls=3  schema_fail=0  exec_fail=1  denied=1  tokens_in=5987 tokens_out=599 [AssertionText]
[FAIL] error_recovery_wrong_config_extension ollama:qwen2.5:3b+plan:ollama:gemma4:e4b (rep 3)  15878ms  rounds=3 tool_calls=1  schema_fail=0  exec_fail=0  denied=0  tokens_in=3083 tokens_out=425 [AssertionText]
[FAIL] error_recovery_wrong_config_extension ollama:qwen2.5:3b+plan:ollama:gemma4:e4b (rep 4)  27093ms  rounds=6 tool_calls=4  schema_fail=0  exec_fail=2  denied=1  tokens_in=7722 tokens_out=681 [AssertionText]
[FAIL] error_recovery_wrong_config_extension ollama:qwen2.5:3b+plan:ollama:gemma4:e4b (rep 5)  13085ms  rounds=3 tool_calls=1  schema_fail=0  exec_fail=0  denied=0  tokens_in=3097 tokens_out=345 [AssertionText]
[PASS] error_recovery_edit_wrong_filename ollama:qwen2.5:3b+plan:ollama:gemma4:e4b  20331ms  rounds=4 tool_calls=2  schema_fail=0  exec_fail=0  denied=0  tokens_in=4475 tokens_out=529
[FAIL] error_recovery_edit_wrong_filename ollama:qwen2.5:3b+plan:ollama:gemma4:e4b (rep 2)  20481ms  rounds=3 tool_calls=1  schema_fail=0  exec_fail=0  denied=0  tokens_in=3083 tokens_out=577 [AssertionFiles]
[PASS] error_recovery_edit_wrong_filename ollama:qwen2.5:3b+plan:ollama:gemma4:e4b (rep 3)  20018ms  rounds=4 tool_calls=2  schema_fail=0  exec_fail=0  denied=0  tokens_in=4453 tokens_out=525
[FAIL] error_recovery_edit_wrong_filename ollama:qwen2.5:3b+plan:ollama:gemma4:e4b (rep 4)  36204ms  rounds=6 tool_calls=4  schema_fail=3  exec_fail=0  denied=0  tokens_in=7903 tokens_out=985 [AssertionFiles]
[FAIL] error_recovery_edit_wrong_filename ollama:qwen2.5:3b+plan:ollama:gemma4:e4b (rep 5)  21417ms  rounds=4 tool_calls=2  schema_fail=0  exec_fail=1  denied=0  tokens_in=4474 tokens_out=586 [AssertionFiles]
[PASS] distractor_selection_log_with_error ollama:qwen2.5:3b+plan:ollama:gemma4:e4b  12522ms  rounds=3 tool_calls=1  schema_fail=0  exec_fail=0  denied=0  tokens_in=3052 tokens_out=287
[PASS] distractor_selection_log_with_error ollama:qwen2.5:3b+plan:ollama:gemma4:e4b (rep 2)  15923ms  rounds=4 tool_calls=2  schema_fail=1  exec_fail=0  denied=0  tokens_in=4555 tokens_out=382
[FAIL] distractor_selection_log_with_error ollama:qwen2.5:3b+plan:ollama:gemma4:e4b (rep 3)   6412ms  rounds=2 tool_calls=0  schema_fail=0  exec_fail=0  denied=0  tokens_in=1719 tokens_out=147 [AssertionText]
[FAIL] distractor_selection_log_with_error ollama:qwen2.5:3b+plan:ollama:gemma4:e4b (rep 4)  10219ms  rounds=3 tool_calls=1  schema_fail=0  exec_fail=1  denied=0  tokens_in=2986 tokens_out=226 [AssertionText]
[FAIL] distractor_selection_log_with_error ollama:qwen2.5:3b+plan:ollama:gemma4:e4b (rep 5)  14401ms  rounds=3 tool_calls=1  schema_fail=0  exec_fail=1  denied=0  tokens_in=2991 tokens_out=377 [AssertionText]
[FAIL] distractor_selection_debug_config ollama:qwen2.5:3b+plan:ollama:gemma4:e4b   9402ms  rounds=3 tool_calls=1  schema_fail=0  exec_fail=0  denied=0  tokens_in=2890 tokens_out=208 [AssertionText]
[FAIL] distractor_selection_debug_config ollama:qwen2.5:3b+plan:ollama:gemma4:e4b (rep 2)  18455ms  rounds=3 tool_calls=1  schema_fail=0  exec_fail=0  denied=0  tokens_in=2973 tokens_out=504 [AssertionText]
[PASS] distractor_selection_debug_config ollama:qwen2.5:3b+plan:ollama:gemma4:e4b (rep 3)  10187ms  rounds=3 tool_calls=1  schema_fail=0  exec_fail=0  denied=0  tokens_in=2928 tokens_out=241
[PASS] distractor_selection_debug_config ollama:qwen2.5:3b+plan:ollama:gemma4:e4b (rep 4)  14505ms  rounds=3 tool_calls=1  schema_fail=0  exec_fail=0  denied=0  tokens_in=2930 tokens_out=400
[FAIL] distractor_selection_debug_config ollama:qwen2.5:3b+plan:ollama:gemma4:e4b (rep 5)  11540ms  rounds=4 tool_calls=2  schema_fail=0  exec_fail=0  denied=0  tokens_in=4212 tokens_out=259 [AssertionText]
[FAIL] read_file_basic          ollama:qwen2.5:3b+lead:ollama:gemma4:e4b  10248ms  rounds=2 tool_calls=1  schema_fail=0  exec_fail=0  denied=0  tokens_in=2326 tokens_out=283 [AssertionToolCall]
[FAIL] read_file_basic          ollama:qwen2.5:3b+lead:ollama:gemma4:e4b (rep 2)   7744ms  rounds=2 tool_calls=1  schema_fail=0  exec_fail=0  denied=0  tokens_in=2326 tokens_out=208 [AssertionToolCall]
[FAIL] read_file_basic          ollama:qwen2.5:3b+lead:ollama:gemma4:e4b (rep 3)   9044ms  rounds=2 tool_calls=1  schema_fail=0  exec_fail=0  denied=0  tokens_in=2326 tokens_out=249 [AssertionToolCall]
[FAIL] read_file_basic          ollama:qwen2.5:3b+lead:ollama:gemma4:e4b (rep 4)   6315ms  rounds=2 tool_calls=1  schema_fail=0  exec_fail=0  denied=0  tokens_in=2326 tokens_out=160 [AssertionToolCall]
[FAIL] read_file_basic          ollama:qwen2.5:3b+lead:ollama:gemma4:e4b (rep 5)   9835ms  rounds=2 tool_calls=1  schema_fail=0  exec_fail=0  denied=0  tokens_in=2326 tokens_out=278 [AssertionToolCall]
[PASS] grep_basic               ollama:qwen2.5:3b+lead:ollama:gemma4:e4b   8230ms  rounds=2 tool_calls=1  schema_fail=0  exec_fail=0  denied=0  tokens_in=2312 tokens_out=224
[PASS] grep_basic               ollama:qwen2.5:3b+lead:ollama:gemma4:e4b (rep 2)  11757ms  rounds=2 tool_calls=1  schema_fail=0  exec_fail=0  denied=0  tokens_in=2312 tokens_out=342
[PASS] grep_basic               ollama:qwen2.5:3b+lead:ollama:gemma4:e4b (rep 3)   8089ms  rounds=2 tool_calls=1  schema_fail=0  exec_fail=0  denied=0  tokens_in=2312 tokens_out=220
[PASS] grep_basic               ollama:qwen2.5:3b+lead:ollama:gemma4:e4b (rep 4)  11155ms  rounds=2 tool_calls=1  schema_fail=0  exec_fail=0  denied=0  tokens_in=2312 tokens_out=322
[PASS] grep_basic               ollama:qwen2.5:3b+lead:ollama:gemma4:e4b (rep 5)   8129ms  rounds=2 tool_calls=1  schema_fail=0  exec_fail=0  denied=0  tokens_in=2312 tokens_out=222
[PASS] glob_basic               ollama:qwen2.5:3b+lead:ollama:gemma4:e4b  10293ms  rounds=2 tool_calls=1  schema_fail=0  exec_fail=0  denied=0  tokens_in=2348 tokens_out=290
[PASS] glob_basic               ollama:qwen2.5:3b+lead:ollama:gemma4:e4b (rep 2)   6021ms  rounds=2 tool_calls=1  schema_fail=0  exec_fail=0  denied=0  tokens_in=2348 tokens_out=147
[PASS] glob_basic               ollama:qwen2.5:3b+lead:ollama:gemma4:e4b (rep 3)   6355ms  rounds=2 tool_calls=1  schema_fail=0  exec_fail=0  denied=0  tokens_in=2348 tokens_out=159
[PASS] glob_basic               ollama:qwen2.5:3b+lead:ollama:gemma4:e4b (rep 4)   6071ms  rounds=2 tool_calls=1  schema_fail=0  exec_fail=0  denied=0  tokens_in=2348 tokens_out=152
[PASS] glob_basic               ollama:qwen2.5:3b+lead:ollama:gemma4:e4b (rep 5)   6185ms  rounds=2 tool_calls=1  schema_fail=0  exec_fail=0  denied=0  tokens_in=2348 tokens_out=154
[PASS] write_file_basic         ollama:qwen2.5:3b+lead:ollama:gemma4:e4b   4529ms  rounds=2 tool_calls=1  schema_fail=0  exec_fail=0  denied=0  tokens_in=2351 tokens_out=95
[PASS] write_file_basic         ollama:qwen2.5:3b+lead:ollama:gemma4:e4b (rep 2)   4506ms  rounds=2 tool_calls=1  schema_fail=0  exec_fail=0  denied=0  tokens_in=2351 tokens_out=97
[PASS] write_file_basic         ollama:qwen2.5:3b+lead:ollama:gemma4:e4b (rep 3)   4410ms  rounds=2 tool_calls=1  schema_fail=0  exec_fail=0  denied=0  tokens_in=2351 tokens_out=95
[PASS] write_file_basic         ollama:qwen2.5:3b+lead:ollama:gemma4:e4b (rep 4)   4507ms  rounds=2 tool_calls=1  schema_fail=0  exec_fail=0  denied=0  tokens_in=2351 tokens_out=98
[PASS] write_file_basic         ollama:qwen2.5:3b+lead:ollama:gemma4:e4b (rep 5)   4478ms  rounds=2 tool_calls=1  schema_fail=0  exec_fail=0  denied=0  tokens_in=2351 tokens_out=95
[PASS] edit_file_basic          ollama:qwen2.5:3b+lead:ollama:gemma4:e4b   6739ms  rounds=2 tool_calls=1  schema_fail=0  exec_fail=0  denied=0  tokens_in=2365 tokens_out=173
[PASS] edit_file_basic          ollama:qwen2.5:3b+lead:ollama:gemma4:e4b (rep 2)   5398ms  rounds=2 tool_calls=1  schema_fail=0  exec_fail=0  denied=0  tokens_in=2365 tokens_out=125
[PASS] edit_file_basic          ollama:qwen2.5:3b+lead:ollama:gemma4:e4b (rep 3)   6495ms  rounds=2 tool_calls=1  schema_fail=0  exec_fail=0  denied=0  tokens_in=2365 tokens_out=166
[PASS] edit_file_basic          ollama:qwen2.5:3b+lead:ollama:gemma4:e4b (rep 4)   4845ms  rounds=2 tool_calls=1  schema_fail=0  exec_fail=0  denied=0  tokens_in=2365 tokens_out=109
[PASS] edit_file_basic          ollama:qwen2.5:3b+lead:ollama:gemma4:e4b (rep 5)   6668ms  rounds=2 tool_calls=1  schema_fail=0  exec_fail=0  denied=0  tokens_in=2365 tokens_out=173
[PASS] shell_exec_basic         ollama:qwen2.5:3b+lead:ollama:gemma4:e4b   5913ms  rounds=2 tool_calls=1  schema_fail=0  exec_fail=0  denied=0  tokens_in=2323 tokens_out=142
[PASS] shell_exec_basic         ollama:qwen2.5:3b+lead:ollama:gemma4:e4b (rep 2)   6058ms  rounds=2 tool_calls=1  schema_fail=0  exec_fail=0  denied=0  tokens_in=2323 tokens_out=151
[PASS] shell_exec_basic         ollama:qwen2.5:3b+lead:ollama:gemma4:e4b (rep 3)   5702ms  rounds=2 tool_calls=1  schema_fail=0  exec_fail=0  denied=0  tokens_in=2323 tokens_out=140
[PASS] shell_exec_basic         ollama:qwen2.5:3b+lead:ollama:gemma4:e4b (rep 4)   7313ms  rounds=2 tool_calls=1  schema_fail=0  exec_fail=0  denied=0  tokens_in=2323 tokens_out=193
[PASS] shell_exec_basic         ollama:qwen2.5:3b+lead:ollama:gemma4:e4b (rep 5)   5713ms  rounds=2 tool_calls=1  schema_fail=0  exec_fail=0  denied=0  tokens_in=2323 tokens_out=139
[PASS] no_tool_qa               ollama:qwen2.5:3b+lead:ollama:gemma4:e4b   4551ms  rounds=1 tool_calls=0  schema_fail=0  exec_fail=0  denied=0  tokens_in=1121 tokens_out=113
[PASS] no_tool_qa               ollama:qwen2.5:3b+lead:ollama:gemma4:e4b (rep 2)   2626ms  rounds=1 tool_calls=0  schema_fail=0  exec_fail=0  denied=0  tokens_in=1121 tokens_out=50
[PASS] no_tool_qa               ollama:qwen2.5:3b+lead:ollama:gemma4:e4b (rep 3)   4441ms  rounds=1 tool_calls=0  schema_fail=0  exec_fail=0  denied=0  tokens_in=1121 tokens_out=113
[PASS] no_tool_qa               ollama:qwen2.5:3b+lead:ollama:gemma4:e4b (rep 4)   2584ms  rounds=1 tool_calls=0  schema_fail=0  exec_fail=0  denied=0  tokens_in=1121 tokens_out=50
[PASS] no_tool_qa               ollama:qwen2.5:3b+lead:ollama:gemma4:e4b (rep 5)   4448ms  rounds=1 tool_calls=0  schema_fail=0  exec_fail=0  denied=0  tokens_in=1121 tokens_out=112
[PASS] multi_step_read_count_write ollama:qwen2.5:3b+lead:ollama:gemma4:e4b  10943ms  rounds=3 tool_calls=2  schema_fail=0  exec_fail=0  denied=0  tokens_in=3731 tokens_out=286
[PASS] multi_step_read_count_write ollama:qwen2.5:3b+lead:ollama:gemma4:e4b (rep 2)  19757ms  rounds=3 tool_calls=2  schema_fail=0  exec_fail=0  denied=0  tokens_in=3731 tokens_out=590
[PASS] multi_step_read_count_write ollama:qwen2.5:3b+lead:ollama:gemma4:e4b (rep 3)  14697ms  rounds=3 tool_calls=2  schema_fail=0  exec_fail=0  denied=0  tokens_in=3731 tokens_out=420
[PASS] multi_step_read_count_write ollama:qwen2.5:3b+lead:ollama:gemma4:e4b (rep 4)  68252ms  rounds=7 tool_calls=6  schema_fail=2  exec_fail=2  denied=2  tokens_in=10229 tokens_out=1979
[PASS] multi_step_read_count_write ollama:qwen2.5:3b+lead:ollama:gemma4:e4b (rep 5)  16725ms  rounds=3 tool_calls=2  schema_fail=0  exec_fail=0  denied=0  tokens_in=3731 tokens_out=491
[PASS] error_recovery_wrong_filename ollama:qwen2.5:3b+lead:ollama:gemma4:e4b  14708ms  rounds=3 tool_calls=2  schema_fail=0  exec_fail=0  denied=0  tokens_in=3710 tokens_out=422
[PASS] error_recovery_wrong_filename ollama:qwen2.5:3b+lead:ollama:gemma4:e4b (rep 2)  17564ms  rounds=4 tool_calls=3  schema_fail=0  exec_fail=0  denied=0  tokens_in=5067 tokens_out=473
[PASS] error_recovery_wrong_filename ollama:qwen2.5:3b+lead:ollama:gemma4:e4b (rep 3)  19283ms  rounds=4 tool_calls=3  schema_fail=0  exec_fail=0  denied=0  tokens_in=5067 tokens_out=532
[PASS] error_recovery_wrong_filename ollama:qwen2.5:3b+lead:ollama:gemma4:e4b (rep 4)  16375ms  rounds=3 tool_calls=2  schema_fail=0  exec_fail=0  denied=0  tokens_in=3722 tokens_out=475
[PASS] error_recovery_wrong_filename ollama:qwen2.5:3b+lead:ollama:gemma4:e4b (rep 5)  17884ms  rounds=3 tool_calls=2  schema_fail=0  exec_fail=0  denied=0  tokens_in=3710 tokens_out=526
[PASS] distractor_selection_among_files ollama:qwen2.5:3b+lead:ollama:gemma4:e4b  14592ms  rounds=3 tool_calls=2  schema_fail=0  exec_fail=0  denied=0  tokens_in=3879 tokens_out=412
[PASS] distractor_selection_among_files ollama:qwen2.5:3b+lead:ollama:gemma4:e4b (rep 2)  12942ms  rounds=2 tool_calls=1  schema_fail=0  exec_fail=0  denied=0  tokens_in=2385 tokens_out=379
[PASS] distractor_selection_among_files ollama:qwen2.5:3b+lead:ollama:gemma4:e4b (rep 3)   7585ms  rounds=2 tool_calls=1  schema_fail=0  exec_fail=0  denied=0  tokens_in=2389 tokens_out=199
[PASS] distractor_selection_among_files ollama:qwen2.5:3b+lead:ollama:gemma4:e4b (rep 4)  27317ms  rounds=3 tool_calls=2  schema_fail=0  exec_fail=0  denied=0  tokens_in=3879 tokens_out=839
[PASS] distractor_selection_among_files ollama:qwen2.5:3b+lead:ollama:gemma4:e4b (rep 5)   7403ms  rounds=2 tool_calls=1  schema_fail=0  exec_fail=0  denied=0  tokens_in=2385 tokens_out=195
[PASS] edit_file_function_body  ollama:qwen2.5:3b+lead:ollama:gemma4:e4b   8778ms  rounds=2 tool_calls=1  schema_fail=0  exec_fail=0  denied=0  tokens_in=2378 tokens_out=236
[PASS] edit_file_function_body  ollama:qwen2.5:3b+lead:ollama:gemma4:e4b (rep 2)   8038ms  rounds=2 tool_calls=1  schema_fail=0  exec_fail=0  denied=0  tokens_in=2378 tokens_out=214
[PASS] edit_file_function_body  ollama:qwen2.5:3b+lead:ollama:gemma4:e4b (rep 3)   7924ms  rounds=2 tool_calls=1  schema_fail=0  exec_fail=0  denied=0  tokens_in=2378 tokens_out=209
[FAIL] edit_file_function_body  ollama:qwen2.5:3b+lead:ollama:gemma4:e4b (rep 4)  17183ms  rounds=4 tool_calls=3  schema_fail=0  exec_fail=1  denied=0  tokens_in=5248 tokens_out=413 [AssertionFiles]
[PASS] edit_file_function_body  ollama:qwen2.5:3b+lead:ollama:gemma4:e4b (rep 5)   7854ms  rounds=2 tool_calls=1  schema_fail=0  exec_fail=0  denied=0  tokens_in=2378 tokens_out=209
[PASS] no_tool_capital_question ollama:qwen2.5:3b+lead:ollama:gemma4:e4b   3159ms  rounds=1 tool_calls=0  schema_fail=0  exec_fail=0  denied=0  tokens_in=1126 tokens_out=67
[PASS] no_tool_capital_question ollama:qwen2.5:3b+lead:ollama:gemma4:e4b (rep 2)   4137ms  rounds=1 tool_calls=0  schema_fail=0  exec_fail=0  denied=0  tokens_in=1126 tokens_out=102
[PASS] no_tool_capital_question ollama:qwen2.5:3b+lead:ollama:gemma4:e4b (rep 3)   2487ms  rounds=1 tool_calls=0  schema_fail=0  exec_fail=0  denied=0  tokens_in=1126 tokens_out=46
[PASS] no_tool_capital_question ollama:qwen2.5:3b+lead:ollama:gemma4:e4b (rep 4)   3831ms  rounds=1 tool_calls=0  schema_fail=0  exec_fail=0  denied=0  tokens_in=1126 tokens_out=91
[PASS] no_tool_capital_question ollama:qwen2.5:3b+lead:ollama:gemma4:e4b (rep 5)   2493ms  rounds=1 tool_calls=0  schema_fail=0  exec_fail=0  denied=0  tokens_in=1126 tokens_out=46
[PASS] no_tool_subtraction      ollama:qwen2.5:3b+lead:ollama:gemma4:e4b   3061ms  rounds=1 tool_calls=0  schema_fail=0  exec_fail=0  denied=0  tokens_in=1124 tokens_out=65
[PASS] no_tool_subtraction      ollama:qwen2.5:3b+lead:ollama:gemma4:e4b (rep 2)   2885ms  rounds=1 tool_calls=0  schema_fail=0  exec_fail=0  denied=0  tokens_in=1124 tokens_out=59
[PASS] no_tool_subtraction      ollama:qwen2.5:3b+lead:ollama:gemma4:e4b (rep 3)   3727ms  rounds=1 tool_calls=0  schema_fail=0  exec_fail=0  denied=0  tokens_in=1124 tokens_out=88
[PASS] no_tool_subtraction      ollama:qwen2.5:3b+lead:ollama:gemma4:e4b (rep 4)   2808ms  rounds=1 tool_calls=0  schema_fail=0  exec_fail=0  denied=0  tokens_in=1124 tokens_out=58
[PASS] no_tool_subtraction      ollama:qwen2.5:3b+lead:ollama:gemma4:e4b (rep 5)   2999ms  rounds=1 tool_calls=0  schema_fail=0  exec_fail=0  denied=0  tokens_in=1124 tokens_out=64
[PASS] multi_step_sum_two_files ollama:qwen2.5:3b+lead:ollama:gemma4:e4b  17304ms  rounds=4 tool_calls=3  schema_fail=0  exec_fail=0  denied=0  tokens_in=5133 tokens_out=469
[PASS] multi_step_sum_two_files ollama:qwen2.5:3b+lead:ollama:gemma4:e4b (rep 2)  23359ms  rounds=4 tool_calls=3  schema_fail=0  exec_fail=0  denied=0  tokens_in=5133 tokens_out=669
[PASS] multi_step_sum_two_files ollama:qwen2.5:3b+lead:ollama:gemma4:e4b (rep 3)  17884ms  rounds=4 tool_calls=3  schema_fail=0  exec_fail=0  denied=0  tokens_in=5133 tokens_out=489
[PASS] multi_step_sum_two_files ollama:qwen2.5:3b+lead:ollama:gemma4:e4b (rep 4)  22525ms  rounds=4 tool_calls=3  schema_fail=0  exec_fail=0  denied=0  tokens_in=5133 tokens_out=642
[PASS] multi_step_sum_two_files ollama:qwen2.5:3b+lead:ollama:gemma4:e4b (rep 5)  18170ms  rounds=4 tool_calls=3  schema_fail=0  exec_fail=0  denied=0  tokens_in=5133 tokens_out=497
[PASS] multi_step_multiply_and_write ollama:qwen2.5:3b+lead:ollama:gemma4:e4b  13567ms  rounds=3 tool_calls=2  schema_fail=0  exec_fail=0  denied=0  tokens_in=3708 tokens_out=383
[PASS] multi_step_multiply_and_write ollama:qwen2.5:3b+lead:ollama:gemma4:e4b (rep 2)  10430ms  rounds=3 tool_calls=2  schema_fail=0  exec_fail=0  denied=0  tokens_in=3708 tokens_out=281
[PASS] multi_step_multiply_and_write ollama:qwen2.5:3b+lead:ollama:gemma4:e4b (rep 3)  14827ms  rounds=3 tool_calls=2  schema_fail=0  exec_fail=0  denied=0  tokens_in=3708 tokens_out=430
[PASS] multi_step_multiply_and_write ollama:qwen2.5:3b+lead:ollama:gemma4:e4b (rep 4)  11080ms  rounds=3 tool_calls=2  schema_fail=0  exec_fail=0  denied=0  tokens_in=3708 tokens_out=304
[PASS] multi_step_multiply_and_write ollama:qwen2.5:3b+lead:ollama:gemma4:e4b (rep 5)  14086ms  rounds=3 tool_calls=2  schema_fail=0  exec_fail=0  denied=0  tokens_in=3708 tokens_out=403
[PASS] error_recovery_wrong_config_extension ollama:qwen2.5:3b+lead:ollama:gemma4:e4b   8622ms  rounds=3 tool_calls=2  schema_fail=0  exec_fail=0  denied=0  tokens_in=3679 tokens_out=219
[PASS] error_recovery_wrong_config_extension ollama:qwen2.5:3b+lead:ollama:gemma4:e4b (rep 2)  12387ms  rounds=3 tool_calls=2  schema_fail=0  exec_fail=0  denied=0  tokens_in=3679 tokens_out=349
[PASS] error_recovery_wrong_config_extension ollama:qwen2.5:3b+lead:ollama:gemma4:e4b (rep 3)   8032ms  rounds=3 tool_calls=2  schema_fail=0  exec_fail=0  denied=0  tokens_in=3679 tokens_out=201
[PASS] error_recovery_wrong_config_extension ollama:qwen2.5:3b+lead:ollama:gemma4:e4b (rep 4)  10689ms  rounds=3 tool_calls=2  schema_fail=0  exec_fail=0  denied=0  tokens_in=3679 tokens_out=291
[PASS] error_recovery_wrong_config_extension ollama:qwen2.5:3b+lead:ollama:gemma4:e4b (rep 5)   7821ms  rounds=3 tool_calls=2  schema_fail=0  exec_fail=0  denied=0  tokens_in=3678 tokens_out=193
[PASS] error_recovery_edit_wrong_filename ollama:qwen2.5:3b+lead:ollama:gemma4:e4b  24284ms  rounds=3 tool_calls=2  schema_fail=0  exec_fail=0  denied=0  tokens_in=3826 tokens_out=741
[PASS] error_recovery_edit_wrong_filename ollama:qwen2.5:3b+lead:ollama:gemma4:e4b (rep 2)  13397ms  rounds=4 tool_calls=3  schema_fail=0  exec_fail=0  denied=0  tokens_in=5129 tokens_out=333
[PASS] error_recovery_edit_wrong_filename ollama:qwen2.5:3b+lead:ollama:gemma4:e4b (rep 3)  26109ms  rounds=3 tool_calls=2  schema_fail=0  exec_fail=0  denied=0  tokens_in=3806 tokens_out=807
[PASS] error_recovery_edit_wrong_filename ollama:qwen2.5:3b+lead:ollama:gemma4:e4b (rep 4)  21987ms  rounds=4 tool_calls=3  schema_fail=0  exec_fail=0  denied=0  tokens_in=5089 tokens_out=623
[PASS] error_recovery_edit_wrong_filename ollama:qwen2.5:3b+lead:ollama:gemma4:e4b (rep 5)  22494ms  rounds=3 tool_calls=2  schema_fail=0  exec_fail=0  denied=0  tokens_in=3792 tokens_out=685
[PASS] distractor_selection_log_with_error ollama:qwen2.5:3b+lead:ollama:gemma4:e4b  21229ms  rounds=3 tool_calls=2  schema_fail=0  exec_fail=0  denied=0  tokens_in=3880 tokens_out=639
[FAIL] distractor_selection_log_with_error ollama:qwen2.5:3b+lead:ollama:gemma4:e4b (rep 2)  61207ms  rounds=4 tool_calls=3  schema_fail=0  exec_fail=1  denied=0  tokens_in=5346 tokens_out=1925 [AssertionText]
[PASS] distractor_selection_log_with_error ollama:qwen2.5:3b+lead:ollama:gemma4:e4b (rep 3)  22398ms  rounds=3 tool_calls=2  schema_fail=0  exec_fail=0  denied=0  tokens_in=3880 tokens_out=682
[FAIL] distractor_selection_log_with_error ollama:qwen2.5:3b+lead:ollama:gemma4:e4b (rep 4)  51223ms  rounds=4 tool_calls=3  schema_fail=0  exec_fail=2  denied=0  tokens_in=5520 tokens_out=1592 [AssertionText]
[PASS] distractor_selection_log_with_error ollama:qwen2.5:3b+lead:ollama:gemma4:e4b (rep 5)  27974ms  rounds=5 tool_calls=4  schema_fail=0  exec_fail=0  denied=0  tokens_in=6774 tokens_out=804
[PASS] distractor_selection_debug_config ollama:qwen2.5:3b+lead:ollama:gemma4:e4b  12231ms  rounds=2 tool_calls=1  schema_fail=0  exec_fail=0  denied=0  tokens_in=2359 tokens_out=357
[PASS] distractor_selection_debug_config ollama:qwen2.5:3b+lead:ollama:gemma4:e4b (rep 2)  10083ms  rounds=2 tool_calls=1  schema_fail=0  exec_fail=0  denied=0  tokens_in=2359 tokens_out=285
[PASS] distractor_selection_debug_config ollama:qwen2.5:3b+lead:ollama:gemma4:e4b (rep 3)  11421ms  rounds=2 tool_calls=1  schema_fail=0  exec_fail=0  denied=0  tokens_in=2365 tokens_out=330
[PASS] distractor_selection_debug_config ollama:qwen2.5:3b+lead:ollama:gemma4:e4b (rep 4)   8507ms  rounds=2 tool_calls=1  schema_fail=0  exec_fail=0  denied=0  tokens_in=2359 tokens_out=233
[PASS] distractor_selection_debug_config ollama:qwen2.5:3b+lead:ollama:gemma4:e4b (rep 5)  11431ms  rounds=2 tool_calls=1  schema_fail=0  exec_fail=0  denied=0  tokens_in=2365 tokens_out=332
[FAIL] read_file_basic          ollama:qwen2.5:3b+plan:ollama:gemma4:e4b+lead:ollama:gemma4:e4b  11422ms  rounds=3 tool_calls=1  schema_fail=0  exec_fail=0  denied=0  tokens_in=2954 tokens_out=304 [AssertionToolCall]
[FAIL] read_file_basic          ollama:qwen2.5:3b+plan:ollama:gemma4:e4b+lead:ollama:gemma4:e4b (rep 2)  11195ms  rounds=3 tool_calls=1  schema_fail=0  exec_fail=0  denied=0  tokens_in=2956 tokens_out=304 [AssertionToolCall]
[FAIL] read_file_basic          ollama:qwen2.5:3b+plan:ollama:gemma4:e4b+lead:ollama:gemma4:e4b (rep 3)  11657ms  rounds=3 tool_calls=1  schema_fail=0  exec_fail=0  denied=0  tokens_in=2958 tokens_out=282 [AssertionToolCall]
[FAIL] read_file_basic          ollama:qwen2.5:3b+plan:ollama:gemma4:e4b+lead:ollama:gemma4:e4b (rep 4)  11187ms  rounds=3 tool_calls=1  schema_fail=0  exec_fail=0  denied=0  tokens_in=2958 tokens_out=304 [AssertionToolCall]
[PASS] read_file_basic          ollama:qwen2.5:3b+plan:ollama:gemma4:e4b+lead:ollama:gemma4:e4b (rep 5)  14732ms  rounds=3 tool_calls=1  schema_fail=0  exec_fail=0  denied=0  tokens_in=2938 tokens_out=420
[PASS] grep_basic               ollama:qwen2.5:3b+plan:ollama:gemma4:e4b+lead:ollama:gemma4:e4b  11257ms  rounds=3 tool_calls=1  schema_fail=0  exec_fail=0  denied=0  tokens_in=2922 tokens_out=306
[PASS] grep_basic               ollama:qwen2.5:3b+plan:ollama:gemma4:e4b+lead:ollama:gemma4:e4b (rep 2)  11019ms  rounds=3 tool_calls=1  schema_fail=0  exec_fail=0  denied=0  tokens_in=2922 tokens_out=298
[PASS] grep_basic               ollama:qwen2.5:3b+plan:ollama:gemma4:e4b+lead:ollama:gemma4:e4b (rep 3)  10866ms  rounds=3 tool_calls=1  schema_fail=0  exec_fail=0  denied=0  tokens_in=2922 tokens_out=293
[PASS] grep_basic               ollama:qwen2.5:3b+plan:ollama:gemma4:e4b+lead:ollama:gemma4:e4b (rep 4)  11346ms  rounds=3 tool_calls=1  schema_fail=0  exec_fail=0  denied=0  tokens_in=2924 tokens_out=308
[PASS] grep_basic               ollama:qwen2.5:3b+plan:ollama:gemma4:e4b+lead:ollama:gemma4:e4b (rep 5)  11304ms  rounds=3 tool_calls=1  schema_fail=0  exec_fail=0  denied=0  tokens_in=2922 tokens_out=307
[PASS] glob_basic               ollama:qwen2.5:3b+plan:ollama:gemma4:e4b+lead:ollama:gemma4:e4b   7602ms  rounds=3 tool_calls=1  schema_fail=0  exec_fail=0  denied=0  tokens_in=2967 tokens_out=180
[PASS] glob_basic               ollama:qwen2.5:3b+plan:ollama:gemma4:e4b+lead:ollama:gemma4:e4b (rep 2)   7400ms  rounds=3 tool_calls=1  schema_fail=0  exec_fail=0  denied=0  tokens_in=2959 tokens_out=176
[PASS] glob_basic               ollama:qwen2.5:3b+plan:ollama:gemma4:e4b+lead:ollama:gemma4:e4b (rep 3)   7670ms  rounds=3 tool_calls=1  schema_fail=0  exec_fail=0  denied=0  tokens_in=2967 tokens_out=180
[PASS] glob_basic               ollama:qwen2.5:3b+plan:ollama:gemma4:e4b+lead:ollama:gemma4:e4b (rep 4)   7514ms  rounds=3 tool_calls=1  schema_fail=0  exec_fail=0  denied=0  tokens_in=2959 tokens_out=177
[PASS] glob_basic               ollama:qwen2.5:3b+plan:ollama:gemma4:e4b+lead:ollama:gemma4:e4b (rep 5)   8794ms  rounds=3 tool_calls=1  schema_fail=0  exec_fail=0  denied=0  tokens_in=2967 tokens_out=222
[PASS] write_file_basic         ollama:qwen2.5:3b+plan:ollama:gemma4:e4b+lead:ollama:gemma4:e4b   5910ms  rounds=3 tool_calls=1  schema_fail=0  exec_fail=0  denied=0  tokens_in=2970 tokens_out=123
[PASS] write_file_basic         ollama:qwen2.5:3b+plan:ollama:gemma4:e4b+lead:ollama:gemma4:e4b (rep 2)   5883ms  rounds=3 tool_calls=1  schema_fail=0  exec_fail=0  denied=0  tokens_in=2970 tokens_out=123
[PASS] write_file_basic         ollama:qwen2.5:3b+plan:ollama:gemma4:e4b+lead:ollama:gemma4:e4b (rep 3)   5870ms  rounds=3 tool_calls=1  schema_fail=0  exec_fail=0  denied=0  tokens_in=2970 tokens_out=123
[PASS] write_file_basic         ollama:qwen2.5:3b+plan:ollama:gemma4:e4b+lead:ollama:gemma4:e4b (rep 4)   5812ms  rounds=3 tool_calls=1  schema_fail=0  exec_fail=0  denied=0  tokens_in=2966 tokens_out=121
[PASS] write_file_basic         ollama:qwen2.5:3b+plan:ollama:gemma4:e4b+lead:ollama:gemma4:e4b (rep 5)   5819ms  rounds=3 tool_calls=1  schema_fail=0  exec_fail=0  denied=0  tokens_in=2970 tokens_out=123
[PASS] edit_file_basic          ollama:qwen2.5:3b+plan:ollama:gemma4:e4b+lead:ollama:gemma4:e4b   8637ms  rounds=3 tool_calls=1  schema_fail=0  exec_fail=0  denied=0  tokens_in=2996 tokens_out=217
[PASS] edit_file_basic          ollama:qwen2.5:3b+plan:ollama:gemma4:e4b+lead:ollama:gemma4:e4b (rep 2)   8904ms  rounds=3 tool_calls=1  schema_fail=0  exec_fail=0  denied=0  tokens_in=2996 tokens_out=222
[PASS] edit_file_basic          ollama:qwen2.5:3b+plan:ollama:gemma4:e4b+lead:ollama:gemma4:e4b (rep 3)  10509ms  rounds=3 tool_calls=1  schema_fail=0  exec_fail=0  denied=0  tokens_in=3000 tokens_out=281
[PASS] edit_file_basic          ollama:qwen2.5:3b+plan:ollama:gemma4:e4b+lead:ollama:gemma4:e4b (rep 4)   8528ms  rounds=3 tool_calls=1  schema_fail=0  exec_fail=0  denied=0  tokens_in=2996 tokens_out=213
[PASS] edit_file_basic          ollama:qwen2.5:3b+plan:ollama:gemma4:e4b+lead:ollama:gemma4:e4b (rep 5)   8818ms  rounds=3 tool_calls=1  schema_fail=0  exec_fail=0  denied=0  tokens_in=2996 tokens_out=222
[PASS] shell_exec_basic         ollama:qwen2.5:3b+plan:ollama:gemma4:e4b+lead:ollama:gemma4:e4b   7228ms  rounds=3 tool_calls=1  schema_fail=0  exec_fail=0  denied=0  tokens_in=2937 tokens_out=168
[PASS] shell_exec_basic         ollama:qwen2.5:3b+plan:ollama:gemma4:e4b+lead:ollama:gemma4:e4b (rep 2)   8015ms  rounds=3 tool_calls=1  schema_fail=0  exec_fail=0  denied=0  tokens_in=2917 tokens_out=194
[PASS] shell_exec_basic         ollama:qwen2.5:3b+plan:ollama:gemma4:e4b+lead:ollama:gemma4:e4b (rep 3)   7061ms  rounds=3 tool_calls=1  schema_fail=0  exec_fail=0  denied=0  tokens_in=2929 tokens_out=162
[PASS] shell_exec_basic         ollama:qwen2.5:3b+plan:ollama:gemma4:e4b+lead:ollama:gemma4:e4b (rep 4)   7128ms  rounds=3 tool_calls=1  schema_fail=0  exec_fail=0  denied=0  tokens_in=2937 tokens_out=165
[PASS] shell_exec_basic         ollama:qwen2.5:3b+plan:ollama:gemma4:e4b+lead:ollama:gemma4:e4b (rep 5)   7914ms  rounds=3 tool_calls=1  schema_fail=0  exec_fail=0  denied=0  tokens_in=2917 tokens_out=193
[PASS] no_tool_qa               ollama:qwen2.5:3b+plan:ollama:gemma4:e4b+lead:ollama:gemma4:e4b   4663ms  rounds=2 tool_calls=0  schema_fail=0  exec_fail=0  denied=0  tokens_in=1683 tokens_out=98
[PASS] no_tool_qa               ollama:qwen2.5:3b+plan:ollama:gemma4:e4b+lead:ollama:gemma4:e4b (rep 2)   4535ms  rounds=2 tool_calls=0  schema_fail=0  exec_fail=0  denied=0  tokens_in=1683 tokens_out=95
[PASS] no_tool_qa               ollama:qwen2.5:3b+plan:ollama:gemma4:e4b+lead:ollama:gemma4:e4b (rep 3)   4559ms  rounds=2 tool_calls=0  schema_fail=0  exec_fail=0  denied=0  tokens_in=1683 tokens_out=96
[PASS] no_tool_qa               ollama:qwen2.5:3b+plan:ollama:gemma4:e4b+lead:ollama:gemma4:e4b (rep 4)   4577ms  rounds=2 tool_calls=0  schema_fail=0  exec_fail=0  denied=0  tokens_in=1683 tokens_out=97
[PASS] no_tool_qa               ollama:qwen2.5:3b+plan:ollama:gemma4:e4b+lead:ollama:gemma4:e4b (rep 5)   4502ms  rounds=2 tool_calls=0  schema_fail=0  exec_fail=0  denied=0  tokens_in=1683 tokens_out=93
[PASS] multi_step_read_count_write ollama:qwen2.5:3b+plan:ollama:gemma4:e4b+lead:ollama:gemma4:e4b  16380ms  rounds=4 tool_calls=2  schema_fail=0  exec_fail=0  denied=0  tokens_in=4532 tokens_out=462
[FAIL] multi_step_read_count_write ollama:qwen2.5:3b+plan:ollama:gemma4:e4b+lead:ollama:gemma4:e4b (rep 2)  61227ms  rounds=6 tool_calls=4  schema_fail=1  exec_fail=2  denied=2  tokens_in=7660 tokens_out=1793 [AssertionFiles]
[PASS] multi_step_read_count_write ollama:qwen2.5:3b+plan:ollama:gemma4:e4b+lead:ollama:gemma4:e4b (rep 3)  18399ms  rounds=4 tool_calls=2  schema_fail=0  exec_fail=0  denied=0  tokens_in=4541 tokens_out=526
[PASS] multi_step_read_count_write ollama:qwen2.5:3b+plan:ollama:gemma4:e4b+lead:ollama:gemma4:e4b (rep 4)  18299ms  rounds=4 tool_calls=2  schema_fail=0  exec_fail=0  denied=0  tokens_in=4538 tokens_out=494
[PASS] multi_step_read_count_write ollama:qwen2.5:3b+plan:ollama:gemma4:e4b+lead:ollama:gemma4:e4b (rep 5)  17243ms  rounds=4 tool_calls=2  schema_fail=0  exec_fail=0  denied=0  tokens_in=4532 tokens_out=490
[PASS] error_recovery_wrong_filename ollama:qwen2.5:3b+plan:ollama:gemma4:e4b+lead:ollama:gemma4:e4b  19370ms  rounds=4 tool_calls=2  schema_fail=0  exec_fail=0  denied=0  tokens_in=4491 tokens_out=558
[PASS] error_recovery_wrong_filename ollama:qwen2.5:3b+plan:ollama:gemma4:e4b+lead:ollama:gemma4:e4b (rep 2)  17626ms  rounds=4 tool_calls=2  schema_fail=0  exec_fail=0  denied=0  tokens_in=4569 tokens_out=496
[PASS] error_recovery_wrong_filename ollama:qwen2.5:3b+plan:ollama:gemma4:e4b+lead:ollama:gemma4:e4b (rep 3)  18800ms  rounds=4 tool_calls=2  schema_fail=0  exec_fail=0  denied=0  tokens_in=4506 tokens_out=541
[PASS] error_recovery_wrong_filename ollama:qwen2.5:3b+plan:ollama:gemma4:e4b+lead:ollama:gemma4:e4b (rep 4)  19350ms  rounds=4 tool_calls=2  schema_fail=0  exec_fail=0  denied=0  tokens_in=4500 tokens_out=559
[PASS] error_recovery_wrong_filename ollama:qwen2.5:3b+plan:ollama:gemma4:e4b+lead:ollama:gemma4:e4b (rep 5)  20123ms  rounds=4 tool_calls=2  schema_fail=0  exec_fail=0  denied=0  tokens_in=4536 tokens_out=584
[PASS] distractor_selection_among_files ollama:qwen2.5:3b+plan:ollama:gemma4:e4b+lead:ollama:gemma4:e4b  10906ms  rounds=3 tool_calls=1  schema_fail=0  exec_fail=0  denied=0  tokens_in=3038 tokens_out=290
[PASS] distractor_selection_among_files ollama:qwen2.5:3b+plan:ollama:gemma4:e4b+lead:ollama:gemma4:e4b (rep 2)  39522ms  rounds=5 tool_calls=3  schema_fail=0  exec_fail=1  denied=0  tokens_in=6030 tokens_out=1180
[FAIL] distractor_selection_among_files ollama:qwen2.5:3b+plan:ollama:gemma4:e4b+lead:ollama:gemma4:e4b (rep 3)  31407ms  rounds=5 tool_calls=3  schema_fail=0  exec_fail=2  denied=0  tokens_in=6066 tokens_out=899 [AssertionText]
[FAIL] distractor_selection_among_files ollama:qwen2.5:3b+plan:ollama:gemma4:e4b+lead:ollama:gemma4:e4b (rep 4)  31589ms  rounds=5 tool_calls=3  schema_fail=0  exec_fail=2  denied=0  tokens_in=6014 tokens_out=907 [AssertionText]
[FAIL] distractor_selection_among_files ollama:qwen2.5:3b+plan:ollama:gemma4:e4b+lead:ollama:gemma4:e4b (rep 5)  35418ms  rounds=5 tool_calls=3  schema_fail=0  exec_fail=2  denied=0  tokens_in=6007 tokens_out=1039 [AssertionText]
[PASS] edit_file_function_body  ollama:qwen2.5:3b+plan:ollama:gemma4:e4b+lead:ollama:gemma4:e4b   9723ms  rounds=3 tool_calls=1  schema_fail=0  exec_fail=0  denied=0  tokens_in=3017 tokens_out=247
[PASS] edit_file_function_body  ollama:qwen2.5:3b+plan:ollama:gemma4:e4b+lead:ollama:gemma4:e4b (rep 2)  10032ms  rounds=3 tool_calls=1  schema_fail=0  exec_fail=0  denied=0  tokens_in=3013 tokens_out=258
[PASS] edit_file_function_body  ollama:qwen2.5:3b+plan:ollama:gemma4:e4b+lead:ollama:gemma4:e4b (rep 3)  11868ms  rounds=3 tool_calls=1  schema_fail=0  exec_fail=0  denied=0  tokens_in=3017 tokens_out=321
[PASS] edit_file_function_body  ollama:qwen2.5:3b+plan:ollama:gemma4:e4b+lead:ollama:gemma4:e4b (rep 4)  10178ms  rounds=3 tool_calls=1  schema_fail=0  exec_fail=0  denied=0  tokens_in=3017 tokens_out=262
[PASS] edit_file_function_body  ollama:qwen2.5:3b+plan:ollama:gemma4:e4b+lead:ollama:gemma4:e4b (rep 5)  24651ms  rounds=5 tool_calls=3  schema_fail=0  exec_fail=1  denied=0  tokens_in=5949 tokens_out=680
[PASS] no_tool_capital_question ollama:qwen2.5:3b+plan:ollama:gemma4:e4b+lead:ollama:gemma4:e4b   6091ms  rounds=2 tool_calls=0  schema_fail=0  exec_fail=0  denied=0  tokens_in=1693 tokens_out=141
[PASS] no_tool_capital_question ollama:qwen2.5:3b+plan:ollama:gemma4:e4b+lead:ollama:gemma4:e4b (rep 2)   5237ms  rounds=2 tool_calls=0  schema_fail=0  exec_fail=0  denied=0  tokens_in=1693 tokens_out=115
[PASS] no_tool_capital_question ollama:qwen2.5:3b+plan:ollama:gemma4:e4b+lead:ollama:gemma4:e4b (rep 3)   5180ms  rounds=2 tool_calls=0  schema_fail=0  exec_fail=0  denied=0  tokens_in=1693 tokens_out=112
[PASS] no_tool_capital_question ollama:qwen2.5:3b+plan:ollama:gemma4:e4b+lead:ollama:gemma4:e4b (rep 4)   5054ms  rounds=2 tool_calls=0  schema_fail=0  exec_fail=0  denied=0  tokens_in=1693 tokens_out=109
[PASS] no_tool_capital_question ollama:qwen2.5:3b+plan:ollama:gemma4:e4b+lead:ollama:gemma4:e4b (rep 5)   5425ms  rounds=2 tool_calls=0  schema_fail=0  exec_fail=0  denied=0  tokens_in=1693 tokens_out=121
[PASS] no_tool_subtraction      ollama:qwen2.5:3b+plan:ollama:gemma4:e4b+lead:ollama:gemma4:e4b   6175ms  rounds=2 tool_calls=0  schema_fail=0  exec_fail=0  denied=0  tokens_in=1689 tokens_out=150
[PASS] no_tool_subtraction      ollama:qwen2.5:3b+plan:ollama:gemma4:e4b+lead:ollama:gemma4:e4b (rep 2)   6229ms  rounds=2 tool_calls=0  schema_fail=0  exec_fail=0  denied=0  tokens_in=1689 tokens_out=151
[PASS] no_tool_subtraction      ollama:qwen2.5:3b+plan:ollama:gemma4:e4b+lead:ollama:gemma4:e4b (rep 3)   5163ms  rounds=2 tool_calls=0  schema_fail=0  exec_fail=0  denied=0  tokens_in=1689 tokens_out=115
[PASS] no_tool_subtraction      ollama:qwen2.5:3b+plan:ollama:gemma4:e4b+lead:ollama:gemma4:e4b (rep 4)   5975ms  rounds=2 tool_calls=0  schema_fail=0  exec_fail=0  denied=0  tokens_in=1689 tokens_out=143
[PASS] no_tool_subtraction      ollama:qwen2.5:3b+plan:ollama:gemma4:e4b+lead:ollama:gemma4:e4b (rep 5)   5813ms  rounds=2 tool_calls=0  schema_fail=0  exec_fail=0  denied=0  tokens_in=1689 tokens_out=135
[PASS] multi_step_sum_two_files ollama:qwen2.5:3b+plan:ollama:gemma4:e4b+lead:ollama:gemma4:e4b  42768ms  rounds=5 tool_calls=3  schema_fail=0  exec_fail=0  denied=0  tokens_in=6124 tokens_out=1292
[PASS] multi_step_sum_two_files ollama:qwen2.5:3b+plan:ollama:gemma4:e4b+lead:ollama:gemma4:e4b (rep 2)  84157ms  rounds=8 tool_calls=6  schema_fail=1  exec_fail=2  denied=2  tokens_in=11814 tokens_out=2614
[FAIL] multi_step_sum_two_files ollama:qwen2.5:3b+plan:ollama:gemma4:e4b+lead:ollama:gemma4:e4b (rep 3)  54272ms  rounds=5 tool_calls=3  schema_fail=1  exec_fail=2  denied=2  tokens_in=6236 tokens_out=1704 [AssertionFiles]
[PASS] multi_step_sum_two_files ollama:qwen2.5:3b+plan:ollama:gemma4:e4b+lead:ollama:gemma4:e4b (rep 4)  27853ms  rounds=5 tool_calls=3  schema_fail=0  exec_fail=0  denied=0  tokens_in=5976 tokens_out=785
[PASS] multi_step_sum_two_files ollama:qwen2.5:3b+plan:ollama:gemma4:e4b+lead:ollama:gemma4:e4b (rep 5)  25315ms  rounds=5 tool_calls=3  schema_fail=0  exec_fail=0  denied=0  tokens_in=6130 tokens_out=717
[PASS] multi_step_multiply_and_write ollama:qwen2.5:3b+plan:ollama:gemma4:e4b+lead:ollama:gemma4:e4b  47001ms  rounds=7 tool_calls=5  schema_fail=1  exec_fail=2  denied=2  tokens_in=9608 tokens_out=1424
[PASS] multi_step_multiply_and_write ollama:qwen2.5:3b+plan:ollama:gemma4:e4b+lead:ollama:gemma4:e4b (rep 2)  38276ms  rounds=6 tool_calls=4  schema_fail=1  exec_fail=1  denied=1  tokens_in=7771 tokens_out=1150
[PASS] multi_step_multiply_and_write ollama:qwen2.5:3b+plan:ollama:gemma4:e4b+lead:ollama:gemma4:e4b (rep 3)  43065ms  rounds=6 tool_calls=4  schema_fail=0  exec_fail=2  denied=2  tokens_in=7793 tokens_out=1320
[PASS] multi_step_multiply_and_write ollama:qwen2.5:3b+plan:ollama:gemma4:e4b+lead:ollama:gemma4:e4b (rep 4)  48427ms  rounds=5 tool_calls=3  schema_fail=0  exec_fail=1  denied=1  tokens_in=6054 tokens_out=1479
[PASS] multi_step_multiply_and_write ollama:qwen2.5:3b+plan:ollama:gemma4:e4b+lead:ollama:gemma4:e4b (rep 5)  35587ms  rounds=6 tool_calls=4  schema_fail=0  exec_fail=2  denied=2  tokens_in=7695 tokens_out=1069
[PASS] error_recovery_wrong_config_extension ollama:qwen2.5:3b+plan:ollama:gemma4:e4b+lead:ollama:gemma4:e4b  17342ms  rounds=4 tool_calls=2  schema_fail=0  exec_fail=0  denied=0  tokens_in=4493 tokens_out=489
[PASS] error_recovery_wrong_config_extension ollama:qwen2.5:3b+plan:ollama:gemma4:e4b+lead:ollama:gemma4:e4b (rep 2)  19847ms  rounds=4 tool_calls=2  schema_fail=0  exec_fail=0  denied=0  tokens_in=4484 tokens_out=539
[PASS] error_recovery_wrong_config_extension ollama:qwen2.5:3b+plan:ollama:gemma4:e4b+lead:ollama:gemma4:e4b (rep 3)  17777ms  rounds=4 tool_calls=2  schema_fail=0  exec_fail=0  denied=0  tokens_in=4470 tokens_out=506
[PASS] error_recovery_wrong_config_extension ollama:qwen2.5:3b+plan:ollama:gemma4:e4b+lead:ollama:gemma4:e4b (rep 4)  15939ms  rounds=4 tool_calls=2  schema_fail=0  exec_fail=0  denied=0  tokens_in=4461 tokens_out=445
[PASS] error_recovery_wrong_config_extension ollama:qwen2.5:3b+plan:ollama:gemma4:e4b+lead:ollama:gemma4:e4b (rep 5)  19946ms  rounds=4 tool_calls=2  schema_fail=0  exec_fail=0  denied=0  tokens_in=4461 tokens_out=579
[PASS] error_recovery_edit_wrong_filename ollama:qwen2.5:3b+plan:ollama:gemma4:e4b+lead:ollama:gemma4:e4b  20230ms  rounds=4 tool_calls=2  schema_fail=0  exec_fail=0  denied=0  tokens_in=4600 tokens_out=587
[PASS] error_recovery_edit_wrong_filename ollama:qwen2.5:3b+plan:ollama:gemma4:e4b+lead:ollama:gemma4:e4b (rep 2)  18061ms  rounds=4 tool_calls=2  schema_fail=0  exec_fail=0  denied=0  tokens_in=4701 tokens_out=514
[PASS] error_recovery_edit_wrong_filename ollama:qwen2.5:3b+plan:ollama:gemma4:e4b+lead:ollama:gemma4:e4b (rep 3)  19571ms  rounds=4 tool_calls=2  schema_fail=0  exec_fail=0  denied=0  tokens_in=4595 tokens_out=566
[PASS] error_recovery_edit_wrong_filename ollama:qwen2.5:3b+plan:ollama:gemma4:e4b+lead:ollama:gemma4:e4b (rep 4)  17205ms  rounds=4 tool_calls=2  schema_fail=0  exec_fail=0  denied=0  tokens_in=4564 tokens_out=486
[FAIL] error_recovery_edit_wrong_filename ollama:qwen2.5:3b+plan:ollama:gemma4:e4b+lead:ollama:gemma4:e4b (rep 5)  39347ms  rounds=5 tool_calls=3  schema_fail=0  exec_fail=2  denied=2  tokens_in=5988 tokens_out=1211 [AssertionFiles]
[PASS] distractor_selection_log_with_error ollama:qwen2.5:3b+plan:ollama:gemma4:e4b+lead:ollama:gemma4:e4b  13105ms  rounds=3 tool_calls=1  schema_fail=0  exec_fail=0  denied=0  tokens_in=3059 tokens_out=363
[PASS] distractor_selection_log_with_error ollama:qwen2.5:3b+plan:ollama:gemma4:e4b+lead:ollama:gemma4:e4b (rep 2)  36297ms  rounds=4 tool_calls=2  schema_fail=0  exec_fail=0  denied=0  tokens_in=4563 tokens_out=1120
[PASS] distractor_selection_log_with_error ollama:qwen2.5:3b+plan:ollama:gemma4:e4b+lead:ollama:gemma4:e4b (rep 3)  26385ms  rounds=4 tool_calls=2  schema_fail=0  exec_fail=0  denied=0  tokens_in=4563 tokens_out=790
[FAIL] distractor_selection_log_with_error ollama:qwen2.5:3b+plan:ollama:gemma4:e4b+lead:ollama:gemma4:e4b (rep 4)  47524ms  rounds=5 tool_calls=3  schema_fail=0  exec_fail=2  denied=0  tokens_in=6029 tokens_out=1349 [AssertionText]
[PASS] distractor_selection_log_with_error ollama:qwen2.5:3b+plan:ollama:gemma4:e4b+lead:ollama:gemma4:e4b (rep 5)  25612ms  rounds=4 tool_calls=2  schema_fail=0  exec_fail=0  denied=0  tokens_in=4557 tokens_out=764
[PASS] distractor_selection_debug_config ollama:qwen2.5:3b+plan:ollama:gemma4:e4b+lead:ollama:gemma4:e4b  10557ms  rounds=3 tool_calls=1  schema_fail=0  exec_fail=0  denied=0  tokens_in=3006 tokens_out=278
[PASS] distractor_selection_debug_config ollama:qwen2.5:3b+plan:ollama:gemma4:e4b+lead:ollama:gemma4:e4b (rep 2)  12738ms  rounds=3 tool_calls=1  schema_fail=0  exec_fail=0  denied=0  tokens_in=2998 tokens_out=355
[PASS] distractor_selection_debug_config ollama:qwen2.5:3b+plan:ollama:gemma4:e4b+lead:ollama:gemma4:e4b (rep 3)  10242ms  rounds=3 tool_calls=1  schema_fail=0  exec_fail=0  denied=0  tokens_in=2986 tokens_out=269
[PASS] distractor_selection_debug_config ollama:qwen2.5:3b+plan:ollama:gemma4:e4b+lead:ollama:gemma4:e4b (rep 4)  10568ms  rounds=3 tool_calls=1  schema_fail=0  exec_fail=0  denied=0  tokens_in=3000 tokens_out=279
[PASS] distractor_selection_debug_config ollama:qwen2.5:3b+plan:ollama:gemma4:e4b+lead:ollama:gemma4:e4b (rep 5)  13166ms  rounds=3 tool_calls=1  schema_fail=0  exec_fail=0  denied=0  tokens_in=3002 tokens_out=368
[PASS] read_file_basic          ollama:qwen2.5:7b      9286ms  rounds=2 tool_calls=1  schema_fail=0  exec_fail=0  denied=0  tokens_in=2243 tokens_out=31
[PASS] read_file_basic          ollama:qwen2.5:7b    (rep 2)   2904ms  rounds=2 tool_calls=1  schema_fail=0  exec_fail=0  denied=0  tokens_in=2243 tokens_out=31
[PASS] read_file_basic          ollama:qwen2.5:7b    (rep 3)   2845ms  rounds=2 tool_calls=1  schema_fail=0  exec_fail=0  denied=0  tokens_in=2243 tokens_out=31
[PASS] read_file_basic          ollama:qwen2.5:7b    (rep 4)   2891ms  rounds=2 tool_calls=1  schema_fail=0  exec_fail=0  denied=0  tokens_in=2243 tokens_out=31
[PASS] read_file_basic          ollama:qwen2.5:7b    (rep 5)   2885ms  rounds=2 tool_calls=1  schema_fail=0  exec_fail=0  denied=0  tokens_in=2243 tokens_out=31
[PASS] grep_basic               ollama:qwen2.5:7b      4379ms  rounds=2 tool_calls=1  schema_fail=0  exec_fail=0  denied=0  tokens_in=2267 tokens_out=64
[PASS] grep_basic               ollama:qwen2.5:7b    (rep 2)   4484ms  rounds=2 tool_calls=1  schema_fail=0  exec_fail=0  denied=0  tokens_in=2267 tokens_out=66
[PASS] grep_basic               ollama:qwen2.5:7b    (rep 3)   4355ms  rounds=2 tool_calls=1  schema_fail=0  exec_fail=0  denied=0  tokens_in=2267 tokens_out=64
[PASS] grep_basic               ollama:qwen2.5:7b    (rep 4)   4467ms  rounds=2 tool_calls=1  schema_fail=0  exec_fail=0  denied=0  tokens_in=2267 tokens_out=66
[PASS] grep_basic               ollama:qwen2.5:7b    (rep 5)   4596ms  rounds=2 tool_calls=1  schema_fail=0  exec_fail=0  denied=0  tokens_in=2267 tokens_out=66
[PASS] glob_basic               ollama:qwen2.5:7b      3363ms  rounds=2 tool_calls=1  schema_fail=0  exec_fail=0  denied=0  tokens_in=2266 tokens_out=41
[PASS] glob_basic               ollama:qwen2.5:7b    (rep 2)   3469ms  rounds=2 tool_calls=1  schema_fail=0  exec_fail=0  denied=0  tokens_in=2266 tokens_out=42
[PASS] glob_basic               ollama:qwen2.5:7b    (rep 3)   3324ms  rounds=2 tool_calls=1  schema_fail=0  exec_fail=0  denied=0  tokens_in=2282 tokens_out=41
[PASS] glob_basic               ollama:qwen2.5:7b    (rep 4)   3315ms  rounds=2 tool_calls=1  schema_fail=0  exec_fail=0  denied=0  tokens_in=2282 tokens_out=40
[PASS] glob_basic               ollama:qwen2.5:7b    (rep 5)   3330ms  rounds=2 tool_calls=1  schema_fail=0  exec_fail=0  denied=0  tokens_in=2282 tokens_out=41
[PASS] write_file_basic         ollama:qwen2.5:7b      3909ms  rounds=2 tool_calls=1  schema_fail=0  exec_fail=0  denied=0  tokens_in=2282 tokens_out=52
[PASS] write_file_basic         ollama:qwen2.5:7b    (rep 2)   3833ms  rounds=2 tool_calls=1  schema_fail=0  exec_fail=0  denied=0  tokens_in=2282 tokens_out=52
[PASS] write_file_basic         ollama:qwen2.5:7b    (rep 3)   3882ms  rounds=2 tool_calls=1  schema_fail=0  exec_fail=0  denied=0  tokens_in=2282 tokens_out=52
[PASS] write_file_basic         ollama:qwen2.5:7b    (rep 4)   3821ms  rounds=2 tool_calls=1  schema_fail=0  exec_fail=0  denied=0  tokens_in=2282 tokens_out=52
[PASS] write_file_basic         ollama:qwen2.5:7b    (rep 5)   3929ms  rounds=2 tool_calls=1  schema_fail=0  exec_fail=0  denied=0  tokens_in=2282 tokens_out=52
[PASS] edit_file_basic          ollama:qwen2.5:7b      4350ms  rounds=2 tool_calls=1  schema_fail=0  exec_fail=0  denied=0  tokens_in=2287 tokens_out=62
[PASS] edit_file_basic          ollama:qwen2.5:7b    (rep 2)   4531ms  rounds=2 tool_calls=1  schema_fail=0  exec_fail=0  denied=0  tokens_in=2287 tokens_out=65
[PASS] edit_file_basic          ollama:qwen2.5:7b    (rep 3)   4397ms  rounds=2 tool_calls=1  schema_fail=0  exec_fail=0  denied=0  tokens_in=2287 tokens_out=62
[PASS] edit_file_basic          ollama:qwen2.5:7b    (rep 4)   4517ms  rounds=2 tool_calls=1  schema_fail=0  exec_fail=0  denied=0  tokens_in=2287 tokens_out=68
[PASS] edit_file_basic          ollama:qwen2.5:7b    (rep 5)   4302ms  rounds=2 tool_calls=1  schema_fail=0  exec_fail=0  denied=0  tokens_in=2287 tokens_out=62
[PASS] shell_exec_basic         ollama:qwen2.5:7b      3263ms  rounds=2 tool_calls=1  schema_fail=0  exec_fail=0  denied=0  tokens_in=2249 tokens_out=39
[PASS] shell_exec_basic         ollama:qwen2.5:7b    (rep 2)   3401ms  rounds=2 tool_calls=1  schema_fail=0  exec_fail=0  denied=0  tokens_in=2249 tokens_out=39
[PASS] shell_exec_basic         ollama:qwen2.5:7b    (rep 3)   3284ms  rounds=2 tool_calls=1  schema_fail=0  exec_fail=0  denied=0  tokens_in=2249 tokens_out=39
[PASS] shell_exec_basic         ollama:qwen2.5:7b    (rep 4)   3364ms  rounds=2 tool_calls=1  schema_fail=0  exec_fail=0  denied=0  tokens_in=2249 tokens_out=41
[PASS] shell_exec_basic         ollama:qwen2.5:7b    (rep 5)   3297ms  rounds=2 tool_calls=1  schema_fail=0  exec_fail=0  denied=0  tokens_in=2249 tokens_out=39
[PASS] no_tool_qa               ollama:qwen2.5:7b      1379ms  rounds=1 tool_calls=0  schema_fail=0  exec_fail=0  denied=0  tokens_in=1086 tokens_out=2
[PASS] no_tool_qa               ollama:qwen2.5:7b    (rep 2)   1321ms  rounds=1 tool_calls=0  schema_fail=0  exec_fail=0  denied=0  tokens_in=1086 tokens_out=2
[PASS] no_tool_qa               ollama:qwen2.5:7b    (rep 3)   1324ms  rounds=1 tool_calls=0  schema_fail=0  exec_fail=0  denied=0  tokens_in=1086 tokens_out=2
[PASS] no_tool_qa               ollama:qwen2.5:7b    (rep 4)   1498ms  rounds=1 tool_calls=0  schema_fail=0  exec_fail=0  denied=0  tokens_in=1086 tokens_out=2
[PASS] no_tool_qa               ollama:qwen2.5:7b    (rep 5)   1303ms  rounds=1 tool_calls=0  schema_fail=0  exec_fail=0  denied=0  tokens_in=1086 tokens_out=2
[FAIL] multi_step_read_count_write ollama:qwen2.5:7b     41128ms  rounds=2 tool_calls=8  schema_fail=0  exec_fail=5  denied=0  tokens_in=3123 tokens_out=851 [AssertionFiles]
[PASS] multi_step_read_count_write ollama:qwen2.5:7b    (rep 2)   7109ms  rounds=3 tool_calls=2  schema_fail=0  exec_fail=0  denied=0  tokens_in=3605 tokens_out=119
[FAIL] multi_step_read_count_write ollama:qwen2.5:7b    (rep 3)   5849ms  rounds=0 tool_calls=0  schema_fail=0  exec_fail=0  denied=0  tokens_in=0 tokens_out=0 [ModelBackendError] (error: model backend error: model backend's completion stream failed: connection closed before a terminal event was received)
[FAIL] multi_step_read_count_write ollama:qwen2.5:7b    (rep 4)   6864ms  rounds=2 tool_calls=2  schema_fail=0  exec_fail=0  denied=0  tokens_in=2407 tokens_out=118 [AssertionFiles]
[FAIL] multi_step_read_count_write ollama:qwen2.5:7b    (rep 5)   6158ms  rounds=2 tool_calls=2  schema_fail=0  exec_fail=0  denied=0  tokens_in=2407 tokens_out=103 [AssertionFiles]
[FAIL] error_recovery_wrong_filename ollama:qwen2.5:7b      3972ms  rounds=2 tool_calls=1  schema_fail=0  exec_fail=1  denied=0  tokens_in=2321 tokens_out=56 [AssertionText]
[FAIL] error_recovery_wrong_filename ollama:qwen2.5:7b    (rep 2)   4069ms  rounds=2 tool_calls=1  schema_fail=0  exec_fail=1  denied=0  tokens_in=2321 tokens_out=57 [AssertionText]
[FAIL] error_recovery_wrong_filename ollama:qwen2.5:7b    (rep 3)   4202ms  rounds=2 tool_calls=1  schema_fail=0  exec_fail=1  denied=0  tokens_in=2317 tokens_out=60 [AssertionText]
[FAIL] error_recovery_wrong_filename ollama:qwen2.5:7b    (rep 4)   4034ms  rounds=2 tool_calls=1  schema_fail=0  exec_fail=1  denied=0  tokens_in=2321 tokens_out=57 [AssertionText]
[FAIL] error_recovery_wrong_filename ollama:qwen2.5:7b    (rep 5)   5418ms  rounds=2 tool_calls=1  schema_fail=0  exec_fail=1  denied=0  tokens_in=2321 tokens_out=57 [AssertionText]
[PASS] distractor_selection_among_files ollama:qwen2.5:7b      3761ms  rounds=2 tool_calls=1  schema_fail=0  exec_fail=0  denied=0  tokens_in=2326 tokens_out=48
[PASS] distractor_selection_among_files ollama:qwen2.5:7b    (rep 2)   3619ms  rounds=2 tool_calls=1  schema_fail=0  exec_fail=0  denied=0  tokens_in=2326 tokens_out=48
[PASS] distractor_selection_among_files ollama:qwen2.5:7b    (rep 3)   3655ms  rounds=2 tool_calls=1  schema_fail=0  exec_fail=0  denied=0  tokens_in=2326 tokens_out=48
[PASS] distractor_selection_among_files ollama:qwen2.5:7b    (rep 4)   3783ms  rounds=2 tool_calls=1  schema_fail=0  exec_fail=0  denied=0  tokens_in=2326 tokens_out=48
[PASS] distractor_selection_among_files ollama:qwen2.5:7b    (rep 5)   3646ms  rounds=2 tool_calls=1  schema_fail=0  exec_fail=0  denied=0  tokens_in=2326 tokens_out=48
[PASS] edit_file_function_body  ollama:qwen2.5:7b     11277ms  rounds=3 tool_calls=2  schema_fail=0  exec_fail=1  denied=0  tokens_in=3720 tokens_out=209
[PASS] edit_file_function_body  ollama:qwen2.5:7b    (rep 2)  10134ms  rounds=3 tool_calls=2  schema_fail=0  exec_fail=1  denied=0  tokens_in=3717 tokens_out=181
[PASS] edit_file_function_body  ollama:qwen2.5:7b    (rep 3)   9353ms  rounds=3 tool_calls=2  schema_fail=0  exec_fail=1  denied=0  tokens_in=3714 tokens_out=164
[PASS] edit_file_function_body  ollama:qwen2.5:7b    (rep 4)  11074ms  rounds=3 tool_calls=2  schema_fail=0  exec_fail=1  denied=0  tokens_in=3719 tokens_out=202
[PASS] edit_file_function_body  ollama:qwen2.5:7b    (rep 5)   9874ms  rounds=3 tool_calls=2  schema_fail=0  exec_fail=1  denied=0  tokens_in=3719 tokens_out=178
[PASS] no_tool_capital_question ollama:qwen2.5:7b      1321ms  rounds=1 tool_calls=0  schema_fail=0  exec_fail=0  denied=0  tokens_in=1090 tokens_out=3
[PASS] no_tool_capital_question ollama:qwen2.5:7b    (rep 2)   1392ms  rounds=1 tool_calls=0  schema_fail=0  exec_fail=0  denied=0  tokens_in=1090 tokens_out=3
[PASS] no_tool_capital_question ollama:qwen2.5:7b    (rep 3)   1414ms  rounds=1 tool_calls=0  schema_fail=0  exec_fail=0  denied=0  tokens_in=1090 tokens_out=3
[PASS] no_tool_capital_question ollama:qwen2.5:7b    (rep 4)   1383ms  rounds=1 tool_calls=0  schema_fail=0  exec_fail=0  denied=0  tokens_in=1090 tokens_out=3
[PASS] no_tool_capital_question ollama:qwen2.5:7b    (rep 5)   1383ms  rounds=1 tool_calls=0  schema_fail=0  exec_fail=0  denied=0  tokens_in=1090 tokens_out=3
[PASS] no_tool_subtraction      ollama:qwen2.5:7b      1362ms  rounds=1 tool_calls=0  schema_fail=0  exec_fail=0  denied=0  tokens_in=1088 tokens_out=2
[PASS] no_tool_subtraction      ollama:qwen2.5:7b    (rep 2)   1345ms  rounds=1 tool_calls=0  schema_fail=0  exec_fail=0  denied=0  tokens_in=1088 tokens_out=2
[PASS] no_tool_subtraction      ollama:qwen2.5:7b    (rep 3)   1335ms  rounds=1 tool_calls=0  schema_fail=0  exec_fail=0  denied=0  tokens_in=1088 tokens_out=2
[PASS] no_tool_subtraction      ollama:qwen2.5:7b    (rep 4)   1410ms  rounds=1 tool_calls=0  schema_fail=0  exec_fail=0  denied=0  tokens_in=1088 tokens_out=2
[PASS] no_tool_subtraction      ollama:qwen2.5:7b    (rep 5)   1344ms  rounds=1 tool_calls=0  schema_fail=0  exec_fail=0  denied=0  tokens_in=1088 tokens_out=2
[PASS] multi_step_sum_two_files ollama:qwen2.5:7b      8532ms  rounds=3 tool_calls=3  schema_fail=0  exec_fail=0  denied=0  tokens_in=3765 tokens_out=146
[PASS] multi_step_sum_two_files ollama:qwen2.5:7b    (rep 2)   8374ms  rounds=3 tool_calls=3  schema_fail=0  exec_fail=0  denied=0  tokens_in=3763 tokens_out=145
[PASS] multi_step_sum_two_files ollama:qwen2.5:7b    (rep 3)   8440ms  rounds=3 tool_calls=3  schema_fail=0  exec_fail=0  denied=0  tokens_in=3761 tokens_out=146
[PASS] multi_step_sum_two_files ollama:qwen2.5:7b    (rep 4)   8409ms  rounds=3 tool_calls=3  schema_fail=0  exec_fail=0  denied=0  tokens_in=3767 tokens_out=145
[PASS] multi_step_sum_two_files ollama:qwen2.5:7b    (rep 5)   8223ms  rounds=3 tool_calls=3  schema_fail=0  exec_fail=0  denied=0  tokens_in=3767 tokens_out=141
[PASS] multi_step_multiply_and_write ollama:qwen2.5:7b      5973ms  rounds=3 tool_calls=2  schema_fail=0  exec_fail=0  denied=0  tokens_in=3629 tokens_out=91
[PASS] multi_step_multiply_and_write ollama:qwen2.5:7b    (rep 2)   5891ms  rounds=3 tool_calls=2  schema_fail=0  exec_fail=0  denied=0  tokens_in=3628 tokens_out=92
[PASS] multi_step_multiply_and_write ollama:qwen2.5:7b    (rep 3)   5923ms  rounds=3 tool_calls=2  schema_fail=0  exec_fail=0  denied=0  tokens_in=3626 tokens_out=92
[PASS] multi_step_multiply_and_write ollama:qwen2.5:7b    (rep 4)   5900ms  rounds=3 tool_calls=2  schema_fail=0  exec_fail=0  denied=0  tokens_in=3626 tokens_out=90
[PASS] multi_step_multiply_and_write ollama:qwen2.5:7b    (rep 5)   5877ms  rounds=3 tool_calls=2  schema_fail=0  exec_fail=0  denied=0  tokens_in=3629 tokens_out=91
[FAIL] error_recovery_wrong_config_extension ollama:qwen2.5:7b      4694ms  rounds=2 tool_calls=1  schema_fail=0  exec_fail=1  denied=0  tokens_in=2330 tokens_out=71 [AssertionText]
[FAIL] error_recovery_wrong_config_extension ollama:qwen2.5:7b    (rep 2)   5022ms  rounds=2 tool_calls=1  schema_fail=0  exec_fail=1  denied=0  tokens_in=2330 tokens_out=78 [AssertionText]
[FAIL] error_recovery_wrong_config_extension ollama:qwen2.5:7b    (rep 3)   4082ms  rounds=2 tool_calls=1  schema_fail=0  exec_fail=1  denied=0  tokens_in=2326 tokens_out=58 [AssertionText]
[FAIL] error_recovery_wrong_config_extension ollama:qwen2.5:7b    (rep 4)   4746ms  rounds=2 tool_calls=1  schema_fail=0  exec_fail=1  denied=0  tokens_in=2330 tokens_out=71 [AssertionText]
[FAIL] error_recovery_wrong_config_extension ollama:qwen2.5:7b    (rep 5)   4688ms  rounds=2 tool_calls=1  schema_fail=0  exec_fail=1  denied=0  tokens_in=2330 tokens_out=71 [AssertionText]
[FAIL] error_recovery_edit_wrong_filename ollama:qwen2.5:7b      9953ms  rounds=3 tool_calls=2  schema_fail=0  exec_fail=1  denied=0  tokens_in=3764 tokens_out=180 [AssertionFiles]
[FAIL] error_recovery_edit_wrong_filename ollama:qwen2.5:7b    (rep 2)  10164ms  rounds=3 tool_calls=2  schema_fail=0  exec_fail=1  denied=0  tokens_in=3764 tokens_out=184 [AssertionFiles]
[FAIL] error_recovery_edit_wrong_filename ollama:qwen2.5:7b    (rep 3)  10667ms  rounds=3 tool_calls=2  schema_fail=0  exec_fail=1  denied=0  tokens_in=3764 tokens_out=195 [AssertionFiles]
[FAIL] error_recovery_edit_wrong_filename ollama:qwen2.5:7b    (rep 4)  10185ms  rounds=3 tool_calls=2  schema_fail=0  exec_fail=1  denied=0  tokens_in=3764 tokens_out=184 [AssertionFiles]
[FAIL] error_recovery_edit_wrong_filename ollama:qwen2.5:7b    (rep 5)  10739ms  rounds=3 tool_calls=2  schema_fail=0  exec_fail=1  denied=0  tokens_in=3758 tokens_out=197 [AssertionFiles]
[PASS] distractor_selection_log_with_error ollama:qwen2.5:7b      4519ms  rounds=2 tool_calls=1  schema_fail=0  exec_fail=0  denied=0  tokens_in=2315 tokens_out=67
[PASS] distractor_selection_log_with_error ollama:qwen2.5:7b    (rep 2)   4565ms  rounds=2 tool_calls=1  schema_fail=0  exec_fail=0  denied=0  tokens_in=2315 tokens_out=67
[PASS] distractor_selection_log_with_error ollama:qwen2.5:7b    (rep 3)   4646ms  rounds=2 tool_calls=1  schema_fail=0  exec_fail=0  denied=0  tokens_in=2315 tokens_out=67
[PASS] distractor_selection_log_with_error ollama:qwen2.5:7b    (rep 4)   4603ms  rounds=2 tool_calls=1  schema_fail=0  exec_fail=0  denied=0  tokens_in=2315 tokens_out=67
[PASS] distractor_selection_log_with_error ollama:qwen2.5:7b    (rep 5)   4582ms  rounds=2 tool_calls=1  schema_fail=0  exec_fail=0  denied=0  tokens_in=2315 tokens_out=67
[PASS] distractor_selection_debug_config ollama:qwen2.5:7b      3368ms  rounds=2 tool_calls=1  schema_fail=0  exec_fail=0  denied=0  tokens_in=2290 tokens_out=40
[PASS] distractor_selection_debug_config ollama:qwen2.5:7b    (rep 2)   3309ms  rounds=2 tool_calls=1  schema_fail=0  exec_fail=0  denied=0  tokens_in=2271 tokens_out=40
[PASS] distractor_selection_debug_config ollama:qwen2.5:7b    (rep 3)   3375ms  rounds=2 tool_calls=1  schema_fail=0  exec_fail=0  denied=0  tokens_in=2290 tokens_out=40
[PASS] distractor_selection_debug_config ollama:qwen2.5:7b    (rep 4)   3366ms  rounds=2 tool_calls=1  schema_fail=0  exec_fail=0  denied=0  tokens_in=2290 tokens_out=40
[PASS] distractor_selection_debug_config ollama:qwen2.5:7b    (rep 5)   4527ms  rounds=2 tool_calls=1  schema_fail=0  exec_fail=0  denied=0  tokens_in=2290 tokens_out=40
[FAIL] read_file_basic          ollama:qwen2.5:7b+plan:ollama:gemma4:e4b  25650ms  rounds=3 tool_calls=1  schema_fail=0  exec_fail=0  denied=0  tokens_in=2860 tokens_out=183 [AssertionToolCall]
[FAIL] read_file_basic          ollama:qwen2.5:7b+plan:ollama:gemma4:e4b (rep 2)  27558ms  rounds=3 tool_calls=1  schema_fail=0  exec_fail=0  denied=0  tokens_in=2847 tokens_out=239 [AssertionToolCall]
[FAIL] read_file_basic          ollama:qwen2.5:7b+plan:ollama:gemma4:e4b (rep 3)  22450ms  rounds=3 tool_calls=1  schema_fail=0  exec_fail=0  denied=0  tokens_in=2858 tokens_out=176 [AssertionToolCall]
[FAIL] read_file_basic          ollama:qwen2.5:7b+plan:ollama:gemma4:e4b (rep 4)  23247ms  rounds=3 tool_calls=1  schema_fail=0  exec_fail=0  denied=0  tokens_in=2862 tokens_out=182 [AssertionToolCall]
[FAIL] read_file_basic          ollama:qwen2.5:7b+plan:ollama:gemma4:e4b (rep 5)  22516ms  rounds=3 tool_calls=1  schema_fail=0  exec_fail=0  denied=0  tokens_in=2861 tokens_out=186 [AssertionToolCall]
[PASS] grep_basic               ollama:qwen2.5:7b+plan:ollama:gemma4:e4b  27222ms  rounds=3 tool_calls=1  schema_fail=0  exec_fail=0  denied=0  tokens_in=2824 tokens_out=177
[PASS] grep_basic               ollama:qwen2.5:7b+plan:ollama:gemma4:e4b (rep 2)  24923ms  rounds=3 tool_calls=1  schema_fail=0  exec_fail=0  denied=0  tokens_in=2826 tokens_out=183
[PASS] grep_basic               ollama:qwen2.5:7b+plan:ollama:gemma4:e4b (rep 3)  23755ms  rounds=3 tool_calls=1  schema_fail=0  exec_fail=0  denied=0  tokens_in=2821 tokens_out=163
[PASS] grep_basic               ollama:qwen2.5:7b+plan:ollama:gemma4:e4b (rep 4)  24240ms  rounds=3 tool_calls=1  schema_fail=0  exec_fail=0  denied=0  tokens_in=2823 tokens_out=160
[PASS] grep_basic               ollama:qwen2.5:7b+plan:ollama:gemma4:e4b (rep 5)  25239ms  rounds=3 tool_calls=1  schema_fail=0  exec_fail=0  denied=0  tokens_in=2851 tokens_out=204
[PASS] glob_basic               ollama:qwen2.5:7b+plan:ollama:gemma4:e4b  30350ms  rounds=3 tool_calls=1  schema_fail=0  exec_fail=0  denied=0  tokens_in=2878 tokens_out=122
[PASS] glob_basic               ollama:qwen2.5:7b+plan:ollama:gemma4:e4b (rep 2)  20961ms  rounds=3 tool_calls=1  schema_fail=0  exec_fail=0  denied=0  tokens_in=2870 tokens_out=117
[PASS] glob_basic               ollama:qwen2.5:7b+plan:ollama:gemma4:e4b (rep 3)  19714ms  rounds=3 tool_calls=1  schema_fail=0  exec_fail=0  denied=0  tokens_in=2870 tokens_out=114
[PASS] glob_basic               ollama:qwen2.5:7b+plan:ollama:gemma4:e4b (rep 4)  25856ms  rounds=3 tool_calls=1  schema_fail=0  exec_fail=0  denied=0  tokens_in=2870 tokens_out=114
[PASS] glob_basic               ollama:qwen2.5:7b+plan:ollama:gemma4:e4b (rep 5)  19869ms  rounds=3 tool_calls=1  schema_fail=0  exec_fail=0  denied=0  tokens_in=2878 tokens_out=122
[PASS] write_file_basic         ollama:qwen2.5:7b+plan:ollama:gemma4:e4b  21674ms  rounds=3 tool_calls=1  schema_fail=0  exec_fail=0  denied=0  tokens_in=2866 tokens_out=129
[PASS] write_file_basic         ollama:qwen2.5:7b+plan:ollama:gemma4:e4b (rep 2)  28819ms  rounds=3 tool_calls=1  schema_fail=0  exec_fail=0  denied=0  tokens_in=2867 tokens_out=132
[PASS] write_file_basic         ollama:qwen2.5:7b+plan:ollama:gemma4:e4b (rep 3)  22057ms  rounds=3 tool_calls=1  schema_fail=0  exec_fail=0  denied=0  tokens_in=2866 tokens_out=131
[PASS] write_file_basic         ollama:qwen2.5:7b+plan:ollama:gemma4:e4b (rep 4)  20741ms  rounds=3 tool_calls=1  schema_fail=0  exec_fail=0  denied=0  tokens_in=2866 tokens_out=131
[PASS] write_file_basic         ollama:qwen2.5:7b+plan:ollama:gemma4:e4b (rep 5)  23556ms  rounds=3 tool_calls=1  schema_fail=0  exec_fail=0  denied=0  tokens_in=2866 tokens_out=131
[PASS] edit_file_basic          ollama:qwen2.5:7b+plan:ollama:gemma4:e4b  21803ms  rounds=3 tool_calls=1  schema_fail=0  exec_fail=0  denied=0  tokens_in=2890 tokens_out=181
[PASS] edit_file_basic          ollama:qwen2.5:7b+plan:ollama:gemma4:e4b (rep 2)  31579ms  rounds=3 tool_calls=1  schema_fail=0  exec_fail=0  denied=0  tokens_in=2874 tokens_out=166
[PASS] edit_file_basic          ollama:qwen2.5:7b+plan:ollama:gemma4:e4b (rep 3)  30789ms  rounds=3 tool_calls=1  schema_fail=0  exec_fail=0  denied=0  tokens_in=2874 tokens_out=149
[PASS] edit_file_basic          ollama:qwen2.5:7b+plan:ollama:gemma4:e4b (rep 4)  22696ms  rounds=3 tool_calls=1  schema_fail=0  exec_fail=0  denied=0  tokens_in=2885 tokens_out=177
[PASS] edit_file_basic          ollama:qwen2.5:7b+plan:ollama:gemma4:e4b (rep 5)  23901ms  rounds=3 tool_calls=1  schema_fail=0  exec_fail=0  denied=0  tokens_in=2874 tokens_out=183
[PASS] shell_exec_basic         ollama:qwen2.5:7b+plan:ollama:gemma4:e4b  22189ms  rounds=3 tool_calls=1  schema_fail=0  exec_fail=0  denied=0  tokens_in=2827 tokens_out=102
[PASS] shell_exec_basic         ollama:qwen2.5:7b+plan:ollama:gemma4:e4b (rep 2)  31729ms  rounds=3 tool_calls=1  schema_fail=0  exec_fail=0  denied=0  tokens_in=2837 tokens_out=108
[PASS] shell_exec_basic         ollama:qwen2.5:7b+plan:ollama:gemma4:e4b (rep 3)  21470ms  rounds=3 tool_calls=1  schema_fail=0  exec_fail=0  denied=0  tokens_in=2817 tokens_out=99
[PASS] shell_exec_basic         ollama:qwen2.5:7b+plan:ollama:gemma4:e4b (rep 4)  19149ms  rounds=3 tool_calls=1  schema_fail=0  exec_fail=0  denied=0  tokens_in=2837 tokens_out=105
[PASS] shell_exec_basic         ollama:qwen2.5:7b+plan:ollama:gemma4:e4b (rep 5)  24239ms  rounds=3 tool_calls=1  schema_fail=0  exec_fail=0  denied=0  tokens_in=2837 tokens_out=106
[PASS] no_tool_qa               ollama:qwen2.5:7b+plan:ollama:gemma4:e4b  22076ms  rounds=2 tool_calls=0  schema_fail=0  exec_fail=0  denied=0  tokens_in=1642 tokens_out=58
[PASS] no_tool_qa               ollama:qwen2.5:7b+plan:ollama:gemma4:e4b (rep 2)  20215ms  rounds=2 tool_calls=0  schema_fail=0  exec_fail=0  denied=0  tokens_in=1642 tokens_out=62
[PASS] no_tool_qa               ollama:qwen2.5:7b+plan:ollama:gemma4:e4b (rep 3)  19720ms  rounds=2 tool_calls=0  schema_fail=0  exec_fail=0  denied=0  tokens_in=1642 tokens_out=56
[PASS] no_tool_qa               ollama:qwen2.5:7b+plan:ollama:gemma4:e4b (rep 4)  20254ms  rounds=2 tool_calls=0  schema_fail=0  exec_fail=0  denied=0  tokens_in=1642 tokens_out=52
[PASS] no_tool_qa               ollama:qwen2.5:7b+plan:ollama:gemma4:e4b (rep 5)  17557ms  rounds=2 tool_calls=0  schema_fail=0  exec_fail=0  denied=0  tokens_in=1642 tokens_out=62
[FAIL] multi_step_read_count_write ollama:qwen2.5:7b+plan:ollama:gemma4:e4b  28768ms  rounds=3 tool_calls=1  schema_fail=0  exec_fail=0  denied=0  tokens_in=3000 tokens_out=365 [AssertionFiles]
[FAIL] multi_step_read_count_write ollama:qwen2.5:7b+plan:ollama:gemma4:e4b (rep 2)  48042ms  rounds=3 tool_calls=1  schema_fail=0  exec_fail=0  denied=0  tokens_in=3015 tokens_out=394 [AssertionFiles]
[FAIL] multi_step_read_count_write ollama:qwen2.5:7b+plan:ollama:gemma4:e4b (rep 3)  36664ms  rounds=3 tool_calls=1  schema_fail=0  exec_fail=0  denied=0  tokens_in=3000 tokens_out=369 [AssertionFiles]
[FAIL] multi_step_read_count_write ollama:qwen2.5:7b+plan:ollama:gemma4:e4b (rep 4)  28351ms  rounds=3 tool_calls=1  schema_fail=0  exec_fail=0  denied=0  tokens_in=3008 tokens_out=326 [AssertionFiles]
[FAIL] multi_step_read_count_write ollama:qwen2.5:7b+plan:ollama:gemma4:e4b (rep 5)  36674ms  rounds=3 tool_calls=1  schema_fail=0  exec_fail=0  denied=0  tokens_in=3010 tokens_out=589 [AssertionFiles]
[FAIL] error_recovery_wrong_filename ollama:qwen2.5:7b+plan:ollama:gemma4:e4b  30385ms  rounds=3 tool_calls=1  schema_fail=0  exec_fail=0  denied=0  tokens_in=3031 tokens_out=363 [AssertionText]
[PASS] error_recovery_wrong_filename ollama:qwen2.5:7b+plan:ollama:gemma4:e4b (rep 2)  28542ms  rounds=4 tool_calls=2  schema_fail=0  exec_fail=0  denied=0  tokens_in=4441 tokens_out=366
[PASS] error_recovery_wrong_filename ollama:qwen2.5:7b+plan:ollama:gemma4:e4b (rep 3)  37024ms  rounds=4 tool_calls=2  schema_fail=0  exec_fail=0  denied=0  tokens_in=4367 tokens_out=386
[FAIL] error_recovery_wrong_filename ollama:qwen2.5:7b+plan:ollama:gemma4:e4b (rep 4)  30009ms  rounds=3 tool_calls=1  schema_fail=0  exec_fail=0  denied=0  tokens_in=2994 tokens_out=367 [AssertionText]
[PASS] error_recovery_wrong_filename ollama:qwen2.5:7b+plan:ollama:gemma4:e4b (rep 5)  31598ms  rounds=4 tool_calls=2  schema_fail=0  exec_fail=0  denied=0  tokens_in=4417 tokens_out=440
[PASS] distractor_selection_among_files ollama:qwen2.5:7b+plan:ollama:gemma4:e4b  31677ms  rounds=3 tool_calls=1  schema_fail=0  exec_fail=0  denied=0  tokens_in=2947 tokens_out=140
[PASS] distractor_selection_among_files ollama:qwen2.5:7b+plan:ollama:gemma4:e4b (rep 2)  27844ms  rounds=3 tool_calls=1  schema_fail=0  exec_fail=0  denied=0  tokens_in=2944 tokens_out=146
[PASS] distractor_selection_among_files ollama:qwen2.5:7b+plan:ollama:gemma4:e4b (rep 3)  22404ms  rounds=3 tool_calls=1  schema_fail=0  exec_fail=0  denied=0  tokens_in=2943 tokens_out=138
[PASS] distractor_selection_among_files ollama:qwen2.5:7b+plan:ollama:gemma4:e4b (rep 4)  22885ms  rounds=3 tool_calls=1  schema_fail=0  exec_fail=0  denied=0  tokens_in=2933 tokens_out=135
[PASS] distractor_selection_among_files ollama:qwen2.5:7b+plan:ollama:gemma4:e4b (rep 5)  30662ms  rounds=3 tool_calls=1  schema_fail=0  exec_fail=0  denied=0  tokens_in=2943 tokens_out=138
[PASS] edit_file_function_body  ollama:qwen2.5:7b+plan:ollama:gemma4:e4b  23946ms  rounds=3 tool_calls=1  schema_fail=0  exec_fail=0  denied=0  tokens_in=2915 tokens_out=224
[PASS] edit_file_function_body  ollama:qwen2.5:7b+plan:ollama:gemma4:e4b (rep 2)  25236ms  rounds=3 tool_calls=1  schema_fail=0  exec_fail=0  denied=0  tokens_in=2898 tokens_out=227
[PASS] edit_file_function_body  ollama:qwen2.5:7b+plan:ollama:gemma4:e4b (rep 3)  25130ms  rounds=3 tool_calls=1  schema_fail=0  exec_fail=0  denied=0  tokens_in=2921 tokens_out=218
[PASS] edit_file_function_body  ollama:qwen2.5:7b+plan:ollama:gemma4:e4b (rep 4)  24346ms  rounds=3 tool_calls=1  schema_fail=0  exec_fail=0  denied=0  tokens_in=2898 tokens_out=251
[PASS] edit_file_function_body  ollama:qwen2.5:7b+plan:ollama:gemma4:e4b (rep 5)  30864ms  rounds=3 tool_calls=1  schema_fail=0  exec_fail=0  denied=0  tokens_in=2914 tokens_out=226
[PASS] no_tool_capital_question ollama:qwen2.5:7b+plan:ollama:gemma4:e4b  22108ms  rounds=2 tool_calls=0  schema_fail=0  exec_fail=0  denied=0  tokens_in=1652 tokens_out=50
[PASS] no_tool_capital_question ollama:qwen2.5:7b+plan:ollama:gemma4:e4b (rep 2)  23772ms  rounds=2 tool_calls=0  schema_fail=0  exec_fail=0  denied=0  tokens_in=1652 tokens_out=69
[PASS] no_tool_capital_question ollama:qwen2.5:7b+plan:ollama:gemma4:e4b (rep 3)  29986ms  rounds=2 tool_calls=0  schema_fail=0  exec_fail=0  denied=0  tokens_in=1652 tokens_out=69
[PASS] no_tool_capital_question ollama:qwen2.5:7b+plan:ollama:gemma4:e4b (rep 4)  20869ms  rounds=2 tool_calls=0  schema_fail=0  exec_fail=0  denied=0  tokens_in=1652 tokens_out=70
[PASS] no_tool_capital_question ollama:qwen2.5:7b+plan:ollama:gemma4:e4b (rep 5)  19234ms  rounds=2 tool_calls=0  schema_fail=0  exec_fail=0  denied=0  tokens_in=1652 tokens_out=63
[PASS] no_tool_subtraction      ollama:qwen2.5:7b+plan:ollama:gemma4:e4b  18797ms  rounds=2 tool_calls=0  schema_fail=0  exec_fail=0  denied=0  tokens_in=1647 tokens_out=58
[PASS] no_tool_subtraction      ollama:qwen2.5:7b+plan:ollama:gemma4:e4b (rep 2)  18333ms  rounds=2 tool_calls=0  schema_fail=0  exec_fail=0  denied=0  tokens_in=1647 tokens_out=58
[PASS] no_tool_subtraction      ollama:qwen2.5:7b+plan:ollama:gemma4:e4b (rep 3)  21805ms  rounds=2 tool_calls=0  schema_fail=0  exec_fail=0  denied=0  tokens_in=1647 tokens_out=73
[PASS] no_tool_subtraction      ollama:qwen2.5:7b+plan:ollama:gemma4:e4b (rep 4)  21185ms  rounds=2 tool_calls=0  schema_fail=0  exec_fail=0  denied=0  tokens_in=1647 tokens_out=81
[PASS] no_tool_subtraction      ollama:qwen2.5:7b+plan:ollama:gemma4:e4b (rep 5)  19448ms  rounds=2 tool_calls=0  schema_fail=0  exec_fail=0  denied=0  tokens_in=1647 tokens_out=78
[FAIL] multi_step_sum_two_files ollama:qwen2.5:7b+plan:ollama:gemma4:e4b  25769ms  rounds=3 tool_calls=1  schema_fail=0  exec_fail=0  denied=0  tokens_in=3020 tokens_out=300 [AssertionFiles]
[FAIL] multi_step_sum_two_files ollama:qwen2.5:7b+plan:ollama:gemma4:e4b (rep 2)  31388ms  rounds=3 tool_calls=1  schema_fail=0  exec_fail=0  denied=0  tokens_in=3088 tokens_out=466 [AssertionFiles]
[PASS] multi_step_sum_two_files ollama:qwen2.5:7b+plan:ollama:gemma4:e4b (rep 3)  39137ms  rounds=5 tool_calls=3  schema_fail=0  exec_fail=0  denied=0  tokens_in=5971 tokens_out=604
[PASS] multi_step_sum_two_files ollama:qwen2.5:7b+plan:ollama:gemma4:e4b (rep 4)  39294ms  rounds=5 tool_calls=3  schema_fail=0  exec_fail=0  denied=0  tokens_in=5939 tokens_out=669
[FAIL] multi_step_sum_two_files ollama:qwen2.5:7b+plan:ollama:gemma4:e4b (rep 5)  36942ms  rounds=3 tool_calls=1  schema_fail=0  exec_fail=0  denied=0  tokens_in=3076 tokens_out=636 [AssertionFiles]
[PASS] multi_step_multiply_and_write ollama:qwen2.5:7b+plan:ollama:gemma4:e4b  33858ms  rounds=4 tool_calls=2  schema_fail=0  exec_fail=0  denied=0  tokens_in=4447 tokens_out=434
[PASS] multi_step_multiply_and_write ollama:qwen2.5:7b+plan:ollama:gemma4:e4b (rep 2)  31630ms  rounds=4 tool_calls=2  schema_fail=0  exec_fail=0  denied=0  tokens_in=4490 tokens_out=449
[PASS] multi_step_multiply_and_write ollama:qwen2.5:7b+plan:ollama:gemma4:e4b (rep 3)  34365ms  rounds=4 tool_calls=2  schema_fail=0  exec_fail=0  denied=0  tokens_in=4376 tokens_out=384
[FAIL] multi_step_multiply_and_write ollama:qwen2.5:7b+plan:ollama:gemma4:e4b (rep 4)  41651ms  rounds=3 tool_calls=1  schema_fail=0  exec_fail=0  denied=0  tokens_in=3023 tokens_out=476 [AssertionFiles]
[PASS] multi_step_multiply_and_write ollama:qwen2.5:7b+plan:ollama:gemma4:e4b (rep 5)  33609ms  rounds=4 tool_calls=3  schema_fail=0  exec_fail=0  denied=0  tokens_in=4558 tokens_out=468
[PASS] error_recovery_wrong_config_extension ollama:qwen2.5:7b+plan:ollama:gemma4:e4b  29847ms  rounds=4 tool_calls=2  schema_fail=0  exec_fail=0  denied=0  tokens_in=4334 tokens_out=343
[PASS] error_recovery_wrong_config_extension ollama:qwen2.5:7b+plan:ollama:gemma4:e4b (rep 2)  27906ms  rounds=4 tool_calls=2  schema_fail=0  exec_fail=0  denied=0  tokens_in=4447 tokens_out=330
[FAIL] error_recovery_wrong_config_extension ollama:qwen2.5:7b+plan:ollama:gemma4:e4b (rep 3)  26260ms  rounds=2 tool_calls=0  schema_fail=0  exec_fail=0  denied=0  tokens_in=1729 tokens_out=218 [AssertionText]
[PASS] error_recovery_wrong_config_extension ollama:qwen2.5:7b+plan:ollama:gemma4:e4b (rep 4)  33139ms  rounds=4 tool_calls=2  schema_fail=0  exec_fail=0  denied=0  tokens_in=4506 tokens_out=452
[PASS] error_recovery_wrong_config_extension ollama:qwen2.5:7b+plan:ollama:gemma4:e4b (rep 5)  27132ms  rounds=4 tool_calls=2  schema_fail=0  exec_fail=0  denied=0  tokens_in=4452 tokens_out=298
[PASS] error_recovery_edit_wrong_filename ollama:qwen2.5:7b+plan:ollama:gemma4:e4b  33470ms  rounds=4 tool_calls=2  schema_fail=0  exec_fail=0  denied=0  tokens_in=4509 tokens_out=485
[PASS] error_recovery_edit_wrong_filename ollama:qwen2.5:7b+plan:ollama:gemma4:e4b (rep 2)  44114ms  rounds=5 tool_calls=3  schema_fail=0  exec_fail=0  denied=0  tokens_in=5886 tokens_out=595
[PASS] error_recovery_edit_wrong_filename ollama:qwen2.5:7b+plan:ollama:gemma4:e4b (rep 3)  38305ms  rounds=4 tool_calls=2  schema_fail=0  exec_fail=0  denied=0  tokens_in=4590 tokens_out=508
[PASS] error_recovery_edit_wrong_filename ollama:qwen2.5:7b+plan:ollama:gemma4:e4b (rep 4)  29180ms  rounds=4 tool_calls=2  schema_fail=0  exec_fail=0  denied=0  tokens_in=4524 tokens_out=382
[PASS] error_recovery_edit_wrong_filename ollama:qwen2.5:7b+plan:ollama:gemma4:e4b (rep 5)  33273ms  rounds=4 tool_calls=2  schema_fail=0  exec_fail=0  denied=0  tokens_in=4498 tokens_out=442
[PASS] distractor_selection_log_with_error ollama:qwen2.5:7b+plan:ollama:gemma4:e4b  34262ms  rounds=3 tool_calls=1  schema_fail=0  exec_fail=0  denied=0  tokens_in=2948 tokens_out=169
[PASS] distractor_selection_log_with_error ollama:qwen2.5:7b+plan:ollama:gemma4:e4b (rep 2)  36112ms  rounds=3 tool_calls=1  schema_fail=0  exec_fail=0  denied=0  tokens_in=2932 tokens_out=158
[PASS] distractor_selection_log_with_error ollama:qwen2.5:7b+plan:ollama:gemma4:e4b (rep 3)  24808ms  rounds=3 tool_calls=1  schema_fail=0  exec_fail=0  denied=0  tokens_in=2968 tokens_out=182
[PASS] distractor_selection_log_with_error ollama:qwen2.5:7b+plan:ollama:gemma4:e4b (rep 4)  26082ms  rounds=3 tool_calls=1  schema_fail=0  exec_fail=0  denied=0  tokens_in=2941 tokens_out=167
[PASS] distractor_selection_log_with_error ollama:qwen2.5:7b+plan:ollama:gemma4:e4b (rep 5)  22480ms  rounds=3 tool_calls=1  schema_fail=0  exec_fail=0  denied=0  tokens_in=2962 tokens_out=181
[PASS] distractor_selection_debug_config ollama:qwen2.5:7b+plan:ollama:gemma4:e4b  24201ms  rounds=3 tool_calls=1  schema_fail=0  exec_fail=0  denied=0  tokens_in=2893 tokens_out=130
[PASS] distractor_selection_debug_config ollama:qwen2.5:7b+plan:ollama:gemma4:e4b (rep 2)  20862ms  rounds=3 tool_calls=1  schema_fail=0  exec_fail=0  denied=0  tokens_in=2911 tokens_out=136
[PASS] distractor_selection_debug_config ollama:qwen2.5:7b+plan:ollama:gemma4:e4b (rep 3)  20456ms  rounds=3 tool_calls=1  schema_fail=0  exec_fail=0  denied=0  tokens_in=2892 tokens_out=108
[PASS] distractor_selection_debug_config ollama:qwen2.5:7b+plan:ollama:gemma4:e4b (rep 4)  23630ms  rounds=3 tool_calls=1  schema_fail=0  exec_fail=0  denied=0  tokens_in=2909 tokens_out=130
[PASS] distractor_selection_debug_config ollama:qwen2.5:7b+plan:ollama:gemma4:e4b (rep 5)  23473ms  rounds=3 tool_calls=1  schema_fail=0  exec_fail=0  denied=0  tokens_in=2913 tokens_out=125
[FAIL] read_file_basic          ollama:qwen2.5:7b+lead:ollama:gemma4:e4b  26437ms  rounds=2 tool_calls=1  schema_fail=0  exec_fail=0  denied=0  tokens_in=2326 tokens_out=362 [AssertionToolCall]
[FAIL] read_file_basic          ollama:qwen2.5:7b+lead:ollama:gemma4:e4b (rep 2)   8351ms  rounds=2 tool_calls=1  schema_fail=0  exec_fail=0  denied=0  tokens_in=2326 tokens_out=227 [AssertionToolCall]
[FAIL] read_file_basic          ollama:qwen2.5:7b+lead:ollama:gemma4:e4b (rep 3)   8666ms  rounds=2 tool_calls=1  schema_fail=0  exec_fail=0  denied=0  tokens_in=2326 tokens_out=237 [AssertionToolCall]
[FAIL] read_file_basic          ollama:qwen2.5:7b+lead:ollama:gemma4:e4b (rep 4)   9393ms  rounds=2 tool_calls=1  schema_fail=0  exec_fail=0  denied=0  tokens_in=2326 tokens_out=259 [AssertionToolCall]
[FAIL] read_file_basic          ollama:qwen2.5:7b+lead:ollama:gemma4:e4b (rep 5)   7805ms  rounds=2 tool_calls=1  schema_fail=0  exec_fail=0  denied=0  tokens_in=2326 tokens_out=206 [AssertionToolCall]
[PASS] grep_basic               ollama:qwen2.5:7b+lead:ollama:gemma4:e4b  10053ms  rounds=2 tool_calls=1  schema_fail=0  exec_fail=0  denied=0  tokens_in=2312 tokens_out=284
[PASS] grep_basic               ollama:qwen2.5:7b+lead:ollama:gemma4:e4b (rep 2)   8074ms  rounds=2 tool_calls=1  schema_fail=0  exec_fail=0  denied=0  tokens_in=2312 tokens_out=220
[PASS] grep_basic               ollama:qwen2.5:7b+lead:ollama:gemma4:e4b (rep 3)  11516ms  rounds=2 tool_calls=1  schema_fail=0  exec_fail=0  denied=0  tokens_in=2312 tokens_out=334
[PASS] grep_basic               ollama:qwen2.5:7b+lead:ollama:gemma4:e4b (rep 4)   8296ms  rounds=2 tool_calls=1  schema_fail=0  exec_fail=0  denied=0  tokens_in=2312 tokens_out=227
[PASS] grep_basic               ollama:qwen2.5:7b+lead:ollama:gemma4:e4b (rep 5)  13212ms  rounds=2 tool_calls=1  schema_fail=0  exec_fail=0  denied=0  tokens_in=2312 tokens_out=390
[PASS] glob_basic               ollama:qwen2.5:7b+lead:ollama:gemma4:e4b   6203ms  rounds=2 tool_calls=1  schema_fail=0  exec_fail=0  denied=0  tokens_in=2348 tokens_out=151
[PASS] glob_basic               ollama:qwen2.5:7b+lead:ollama:gemma4:e4b (rep 2)   6860ms  rounds=2 tool_calls=1  schema_fail=0  exec_fail=0  denied=0  tokens_in=2348 tokens_out=176
[PASS] glob_basic               ollama:qwen2.5:7b+lead:ollama:gemma4:e4b (rep 3)   6121ms  rounds=2 tool_calls=1  schema_fail=0  exec_fail=0  denied=0  tokens_in=2348 tokens_out=151
[PASS] glob_basic               ollama:qwen2.5:7b+lead:ollama:gemma4:e4b (rep 4)   6222ms  rounds=2 tool_calls=1  schema_fail=0  exec_fail=0  denied=0  tokens_in=2348 tokens_out=152
[PASS] glob_basic               ollama:qwen2.5:7b+lead:ollama:gemma4:e4b (rep 5)   5788ms  rounds=2 tool_calls=1  schema_fail=0  exec_fail=0  denied=0  tokens_in=2348 tokens_out=139
[PASS] write_file_basic         ollama:qwen2.5:7b+lead:ollama:gemma4:e4b   4477ms  rounds=2 tool_calls=1  schema_fail=0  exec_fail=0  denied=0  tokens_in=2351 tokens_out=95
[PASS] write_file_basic         ollama:qwen2.5:7b+lead:ollama:gemma4:e4b (rep 2)   4441ms  rounds=2 tool_calls=1  schema_fail=0  exec_fail=0  denied=0  tokens_in=2351 tokens_out=95
[PASS] write_file_basic         ollama:qwen2.5:7b+lead:ollama:gemma4:e4b (rep 3)   4535ms  rounds=2 tool_calls=1  schema_fail=0  exec_fail=0  denied=0  tokens_in=2351 tokens_out=98
[PASS] write_file_basic         ollama:qwen2.5:7b+lead:ollama:gemma4:e4b (rep 4)   4459ms  rounds=2 tool_calls=1  schema_fail=0  exec_fail=0  denied=0  tokens_in=2351 tokens_out=95
[PASS] write_file_basic         ollama:qwen2.5:7b+lead:ollama:gemma4:e4b (rep 5)   4479ms  rounds=2 tool_calls=1  schema_fail=0  exec_fail=0  denied=0  tokens_in=2351 tokens_out=97
[PASS] edit_file_basic          ollama:qwen2.5:7b+lead:ollama:gemma4:e4b   4918ms  rounds=2 tool_calls=1  schema_fail=0  exec_fail=0  denied=0  tokens_in=2365 tokens_out=109
[PASS] edit_file_basic          ollama:qwen2.5:7b+lead:ollama:gemma4:e4b (rep 2)   6537ms  rounds=2 tool_calls=1  schema_fail=0  exec_fail=0  denied=0  tokens_in=2365 tokens_out=166
[PASS] edit_file_basic          ollama:qwen2.5:7b+lead:ollama:gemma4:e4b (rep 3)   4854ms  rounds=2 tool_calls=1  schema_fail=0  exec_fail=0  denied=0  tokens_in=2365 tokens_out=109
[PASS] edit_file_basic          ollama:qwen2.5:7b+lead:ollama:gemma4:e4b (rep 4)   6549ms  rounds=2 tool_calls=1  schema_fail=0  exec_fail=0  denied=0  tokens_in=2365 tokens_out=166
[PASS] edit_file_basic          ollama:qwen2.5:7b+lead:ollama:gemma4:e4b (rep 5)   5352ms  rounds=2 tool_calls=1  schema_fail=0  exec_fail=0  denied=0  tokens_in=2365 tokens_out=126
[PASS] shell_exec_basic         ollama:qwen2.5:7b+lead:ollama:gemma4:e4b   8159ms  rounds=2 tool_calls=1  schema_fail=0  exec_fail=0  denied=0  tokens_in=2323 tokens_out=220
[PASS] shell_exec_basic         ollama:qwen2.5:7b+lead:ollama:gemma4:e4b (rep 2)   5775ms  rounds=2 tool_calls=1  schema_fail=0  exec_fail=0  denied=0  tokens_in=2323 tokens_out=141
[PASS] shell_exec_basic         ollama:qwen2.5:7b+lead:ollama:gemma4:e4b (rep 3)   6322ms  rounds=2 tool_calls=1  schema_fail=0  exec_fail=0  denied=0  tokens_in=2323 tokens_out=161
[PASS] shell_exec_basic         ollama:qwen2.5:7b+lead:ollama:gemma4:e4b (rep 4)   5714ms  rounds=2 tool_calls=1  schema_fail=0  exec_fail=0  denied=0  tokens_in=2323 tokens_out=139
[PASS] shell_exec_basic         ollama:qwen2.5:7b+lead:ollama:gemma4:e4b (rep 5)   6063ms  rounds=2 tool_calls=1  schema_fail=0  exec_fail=0  denied=0  tokens_in=2323 tokens_out=151
[PASS] no_tool_qa               ollama:qwen2.5:7b+lead:ollama:gemma4:e4b   2715ms  rounds=1 tool_calls=0  schema_fail=0  exec_fail=0  denied=0  tokens_in=1121 tokens_out=52
[PASS] no_tool_qa               ollama:qwen2.5:7b+lead:ollama:gemma4:e4b (rep 2)   4731ms  rounds=1 tool_calls=0  schema_fail=0  exec_fail=0  denied=0  tokens_in=1121 tokens_out=120
[PASS] no_tool_qa               ollama:qwen2.5:7b+lead:ollama:gemma4:e4b (rep 3)   2604ms  rounds=1 tool_calls=0  schema_fail=0  exec_fail=0  denied=0  tokens_in=1121 tokens_out=50
[PASS] no_tool_qa               ollama:qwen2.5:7b+lead:ollama:gemma4:e4b (rep 4)   2601ms  rounds=1 tool_calls=0  schema_fail=0  exec_fail=0  denied=0  tokens_in=1121 tokens_out=50
[PASS] no_tool_qa               ollama:qwen2.5:7b+lead:ollama:gemma4:e4b (rep 5)   2621ms  rounds=1 tool_calls=0  schema_fail=0  exec_fail=0  denied=0  tokens_in=1121 tokens_out=50
[PASS] multi_step_read_count_write ollama:qwen2.5:7b+lead:ollama:gemma4:e4b  19724ms  rounds=3 tool_calls=2  schema_fail=0  exec_fail=0  denied=0  tokens_in=3731 tokens_out=585
[PASS] multi_step_read_count_write ollama:qwen2.5:7b+lead:ollama:gemma4:e4b (rep 2)  16491ms  rounds=3 tool_calls=2  schema_fail=0  exec_fail=0  denied=0  tokens_in=3731 tokens_out=484
[PASS] multi_step_read_count_write ollama:qwen2.5:7b+lead:ollama:gemma4:e4b (rep 3)  31548ms  rounds=4 tool_calls=3  schema_fail=0  exec_fail=1  denied=1  tokens_in=5094 tokens_out=692
[PASS] multi_step_read_count_write ollama:qwen2.5:7b+lead:ollama:gemma4:e4b (rep 4)  25471ms  rounds=3 tool_calls=2  schema_fail=0  exec_fail=0  denied=0  tokens_in=3731 tokens_out=545
[PASS] multi_step_read_count_write ollama:qwen2.5:7b+lead:ollama:gemma4:e4b (rep 5)  50433ms  rounds=5 tool_calls=4  schema_fail=0  exec_fail=2  denied=2  tokens_in=6644 tokens_out=1314
[PASS] error_recovery_wrong_filename ollama:qwen2.5:7b+lead:ollama:gemma4:e4b  32567ms  rounds=3 tool_calls=2  schema_fail=0  exec_fail=0  denied=0  tokens_in=3710 tokens_out=447
[PASS] error_recovery_wrong_filename ollama:qwen2.5:7b+lead:ollama:gemma4:e4b (rep 2)  26563ms  rounds=4 tool_calls=3  schema_fail=0  exec_fail=0  denied=0  tokens_in=5071 tokens_out=603
[PASS] error_recovery_wrong_filename ollama:qwen2.5:7b+lead:ollama:gemma4:e4b (rep 3)  32012ms  rounds=3 tool_calls=2  schema_fail=0  exec_fail=0  denied=0  tokens_in=3684 tokens_out=535
[PASS] error_recovery_wrong_filename ollama:qwen2.5:7b+lead:ollama:gemma4:e4b (rep 4)  22935ms  rounds=3 tool_calls=2  schema_fail=0  exec_fail=0  denied=0  tokens_in=3713 tokens_out=660
[PASS] error_recovery_wrong_filename ollama:qwen2.5:7b+lead:ollama:gemma4:e4b (rep 5)  16990ms  rounds=3 tool_calls=2  schema_fail=0  exec_fail=0  denied=0  tokens_in=3710 tokens_out=501
[PASS] distractor_selection_among_files ollama:qwen2.5:7b+lead:ollama:gemma4:e4b  54070ms  rounds=5 tool_calls=4  schema_fail=0  exec_fail=2  denied=0  tokens_in=7005 tokens_out=1473
[PASS] distractor_selection_among_files ollama:qwen2.5:7b+lead:ollama:gemma4:e4b (rep 2)  36789ms  rounds=5 tool_calls=4  schema_fail=0  exec_fail=2  denied=0  tokens_in=7012 tokens_out=566
[PASS] distractor_selection_among_files ollama:qwen2.5:7b+lead:ollama:gemma4:e4b (rep 3)  60721ms  rounds=4 tool_calls=3  schema_fail=1  exec_fail=1  denied=0  tokens_in=5338 tokens_out=1015
[PASS] distractor_selection_among_files ollama:qwen2.5:7b+lead:ollama:gemma4:e4b (rep 4)  27611ms  rounds=3 tool_calls=2  schema_fail=0  exec_fail=0  denied=0  tokens_in=3879 tokens_out=505
[PASS] distractor_selection_among_files ollama:qwen2.5:7b+lead:ollama:gemma4:e4b (rep 5)  24700ms  rounds=3 tool_calls=2  schema_fail=0  exec_fail=0  denied=0  tokens_in=3879 tokens_out=755
[PASS] edit_file_function_body  ollama:qwen2.5:7b+lead:ollama:gemma4:e4b   7296ms  rounds=2 tool_calls=1  schema_fail=0  exec_fail=0  denied=0  tokens_in=2378 tokens_out=189
[PASS] edit_file_function_body  ollama:qwen2.5:7b+lead:ollama:gemma4:e4b (rep 2)   7434ms  rounds=2 tool_calls=1  schema_fail=0  exec_fail=0  denied=0  tokens_in=2378 tokens_out=196
[PASS] edit_file_function_body  ollama:qwen2.5:7b+lead:ollama:gemma4:e4b (rep 3)   7533ms  rounds=2 tool_calls=1  schema_fail=0  exec_fail=0  denied=0  tokens_in=2378 tokens_out=194
[PASS] edit_file_function_body  ollama:qwen2.5:7b+lead:ollama:gemma4:e4b (rep 4)  11489ms  rounds=2 tool_calls=1  schema_fail=0  exec_fail=0  denied=0  tokens_in=2378 tokens_out=332
[PASS] edit_file_function_body  ollama:qwen2.5:7b+lead:ollama:gemma4:e4b (rep 5)  30387ms  rounds=4 tool_calls=3  schema_fail=0  exec_fail=0  denied=0  tokens_in=5097 tokens_out=672
[PASS] no_tool_capital_question ollama:qwen2.5:7b+lead:ollama:gemma4:e4b  11920ms  rounds=1 tool_calls=0  schema_fail=0  exec_fail=0  denied=0  tokens_in=1126 tokens_out=53
[PASS] no_tool_capital_question ollama:qwen2.5:7b+lead:ollama:gemma4:e4b (rep 2)   3711ms  rounds=1 tool_calls=0  schema_fail=0  exec_fail=0  denied=0  tokens_in=1126 tokens_out=84
[PASS] no_tool_capital_question ollama:qwen2.5:7b+lead:ollama:gemma4:e4b (rep 3)   4184ms  rounds=1 tool_calls=0  schema_fail=0  exec_fail=0  denied=0  tokens_in=1126 tokens_out=66
[PASS] no_tool_capital_question ollama:qwen2.5:7b+lead:ollama:gemma4:e4b (rep 4)   5520ms  rounds=1 tool_calls=0  schema_fail=0  exec_fail=0  denied=0  tokens_in=1126 tokens_out=146
[PASS] no_tool_capital_question ollama:qwen2.5:7b+lead:ollama:gemma4:e4b (rep 5)   2525ms  rounds=1 tool_calls=0  schema_fail=0  exec_fail=0  denied=0  tokens_in=1126 tokens_out=46
[PASS] no_tool_subtraction      ollama:qwen2.5:7b+lead:ollama:gemma4:e4b   4014ms  rounds=1 tool_calls=0  schema_fail=0  exec_fail=0  denied=0  tokens_in=1124 tokens_out=96
[PASS] no_tool_subtraction      ollama:qwen2.5:7b+lead:ollama:gemma4:e4b (rep 2)   2880ms  rounds=1 tool_calls=0  schema_fail=0  exec_fail=0  denied=0  tokens_in=1124 tokens_out=59
[PASS] no_tool_subtraction      ollama:qwen2.5:7b+lead:ollama:gemma4:e4b (rep 3)   3978ms  rounds=1 tool_calls=0  schema_fail=0  exec_fail=0  denied=0  tokens_in=1124 tokens_out=95
[PASS] no_tool_subtraction      ollama:qwen2.5:7b+lead:ollama:gemma4:e4b (rep 4)   2838ms  rounds=1 tool_calls=0  schema_fail=0  exec_fail=0  denied=0  tokens_in=1124 tokens_out=56
[PASS] no_tool_subtraction      ollama:qwen2.5:7b+lead:ollama:gemma4:e4b (rep 5)   3243ms  rounds=1 tool_calls=0  schema_fail=0  exec_fail=0  denied=0  tokens_in=1124 tokens_out=71
[PASS] multi_step_sum_two_files ollama:qwen2.5:7b+lead:ollama:gemma4:e4b  28576ms  rounds=4 tool_calls=3  schema_fail=0  exec_fail=0  denied=0  tokens_in=5133 tokens_out=542
[PASS] multi_step_sum_two_files ollama:qwen2.5:7b+lead:ollama:gemma4:e4b (rep 2)  36339ms  rounds=4 tool_calls=3  schema_fail=0  exec_fail=0  denied=0  tokens_in=5133 tokens_out=512
[PASS] multi_step_sum_two_files ollama:qwen2.5:7b+lead:ollama:gemma4:e4b (rep 3)  37057ms  rounds=5 tool_calls=4  schema_fail=0  exec_fail=1  denied=1  tokens_in=6595 tokens_out=542
[PASS] multi_step_sum_two_files ollama:qwen2.5:7b+lead:ollama:gemma4:e4b (rep 4)  32915ms  rounds=4 tool_calls=3  schema_fail=0  exec_fail=0  denied=0  tokens_in=5133 tokens_out=503
[PASS] multi_step_sum_two_files ollama:qwen2.5:7b+lead:ollama:gemma4:e4b (rep 5)  26807ms  rounds=3 tool_calls=2  schema_fail=0  exec_fail=0  denied=0  tokens_in=3786 tokens_out=496
[PASS] multi_step_multiply_and_write ollama:qwen2.5:7b+lead:ollama:gemma4:e4b  13238ms  rounds=3 tool_calls=2  schema_fail=0  exec_fail=0  denied=0  tokens_in=3708 tokens_out=374
[PASS] multi_step_multiply_and_write ollama:qwen2.5:7b+lead:ollama:gemma4:e4b (rep 2)  11046ms  rounds=3 tool_calls=2  schema_fail=0  exec_fail=0  denied=0  tokens_in=3708 tokens_out=302
[PASS] multi_step_multiply_and_write ollama:qwen2.5:7b+lead:ollama:gemma4:e4b (rep 3)  13904ms  rounds=3 tool_calls=2  schema_fail=0  exec_fail=0  denied=0  tokens_in=3708 tokens_out=396
[PASS] multi_step_multiply_and_write ollama:qwen2.5:7b+lead:ollama:gemma4:e4b (rep 4)  10627ms  rounds=3 tool_calls=2  schema_fail=0  exec_fail=0  denied=0  tokens_in=3708 tokens_out=288
[PASS] multi_step_multiply_and_write ollama:qwen2.5:7b+lead:ollama:gemma4:e4b (rep 5)  12142ms  rounds=3 tool_calls=2  schema_fail=0  exec_fail=0  denied=0  tokens_in=3708 tokens_out=340
[PASS] error_recovery_wrong_config_extension ollama:qwen2.5:7b+lead:ollama:gemma4:e4b   8544ms  rounds=3 tool_calls=2  schema_fail=0  exec_fail=0  denied=0  tokens_in=3679 tokens_out=214
[PASS] error_recovery_wrong_config_extension ollama:qwen2.5:7b+lead:ollama:gemma4:e4b (rep 2)  12192ms  rounds=3 tool_calls=2  schema_fail=0  exec_fail=0  denied=0  tokens_in=3679 tokens_out=341
[PASS] error_recovery_wrong_config_extension ollama:qwen2.5:7b+lead:ollama:gemma4:e4b (rep 3)   8583ms  rounds=3 tool_calls=2  schema_fail=0  exec_fail=0  denied=0  tokens_in=3678 tokens_out=219
[PASS] error_recovery_wrong_config_extension ollama:qwen2.5:7b+lead:ollama:gemma4:e4b (rep 4)  12905ms  rounds=3 tool_calls=2  schema_fail=0  exec_fail=0  denied=0  tokens_in=3679 tokens_out=366
[PASS] error_recovery_wrong_config_extension ollama:qwen2.5:7b+lead:ollama:gemma4:e4b (rep 5)  11174ms  rounds=3 tool_calls=2  schema_fail=0  exec_fail=0  denied=0  tokens_in=3679 tokens_out=305
[PASS] error_recovery_edit_wrong_filename ollama:qwen2.5:7b+lead:ollama:gemma4:e4b  24041ms  rounds=3 tool_calls=2  schema_fail=0  exec_fail=0  denied=0  tokens_in=3826 tokens_out=733
[PASS] error_recovery_edit_wrong_filename ollama:qwen2.5:7b+lead:ollama:gemma4:e4b (rep 2)  21808ms  rounds=4 tool_calls=3  schema_fail=0  exec_fail=0  denied=0  tokens_in=5133 tokens_out=359
[PASS] error_recovery_edit_wrong_filename ollama:qwen2.5:7b+lead:ollama:gemma4:e4b (rep 3)  28567ms  rounds=4 tool_calls=3  schema_fail=0  exec_fail=0  denied=0  tokens_in=5129 tokens_out=358
[PASS] error_recovery_edit_wrong_filename ollama:qwen2.5:7b+lead:ollama:gemma4:e4b (rep 4)  28414ms  rounds=4 tool_calls=3  schema_fail=0  exec_fail=0  denied=0  tokens_in=5129 tokens_out=374
[PASS] error_recovery_edit_wrong_filename ollama:qwen2.5:7b+lead:ollama:gemma4:e4b (rep 5)  30056ms  rounds=4 tool_calls=3  schema_fail=0  exec_fail=0  denied=0  tokens_in=5133 tokens_out=339
[PASS] distractor_selection_log_with_error ollama:qwen2.5:7b+lead:ollama:gemma4:e4b  30710ms  rounds=3 tool_calls=2  schema_fail=0  exec_fail=0  denied=0  tokens_in=3880 tokens_out=652
[PASS] distractor_selection_log_with_error ollama:qwen2.5:7b+lead:ollama:gemma4:e4b (rep 2)  52678ms  rounds=5 tool_calls=4  schema_fail=0  exec_fail=1  denied=0  tokens_in=6901 tokens_out=1389
[PASS] distractor_selection_log_with_error ollama:qwen2.5:7b+lead:ollama:gemma4:e4b (rep 3)  46612ms  rounds=6 tool_calls=5  schema_fail=0  exec_fail=1  denied=0  tokens_in=8451 tokens_out=866
[PASS] distractor_selection_log_with_error ollama:qwen2.5:7b+lead:ollama:gemma4:e4b (rep 4)  58563ms  rounds=3 tool_calls=2  schema_fail=0  exec_fail=0  denied=0  tokens_in=3880 tokens_out=646
[PASS] distractor_selection_log_with_error ollama:qwen2.5:7b+lead:ollama:gemma4:e4b (rep 5)  46753ms  rounds=4 tool_calls=3  schema_fail=0  exec_fail=1  denied=0  tokens_in=5347 tokens_out=1220
[PASS] distractor_selection_debug_config ollama:qwen2.5:7b+lead:ollama:gemma4:e4b  20808ms  rounds=2 tool_calls=1  schema_fail=0  exec_fail=0  denied=0  tokens_in=2359 tokens_out=304
[PASS] distractor_selection_debug_config ollama:qwen2.5:7b+lead:ollama:gemma4:e4b (rep 2)  12616ms  rounds=2 tool_calls=1  schema_fail=0  exec_fail=0  denied=0  tokens_in=2365 tokens_out=370
[PASS] distractor_selection_debug_config ollama:qwen2.5:7b+lead:ollama:gemma4:e4b (rep 3)   8183ms  rounds=2 tool_calls=1  schema_fail=0  exec_fail=0  denied=0  tokens_in=2359 tokens_out=219
[PASS] distractor_selection_debug_config ollama:qwen2.5:7b+lead:ollama:gemma4:e4b (rep 4)  12005ms  rounds=2 tool_calls=1  schema_fail=0  exec_fail=0  denied=0  tokens_in=2365 tokens_out=352
[PASS] distractor_selection_debug_config ollama:qwen2.5:7b+lead:ollama:gemma4:e4b (rep 5)   8502ms  rounds=2 tool_calls=1  schema_fail=0  exec_fail=0  denied=0  tokens_in=2359 tokens_out=232
[FAIL] read_file_basic          ollama:qwen2.5:7b+plan:ollama:gemma4:e4b+lead:ollama:gemma4:e4b  13180ms  rounds=3 tool_calls=1  schema_fail=0  exec_fail=0  denied=0  tokens_in=2968 tokens_out=359 [AssertionToolCall]
[FAIL] read_file_basic          ollama:qwen2.5:7b+plan:ollama:gemma4:e4b+lead:ollama:gemma4:e4b (rep 2)  12666ms  rounds=3 tool_calls=1  schema_fail=0  exec_fail=0  denied=0  tokens_in=2972 tokens_out=346 [AssertionToolCall]
[FAIL] read_file_basic          ollama:qwen2.5:7b+plan:ollama:gemma4:e4b+lead:ollama:gemma4:e4b (rep 3)  12144ms  rounds=3 tool_calls=1  schema_fail=0  exec_fail=0  denied=0  tokens_in=2964 tokens_out=329 [AssertionToolCall]
[FAIL] read_file_basic          ollama:qwen2.5:7b+plan:ollama:gemma4:e4b+lead:ollama:gemma4:e4b (rep 4)  13658ms  rounds=3 tool_calls=1  schema_fail=0  exec_fail=0  denied=0  tokens_in=2968 tokens_out=381 [AssertionToolCall]
[FAIL] read_file_basic          ollama:qwen2.5:7b+plan:ollama:gemma4:e4b+lead:ollama:gemma4:e4b (rep 5)  12497ms  rounds=3 tool_calls=1  schema_fail=0  exec_fail=0  denied=0  tokens_in=2966 tokens_out=344 [AssertionToolCall]
[PASS] grep_basic               ollama:qwen2.5:7b+plan:ollama:gemma4:e4b+lead:ollama:gemma4:e4b  18540ms  rounds=3 tool_calls=1  schema_fail=0  exec_fail=0  denied=0  tokens_in=2958 tokens_out=544
[PASS] grep_basic               ollama:qwen2.5:7b+plan:ollama:gemma4:e4b+lead:ollama:gemma4:e4b (rep 2)  13953ms  rounds=3 tool_calls=1  schema_fail=0  exec_fail=0  denied=0  tokens_in=2922 tokens_out=394
[PASS] grep_basic               ollama:qwen2.5:7b+plan:ollama:gemma4:e4b+lead:ollama:gemma4:e4b (rep 3)  14359ms  rounds=3 tool_calls=1  schema_fail=0  exec_fail=0  denied=0  tokens_in=2924 tokens_out=409
[PASS] grep_basic               ollama:qwen2.5:7b+plan:ollama:gemma4:e4b+lead:ollama:gemma4:e4b (rep 4)  13569ms  rounds=3 tool_calls=1  schema_fail=0  exec_fail=0  denied=0  tokens_in=2946 tokens_out=380
[PASS] grep_basic               ollama:qwen2.5:7b+plan:ollama:gemma4:e4b+lead:ollama:gemma4:e4b (rep 5)  17527ms  rounds=3 tool_calls=1  schema_fail=0  exec_fail=0  denied=0  tokens_in=2970 tokens_out=506
[PASS] glob_basic               ollama:qwen2.5:7b+plan:ollama:gemma4:e4b+lead:ollama:gemma4:e4b   8276ms  rounds=3 tool_calls=1  schema_fail=0  exec_fail=0  denied=0  tokens_in=2969 tokens_out=199
[PASS] glob_basic               ollama:qwen2.5:7b+plan:ollama:gemma4:e4b+lead:ollama:gemma4:e4b (rep 2)   8269ms  rounds=3 tool_calls=1  schema_fail=0  exec_fail=0  denied=0  tokens_in=2971 tokens_out=197
[PASS] glob_basic               ollama:qwen2.5:7b+plan:ollama:gemma4:e4b+lead:ollama:gemma4:e4b (rep 3)   9855ms  rounds=3 tool_calls=1  schema_fail=0  exec_fail=0  denied=0  tokens_in=2969 tokens_out=253
[PASS] glob_basic               ollama:qwen2.5:7b+plan:ollama:gemma4:e4b+lead:ollama:gemma4:e4b (rep 4)   9910ms  rounds=3 tool_calls=1  schema_fail=0  exec_fail=0  denied=0  tokens_in=2971 tokens_out=255
[PASS] glob_basic               ollama:qwen2.5:7b+plan:ollama:gemma4:e4b+lead:ollama:gemma4:e4b (rep 5)   9847ms  rounds=3 tool_calls=1  schema_fail=0  exec_fail=0  denied=0  tokens_in=2971 tokens_out=254
[PASS] write_file_basic         ollama:qwen2.5:7b+plan:ollama:gemma4:e4b+lead:ollama:gemma4:e4b   6073ms  rounds=3 tool_calls=1  schema_fail=0  exec_fail=0  denied=0  tokens_in=2970 tokens_out=124
[PASS] write_file_basic         ollama:qwen2.5:7b+plan:ollama:gemma4:e4b+lead:ollama:gemma4:e4b (rep 2)   8314ms  rounds=3 tool_calls=1  schema_fail=0  exec_fail=0  denied=0  tokens_in=2980 tokens_out=201
[PASS] write_file_basic         ollama:qwen2.5:7b+plan:ollama:gemma4:e4b+lead:ollama:gemma4:e4b (rep 3)   6060ms  rounds=3 tool_calls=1  schema_fail=0  exec_fail=0  denied=0  tokens_in=2974 tokens_out=125
[PASS] write_file_basic         ollama:qwen2.5:7b+plan:ollama:gemma4:e4b+lead:ollama:gemma4:e4b (rep 4)   8568ms  rounds=3 tool_calls=1  schema_fail=0  exec_fail=0  denied=0  tokens_in=2990 tokens_out=205
[PASS] write_file_basic         ollama:qwen2.5:7b+plan:ollama:gemma4:e4b+lead:ollama:gemma4:e4b (rep 5)   6168ms  rounds=3 tool_calls=1  schema_fail=0  exec_fail=0  denied=0  tokens_in=2976 tokens_out=127
[PASS] edit_file_basic          ollama:qwen2.5:7b+plan:ollama:gemma4:e4b+lead:ollama:gemma4:e4b  11739ms  rounds=3 tool_calls=1  schema_fail=0  exec_fail=0  denied=0  tokens_in=2996 tokens_out=315
[PASS] edit_file_basic          ollama:qwen2.5:7b+plan:ollama:gemma4:e4b+lead:ollama:gemma4:e4b (rep 2)  11742ms  rounds=3 tool_calls=1  schema_fail=0  exec_fail=0  denied=0  tokens_in=2996 tokens_out=318
[PASS] edit_file_basic          ollama:qwen2.5:7b+plan:ollama:gemma4:e4b+lead:ollama:gemma4:e4b (rep 3)  10597ms  rounds=3 tool_calls=1  schema_fail=0  exec_fail=0  denied=0  tokens_in=3034 tokens_out=272
[PASS] edit_file_basic          ollama:qwen2.5:7b+plan:ollama:gemma4:e4b+lead:ollama:gemma4:e4b (rep 4)  10337ms  rounds=3 tool_calls=1  schema_fail=0  exec_fail=0  denied=0  tokens_in=3006 tokens_out=270
[PASS] edit_file_basic          ollama:qwen2.5:7b+plan:ollama:gemma4:e4b+lead:ollama:gemma4:e4b (rep 5)  10222ms  rounds=3 tool_calls=1  schema_fail=0  exec_fail=0  denied=0  tokens_in=3006 tokens_out=268
[PASS] shell_exec_basic         ollama:qwen2.5:7b+plan:ollama:gemma4:e4b+lead:ollama:gemma4:e4b   6999ms  rounds=3 tool_calls=1  schema_fail=0  exec_fail=0  denied=0  tokens_in=2917 tokens_out=155
[PASS] shell_exec_basic         ollama:qwen2.5:7b+plan:ollama:gemma4:e4b+lead:ollama:gemma4:e4b (rep 2)   7294ms  rounds=3 tool_calls=1  schema_fail=0  exec_fail=0  denied=0  tokens_in=2939 tokens_out=166
[PASS] shell_exec_basic         ollama:qwen2.5:7b+plan:ollama:gemma4:e4b+lead:ollama:gemma4:e4b (rep 3)   8357ms  rounds=3 tool_calls=1  schema_fail=0  exec_fail=0  denied=0  tokens_in=2937 tokens_out=204
[PASS] shell_exec_basic         ollama:qwen2.5:7b+plan:ollama:gemma4:e4b+lead:ollama:gemma4:e4b (rep 4)   7291ms  rounds=3 tool_calls=1  schema_fail=0  exec_fail=0  denied=0  tokens_in=2937 tokens_out=165
[PASS] shell_exec_basic         ollama:qwen2.5:7b+plan:ollama:gemma4:e4b+lead:ollama:gemma4:e4b (rep 5)   5390ms  rounds=3 tool_calls=1  schema_fail=0  exec_fail=0  denied=0  tokens_in=2939 tokens_out=102
[PASS] no_tool_qa               ollama:qwen2.5:7b+plan:ollama:gemma4:e4b+lead:ollama:gemma4:e4b   4960ms  rounds=2 tool_calls=0  schema_fail=0  exec_fail=0  denied=0  tokens_in=1683 tokens_out=101
[PASS] no_tool_qa               ollama:qwen2.5:7b+plan:ollama:gemma4:e4b+lead:ollama:gemma4:e4b (rep 2)   4965ms  rounds=2 tool_calls=0  schema_fail=0  exec_fail=0  denied=0  tokens_in=1683 tokens_out=104
[PASS] no_tool_qa               ollama:qwen2.5:7b+plan:ollama:gemma4:e4b+lead:ollama:gemma4:e4b (rep 3)   5464ms  rounds=2 tool_calls=0  schema_fail=0  exec_fail=0  denied=0  tokens_in=1683 tokens_out=122
[PASS] no_tool_qa               ollama:qwen2.5:7b+plan:ollama:gemma4:e4b+lead:ollama:gemma4:e4b (rep 4)   5006ms  rounds=2 tool_calls=0  schema_fail=0  exec_fail=0  denied=0  tokens_in=1683 tokens_out=105
[PASS] no_tool_qa               ollama:qwen2.5:7b+plan:ollama:gemma4:e4b+lead:ollama:gemma4:e4b (rep 5)   4927ms  rounds=2 tool_calls=0  schema_fail=0  exec_fail=0  denied=0  tokens_in=1683 tokens_out=105
[PASS] multi_step_read_count_write ollama:qwen2.5:7b+plan:ollama:gemma4:e4b+lead:ollama:gemma4:e4b  21798ms  rounds=4 tool_calls=2  schema_fail=0  exec_fail=0  denied=0  tokens_in=4553 tokens_out=632
[PASS] multi_step_read_count_write ollama:qwen2.5:7b+plan:ollama:gemma4:e4b+lead:ollama:gemma4:e4b (rep 2)  17101ms  rounds=4 tool_calls=2  schema_fail=0  exec_fail=0  denied=0  tokens_in=4523 tokens_out=476
[PASS] multi_step_read_count_write ollama:qwen2.5:7b+plan:ollama:gemma4:e4b+lead:ollama:gemma4:e4b (rep 3)  16526ms  rounds=4 tool_calls=2  schema_fail=0  exec_fail=0  denied=0  tokens_in=4571 tokens_out=458
[PASS] multi_step_read_count_write ollama:qwen2.5:7b+plan:ollama:gemma4:e4b+lead:ollama:gemma4:e4b (rep 4)  20956ms  rounds=4 tool_calls=2  schema_fail=0  exec_fail=0  denied=0  tokens_in=4571 tokens_out=605
[PASS] multi_step_read_count_write ollama:qwen2.5:7b+plan:ollama:gemma4:e4b+lead:ollama:gemma4:e4b (rep 5)  51043ms  rounds=5 tool_calls=3  schema_fail=0  exec_fail=1  denied=1  tokens_in=6090 tokens_out=1309
[PASS] error_recovery_wrong_filename ollama:qwen2.5:7b+plan:ollama:gemma4:e4b+lead:ollama:gemma4:e4b  29671ms  rounds=4 tool_calls=2  schema_fail=0  exec_fail=0  denied=0  tokens_in=4548 tokens_out=568
[PASS] error_recovery_wrong_filename ollama:qwen2.5:7b+plan:ollama:gemma4:e4b+lead:ollama:gemma4:e4b (rep 2)  16497ms  rounds=4 tool_calls=2  schema_fail=0  exec_fail=0  denied=0  tokens_in=4518 tokens_out=459
[PASS] error_recovery_wrong_filename ollama:qwen2.5:7b+plan:ollama:gemma4:e4b+lead:ollama:gemma4:e4b (rep 3)  21157ms  rounds=4 tool_calls=2  schema_fail=0  exec_fail=0  denied=0  tokens_in=4512 tokens_out=619
[PASS] error_recovery_wrong_filename ollama:qwen2.5:7b+plan:ollama:gemma4:e4b+lead:ollama:gemma4:e4b (rep 4)  19894ms  rounds=4 tool_calls=2  schema_fail=0  exec_fail=0  denied=0  tokens_in=4527 tokens_out=577
[PASS] error_recovery_wrong_filename ollama:qwen2.5:7b+plan:ollama:gemma4:e4b+lead:ollama:gemma4:e4b (rep 5)  19740ms  rounds=4 tool_calls=2  schema_fail=0  exec_fail=0  denied=0  tokens_in=4491 tokens_out=573
[PASS] distractor_selection_among_files ollama:qwen2.5:7b+plan:ollama:gemma4:e4b+lead:ollama:gemma4:e4b  29601ms  rounds=6 tool_calls=4  schema_fail=0  exec_fail=1  denied=0  tokens_in=7601 tokens_out=602
[PASS] distractor_selection_among_files ollama:qwen2.5:7b+plan:ollama:gemma4:e4b+lead:ollama:gemma4:e4b (rep 2)  45907ms  rounds=5 tool_calls=3  schema_fail=1  exec_fail=1  denied=0  tokens_in=6040 tokens_out=809
[PASS] distractor_selection_among_files ollama:qwen2.5:7b+plan:ollama:gemma4:e4b+lead:ollama:gemma4:e4b (rep 3)  53199ms  rounds=6 tool_calls=4  schema_fail=0  exec_fail=2  denied=0  tokens_in=7702 tokens_out=707
[PASS] distractor_selection_among_files ollama:qwen2.5:7b+plan:ollama:gemma4:e4b+lead:ollama:gemma4:e4b (rep 4)  45994ms  rounds=4 tool_calls=2  schema_fail=0  exec_fail=0  denied=0  tokens_in=4553 tokens_out=1129
[PASS] distractor_selection_among_files ollama:qwen2.5:7b+plan:ollama:gemma4:e4b+lead:ollama:gemma4:e4b (rep 5)  33246ms  rounds=7 tool_calls=5  schema_fail=0  exec_fail=1  denied=0  tokens_in=9232 tokens_out=655
[PASS] edit_file_function_body  ollama:qwen2.5:7b+plan:ollama:gemma4:e4b+lead:ollama:gemma4:e4b  19808ms  rounds=3 tool_calls=1  schema_fail=0  exec_fail=0  denied=0  tokens_in=3013 tokens_out=255
[PASS] edit_file_function_body  ollama:qwen2.5:7b+plan:ollama:gemma4:e4b+lead:ollama:gemma4:e4b (rep 2)   9938ms  rounds=3 tool_calls=1  schema_fail=0  exec_fail=0  denied=0  tokens_in=3017 tokens_out=259
[PASS] edit_file_function_body  ollama:qwen2.5:7b+plan:ollama:gemma4:e4b+lead:ollama:gemma4:e4b (rep 3)   9510ms  rounds=3 tool_calls=1  schema_fail=0  exec_fail=0  denied=0  tokens_in=3013 tokens_out=245
[PASS] edit_file_function_body  ollama:qwen2.5:7b+plan:ollama:gemma4:e4b+lead:ollama:gemma4:e4b (rep 4)  10485ms  rounds=3 tool_calls=1  schema_fail=0  exec_fail=0  denied=0  tokens_in=3017 tokens_out=276
[PASS] edit_file_function_body  ollama:qwen2.5:7b+plan:ollama:gemma4:e4b+lead:ollama:gemma4:e4b (rep 5)   9752ms  rounds=3 tool_calls=1  schema_fail=0  exec_fail=0  denied=0  tokens_in=3017 tokens_out=253
[PASS] no_tool_capital_question ollama:qwen2.5:7b+plan:ollama:gemma4:e4b+lead:ollama:gemma4:e4b   5325ms  rounds=2 tool_calls=0  schema_fail=0  exec_fail=0  denied=0  tokens_in=1693 tokens_out=114
[PASS] no_tool_capital_question ollama:qwen2.5:7b+plan:ollama:gemma4:e4b+lead:ollama:gemma4:e4b (rep 2)   4392ms  rounds=2 tool_calls=0  schema_fail=0  exec_fail=0  denied=0  tokens_in=1693 tokens_out=90
[PASS] no_tool_capital_question ollama:qwen2.5:7b+plan:ollama:gemma4:e4b+lead:ollama:gemma4:e4b (rep 3)   4816ms  rounds=2 tool_calls=0  schema_fail=0  exec_fail=0  denied=0  tokens_in=1693 tokens_out=104
[PASS] no_tool_capital_question ollama:qwen2.5:7b+plan:ollama:gemma4:e4b+lead:ollama:gemma4:e4b (rep 4)   4743ms  rounds=2 tool_calls=0  schema_fail=0  exec_fail=0  denied=0  tokens_in=1693 tokens_out=102
[PASS] no_tool_capital_question ollama:qwen2.5:7b+plan:ollama:gemma4:e4b+lead:ollama:gemma4:e4b (rep 5)   4625ms  rounds=2 tool_calls=0  schema_fail=0  exec_fail=0  denied=0  tokens_in=1693 tokens_out=98
[PASS] no_tool_subtraction      ollama:qwen2.5:7b+plan:ollama:gemma4:e4b+lead:ollama:gemma4:e4b   4951ms  rounds=2 tool_calls=0  schema_fail=0  exec_fail=0  denied=0  tokens_in=1689 tokens_out=108
[PASS] no_tool_subtraction      ollama:qwen2.5:7b+plan:ollama:gemma4:e4b+lead:ollama:gemma4:e4b (rep 2)   5148ms  rounds=2 tool_calls=0  schema_fail=0  exec_fail=0  denied=0  tokens_in=1689 tokens_out=116
[PASS] no_tool_subtraction      ollama:qwen2.5:7b+plan:ollama:gemma4:e4b+lead:ollama:gemma4:e4b (rep 3)   5196ms  rounds=2 tool_calls=0  schema_fail=0  exec_fail=0  denied=0  tokens_in=1689 tokens_out=114
[PASS] no_tool_subtraction      ollama:qwen2.5:7b+plan:ollama:gemma4:e4b+lead:ollama:gemma4:e4b (rep 4)   4943ms  rounds=2 tool_calls=0  schema_fail=0  exec_fail=0  denied=0  tokens_in=1689 tokens_out=109
[PASS] no_tool_subtraction      ollama:qwen2.5:7b+plan:ollama:gemma4:e4b+lead:ollama:gemma4:e4b (rep 5)   5910ms  rounds=2 tool_calls=0  schema_fail=0  exec_fail=0  denied=0  tokens_in=1689 tokens_out=141
[PASS] multi_step_sum_two_files ollama:qwen2.5:7b+plan:ollama:gemma4:e4b+lead:ollama:gemma4:e4b 109928ms  rounds=8 tool_calls=6  schema_fail=0  exec_fail=3  denied=3  tokens_in=11341 tokens_out=3275
[PASS] multi_step_sum_two_files ollama:qwen2.5:7b+plan:ollama:gemma4:e4b+lead:ollama:gemma4:e4b (rep 2)  96006ms  rounds=10 tool_calls=8  schema_fail=2  exec_fail=3  denied=3  tokens_in=17090 tokens_out=1999
[PASS] multi_step_sum_two_files ollama:qwen2.5:7b+plan:ollama:gemma4:e4b+lead:ollama:gemma4:e4b (rep 3)  42852ms  rounds=5 tool_calls=3  schema_fail=0  exec_fail=0  denied=0  tokens_in=6068 tokens_out=780
[PASS] multi_step_sum_two_files ollama:qwen2.5:7b+plan:ollama:gemma4:e4b+lead:ollama:gemma4:e4b (rep 4)  39821ms  rounds=5 tool_calls=3  schema_fail=0  exec_fail=0  denied=0  tokens_in=6116 tokens_out=691
[PASS] multi_step_sum_two_files ollama:qwen2.5:7b+plan:ollama:gemma4:e4b+lead:ollama:gemma4:e4b (rep 5)  41157ms  rounds=5 tool_calls=3  schema_fail=0  exec_fail=0  denied=0  tokens_in=6032 tokens_out=752
[PASS] multi_step_multiply_and_write ollama:qwen2.5:7b+plan:ollama:gemma4:e4b+lead:ollama:gemma4:e4b  51304ms  rounds=6 tool_calls=4  schema_fail=0  exec_fail=2  denied=2  tokens_in=7693 tokens_out=1214
[PASS] multi_step_multiply_and_write ollama:qwen2.5:7b+plan:ollama:gemma4:e4b+lead:ollama:gemma4:e4b (rep 2)  43589ms  rounds=5 tool_calls=3  schema_fail=0  exec_fail=1  denied=1  tokens_in=6086 tokens_out=1146
[PASS] multi_step_multiply_and_write ollama:qwen2.5:7b+plan:ollama:gemma4:e4b+lead:ollama:gemma4:e4b (rep 3)  40914ms  rounds=4 tool_calls=2  schema_fail=0  exec_fail=0  denied=0  tokens_in=4559 tokens_out=778
[PASS] multi_step_multiply_and_write ollama:qwen2.5:7b+plan:ollama:gemma4:e4b+lead:ollama:gemma4:e4b (rep 4)  55145ms  rounds=5 tool_calls=3  schema_fail=0  exec_fail=1  denied=1  tokens_in=5964 tokens_out=1518
[PASS] multi_step_multiply_and_write ollama:qwen2.5:7b+plan:ollama:gemma4:e4b+lead:ollama:gemma4:e4b (rep 5)  31235ms  rounds=4 tool_calls=2  schema_fail=0  exec_fail=0  denied=0  tokens_in=4541 tokens_out=519
[PASS] error_recovery_wrong_config_extension ollama:qwen2.5:7b+plan:ollama:gemma4:e4b+lead:ollama:gemma4:e4b  13902ms  rounds=4 tool_calls=2  schema_fail=0  exec_fail=0  denied=0  tokens_in=4511 tokens_out=372
[PASS] error_recovery_wrong_config_extension ollama:qwen2.5:7b+plan:ollama:gemma4:e4b+lead:ollama:gemma4:e4b (rep 2)  18377ms  rounds=4 tool_calls=2  schema_fail=0  exec_fail=0  denied=0  tokens_in=4601 tokens_out=522
[PASS] error_recovery_wrong_config_extension ollama:qwen2.5:7b+plan:ollama:gemma4:e4b+lead:ollama:gemma4:e4b (rep 3)  18906ms  rounds=4 tool_calls=2  schema_fail=0  exec_fail=0  denied=0  tokens_in=4497 tokens_out=541
[PASS] error_recovery_wrong_config_extension ollama:qwen2.5:7b+plan:ollama:gemma4:e4b+lead:ollama:gemma4:e4b (rep 4)  16055ms  rounds=4 tool_calls=2  schema_fail=0  exec_fail=0  denied=0  tokens_in=4481 tokens_out=444
[PASS] error_recovery_wrong_config_extension ollama:qwen2.5:7b+plan:ollama:gemma4:e4b+lead:ollama:gemma4:e4b (rep 5)  12653ms  rounds=4 tool_calls=2  schema_fail=0  exec_fail=0  denied=0  tokens_in=4485 tokens_out=334
[PASS] error_recovery_edit_wrong_filename ollama:qwen2.5:7b+plan:ollama:gemma4:e4b+lead:ollama:gemma4:e4b  20571ms  rounds=4 tool_calls=2  schema_fail=0  exec_fail=0  denied=0  tokens_in=4663 tokens_out=595
[PASS] error_recovery_edit_wrong_filename ollama:qwen2.5:7b+plan:ollama:gemma4:e4b+lead:ollama:gemma4:e4b (rep 2)  22462ms  rounds=4 tool_calls=2  schema_fail=0  exec_fail=0  denied=0  tokens_in=4656 tokens_out=662
[PASS] error_recovery_edit_wrong_filename ollama:qwen2.5:7b+plan:ollama:gemma4:e4b+lead:ollama:gemma4:e4b (rep 3)  20965ms  rounds=4 tool_calls=2  schema_fail=0  exec_fail=0  denied=0  tokens_in=4626 tokens_out=612
[PASS] error_recovery_edit_wrong_filename ollama:qwen2.5:7b+plan:ollama:gemma4:e4b+lead:ollama:gemma4:e4b (rep 4)  32100ms  rounds=5 tool_calls=3  schema_fail=0  exec_fail=0  denied=0  tokens_in=6067 tokens_out=747
[PASS] error_recovery_edit_wrong_filename ollama:qwen2.5:7b+plan:ollama:gemma4:e4b+lead:ollama:gemma4:e4b (rep 5)  24422ms  rounds=4 tool_calls=2  schema_fail=0  exec_fail=0  denied=0  tokens_in=4586 tokens_out=496
[PASS] distractor_selection_log_with_error ollama:qwen2.5:7b+plan:ollama:gemma4:e4b+lead:ollama:gemma4:e4b  14894ms  rounds=3 tool_calls=1  schema_fail=0  exec_fail=0  denied=0  tokens_in=3058 tokens_out=425
[PASS] distractor_selection_log_with_error ollama:qwen2.5:7b+plan:ollama:gemma4:e4b+lead:ollama:gemma4:e4b (rep 2)  11146ms  rounds=3 tool_calls=1  schema_fail=0  exec_fail=0  denied=0  tokens_in=3030 tokens_out=299
[PASS] distractor_selection_log_with_error ollama:qwen2.5:7b+plan:ollama:gemma4:e4b+lead:ollama:gemma4:e4b (rep 3)  41179ms  rounds=6 tool_calls=4  schema_fail=0  exec_fail=2  denied=0  tokens_in=7740 tokens_out=963
[PASS] distractor_selection_log_with_error ollama:qwen2.5:7b+plan:ollama:gemma4:e4b+lead:ollama:gemma4:e4b (rep 4)  55706ms  rounds=8 tool_calls=6  schema_fail=0  exec_fail=2  denied=0  tokens_in=11340 tokens_out=888
[PASS] distractor_selection_log_with_error ollama:qwen2.5:7b+plan:ollama:gemma4:e4b+lead:ollama:gemma4:e4b (rep 5)  43553ms  rounds=7 tool_calls=5  schema_fail=0  exec_fail=1  denied=0  tokens_in=9188 tokens_out=783
[PASS] distractor_selection_debug_config ollama:qwen2.5:7b+plan:ollama:gemma4:e4b+lead:ollama:gemma4:e4b  32992ms  rounds=3 tool_calls=1  schema_fail=0  exec_fail=0  denied=0  tokens_in=3001 tokens_out=327
[PASS] distractor_selection_debug_config ollama:qwen2.5:7b+plan:ollama:gemma4:e4b+lead:ollama:gemma4:e4b (rep 2)  10179ms  rounds=3 tool_calls=1  schema_fail=0  exec_fail=0  denied=0  tokens_in=2987 tokens_out=262
[PASS] distractor_selection_debug_config ollama:qwen2.5:7b+plan:ollama:gemma4:e4b+lead:ollama:gemma4:e4b (rep 3)  12814ms  rounds=3 tool_calls=1  schema_fail=0  exec_fail=0  denied=0  tokens_in=3011 tokens_out=354
[PASS] distractor_selection_debug_config ollama:qwen2.5:7b+plan:ollama:gemma4:e4b+lead:ollama:gemma4:e4b (rep 4)  10431ms  rounds=3 tool_calls=1  schema_fail=0  exec_fail=0  denied=0  tokens_in=2987 tokens_out=270
[PASS] distractor_selection_debug_config ollama:qwen2.5:7b+plan:ollama:gemma4:e4b+lead:ollama:gemma4:e4b (rep 5)  10968ms  rounds=3 tool_calls=1  schema_fail=0  exec_fail=0  denied=0  tokens_in=2987 tokens_out=295
[PASS] read_file_basic          ollama:qwen3.5-coder  34235ms  rounds=2 tool_calls=1  schema_fail=0  exec_fail=0  denied=0  tokens_in=2870 tokens_out=166
[PASS] read_file_basic          ollama:qwen3.5-coder (rep 2)  15656ms  rounds=2 tool_calls=1  schema_fail=0  exec_fail=0  denied=0  tokens_in=2870 tokens_out=132
[PASS] read_file_basic          ollama:qwen3.5-coder (rep 3)  15377ms  rounds=2 tool_calls=1  schema_fail=0  exec_fail=0  denied=0  tokens_in=2870 tokens_out=139
[PASS] read_file_basic          ollama:qwen3.5-coder (rep 4)  13869ms  rounds=2 tool_calls=1  schema_fail=0  exec_fail=0  denied=0  tokens_in=2870 tokens_out=124
[PASS] read_file_basic          ollama:qwen3.5-coder (rep 5)  15057ms  rounds=2 tool_calls=1  schema_fail=0  exec_fail=0  denied=0  tokens_in=2871 tokens_out=136
[PASS] grep_basic               ollama:qwen3.5-coder  16968ms  rounds=2 tool_calls=1  schema_fail=0  exec_fail=0  denied=0  tokens_in=2908 tokens_out=154
[PASS] grep_basic               ollama:qwen3.5-coder (rep 2)  13229ms  rounds=2 tool_calls=1  schema_fail=0  exec_fail=0  denied=0  tokens_in=2882 tokens_out=116
[PASS] grep_basic               ollama:qwen3.5-coder (rep 3)  16179ms  rounds=2 tool_calls=1  schema_fail=0  exec_fail=0  denied=0  tokens_in=2905 tokens_out=147
[PASS] grep_basic               ollama:qwen3.5-coder (rep 4)  14279ms  rounds=2 tool_calls=1  schema_fail=0  exec_fail=0  denied=0  tokens_in=2882 tokens_out=116
[PASS] grep_basic               ollama:qwen3.5-coder (rep 5)  15795ms  rounds=2 tool_calls=1  schema_fail=0  exec_fail=0  denied=0  tokens_in=2908 tokens_out=143
[PASS] glob_basic               ollama:qwen3.5-coder  20078ms  rounds=2 tool_calls=1  schema_fail=0  exec_fail=0  denied=0  tokens_in=2912 tokens_out=176
[PASS] glob_basic               ollama:qwen3.5-coder (rep 2)  14155ms  rounds=2 tool_calls=1  schema_fail=0  exec_fail=0  denied=0  tokens_in=2912 tokens_out=125
[PASS] glob_basic               ollama:qwen3.5-coder (rep 3)  14552ms  rounds=2 tool_calls=1  schema_fail=0  exec_fail=0  denied=0  tokens_in=2912 tokens_out=128
[PASS] glob_basic               ollama:qwen3.5-coder (rep 4)  13432ms  rounds=2 tool_calls=1  schema_fail=0  exec_fail=0  denied=0  tokens_in=2912 tokens_out=120
[PASS] glob_basic               ollama:qwen3.5-coder (rep 5)  14271ms  rounds=2 tool_calls=1  schema_fail=0  exec_fail=0  denied=0  tokens_in=2912 tokens_out=127
[PASS] write_file_basic         ollama:qwen3.5-coder  16530ms  rounds=2 tool_calls=1  schema_fail=0  exec_fail=0  denied=0  tokens_in=2941 tokens_out=148
[PASS] write_file_basic         ollama:qwen3.5-coder (rep 2)  16601ms  rounds=2 tool_calls=1  schema_fail=0  exec_fail=0  denied=0  tokens_in=2917 tokens_out=150
[PASS] write_file_basic         ollama:qwen3.5-coder (rep 3)  14345ms  rounds=2 tool_calls=1  schema_fail=0  exec_fail=0  denied=0  tokens_in=2917 tokens_out=128
[PASS] write_file_basic         ollama:qwen3.5-coder (rep 4)  18074ms  rounds=2 tool_calls=1  schema_fail=0  exec_fail=0  denied=0  tokens_in=2917 tokens_out=166
[PASS] write_file_basic         ollama:qwen3.5-coder (rep 5)  16971ms  rounds=2 tool_calls=1  schema_fail=0  exec_fail=0  denied=0  tokens_in=2917 tokens_out=144
[PASS] edit_file_basic          ollama:qwen3.5-coder  24387ms  rounds=3 tool_calls=2  schema_fail=0  exec_fail=0  denied=0  tokens_in=4488 tokens_out=219
[PASS] edit_file_basic          ollama:qwen3.5-coder (rep 2)  23197ms  rounds=3 tool_calls=2  schema_fail=0  exec_fail=0  denied=0  tokens_in=4488 tokens_out=209
[PASS] edit_file_basic          ollama:qwen3.5-coder (rep 3)  24242ms  rounds=3 tool_calls=2  schema_fail=0  exec_fail=0  denied=0  tokens_in=4488 tokens_out=219
[PASS] edit_file_basic          ollama:qwen3.5-coder (rep 4)  23457ms  rounds=3 tool_calls=2  schema_fail=0  exec_fail=0  denied=0  tokens_in=4488 tokens_out=211
[PASS] edit_file_basic          ollama:qwen3.5-coder (rep 5)  24245ms  rounds=3 tool_calls=2  schema_fail=0  exec_fail=0  denied=0  tokens_in=4488 tokens_out=219
[PASS] shell_exec_basic         ollama:qwen3.5-coder  12845ms  rounds=2 tool_calls=1  schema_fail=0  exec_fail=0  denied=0  tokens_in=2885 tokens_out=110
[PASS] shell_exec_basic         ollama:qwen3.5-coder (rep 2)  12467ms  rounds=2 tool_calls=1  schema_fail=0  exec_fail=0  denied=0  tokens_in=2885 tokens_out=108
[PASS] shell_exec_basic         ollama:qwen3.5-coder (rep 3)  13763ms  rounds=2 tool_calls=1  schema_fail=0  exec_fail=0  denied=0  tokens_in=2885 tokens_out=121
[PASS] shell_exec_basic         ollama:qwen3.5-coder (rep 4)  13310ms  rounds=2 tool_calls=1  schema_fail=0  exec_fail=0  denied=0  tokens_in=2885 tokens_out=116
[PASS] shell_exec_basic         ollama:qwen3.5-coder (rep 5)  13454ms  rounds=2 tool_calls=1  schema_fail=0  exec_fail=0  denied=0  tokens_in=2885 tokens_out=118
[PASS] no_tool_qa               ollama:qwen3.5-coder   6530ms  rounds=1 tool_calls=0  schema_fail=0  exec_fail=0  denied=0  tokens_in=1398 tokens_out=52
[PASS] no_tool_qa               ollama:qwen3.5-coder (rep 2)   7768ms  rounds=1 tool_calls=0  schema_fail=0  exec_fail=0  denied=0  tokens_in=1398 tokens_out=65
[PASS] no_tool_qa               ollama:qwen3.5-coder (rep 3)   9261ms  rounds=1 tool_calls=0  schema_fail=0  exec_fail=0  denied=0  tokens_in=1398 tokens_out=81
[PASS] no_tool_qa               ollama:qwen3.5-coder (rep 4)   6813ms  rounds=1 tool_calls=0  schema_fail=0  exec_fail=0  denied=0  tokens_in=1398 tokens_out=55
[PASS] no_tool_qa               ollama:qwen3.5-coder (rep 5)   6466ms  rounds=1 tool_calls=0  schema_fail=0  exec_fail=0  denied=0  tokens_in=1398 tokens_out=52
[PASS] multi_step_read_count_write ollama:qwen3.5-coder  34088ms  rounds=5 tool_calls=4  schema_fail=0  exec_fail=0  denied=0  tokens_in=8071 tokens_out=292
[PASS] multi_step_read_count_write ollama:qwen3.5-coder (rep 2)  23857ms  rounds=3 tool_calls=2  schema_fail=0  exec_fail=0  denied=0  tokens_in=4572 tokens_out=209
[PASS] multi_step_read_count_write ollama:qwen3.5-coder (rep 3)  24937ms  rounds=3 tool_calls=2  schema_fail=0  exec_fail=0  denied=0  tokens_in=4546 tokens_out=221
[PASS] multi_step_read_count_write ollama:qwen3.5-coder (rep 4)  23795ms  rounds=3 tool_calls=2  schema_fail=0  exec_fail=0  denied=0  tokens_in=4546 tokens_out=210
[PASS] multi_step_read_count_write ollama:qwen3.5-coder (rep 5)  24430ms  rounds=3 tool_calls=2  schema_fail=0  exec_fail=0  denied=0  tokens_in=4575 tokens_out=216
[PASS] error_recovery_wrong_filename ollama:qwen3.5-coder  24105ms  rounds=3 tool_calls=2  schema_fail=0  exec_fail=0  denied=0  tokens_in=4557 tokens_out=216
[PASS] error_recovery_wrong_filename ollama:qwen3.5-coder (rep 2)  22452ms  rounds=3 tool_calls=2  schema_fail=0  exec_fail=0  denied=0  tokens_in=4555 tokens_out=197
[PASS] error_recovery_wrong_filename ollama:qwen3.5-coder (rep 3)  21190ms  rounds=3 tool_calls=2  schema_fail=0  exec_fail=0  denied=0  tokens_in=4604 tokens_out=184
[PASS] error_recovery_wrong_filename ollama:qwen3.5-coder (rep 4)  22556ms  rounds=3 tool_calls=2  schema_fail=0  exec_fail=0  denied=0  tokens_in=4604 tokens_out=198
[PASS] error_recovery_wrong_filename ollama:qwen3.5-coder (rep 5)  23591ms  rounds=3 tool_calls=2  schema_fail=0  exec_fail=0  denied=0  tokens_in=4604 tokens_out=209
[PASS] distractor_selection_among_files ollama:qwen3.5-coder  56056ms  rounds=6 tool_calls=5  schema_fail=0  exec_fail=0  denied=0  tokens_in=10749 tokens_out=506
[FAIL] distractor_selection_among_files ollama:qwen3.5-coder (rep 2)  18424ms  rounds=1 tool_calls=1  schema_fail=0  exec_fail=0  denied=0  tokens_in=1412 tokens_out=103 [ModelBackendError] (error: model backend error: model backend's completion stream failed: XML syntax error on line 3: element <function> closed by </parameter>)
[PASS] distractor_selection_among_files ollama:qwen3.5-coder (rep 3)  37509ms  rounds=4 tool_calls=3  schema_fail=0  exec_fail=0  denied=0  tokens_in=6644 tokens_out=341
[PASS] distractor_selection_among_files ollama:qwen3.5-coder (rep 4)  19475ms  rounds=2 tool_calls=1  schema_fail=0  exec_fail=0  denied=0  tokens_in=2988 tokens_out=175
[PASS] distractor_selection_among_files ollama:qwen3.5-coder (rep 5)  18120ms  rounds=2 tool_calls=1  schema_fail=0  exec_fail=0  denied=0  tokens_in=2988 tokens_out=159
[PASS] edit_file_function_body  ollama:qwen3.5-coder  29767ms  rounds=3 tool_calls=2  schema_fail=0  exec_fail=0  denied=0  tokens_in=4577 tokens_out=274
[PASS] edit_file_function_body  ollama:qwen3.5-coder (rep 2)  28582ms  rounds=3 tool_calls=2  schema_fail=0  exec_fail=0  denied=0  tokens_in=4577 tokens_out=261
[PASS] edit_file_function_body  ollama:qwen3.5-coder (rep 3)  28348ms  rounds=3 tool_calls=2  schema_fail=0  exec_fail=0  denied=0  tokens_in=4577 tokens_out=261
[PASS] edit_file_function_body  ollama:qwen3.5-coder (rep 4)  26957ms  rounds=3 tool_calls=2  schema_fail=0  exec_fail=0  denied=0  tokens_in=4604 tokens_out=244
[PASS] edit_file_function_body  ollama:qwen3.5-coder (rep 5)  34732ms  rounds=3 tool_calls=2  schema_fail=0  exec_fail=0  denied=0  tokens_in=4664 tokens_out=325
[PASS] no_tool_capital_question ollama:qwen3.5-coder   7054ms  rounds=1 tool_calls=0  schema_fail=0  exec_fail=0  denied=0  tokens_in=1400 tokens_out=57
[PASS] no_tool_capital_question ollama:qwen3.5-coder (rep 2)   6940ms  rounds=1 tool_calls=0  schema_fail=0  exec_fail=0  denied=0  tokens_in=1400 tokens_out=56
[PASS] no_tool_capital_question ollama:qwen3.5-coder (rep 3)   7714ms  rounds=1 tool_calls=0  schema_fail=0  exec_fail=0  denied=0  tokens_in=1400 tokens_out=64
[PASS] no_tool_capital_question ollama:qwen3.5-coder (rep 4)   7253ms  rounds=1 tool_calls=0  schema_fail=0  exec_fail=0  denied=0  tokens_in=1400 tokens_out=58
[PASS] no_tool_capital_question ollama:qwen3.5-coder (rep 5)   6944ms  rounds=1 tool_calls=0  schema_fail=0  exec_fail=0  denied=0  tokens_in=1400 tokens_out=56
[PASS] no_tool_subtraction      ollama:qwen3.5-coder   8450ms  rounds=1 tool_calls=0  schema_fail=0  exec_fail=0  denied=0  tokens_in=1400 tokens_out=72
[PASS] no_tool_subtraction      ollama:qwen3.5-coder (rep 2)   6713ms  rounds=1 tool_calls=0  schema_fail=0  exec_fail=0  denied=0  tokens_in=1400 tokens_out=53
[PASS] no_tool_subtraction      ollama:qwen3.5-coder (rep 3)   8493ms  rounds=1 tool_calls=0  schema_fail=0  exec_fail=0  denied=0  tokens_in=1400 tokens_out=73
[PASS] no_tool_subtraction      ollama:qwen3.5-coder (rep 4)   7119ms  rounds=1 tool_calls=0  schema_fail=0  exec_fail=0  denied=0  tokens_in=1400 tokens_out=57
[PASS] no_tool_subtraction      ollama:qwen3.5-coder (rep 5)   8061ms  rounds=1 tool_calls=0  schema_fail=0  exec_fail=0  denied=0  tokens_in=1400 tokens_out=68
[PASS] multi_step_sum_two_files ollama:qwen3.5-coder  29673ms  rounds=3 tool_calls=3  schema_fail=0  exec_fail=0  denied=0  tokens_in=4713 tokens_out=266
[PASS] multi_step_sum_two_files ollama:qwen3.5-coder (rep 2)  25691ms  rounds=3 tool_calls=3  schema_fail=0  exec_fail=0  denied=0  tokens_in=4713 tokens_out=226
[PASS] multi_step_sum_two_files ollama:qwen3.5-coder (rep 3)  26337ms  rounds=3 tool_calls=3  schema_fail=0  exec_fail=0  denied=0  tokens_in=4713 tokens_out=232
[PASS] multi_step_sum_two_files ollama:qwen3.5-coder (rep 4)  29457ms  rounds=3 tool_calls=3  schema_fail=0  exec_fail=0  denied=0  tokens_in=4756 tokens_out=263
[PASS] multi_step_sum_two_files ollama:qwen3.5-coder (rep 5)  24960ms  rounds=3 tool_calls=3  schema_fail=0  exec_fail=0  denied=0  tokens_in=4713 tokens_out=218
[PASS] multi_step_multiply_and_write ollama:qwen3.5-coder  26123ms  rounds=3 tool_calls=2  schema_fail=0  exec_fail=0  denied=0  tokens_in=4554 tokens_out=239
[PASS] multi_step_multiply_and_write ollama:qwen3.5-coder (rep 2)  24438ms  rounds=3 tool_calls=2  schema_fail=0  exec_fail=0  denied=0  tokens_in=4593 tokens_out=221
[PASS] multi_step_multiply_and_write ollama:qwen3.5-coder (rep 3)  24341ms  rounds=3 tool_calls=2  schema_fail=0  exec_fail=0  denied=0  tokens_in=4593 tokens_out=219
[PASS] multi_step_multiply_and_write ollama:qwen3.5-coder (rep 4)  27473ms  rounds=3 tool_calls=2  schema_fail=0  exec_fail=0  denied=0  tokens_in=4554 tokens_out=254
[PASS] multi_step_multiply_and_write ollama:qwen3.5-coder (rep 5)  27818ms  rounds=3 tool_calls=2  schema_fail=0  exec_fail=0  denied=0  tokens_in=4593 tokens_out=254
[PASS] error_recovery_wrong_config_extension ollama:qwen3.5-coder  24080ms  rounds=3 tool_calls=2  schema_fail=0  exec_fail=0  denied=0  tokens_in=4551 tokens_out=214
[PASS] error_recovery_wrong_config_extension ollama:qwen3.5-coder (rep 2)  24094ms  rounds=3 tool_calls=2  schema_fail=0  exec_fail=0  denied=0  tokens_in=4551 tokens_out=211
[PASS] error_recovery_wrong_config_extension ollama:qwen3.5-coder (rep 3)  23881ms  rounds=3 tool_calls=2  schema_fail=0  exec_fail=0  denied=0  tokens_in=4551 tokens_out=212
[PASS] error_recovery_wrong_config_extension ollama:qwen3.5-coder (rep 4)  26890ms  rounds=3 tool_calls=2  schema_fail=0  exec_fail=0  denied=0  tokens_in=4551 tokens_out=234
[PASS] error_recovery_wrong_config_extension ollama:qwen3.5-coder (rep 5)  25616ms  rounds=3 tool_calls=2  schema_fail=0  exec_fail=0  denied=0  tokens_in=4551 tokens_out=231
[PASS] error_recovery_edit_wrong_filename ollama:qwen3.5-coder  61148ms  rounds=6 tool_calls=5  schema_fail=0  exec_fail=0  denied=0  tokens_in=10383 tokens_out=563
[PASS] error_recovery_edit_wrong_filename ollama:qwen3.5-coder (rep 2)  45215ms  rounds=6 tool_calls=5  schema_fail=0  exec_fail=0  denied=0  tokens_in=9913 tokens_out=401
[PASS] error_recovery_edit_wrong_filename ollama:qwen3.5-coder (rep 3)  60207ms  rounds=6 tool_calls=5  schema_fail=0  exec_fail=0  denied=0  tokens_in=10383 tokens_out=555
[PASS] error_recovery_edit_wrong_filename ollama:qwen3.5-coder (rep 4)  59941ms  rounds=6 tool_calls=5  schema_fail=0  exec_fail=0  denied=0  tokens_in=10383 tokens_out=551
[PASS] error_recovery_edit_wrong_filename ollama:qwen3.5-coder (rep 5)  53000ms  rounds=5 tool_calls=4  schema_fail=0  exec_fail=0  denied=0  tokens_in=8427 tokens_out=491
[PASS] distractor_selection_log_with_error ollama:qwen3.5-coder  37787ms  rounds=4 tool_calls=3  schema_fail=0  exec_fail=0  denied=0  tokens_in=6651 tokens_out=344
[PASS] distractor_selection_log_with_error ollama:qwen3.5-coder (rep 2)  24546ms  rounds=3 tool_calls=2  schema_fail=0  exec_fail=0  denied=0  tokens_in=4739 tokens_out=215
[PASS] distractor_selection_log_with_error ollama:qwen3.5-coder (rep 3)  41511ms  rounds=5 tool_calls=4  schema_fail=0  exec_fail=0  denied=0  tokens_in=8495 tokens_out=372
[FAIL] distractor_selection_log_with_error ollama:qwen3.5-coder (rep 4)  19819ms  rounds=1 tool_calls=1  schema_fail=0  exec_fail=0  denied=0  tokens_in=1409 tokens_out=133 [ModelBackendError] (error: model backend error: model backend's completion stream failed: XML syntax error on line 3: element <function> closed by </parameter>)
[PASS] distractor_selection_log_with_error ollama:qwen3.5-coder (rep 5)  28317ms  rounds=4 tool_calls=3  schema_fail=0  exec_fail=0  denied=0  tokens_in=6528 tokens_out=247
[PASS] distractor_selection_debug_config ollama:qwen3.5-coder  63874ms  rounds=7 tool_calls=6  schema_fail=0  exec_fail=0  denied=0  tokens_in=12751 tokens_out=568
[PASS] distractor_selection_debug_config ollama:qwen3.5-coder (rep 2)  53460ms  rounds=6 tool_calls=5  schema_fail=0  exec_fail=0  denied=0  tokens_in=10552 tokens_out=490
[PASS] distractor_selection_debug_config ollama:qwen3.5-coder (rep 3)  56549ms  rounds=7 tool_calls=6  schema_fail=0  exec_fail=0  denied=0  tokens_in=12531 tokens_out=491
[PASS] distractor_selection_debug_config ollama:qwen3.5-coder (rep 4)  43571ms  rounds=6 tool_calls=5  schema_fail=0  exec_fail=0  denied=0  tokens_in=10453 tokens_out=385
[PASS] distractor_selection_debug_config ollama:qwen3.5-coder (rep 5)  42395ms  rounds=5 tool_calls=4  schema_fail=0  exec_fail=0  denied=0  tokens_in=8484 tokens_out=388
[FAIL] read_file_basic          ollama:qwen3.5-coder+plan:ollama:gemma4:e4b  31142ms  rounds=2 tool_calls=0  schema_fail=0  exec_fail=0  denied=0  tokens_in=1987 tokens_out=124 [ModelBackendError] (error: model's response had no text and requested no tool calls)
[FAIL] read_file_basic          ollama:qwen3.5-coder+plan:ollama:gemma4:e4b (rep 2)  28320ms  rounds=2 tool_calls=0  schema_fail=0  exec_fail=0  denied=0  tokens_in=1987 tokens_out=125 [ModelBackendError] (error: model's response had no text and requested no tool calls)
[FAIL] read_file_basic          ollama:qwen3.5-coder+plan:ollama:gemma4:e4b (rep 3)  28031ms  rounds=2 tool_calls=0  schema_fail=0  exec_fail=0  denied=0  tokens_in=1987 tokens_out=125 [ModelBackendError] (error: model's response had no text and requested no tool calls)
[FAIL] read_file_basic          ollama:qwen3.5-coder+plan:ollama:gemma4:e4b (rep 4)  27824ms  rounds=2 tool_calls=0  schema_fail=0  exec_fail=0  denied=0  tokens_in=1986 tokens_out=127 [ModelBackendError] (error: model's response had no text and requested no tool calls)
[FAIL] read_file_basic          ollama:qwen3.5-coder+plan:ollama:gemma4:e4b (rep 5)  28205ms  rounds=2 tool_calls=0  schema_fail=0  exec_fail=0  denied=0  tokens_in=1987 tokens_out=124 [ModelBackendError] (error: model's response had no text and requested no tool calls)
[PASS] grep_basic               ollama:qwen3.5-coder+plan:ollama:gemma4:e4b  40681ms  rounds=3 tool_calls=1  schema_fail=0  exec_fail=0  denied=0  tokens_in=3537 tokens_out=204
[PASS] grep_basic               ollama:qwen3.5-coder+plan:ollama:gemma4:e4b (rep 2)  39953ms  rounds=3 tool_calls=1  schema_fail=0  exec_fail=0  denied=0  tokens_in=3535 tokens_out=219
[PASS] grep_basic               ollama:qwen3.5-coder+plan:ollama:gemma4:e4b (rep 3)  41170ms  rounds=3 tool_calls=1  schema_fail=0  exec_fail=0  denied=0  tokens_in=3541 tokens_out=219
[PASS] grep_basic               ollama:qwen3.5-coder+plan:ollama:gemma4:e4b (rep 4)  39729ms  rounds=3 tool_calls=1  schema_fail=0  exec_fail=0  denied=0  tokens_in=3535 tokens_out=220
[PASS] grep_basic               ollama:qwen3.5-coder+plan:ollama:gemma4:e4b (rep 5)  37439ms  rounds=3 tool_calls=1  schema_fail=0  exec_fail=0  denied=0  tokens_in=3531 tokens_out=183
[PASS] glob_basic               ollama:qwen3.5-coder+plan:ollama:gemma4:e4b  35227ms  rounds=3 tool_calls=1  schema_fail=0  exec_fail=0  denied=0  tokens_in=3546 tokens_out=169
[PASS] glob_basic               ollama:qwen3.5-coder+plan:ollama:gemma4:e4b (rep 2)  34686ms  rounds=3 tool_calls=1  schema_fail=0  exec_fail=0  denied=0  tokens_in=3546 tokens_out=166
[PASS] glob_basic               ollama:qwen3.5-coder+plan:ollama:gemma4:e4b (rep 3)  37097ms  rounds=3 tool_calls=1  schema_fail=0  exec_fail=0  denied=0  tokens_in=3540 tokens_out=159
[PASS] glob_basic               ollama:qwen3.5-coder+plan:ollama:gemma4:e4b (rep 4)  34930ms  rounds=3 tool_calls=1  schema_fail=0  exec_fail=0  denied=0  tokens_in=3538 tokens_out=159
[PASS] glob_basic               ollama:qwen3.5-coder+plan:ollama:gemma4:e4b (rep 5)  35522ms  rounds=3 tool_calls=1  schema_fail=0  exec_fail=0  denied=0  tokens_in=3540 tokens_out=162
[PASS] write_file_basic         ollama:qwen3.5-coder+plan:ollama:gemma4:e4b  38388ms  rounds=3 tool_calls=1  schema_fail=0  exec_fail=0  denied=0  tokens_in=3588 tokens_out=190
[FAIL] write_file_basic         ollama:qwen3.5-coder+plan:ollama:gemma4:e4b (rep 2)  54145ms  rounds=4 tool_calls=1  schema_fail=1  exec_fail=0  denied=0  tokens_in=4244 tokens_out=263 [ModelBackendError] (error: model's response had no text and requested no tool calls)
[PASS] write_file_basic         ollama:qwen3.5-coder+plan:ollama:gemma4:e4b (rep 3)  42378ms  rounds=4 tool_calls=2  schema_fail=1  exec_fail=0  denied=0  tokens_in=5452 tokens_out=226
[PASS] write_file_basic         ollama:qwen3.5-coder+plan:ollama:gemma4:e4b (rep 4)  37146ms  rounds=3 tool_calls=1  schema_fail=0  exec_fail=0  denied=0  tokens_in=3585 tokens_out=189
[PASS] write_file_basic         ollama:qwen3.5-coder+plan:ollama:gemma4:e4b (rep 5)  38309ms  rounds=3 tool_calls=1  schema_fail=0  exec_fail=0  denied=0  tokens_in=3587 tokens_out=204
[PASS] edit_file_basic          ollama:qwen3.5-coder+plan:ollama:gemma4:e4b  53837ms  rounds=4 tool_calls=2  schema_fail=1  exec_fail=0  denied=0  tokens_in=5495 tokens_out=307
[PASS] edit_file_basic          ollama:qwen3.5-coder+plan:ollama:gemma4:e4b (rep 2)  46427ms  rounds=4 tool_calls=2  schema_fail=1  exec_fail=0  denied=0  tokens_in=5495 tokens_out=293
[PASS] edit_file_basic          ollama:qwen3.5-coder+plan:ollama:gemma4:e4b (rep 3)  49603ms  rounds=4 tool_calls=2  schema_fail=1  exec_fail=0  denied=0  tokens_in=5497 tokens_out=291
[PASS] edit_file_basic          ollama:qwen3.5-coder+plan:ollama:gemma4:e4b (rep 4)  46242ms  rounds=4 tool_calls=2  schema_fail=1  exec_fail=0  denied=0  tokens_in=5489 tokens_out=281
[PASS] edit_file_basic          ollama:qwen3.5-coder+plan:ollama:gemma4:e4b (rep 5)  39995ms  rounds=3 tool_calls=1  schema_fail=0  exec_fail=0  denied=0  tokens_in=3595 tokens_out=235
[FAIL] shell_exec_basic         ollama:qwen3.5-coder+plan:ollama:gemma4:e4b  25675ms  rounds=2 tool_calls=0  schema_fail=0  exec_fail=0  denied=0  tokens_in=1985 tokens_out=65 [ModelBackendError] (error: model's response had no text and requested no tool calls)
[FAIL] shell_exec_basic         ollama:qwen3.5-coder+plan:ollama:gemma4:e4b (rep 2)  25337ms  rounds=2 tool_calls=0  schema_fail=0  exec_fail=0  denied=0  tokens_in=1985 tokens_out=65 [ModelBackendError] (error: model's response had no text and requested no tool calls)
[PASS] shell_exec_basic         ollama:qwen3.5-coder+plan:ollama:gemma4:e4b (rep 3)  36214ms  rounds=3 tool_calls=1  schema_fail=0  exec_fail=0  denied=0  tokens_in=3536 tokens_out=161
[PASS] shell_exec_basic         ollama:qwen3.5-coder+plan:ollama:gemma4:e4b (rep 4)  36609ms  rounds=3 tool_calls=1  schema_fail=0  exec_fail=0  denied=0  tokens_in=3524 tokens_out=159
[FAIL] shell_exec_basic         ollama:qwen3.5-coder+plan:ollama:gemma4:e4b (rep 5)  25417ms  rounds=2 tool_calls=0  schema_fail=0  exec_fail=0  denied=0  tokens_in=1985 tokens_out=65 [ModelBackendError] (error: model's response had no text and requested no tool calls)
[FAIL] no_tool_qa               ollama:qwen3.5-coder+plan:ollama:gemma4:e4b  23865ms  rounds=2 tool_calls=0  schema_fail=0  exec_fail=0  denied=0  tokens_in=1968 tokens_out=47 [ModelBackendError] (error: model's response had no text and requested no tool calls)
[FAIL] no_tool_qa               ollama:qwen3.5-coder+plan:ollama:gemma4:e4b (rep 2)  23803ms  rounds=2 tool_calls=0  schema_fail=0  exec_fail=0  denied=0  tokens_in=1968 tokens_out=54 [ModelBackendError] (error: model's response had no text and requested no tool calls)
[FAIL] no_tool_qa               ollama:qwen3.5-coder+plan:ollama:gemma4:e4b (rep 3)  32091ms  rounds=2 tool_calls=0  schema_fail=0  exec_fail=0  denied=0  tokens_in=1968 tokens_out=54 [ModelBackendError] (error: model's response had no text and requested no tool calls)
[FAIL] no_tool_qa               ollama:qwen3.5-coder+plan:ollama:gemma4:e4b (rep 4)  25205ms  rounds=2 tool_calls=0  schema_fail=0  exec_fail=0  denied=0  tokens_in=1968 tokens_out=54 [ModelBackendError] (error: model's response had no text and requested no tool calls)
[FAIL] no_tool_qa               ollama:qwen3.5-coder+plan:ollama:gemma4:e4b (rep 5)  24139ms  rounds=2 tool_calls=0  schema_fail=0  exec_fail=0  denied=0  tokens_in=1968 tokens_out=53 [ModelBackendError] (error: model's response had no text and requested no tool calls)
[FAIL] multi_step_read_count_write ollama:qwen3.5-coder+plan:ollama:gemma4:e4b  29410ms  rounds=2 tool_calls=0  schema_fail=0  exec_fail=0  denied=0  tokens_in=2078 tokens_out=246 [ModelBackendError] (error: model's response had no text and requested no tool calls)
[PASS] multi_step_read_count_write ollama:qwen3.5-coder+plan:ollama:gemma4:e4b (rep 2)  53946ms  rounds=4 tool_calls=2  schema_fail=0  exec_fail=0  denied=0  tokens_in=5422 tokens_out=427
[FAIL] multi_step_read_count_write ollama:qwen3.5-coder+plan:ollama:gemma4:e4b (rep 3)  30041ms  rounds=2 tool_calls=0  schema_fail=0  exec_fail=0  denied=0  tokens_in=2070 tokens_out=245 [AssertionFiles]
[FAIL] multi_step_read_count_write ollama:qwen3.5-coder+plan:ollama:gemma4:e4b (rep 4)  32639ms  rounds=2 tool_calls=0  schema_fail=0  exec_fail=0  denied=0  tokens_in=2074 tokens_out=244 [AssertionFiles]
[PASS] multi_step_read_count_write ollama:qwen3.5-coder+plan:ollama:gemma4:e4b (rep 5)  54473ms  rounds=5 tool_calls=2  schema_fail=0  exec_fail=0  denied=0  tokens_in=6066 tokens_out=525
[FAIL] error_recovery_wrong_filename ollama:qwen3.5-coder+plan:ollama:gemma4:e4b  35087ms  rounds=2 tool_calls=0  schema_fail=0  exec_fail=0  denied=0  tokens_in=2076 tokens_out=288 [AssertionText]
[PASS] error_recovery_wrong_filename ollama:qwen3.5-coder+plan:ollama:gemma4:e4b (rep 2)  48132ms  rounds=4 tool_calls=2  schema_fail=0  exec_fail=0  denied=0  tokens_in=5401 tokens_out=393
[FAIL] error_recovery_wrong_filename ollama:qwen3.5-coder+plan:ollama:gemma4:e4b (rep 3)  34527ms  rounds=2 tool_calls=0  schema_fail=0  exec_fail=0  denied=0  tokens_in=2086 tokens_out=313 [ModelBackendError] (error: model's response had no text and requested no tool calls)
[FAIL] error_recovery_wrong_filename ollama:qwen3.5-coder+plan:ollama:gemma4:e4b (rep 4)  28477ms  rounds=2 tool_calls=0  schema_fail=0  exec_fail=0  denied=0  tokens_in=2050 tokens_out=202 [ModelBackendError] (error: model's response had no text and requested no tool calls)
[FAIL] error_recovery_wrong_filename ollama:qwen3.5-coder+plan:ollama:gemma4:e4b (rep 5)  33363ms  rounds=2 tool_calls=0  schema_fail=0  exec_fail=0  denied=0  tokens_in=2045 tokens_out=249 [ModelBackendError] (error: model's response had no text and requested no tool calls)
[PASS] distractor_selection_among_files ollama:qwen3.5-coder+plan:ollama:gemma4:e4b  39726ms  rounds=3 tool_calls=1  schema_fail=0  exec_fail=0  denied=0  tokens_in=3668 tokens_out=231
[PASS] distractor_selection_among_files ollama:qwen3.5-coder+plan:ollama:gemma4:e4b (rep 2)  42887ms  rounds=3 tool_calls=1  schema_fail=0  exec_fail=0  denied=0  tokens_in=3670 tokens_out=222
[PASS] distractor_selection_among_files ollama:qwen3.5-coder+plan:ollama:gemma4:e4b (rep 3)  39241ms  rounds=3 tool_calls=1  schema_fail=0  exec_fail=0  denied=0  tokens_in=3668 tokens_out=224
[PASS] distractor_selection_among_files ollama:qwen3.5-coder+plan:ollama:gemma4:e4b (rep 4)  44723ms  rounds=3 tool_calls=1  schema_fail=0  exec_fail=0  denied=0  tokens_in=3685 tokens_out=239
[PASS] distractor_selection_among_files ollama:qwen3.5-coder+plan:ollama:gemma4:e4b (rep 5)  40571ms  rounds=3 tool_calls=1  schema_fail=0  exec_fail=0  denied=0  tokens_in=3675 tokens_out=241
[FAIL] edit_file_function_body  ollama:qwen3.5-coder+plan:ollama:gemma4:e4b  77849ms  rounds=6 tool_calls=3  schema_fail=0  exec_fail=1  denied=0  tokens_in=8336 tokens_out=619 [ModelBackendError] (error: model's response had no text and requested no tool calls)
[PASS] edit_file_function_body  ollama:qwen3.5-coder+plan:ollama:gemma4:e4b (rep 2)  74424ms  rounds=6 tool_calls=4  schema_fail=1  exec_fail=1  denied=0  tokens_in=9658 tokens_out=589
[PASS] edit_file_function_body  ollama:qwen3.5-coder+plan:ollama:gemma4:e4b (rep 3)  45289ms  rounds=3 tool_calls=1  schema_fail=0  exec_fail=0  denied=0  tokens_in=3614 tokens_out=273
[FAIL] edit_file_function_body  ollama:qwen3.5-coder+plan:ollama:gemma4:e4b (rep 4)  67827ms  rounds=6 tool_calls=3  schema_fail=0  exec_fail=1  denied=0  tokens_in=8249 tokens_out=514 [ModelBackendError] (error: model's response had no text and requested no tool calls)
[PASS] edit_file_function_body  ollama:qwen3.5-coder+plan:ollama:gemma4:e4b (rep 5)  46613ms  rounds=3 tool_calls=1  schema_fail=0  exec_fail=0  denied=0  tokens_in=3614 tokens_out=286
[FAIL] no_tool_capital_question ollama:qwen3.5-coder+plan:ollama:gemma4:e4b  24090ms  rounds=2 tool_calls=0  schema_fail=0  exec_fail=0  denied=0  tokens_in=1976 tokens_out=58 [ModelBackendError] (error: model's response had no text and requested no tool calls)
[FAIL] no_tool_capital_question ollama:qwen3.5-coder+plan:ollama:gemma4:e4b (rep 2)  28549ms  rounds=2 tool_calls=0  schema_fail=0  exec_fail=0  denied=0  tokens_in=1976 tokens_out=58 [ModelBackendError] (error: model's response had no text and requested no tool calls)
[FAIL] no_tool_capital_question ollama:qwen3.5-coder+plan:ollama:gemma4:e4b (rep 3)  23859ms  rounds=2 tool_calls=0  schema_fail=0  exec_fail=0  denied=0  tokens_in=1976 tokens_out=55 [ModelBackendError] (error: model's response had no text and requested no tool calls)
[FAIL] no_tool_capital_question ollama:qwen3.5-coder+plan:ollama:gemma4:e4b (rep 4)  29315ms  rounds=2 tool_calls=0  schema_fail=0  exec_fail=0  denied=0  tokens_in=1976 tokens_out=63 [ModelBackendError] (error: model's response had no text and requested no tool calls)
[FAIL] no_tool_capital_question ollama:qwen3.5-coder+plan:ollama:gemma4:e4b (rep 5)  24094ms  rounds=2 tool_calls=0  schema_fail=0  exec_fail=0  denied=0  tokens_in=1976 tokens_out=44 [ModelBackendError] (error: model's response had no text and requested no tool calls)
[FAIL] no_tool_subtraction      ollama:qwen3.5-coder+plan:ollama:gemma4:e4b  27254ms  rounds=2 tool_calls=0  schema_fail=0  exec_fail=0  denied=0  tokens_in=1973 tokens_out=69 [ModelBackendError] (error: model's response had no text and requested no tool calls)
[FAIL] no_tool_subtraction      ollama:qwen3.5-coder+plan:ollama:gemma4:e4b (rep 2)  23872ms  rounds=2 tool_calls=0  schema_fail=0  exec_fail=0  denied=0  tokens_in=1973 tokens_out=48 [ModelBackendError] (error: model's response had no text and requested no tool calls)
[FAIL] no_tool_subtraction      ollama:qwen3.5-coder+plan:ollama:gemma4:e4b (rep 3)  27529ms  rounds=2 tool_calls=0  schema_fail=0  exec_fail=0  denied=0  tokens_in=1973 tokens_out=55 [ModelBackendError] (error: model's response had no text and requested no tool calls)
[FAIL] no_tool_subtraction      ollama:qwen3.5-coder+plan:ollama:gemma4:e4b (rep 4)  25056ms  rounds=2 tool_calls=0  schema_fail=0  exec_fail=0  denied=0  tokens_in=1973 tokens_out=74 [ModelBackendError] (error: model's response had no text and requested no tool calls)
[FAIL] no_tool_subtraction      ollama:qwen3.5-coder+plan:ollama:gemma4:e4b (rep 5)  28872ms  rounds=2 tool_calls=0  schema_fail=0  exec_fail=0  denied=0  tokens_in=1973 tokens_out=47 [ModelBackendError] (error: model's response had no text and requested no tool calls)
[FAIL] multi_step_sum_two_files ollama:qwen3.5-coder+plan:ollama:gemma4:e4b  39848ms  rounds=2 tool_calls=0  schema_fail=0  exec_fail=0  denied=0  tokens_in=2115 tokens_out=573 [AssertionFiles]
[PASS] multi_step_sum_two_files ollama:qwen3.5-coder+plan:ollama:gemma4:e4b (rep 2)  60671ms  rounds=4 tool_calls=2  schema_fail=0  exec_fail=0  denied=0  tokens_in=5495 tokens_out=701
[FAIL] multi_step_sum_two_files ollama:qwen3.5-coder+plan:ollama:gemma4:e4b (rep 3)  35322ms  rounds=2 tool_calls=0  schema_fail=0  exec_fail=0  denied=0  tokens_in=2114 tokens_out=413 [AssertionFiles]
[FAIL] multi_step_sum_two_files ollama:qwen3.5-coder+plan:ollama:gemma4:e4b (rep 4)  45505ms  rounds=2 tool_calls=0  schema_fail=0  exec_fail=0  denied=0  tokens_in=2251 tokens_out=630 [AssertionFiles]
[FAIL] multi_step_sum_two_files ollama:qwen3.5-coder+plan:ollama:gemma4:e4b (rep 5)  35591ms  rounds=2 tool_calls=0  schema_fail=0  exec_fail=0  denied=0  tokens_in=2121 tokens_out=419 [AssertionFiles]
[PASS] multi_step_multiply_and_write ollama:qwen3.5-coder+plan:ollama:gemma4:e4b  57946ms  rounds=4 tool_calls=2  schema_fail=0  exec_fail=0  denied=0  tokens_in=5429 tokens_out=528
[FAIL] multi_step_multiply_and_write ollama:qwen3.5-coder+plan:ollama:gemma4:e4b (rep 2)  56444ms  rounds=3 tool_calls=1  schema_fail=0  exec_fail=0  denied=0  tokens_in=3692 tokens_out=402 [ModelBackendError] (error: model's response had no text and requested no tool calls)
[FAIL] multi_step_multiply_and_write ollama:qwen3.5-coder+plan:ollama:gemma4:e4b (rep 3)  62922ms  rounds=5 tool_calls=2  schema_fail=0  exec_fail=0  denied=0  tokens_in=6067 tokens_out=546 [ModelBackendError] (error: model's response had no text and requested no tool calls)
[PASS] multi_step_multiply_and_write ollama:qwen3.5-coder+plan:ollama:gemma4:e4b (rep 4)  59257ms  rounds=5 tool_calls=2  schema_fail=0  exec_fail=0  denied=0  tokens_in=6079 tokens_out=566
[FAIL] multi_step_multiply_and_write ollama:qwen3.5-coder+plan:ollama:gemma4:e4b (rep 5)  58821ms  rounds=3 tool_calls=1  schema_fail=0  exec_fail=0  denied=0  tokens_in=3712 tokens_out=450 [ModelBackendError] (error: model's response had no text and requested no tool calls)
[FAIL] error_recovery_wrong_config_extension ollama:qwen3.5-coder+plan:ollama:gemma4:e4b  29208ms  rounds=2 tool_calls=0  schema_fail=0  exec_fail=0  denied=0  tokens_in=2063 tokens_out=216 [AssertionText]
[FAIL] error_recovery_wrong_config_extension ollama:qwen3.5-coder+plan:ollama:gemma4:e4b (rep 2)  31456ms  rounds=2 tool_calls=0  schema_fail=0  exec_fail=0  denied=0  tokens_in=2053 tokens_out=214 [ModelBackendError] (error: model's response had no text and requested no tool calls)
[FAIL] error_recovery_wrong_config_extension ollama:qwen3.5-coder+plan:ollama:gemma4:e4b (rep 3)  32796ms  rounds=2 tool_calls=0  schema_fail=0  exec_fail=0  denied=0  tokens_in=2021 tokens_out=284 [AssertionText]
[FAIL] error_recovery_wrong_config_extension ollama:qwen3.5-coder+plan:ollama:gemma4:e4b (rep 4)  36348ms  rounds=2 tool_calls=0  schema_fail=0  exec_fail=0  denied=0  tokens_in=2072 tokens_out=258 [AssertionText]
[FAIL] error_recovery_wrong_config_extension ollama:qwen3.5-coder+plan:ollama:gemma4:e4b (rep 5)  27304ms  rounds=2 tool_calls=0  schema_fail=0  exec_fail=0  denied=0  tokens_in=2067 tokens_out=160 [ModelBackendError] (error: model's response had no text and requested no tool calls)
[FAIL] error_recovery_edit_wrong_filename ollama:qwen3.5-coder+plan:ollama:gemma4:e4b  34642ms  rounds=2 tool_calls=0  schema_fail=0  exec_fail=0  denied=0  tokens_in=2105 tokens_out=239 [AssertionFiles]
[PASS] error_recovery_edit_wrong_filename ollama:qwen3.5-coder+plan:ollama:gemma4:e4b (rep 2)  64118ms  rounds=4 tool_calls=2  schema_fail=0  exec_fail=0  denied=0  tokens_in=5576 tokens_out=647
[FAIL] error_recovery_edit_wrong_filename ollama:qwen3.5-coder+plan:ollama:gemma4:e4b (rep 3)  68358ms  rounds=4 tool_calls=2  schema_fail=0  exec_fail=0  denied=0  tokens_in=5620 tokens_out=600 [AssertionFiles]
[PASS] error_recovery_edit_wrong_filename ollama:qwen3.5-coder+plan:ollama:gemma4:e4b (rep 4)  72047ms  rounds=5 tool_calls=3  schema_fail=0  exec_fail=0  denied=0  tokens_in=7487 tokens_out=728
[PASS] error_recovery_edit_wrong_filename ollama:qwen3.5-coder+plan:ollama:gemma4:e4b (rep 5)  63029ms  rounds=4 tool_calls=2  schema_fail=0  exec_fail=0  denied=0  tokens_in=5587 tokens_out=518
[PASS] distractor_selection_log_with_error ollama:qwen3.5-coder+plan:ollama:gemma4:e4b  41178ms  rounds=3 tool_calls=1  schema_fail=0  exec_fail=0  denied=0  tokens_in=3682 tokens_out=248
[PASS] distractor_selection_log_with_error ollama:qwen3.5-coder+plan:ollama:gemma4:e4b (rep 2)  42361ms  rounds=4 tool_calls=1  schema_fail=0  exec_fail=0  denied=0  tokens_in=4202 tokens_out=206
[PASS] distractor_selection_log_with_error ollama:qwen3.5-coder+plan:ollama:gemma4:e4b (rep 3) 137070ms  rounds=10 tool_calls=8  schema_fail=4  exec_fail=0  denied=0  tokens_in=20054 tokens_out=1095
[PASS] distractor_selection_log_with_error ollama:qwen3.5-coder+plan:ollama:gemma4:e4b (rep 4)  45907ms  rounds=4 tool_calls=1  schema_fail=0  exec_fail=0  denied=0  tokens_in=4210 tokens_out=251
[PASS] distractor_selection_log_with_error ollama:qwen3.5-coder+plan:ollama:gemma4:e4b (rep 5)  39157ms  rounds=3 tool_calls=1  schema_fail=0  exec_fail=0  denied=0  tokens_in=3654 tokens_out=223
[PASS] distractor_selection_debug_config ollama:qwen3.5-coder+plan:ollama:gemma4:e4b  41878ms  rounds=3 tool_calls=1  schema_fail=0  exec_fail=0  denied=0  tokens_in=3591 tokens_out=207
[PASS] distractor_selection_debug_config ollama:qwen3.5-coder+plan:ollama:gemma4:e4b (rep 2)  34121ms  rounds=3 tool_calls=1  schema_fail=0  exec_fail=0  denied=0  tokens_in=3586 tokens_out=161
[PASS] distractor_selection_debug_config ollama:qwen3.5-coder+plan:ollama:gemma4:e4b (rep 3)  41570ms  rounds=3 tool_calls=1  schema_fail=0  exec_fail=0  denied=0  tokens_in=3593 tokens_out=220
[FAIL] distractor_selection_debug_config ollama:qwen3.5-coder+plan:ollama:gemma4:e4b (rep 4)  27197ms  rounds=2 tool_calls=0  schema_fail=0  exec_fail=0  denied=0  tokens_in=2006 tokens_out=107 [AssertionText]
[PASS] distractor_selection_debug_config ollama:qwen3.5-coder+plan:ollama:gemma4:e4b (rep 5)  40514ms  rounds=3 tool_calls=1  schema_fail=0  exec_fail=0  denied=0  tokens_in=3579 tokens_out=193
[FAIL] read_file_basic          ollama:qwen3.5-coder+lead:ollama:gemma4:e4b  12156ms  rounds=2 tool_calls=1  schema_fail=0  exec_fail=0  denied=0  tokens_in=2349 tokens_out=170 [AssertionToolCall]
[FAIL] read_file_basic          ollama:qwen3.5-coder+lead:ollama:gemma4:e4b (rep 2)   9102ms  rounds=2 tool_calls=1  schema_fail=0  exec_fail=0  denied=0  tokens_in=2349 tokens_out=254 [AssertionToolCall]
[FAIL] read_file_basic          ollama:qwen3.5-coder+lead:ollama:gemma4:e4b (rep 3)   7705ms  rounds=2 tool_calls=1  schema_fail=0  exec_fail=0  denied=0  tokens_in=2349 tokens_out=206 [AssertionToolCall]
[FAIL] read_file_basic          ollama:qwen3.5-coder+lead:ollama:gemma4:e4b (rep 4)   9442ms  rounds=2 tool_calls=1  schema_fail=0  exec_fail=0  denied=0  tokens_in=2349 tokens_out=264 [AssertionToolCall]
[FAIL] read_file_basic          ollama:qwen3.5-coder+lead:ollama:gemma4:e4b (rep 5)   6319ms  rounds=2 tool_calls=1  schema_fail=0  exec_fail=0  denied=0  tokens_in=2349 tokens_out=160 [AssertionToolCall]
[PASS] grep_basic               ollama:qwen3.5-coder+lead:ollama:gemma4:e4b   8688ms  rounds=2 tool_calls=1  schema_fail=0  exec_fail=0  denied=0  tokens_in=2335 tokens_out=241
[PASS] grep_basic               ollama:qwen3.5-coder+lead:ollama:gemma4:e4b (rep 2)   8071ms  rounds=2 tool_calls=1  schema_fail=0  exec_fail=0  denied=0  tokens_in=2335 tokens_out=219
[PASS] grep_basic               ollama:qwen3.5-coder+lead:ollama:gemma4:e4b (rep 3)  10088ms  rounds=2 tool_calls=1  schema_fail=0  exec_fail=0  denied=0  tokens_in=2335 tokens_out=288
[PASS] grep_basic               ollama:qwen3.5-coder+lead:ollama:gemma4:e4b (rep 4)   8527ms  rounds=2 tool_calls=1  schema_fail=0  exec_fail=0  denied=0  tokens_in=2335 tokens_out=235
[PASS] grep_basic               ollama:qwen3.5-coder+lead:ollama:gemma4:e4b (rep 5)   9867ms  rounds=2 tool_calls=1  schema_fail=0  exec_fail=0  denied=0  tokens_in=2335 tokens_out=281
[PASS] glob_basic               ollama:qwen3.5-coder+lead:ollama:gemma4:e4b   6131ms  rounds=2 tool_calls=1  schema_fail=0  exec_fail=0  denied=0  tokens_in=2371 tokens_out=151
[PASS] glob_basic               ollama:qwen3.5-coder+lead:ollama:gemma4:e4b (rep 2)   6024ms  rounds=2 tool_calls=1  schema_fail=0  exec_fail=0  denied=0  tokens_in=2371 tokens_out=149
[PASS] glob_basic               ollama:qwen3.5-coder+lead:ollama:gemma4:e4b (rep 3)   6091ms  rounds=2 tool_calls=1  schema_fail=0  exec_fail=0  denied=0  tokens_in=2371 tokens_out=151
[PASS] glob_basic               ollama:qwen3.5-coder+lead:ollama:gemma4:e4b (rep 4)   6202ms  rounds=2 tool_calls=1  schema_fail=0  exec_fail=0  denied=0  tokens_in=2371 tokens_out=156
[PASS] glob_basic               ollama:qwen3.5-coder+lead:ollama:gemma4:e4b (rep 5)   6109ms  rounds=2 tool_calls=1  schema_fail=0  exec_fail=0  denied=0  tokens_in=2371 tokens_out=151
[PASS] write_file_basic         ollama:qwen3.5-coder+lead:ollama:gemma4:e4b   4414ms  rounds=2 tool_calls=1  schema_fail=0  exec_fail=0  denied=0  tokens_in=2374 tokens_out=95
[PASS] write_file_basic         ollama:qwen3.5-coder+lead:ollama:gemma4:e4b (rep 2)   4432ms  rounds=2 tool_calls=1  schema_fail=0  exec_fail=0  denied=0  tokens_in=2374 tokens_out=95
[PASS] write_file_basic         ollama:qwen3.5-coder+lead:ollama:gemma4:e4b (rep 3)   4553ms  rounds=2 tool_calls=1  schema_fail=0  exec_fail=0  denied=0  tokens_in=2374 tokens_out=97
[PASS] write_file_basic         ollama:qwen3.5-coder+lead:ollama:gemma4:e4b (rep 4)   4453ms  rounds=2 tool_calls=1  schema_fail=0  exec_fail=0  denied=0  tokens_in=2374 tokens_out=95
[PASS] write_file_basic         ollama:qwen3.5-coder+lead:ollama:gemma4:e4b (rep 5)   4444ms  rounds=2 tool_calls=1  schema_fail=0  exec_fail=0  denied=0  tokens_in=2374 tokens_out=97
[PASS] edit_file_basic          ollama:qwen3.5-coder+lead:ollama:gemma4:e4b   5316ms  rounds=2 tool_calls=1  schema_fail=0  exec_fail=0  denied=0  tokens_in=2388 tokens_out=125
[PASS] edit_file_basic          ollama:qwen3.5-coder+lead:ollama:gemma4:e4b (rep 2)   6722ms  rounds=2 tool_calls=1  schema_fail=0  exec_fail=0  denied=0  tokens_in=2388 tokens_out=173
[PASS] edit_file_basic          ollama:qwen3.5-coder+lead:ollama:gemma4:e4b (rep 3)   5269ms  rounds=2 tool_calls=1  schema_fail=0  exec_fail=0  denied=0  tokens_in=2388 tokens_out=122
[PASS] edit_file_basic          ollama:qwen3.5-coder+lead:ollama:gemma4:e4b (rep 4)   6616ms  rounds=2 tool_calls=1  schema_fail=0  exec_fail=0  denied=0  tokens_in=2388 tokens_out=168
[PASS] edit_file_basic          ollama:qwen3.5-coder+lead:ollama:gemma4:e4b (rep 5)   5291ms  rounds=2 tool_calls=1  schema_fail=0  exec_fail=0  denied=0  tokens_in=2388 tokens_out=122
[PASS] shell_exec_basic         ollama:qwen3.5-coder+lead:ollama:gemma4:e4b   6611ms  rounds=2 tool_calls=1  schema_fail=0  exec_fail=0  denied=0  tokens_in=2346 tokens_out=169
[PASS] shell_exec_basic         ollama:qwen3.5-coder+lead:ollama:gemma4:e4b (rep 2)   5745ms  rounds=2 tool_calls=1  schema_fail=0  exec_fail=0  denied=0  tokens_in=2346 tokens_out=139
[PASS] shell_exec_basic         ollama:qwen3.5-coder+lead:ollama:gemma4:e4b (rep 3)   7838ms  rounds=2 tool_calls=1  schema_fail=0  exec_fail=0  denied=0  tokens_in=2346 tokens_out=207
[PASS] shell_exec_basic         ollama:qwen3.5-coder+lead:ollama:gemma4:e4b (rep 4)   5772ms  rounds=2 tool_calls=1  schema_fail=0  exec_fail=0  denied=0  tokens_in=2346 tokens_out=140
[PASS] shell_exec_basic         ollama:qwen3.5-coder+lead:ollama:gemma4:e4b (rep 5)   7220ms  rounds=2 tool_calls=1  schema_fail=0  exec_fail=0  denied=0  tokens_in=2346 tokens_out=189
[PASS] no_tool_qa               ollama:qwen3.5-coder+lead:ollama:gemma4:e4b   2878ms  rounds=1 tool_calls=0  schema_fail=0  exec_fail=0  denied=0  tokens_in=1132 tokens_out=50
[PASS] no_tool_qa               ollama:qwen3.5-coder+lead:ollama:gemma4:e4b (rep 2)   4743ms  rounds=1 tool_calls=0  schema_fail=0  exec_fail=0  denied=0  tokens_in=1132 tokens_out=121
[PASS] no_tool_qa               ollama:qwen3.5-coder+lead:ollama:gemma4:e4b (rep 3)   2730ms  rounds=1 tool_calls=0  schema_fail=0  exec_fail=0  denied=0  tokens_in=1132 tokens_out=50
[PASS] no_tool_qa               ollama:qwen3.5-coder+lead:ollama:gemma4:e4b (rep 4)   4355ms  rounds=1 tool_calls=0  schema_fail=0  exec_fail=0  denied=0  tokens_in=1132 tokens_out=109
[PASS] no_tool_qa               ollama:qwen3.5-coder+lead:ollama:gemma4:e4b (rep 5)   2658ms  rounds=1 tool_calls=0  schema_fail=0  exec_fail=0  denied=0  tokens_in=1132 tokens_out=52
[PASS] multi_step_read_count_write ollama:qwen3.5-coder+lead:ollama:gemma4:e4b  14504ms  rounds=3 tool_calls=2  schema_fail=0  exec_fail=0  denied=0  tokens_in=3767 tokens_out=415
[PASS] multi_step_read_count_write ollama:qwen3.5-coder+lead:ollama:gemma4:e4b (rep 2)  18054ms  rounds=3 tool_calls=2  schema_fail=0  exec_fail=0  denied=0  tokens_in=3767 tokens_out=535
[PASS] multi_step_read_count_write ollama:qwen3.5-coder+lead:ollama:gemma4:e4b (rep 3)  67510ms  rounds=4 tool_calls=3  schema_fail=0  exec_fail=1  denied=1  tokens_in=5569 tokens_out=1416
[PASS] multi_step_read_count_write ollama:qwen3.5-coder+lead:ollama:gemma4:e4b (rep 4)  23959ms  rounds=3 tool_calls=2  schema_fail=0  exec_fail=0  denied=0  tokens_in=3767 tokens_out=542
[PASS] multi_step_read_count_write ollama:qwen3.5-coder+lead:ollama:gemma4:e4b (rep 5) 126027ms  rounds=9 tool_calls=8  schema_fail=4  exec_fail=2  denied=2  tokens_in=14537 tokens_out=4021
[PASS] error_recovery_wrong_filename ollama:qwen3.5-coder+lead:ollama:gemma4:e4b  15883ms  rounds=3 tool_calls=2  schema_fail=0  exec_fail=0  denied=0  tokens_in=3746 tokens_out=463
[PASS] error_recovery_wrong_filename ollama:qwen3.5-coder+lead:ollama:gemma4:e4b (rep 2)  42210ms  rounds=4 tool_calls=3  schema_fail=0  exec_fail=0  denied=0  tokens_in=5438 tokens_out=734
[PASS] error_recovery_wrong_filename ollama:qwen3.5-coder+lead:ollama:gemma4:e4b (rep 3)  58131ms  rounds=4 tool_calls=3  schema_fail=0  exec_fail=0  denied=0  tokens_in=5438 tokens_out=475
[PASS] error_recovery_wrong_filename ollama:qwen3.5-coder+lead:ollama:gemma4:e4b (rep 4)  47071ms  rounds=4 tool_calls=3  schema_fail=0  exec_fail=0  denied=0  tokens_in=5433 tokens_out=706
[PASS] error_recovery_wrong_filename ollama:qwen3.5-coder+lead:ollama:gemma4:e4b (rep 5)  46494ms  rounds=4 tool_calls=3  schema_fail=0  exec_fail=0  denied=0  tokens_in=5438 tokens_out=383
[PASS] distractor_selection_among_files ollama:qwen3.5-coder+lead:ollama:gemma4:e4b  46956ms  rounds=3 tool_calls=2  schema_fail=0  exec_fail=0  denied=0  tokens_in=3921 tokens_out=836
[PASS] distractor_selection_among_files ollama:qwen3.5-coder+lead:ollama:gemma4:e4b (rep 2)  11943ms  rounds=2 tool_calls=1  schema_fail=0  exec_fail=0  denied=0  tokens_in=2414 tokens_out=349
[PASS] distractor_selection_among_files ollama:qwen3.5-coder+lead:ollama:gemma4:e4b (rep 3)  23202ms  rounds=3 tool_calls=2  schema_fail=0  exec_fail=0  denied=0  tokens_in=3915 tokens_out=673
[FAIL] distractor_selection_among_files ollama:qwen3.5-coder+lead:ollama:gemma4:e4b (rep 4)  67727ms  rounds=3 tool_calls=3  schema_fail=0  exec_fail=2  denied=0  tokens_in=3842 tokens_out=1257 [ModelBackendError] (error: model backend error: model backend's completion stream failed: XML syntax error on line 7: element <function> closed by </parameter>)
[PASS] distractor_selection_among_files ollama:qwen3.5-coder+lead:ollama:gemma4:e4b (rep 5)  60191ms  rounds=4 tool_calls=3  schema_fail=0  exec_fail=1  denied=0  tokens_in=5682 tokens_out=992
[PASS] edit_file_function_body  ollama:qwen3.5-coder+lead:ollama:gemma4:e4b  59037ms  rounds=4 tool_calls=3  schema_fail=0  exec_fail=1  denied=0  tokens_in=5687 tokens_out=703
[PASS] edit_file_function_body  ollama:qwen3.5-coder+lead:ollama:gemma4:e4b (rep 2)  12762ms  rounds=2 tool_calls=1  schema_fail=0  exec_fail=0  denied=0  tokens_in=2404 tokens_out=193
[PASS] edit_file_function_body  ollama:qwen3.5-coder+lead:ollama:gemma4:e4b (rep 3)  11904ms  rounds=2 tool_calls=1  schema_fail=0  exec_fail=0  denied=0  tokens_in=2404 tokens_out=346
[PASS] edit_file_function_body  ollama:qwen3.5-coder+lead:ollama:gemma4:e4b (rep 4)   7893ms  rounds=2 tool_calls=1  schema_fail=0  exec_fail=0  denied=0  tokens_in=2404 tokens_out=212
[PASS] edit_file_function_body  ollama:qwen3.5-coder+lead:ollama:gemma4:e4b (rep 5)  12362ms  rounds=2 tool_calls=1  schema_fail=0  exec_fail=0  denied=0  tokens_in=2404 tokens_out=361
[PASS] no_tool_capital_question ollama:qwen3.5-coder+lead:ollama:gemma4:e4b   3262ms  rounds=1 tool_calls=0  schema_fail=0  exec_fail=0  denied=0  tokens_in=1138 tokens_out=72
[PASS] no_tool_capital_question ollama:qwen3.5-coder+lead:ollama:gemma4:e4b (rep 2)   4410ms  rounds=1 tool_calls=0  schema_fail=0  exec_fail=0  denied=0  tokens_in=1138 tokens_out=111
[PASS] no_tool_capital_question ollama:qwen3.5-coder+lead:ollama:gemma4:e4b (rep 3)   2589ms  rounds=1 tool_calls=0  schema_fail=0  exec_fail=0  denied=0  tokens_in=1138 tokens_out=48
[PASS] no_tool_capital_question ollama:qwen3.5-coder+lead:ollama:gemma4:e4b (rep 4)   5052ms  rounds=1 tool_calls=0  schema_fail=0  exec_fail=0  denied=0  tokens_in=1138 tokens_out=134
[PASS] no_tool_capital_question ollama:qwen3.5-coder+lead:ollama:gemma4:e4b (rep 5)   2404ms  rounds=1 tool_calls=0  schema_fail=0  exec_fail=0  denied=0  tokens_in=1138 tokens_out=43
[PASS] no_tool_subtraction      ollama:qwen3.5-coder+lead:ollama:gemma4:e4b   3065ms  rounds=1 tool_calls=0  schema_fail=0  exec_fail=0  denied=0  tokens_in=1136 tokens_out=66
[PASS] no_tool_subtraction      ollama:qwen3.5-coder+lead:ollama:gemma4:e4b (rep 2)   3048ms  rounds=1 tool_calls=0  schema_fail=0  exec_fail=0  denied=0  tokens_in=1136 tokens_out=62
[PASS] no_tool_subtraction      ollama:qwen3.5-coder+lead:ollama:gemma4:e4b (rep 3)   2943ms  rounds=1 tool_calls=0  schema_fail=0  exec_fail=0  denied=0  tokens_in=1136 tokens_out=61
[PASS] no_tool_subtraction      ollama:qwen3.5-coder+lead:ollama:gemma4:e4b (rep 4)   2949ms  rounds=1 tool_calls=0  schema_fail=0  exec_fail=0  denied=0  tokens_in=1136 tokens_out=62
[PASS] no_tool_subtraction      ollama:qwen3.5-coder+lead:ollama:gemma4:e4b (rep 5)   2948ms  rounds=1 tool_calls=0  schema_fail=0  exec_fail=0  denied=0  tokens_in=1136 tokens_out=62
[PASS] multi_step_sum_two_files ollama:qwen3.5-coder+lead:ollama:gemma4:e4b  45444ms  rounds=5 tool_calls=4  schema_fail=0  exec_fail=1  denied=1  tokens_in=7303 tokens_out=622
[PASS] multi_step_sum_two_files ollama:qwen3.5-coder+lead:ollama:gemma4:e4b (rep 2)  65572ms  rounds=6 tool_calls=5  schema_fail=0  exec_fail=2  denied=2  tokens_in=9254 tokens_out=979
[PASS] multi_step_sum_two_files ollama:qwen3.5-coder+lead:ollama:gemma4:e4b (rep 3)  22748ms  rounds=3 tool_calls=2  schema_fail=0  exec_fail=0  denied=0  tokens_in=3826 tokens_out=514
[PASS] multi_step_sum_two_files ollama:qwen3.5-coder+lead:ollama:gemma4:e4b (rep 4)  76272ms  rounds=6 tool_calls=5  schema_fail=0  exec_fail=2  denied=2  tokens_in=9399 tokens_out=1509
[PASS] multi_step_sum_two_files ollama:qwen3.5-coder+lead:ollama:gemma4:e4b (rep 5)  39502ms  rounds=4 tool_calls=3  schema_fail=0  exec_fail=0  denied=0  tokens_in=5441 tokens_out=416
[PASS] multi_step_multiply_and_write ollama:qwen3.5-coder+lead:ollama:gemma4:e4b  16165ms  rounds=3 tool_calls=2  schema_fail=0  exec_fail=0  denied=0  tokens_in=3748 tokens_out=286
[PASS] multi_step_multiply_and_write ollama:qwen3.5-coder+lead:ollama:gemma4:e4b (rep 2)  12187ms  rounds=3 tool_calls=2  schema_fail=0  exec_fail=0  denied=0  tokens_in=3748 tokens_out=343
[PASS] multi_step_multiply_and_write ollama:qwen3.5-coder+lead:ollama:gemma4:e4b (rep 3)  15404ms  rounds=3 tool_calls=2  schema_fail=0  exec_fail=0  denied=0  tokens_in=3748 tokens_out=448
[PASS] multi_step_multiply_and_write ollama:qwen3.5-coder+lead:ollama:gemma4:e4b (rep 4)  13001ms  rounds=3 tool_calls=2  schema_fail=0  exec_fail=0  denied=0  tokens_in=3748 tokens_out=362
[PASS] multi_step_multiply_and_write ollama:qwen3.5-coder+lead:ollama:gemma4:e4b (rep 5)  10346ms  rounds=3 tool_calls=2  schema_fail=0  exec_fail=0  denied=0  tokens_in=3748 tokens_out=278
[PASS] error_recovery_wrong_config_extension ollama:qwen3.5-coder+lead:ollama:gemma4:e4b  13520ms  rounds=3 tool_calls=2  schema_fail=0  exec_fail=0  denied=0  tokens_in=3720 tokens_out=385
[PASS] error_recovery_wrong_config_extension ollama:qwen3.5-coder+lead:ollama:gemma4:e4b (rep 2)  11240ms  rounds=3 tool_calls=2  schema_fail=0  exec_fail=0  denied=0  tokens_in=3719 tokens_out=310
[PASS] error_recovery_wrong_config_extension ollama:qwen3.5-coder+lead:ollama:gemma4:e4b (rep 3)  11912ms  rounds=3 tool_calls=2  schema_fail=0  exec_fail=0  denied=0  tokens_in=3720 tokens_out=330
[PASS] error_recovery_wrong_config_extension ollama:qwen3.5-coder+lead:ollama:gemma4:e4b (rep 4)  11022ms  rounds=3 tool_calls=2  schema_fail=0  exec_fail=0  denied=0  tokens_in=3720 tokens_out=299
[PASS] error_recovery_wrong_config_extension ollama:qwen3.5-coder+lead:ollama:gemma4:e4b (rep 5)  16423ms  rounds=3 tool_calls=2  schema_fail=0  exec_fail=0  denied=0  tokens_in=3720 tokens_out=483
[PASS] error_recovery_edit_wrong_filename ollama:qwen3.5-coder+lead:ollama:gemma4:e4b  11631ms  rounds=3 tool_calls=2  schema_fail=0  exec_fail=0  denied=0  tokens_in=3776 tokens_out=320
[PASS] error_recovery_edit_wrong_filename ollama:qwen3.5-coder+lead:ollama:gemma4:e4b (rep 2)  38735ms  rounds=4 tool_calls=3  schema_fail=0  exec_fail=0  denied=0  tokens_in=5514 tokens_out=517
[PASS] error_recovery_edit_wrong_filename ollama:qwen3.5-coder+lead:ollama:gemma4:e4b (rep 3)  25213ms  rounds=3 tool_calls=2  schema_fail=0  exec_fail=0  denied=0  tokens_in=3836 tokens_out=428
[PASS] error_recovery_edit_wrong_filename ollama:qwen3.5-coder+lead:ollama:gemma4:e4b (rep 4)  25422ms  rounds=3 tool_calls=2  schema_fail=0  exec_fail=0  denied=0  tokens_in=3814 tokens_out=786
[PASS] error_recovery_edit_wrong_filename ollama:qwen3.5-coder+lead:ollama:gemma4:e4b (rep 5)  17547ms  rounds=3 tool_calls=2  schema_fail=0  exec_fail=0  denied=0  tokens_in=3834 tokens_out=521
[PASS] distractor_selection_log_with_error ollama:qwen3.5-coder+lead:ollama:gemma4:e4b  29591ms  rounds=3 tool_calls=2  schema_fail=0  exec_fail=0  denied=0  tokens_in=3964 tokens_out=924
[PASS] distractor_selection_log_with_error ollama:qwen3.5-coder+lead:ollama:gemma4:e4b (rep 2)  23825ms  rounds=3 tool_calls=2  schema_fail=0  exec_fail=0  denied=0  tokens_in=3926 tokens_out=730
[PASS] distractor_selection_log_with_error ollama:qwen3.5-coder+lead:ollama:gemma4:e4b (rep 3) 143579ms  rounds=9 tool_calls=8  schema_fail=3  exec_fail=3  denied=1  tokens_in=16160 tokens_out=3346
[PASS] distractor_selection_log_with_error ollama:qwen3.5-coder+lead:ollama:gemma4:e4b (rep 4)  63745ms  rounds=5 tool_calls=4  schema_fail=0  exec_fail=2  denied=0  tokens_in=7788 tokens_out=950
[PASS] distractor_selection_log_with_error ollama:qwen3.5-coder+lead:ollama:gemma4:e4b (rep 5)  34923ms  rounds=3 tool_calls=2  schema_fail=0  exec_fail=0  denied=0  tokens_in=3932 tokens_out=816
[PASS] distractor_selection_debug_config ollama:qwen3.5-coder+lead:ollama:gemma4:e4b  11358ms  rounds=2 tool_calls=1  schema_fail=0  exec_fail=0  denied=0  tokens_in=2385 tokens_out=326
[PASS] distractor_selection_debug_config ollama:qwen3.5-coder+lead:ollama:gemma4:e4b (rep 2)   8633ms  rounds=2 tool_calls=1  schema_fail=0  exec_fail=0  denied=0  tokens_in=2385 tokens_out=235
[PASS] distractor_selection_debug_config ollama:qwen3.5-coder+lead:ollama:gemma4:e4b (rep 3)  12187ms  rounds=2 tool_calls=1  schema_fail=0  exec_fail=0  denied=0  tokens_in=2385 tokens_out=356
[PASS] distractor_selection_debug_config ollama:qwen3.5-coder+lead:ollama:gemma4:e4b (rep 4)   7136ms  rounds=2 tool_calls=1  schema_fail=0  exec_fail=0  denied=0  tokens_in=2385 tokens_out=184
[PASS] distractor_selection_debug_config ollama:qwen3.5-coder+lead:ollama:gemma4:e4b (rep 5)  12976ms  rounds=2 tool_calls=1  schema_fail=0  exec_fail=0  denied=0  tokens_in=2391 tokens_out=382
[FAIL] read_file_basic          ollama:qwen3.5-coder+plan:ollama:gemma4:e4b+lead:ollama:gemma4:e4b  11309ms  rounds=3 tool_calls=1  schema_fail=0  exec_fail=0  denied=0  tokens_in=2999 tokens_out=304 [AssertionToolCall]
[FAIL] read_file_basic          ollama:qwen3.5-coder+plan:ollama:gemma4:e4b+lead:ollama:gemma4:e4b (rep 2)  12237ms  rounds=3 tool_calls=1  schema_fail=0  exec_fail=0  denied=0  tokens_in=2991 tokens_out=337 [AssertionToolCall]
[FAIL] read_file_basic          ollama:qwen3.5-coder+plan:ollama:gemma4:e4b+lead:ollama:gemma4:e4b (rep 3)  10507ms  rounds=3 tool_calls=1  schema_fail=0  exec_fail=0  denied=0  tokens_in=2991 tokens_out=278 [AssertionToolCall]
[FAIL] read_file_basic          ollama:qwen3.5-coder+plan:ollama:gemma4:e4b+lead:ollama:gemma4:e4b (rep 4)  10968ms  rounds=3 tool_calls=1  schema_fail=0  exec_fail=0  denied=0  tokens_in=2993 tokens_out=292 [AssertionToolCall]
[FAIL] read_file_basic          ollama:qwen3.5-coder+plan:ollama:gemma4:e4b+lead:ollama:gemma4:e4b (rep 5)  11213ms  rounds=3 tool_calls=1  schema_fail=0  exec_fail=0  denied=0  tokens_in=2991 tokens_out=302 [AssertionToolCall]
[PASS] grep_basic               ollama:qwen3.5-coder+plan:ollama:gemma4:e4b+lead:ollama:gemma4:e4b  11260ms  rounds=3 tool_calls=1  schema_fail=0  exec_fail=0  denied=0  tokens_in=2959 tokens_out=306
[PASS] grep_basic               ollama:qwen3.5-coder+plan:ollama:gemma4:e4b+lead:ollama:gemma4:e4b (rep 2)  11279ms  rounds=3 tool_calls=1  schema_fail=0  exec_fail=0  denied=0  tokens_in=2959 tokens_out=306
[PASS] grep_basic               ollama:qwen3.5-coder+plan:ollama:gemma4:e4b+lead:ollama:gemma4:e4b (rep 3)  11110ms  rounds=3 tool_calls=1  schema_fail=0  exec_fail=0  denied=0  tokens_in=2959 tokens_out=301
[PASS] grep_basic               ollama:qwen3.5-coder+plan:ollama:gemma4:e4b+lead:ollama:gemma4:e4b (rep 4)  11363ms  rounds=3 tool_calls=1  schema_fail=0  exec_fail=0  denied=0  tokens_in=2959 tokens_out=305
[PASS] grep_basic               ollama:qwen3.5-coder+plan:ollama:gemma4:e4b+lead:ollama:gemma4:e4b (rep 5)  11268ms  rounds=3 tool_calls=1  schema_fail=0  exec_fail=0  denied=0  tokens_in=2959 tokens_out=305
[PASS] glob_basic               ollama:qwen3.5-coder+plan:ollama:gemma4:e4b+lead:ollama:gemma4:e4b   7589ms  rounds=3 tool_calls=1  schema_fail=0  exec_fail=0  denied=0  tokens_in=3000 tokens_out=177
[PASS] glob_basic               ollama:qwen3.5-coder+plan:ollama:gemma4:e4b+lead:ollama:gemma4:e4b (rep 2)   8839ms  rounds=3 tool_calls=1  schema_fail=0  exec_fail=0  denied=0  tokens_in=3006 tokens_out=222
[PASS] glob_basic               ollama:qwen3.5-coder+plan:ollama:gemma4:e4b+lead:ollama:gemma4:e4b (rep 3)   7800ms  rounds=3 tool_calls=1  schema_fail=0  exec_fail=0  denied=0  tokens_in=3000 tokens_out=187
[PASS] glob_basic               ollama:qwen3.5-coder+plan:ollama:gemma4:e4b+lead:ollama:gemma4:e4b (rep 4)   7396ms  rounds=3 tool_calls=1  schema_fail=0  exec_fail=0  denied=0  tokens_in=3000 tokens_out=171
[PASS] glob_basic               ollama:qwen3.5-coder+plan:ollama:gemma4:e4b+lead:ollama:gemma4:e4b (rep 5)   7569ms  rounds=3 tool_calls=1  schema_fail=0  exec_fail=0  denied=0  tokens_in=3000 tokens_out=179
[PASS] write_file_basic         ollama:qwen3.5-coder+plan:ollama:gemma4:e4b+lead:ollama:gemma4:e4b   5921ms  rounds=3 tool_calls=1  schema_fail=0  exec_fail=0  denied=0  tokens_in=3004 tokens_out=121
[PASS] write_file_basic         ollama:qwen3.5-coder+plan:ollama:gemma4:e4b+lead:ollama:gemma4:e4b (rep 2)   5949ms  rounds=3 tool_calls=1  schema_fail=0  exec_fail=0  denied=0  tokens_in=3008 tokens_out=123
[PASS] write_file_basic         ollama:qwen3.5-coder+plan:ollama:gemma4:e4b+lead:ollama:gemma4:e4b (rep 3)   5928ms  rounds=3 tool_calls=1  schema_fail=0  exec_fail=0  denied=0  tokens_in=3008 tokens_out=123
[PASS] write_file_basic         ollama:qwen3.5-coder+plan:ollama:gemma4:e4b+lead:ollama:gemma4:e4b (rep 4)   5890ms  rounds=3 tool_calls=1  schema_fail=0  exec_fail=0  denied=0  tokens_in=3008 tokens_out=123
[PASS] write_file_basic         ollama:qwen3.5-coder+plan:ollama:gemma4:e4b+lead:ollama:gemma4:e4b (rep 5)   5870ms  rounds=3 tool_calls=1  schema_fail=0  exec_fail=0  denied=0  tokens_in=3004 tokens_out=121
[PASS] edit_file_basic          ollama:qwen3.5-coder+plan:ollama:gemma4:e4b+lead:ollama:gemma4:e4b   8877ms  rounds=3 tool_calls=1  schema_fail=0  exec_fail=0  denied=0  tokens_in=3034 tokens_out=219
[PASS] edit_file_basic          ollama:qwen3.5-coder+plan:ollama:gemma4:e4b+lead:ollama:gemma4:e4b (rep 2)   8781ms  rounds=3 tool_calls=1  schema_fail=0  exec_fail=0  denied=0  tokens_in=3034 tokens_out=220
[PASS] edit_file_basic          ollama:qwen3.5-coder+plan:ollama:gemma4:e4b+lead:ollama:gemma4:e4b (rep 3)   8851ms  rounds=3 tool_calls=1  schema_fail=0  exec_fail=0  denied=0  tokens_in=3034 tokens_out=221
[PASS] edit_file_basic          ollama:qwen3.5-coder+plan:ollama:gemma4:e4b+lead:ollama:gemma4:e4b (rep 4)   8964ms  rounds=3 tool_calls=1  schema_fail=0  exec_fail=0  denied=0  tokens_in=3034 tokens_out=225
[PASS] edit_file_basic          ollama:qwen3.5-coder+plan:ollama:gemma4:e4b+lead:ollama:gemma4:e4b (rep 5)   8753ms  rounds=3 tool_calls=1  schema_fail=0  exec_fail=0  denied=0  tokens_in=3034 tokens_out=219
[PASS] shell_exec_basic         ollama:qwen3.5-coder+plan:ollama:gemma4:e4b+lead:ollama:gemma4:e4b   9434ms  rounds=3 tool_calls=1  schema_fail=0  exec_fail=0  denied=0  tokens_in=2974 tokens_out=237
[PASS] shell_exec_basic         ollama:qwen3.5-coder+plan:ollama:gemma4:e4b+lead:ollama:gemma4:e4b (rep 2)   8518ms  rounds=3 tool_calls=1  schema_fail=0  exec_fail=0  denied=0  tokens_in=2974 tokens_out=212
[PASS] shell_exec_basic         ollama:qwen3.5-coder+plan:ollama:gemma4:e4b+lead:ollama:gemma4:e4b (rep 3)   4966ms  rounds=3 tool_calls=1  schema_fail=0  exec_fail=0  denied=0  tokens_in=2954 tokens_out=91
[PASS] shell_exec_basic         ollama:qwen3.5-coder+plan:ollama:gemma4:e4b+lead:ollama:gemma4:e4b (rep 4)   5345ms  rounds=3 tool_calls=1  schema_fail=0  exec_fail=0  denied=0  tokens_in=2974 tokens_out=101
[PASS] shell_exec_basic         ollama:qwen3.5-coder+plan:ollama:gemma4:e4b+lead:ollama:gemma4:e4b (rep 5)   8657ms  rounds=3 tool_calls=1  schema_fail=0  exec_fail=0  denied=0  tokens_in=2974 tokens_out=208
[PASS] no_tool_qa               ollama:qwen3.5-coder+plan:ollama:gemma4:e4b+lead:ollama:gemma4:e4b   4553ms  rounds=2 tool_calls=0  schema_fail=0  exec_fail=0  denied=0  tokens_in=1707 tokens_out=91
[PASS] no_tool_qa               ollama:qwen3.5-coder+plan:ollama:gemma4:e4b+lead:ollama:gemma4:e4b (rep 2)   4711ms  rounds=2 tool_calls=0  schema_fail=0  exec_fail=0  denied=0  tokens_in=1707 tokens_out=99
[PASS] no_tool_qa               ollama:qwen3.5-coder+plan:ollama:gemma4:e4b+lead:ollama:gemma4:e4b (rep 3)   4712ms  rounds=2 tool_calls=0  schema_fail=0  exec_fail=0  denied=0  tokens_in=1707 tokens_out=99
[PASS] no_tool_qa               ollama:qwen3.5-coder+plan:ollama:gemma4:e4b+lead:ollama:gemma4:e4b (rep 4)   5092ms  rounds=2 tool_calls=0  schema_fail=0  exec_fail=0  denied=0  tokens_in=1707 tokens_out=113
[PASS] no_tool_qa               ollama:qwen3.5-coder+plan:ollama:gemma4:e4b+lead:ollama:gemma4:e4b (rep 5)   4596ms  rounds=2 tool_calls=0  schema_fail=0  exec_fail=0  denied=0  tokens_in=1707 tokens_out=94
[PASS] multi_step_read_count_write ollama:qwen3.5-coder+plan:ollama:gemma4:e4b+lead:ollama:gemma4:e4b  19752ms  rounds=4 tool_calls=2  schema_fail=0  exec_fail=0  denied=0  tokens_in=4605 tokens_out=568
[PASS] multi_step_read_count_write ollama:qwen3.5-coder+plan:ollama:gemma4:e4b+lead:ollama:gemma4:e4b (rep 2)  19686ms  rounds=4 tool_calls=2  schema_fail=0  exec_fail=0  denied=0  tokens_in=4584 tokens_out=571
[PASS] multi_step_read_count_write ollama:qwen3.5-coder+plan:ollama:gemma4:e4b+lead:ollama:gemma4:e4b (rep 3)  29923ms  rounds=4 tool_calls=2  schema_fail=0  exec_fail=0  denied=0  tokens_in=4563 tokens_out=906
[PASS] multi_step_read_count_write ollama:qwen3.5-coder+plan:ollama:gemma4:e4b+lead:ollama:gemma4:e4b (rep 4)  22641ms  rounds=4 tool_calls=2  schema_fail=0  exec_fail=0  denied=0  tokens_in=4605 tokens_out=670
[PASS] multi_step_read_count_write ollama:qwen3.5-coder+plan:ollama:gemma4:e4b+lead:ollama:gemma4:e4b (rep 5)  77883ms  rounds=6 tool_calls=4  schema_fail=0  exec_fail=2  denied=2  tokens_in=8346 tokens_out=1610
[PASS] error_recovery_wrong_filename ollama:qwen3.5-coder+plan:ollama:gemma4:e4b+lead:ollama:gemma4:e4b  34601ms  rounds=4 tool_calls=2  schema_fail=0  exec_fail=0  denied=0  tokens_in=4529 tokens_out=631
[PASS] error_recovery_wrong_filename ollama:qwen3.5-coder+plan:ollama:gemma4:e4b+lead:ollama:gemma4:e4b (rep 2)  21617ms  rounds=4 tool_calls=2  schema_fail=0  exec_fail=0  denied=0  tokens_in=4517 tokens_out=639
[PASS] error_recovery_wrong_filename ollama:qwen3.5-coder+plan:ollama:gemma4:e4b+lead:ollama:gemma4:e4b (rep 3)  20642ms  rounds=4 tool_calls=2  schema_fail=0  exec_fail=0  denied=0  tokens_in=4544 tokens_out=602
[PASS] error_recovery_wrong_filename ollama:qwen3.5-coder+plan:ollama:gemma4:e4b+lead:ollama:gemma4:e4b (rep 4)  20619ms  rounds=4 tool_calls=2  schema_fail=0  exec_fail=0  denied=0  tokens_in=4577 tokens_out=602
[PASS] error_recovery_wrong_filename ollama:qwen3.5-coder+plan:ollama:gemma4:e4b+lead:ollama:gemma4:e4b (rep 5)  20507ms  rounds=4 tool_calls=2  schema_fail=0  exec_fail=0  denied=0  tokens_in=4550 tokens_out=593
[PASS] distractor_selection_among_files ollama:qwen3.5-coder+plan:ollama:gemma4:e4b+lead:ollama:gemma4:e4b  14390ms  rounds=3 tool_calls=1  schema_fail=0  exec_fail=0  denied=0  tokens_in=3074 tokens_out=408
[PASS] distractor_selection_among_files ollama:qwen3.5-coder+plan:ollama:gemma4:e4b+lead:ollama:gemma4:e4b (rep 2)  10954ms  rounds=3 tool_calls=1  schema_fail=0  exec_fail=0  denied=0  tokens_in=3062 tokens_out=293
[PASS] distractor_selection_among_files ollama:qwen3.5-coder+plan:ollama:gemma4:e4b+lead:ollama:gemma4:e4b (rep 3)  72478ms  rounds=7 tool_calls=5  schema_fail=0  exec_fail=2  denied=0  tokens_in=10580 tokens_out=1008
[PASS] distractor_selection_among_files ollama:qwen3.5-coder+plan:ollama:gemma4:e4b+lead:ollama:gemma4:e4b (rep 4)  71528ms  rounds=7 tool_calls=5  schema_fail=0  exec_fail=1  denied=0  tokens_in=10514 tokens_out=1035
[PASS] distractor_selection_among_files ollama:qwen3.5-coder+plan:ollama:gemma4:e4b+lead:ollama:gemma4:e4b (rep 5)  70215ms  rounds=7 tool_calls=5  schema_fail=0  exec_fail=1  denied=0  tokens_in=10502 tokens_out=990
[PASS] edit_file_function_body  ollama:qwen3.5-coder+plan:ollama:gemma4:e4b+lead:ollama:gemma4:e4b  20473ms  rounds=3 tool_calls=1  schema_fail=0  exec_fail=0  denied=0  tokens_in=3049 tokens_out=260
[PASS] edit_file_function_body  ollama:qwen3.5-coder+plan:ollama:gemma4:e4b+lead:ollama:gemma4:e4b (rep 2)   9593ms  rounds=3 tool_calls=1  schema_fail=0  exec_fail=0  denied=0  tokens_in=3055 tokens_out=247
[PASS] edit_file_function_body  ollama:qwen3.5-coder+plan:ollama:gemma4:e4b+lead:ollama:gemma4:e4b (rep 3)   9341ms  rounds=3 tool_calls=1  schema_fail=0  exec_fail=0  denied=0  tokens_in=3051 tokens_out=240
[PASS] edit_file_function_body  ollama:qwen3.5-coder+plan:ollama:gemma4:e4b+lead:ollama:gemma4:e4b (rep 4)   9815ms  rounds=3 tool_calls=1  schema_fail=0  exec_fail=0  denied=0  tokens_in=3051 tokens_out=258
[PASS] edit_file_function_body  ollama:qwen3.5-coder+plan:ollama:gemma4:e4b+lead:ollama:gemma4:e4b (rep 5)  10033ms  rounds=3 tool_calls=1  schema_fail=0  exec_fail=0  denied=0  tokens_in=3051 tokens_out=260
[PASS] no_tool_capital_question ollama:qwen3.5-coder+plan:ollama:gemma4:e4b+lead:ollama:gemma4:e4b   4917ms  rounds=2 tool_calls=0  schema_fail=0  exec_fail=0  denied=0  tokens_in=1717 tokens_out=98
[PASS] no_tool_capital_question ollama:qwen3.5-coder+plan:ollama:gemma4:e4b+lead:ollama:gemma4:e4b (rep 2)   5160ms  rounds=2 tool_calls=0  schema_fail=0  exec_fail=0  denied=0  tokens_in=1717 tokens_out=114
[PASS] no_tool_capital_question ollama:qwen3.5-coder+plan:ollama:gemma4:e4b+lead:ollama:gemma4:e4b (rep 3)   5071ms  rounds=2 tool_calls=0  schema_fail=0  exec_fail=0  denied=0  tokens_in=1717 tokens_out=110
[PASS] no_tool_capital_question ollama:qwen3.5-coder+plan:ollama:gemma4:e4b+lead:ollama:gemma4:e4b (rep 4)   4698ms  rounds=2 tool_calls=0  schema_fail=0  exec_fail=0  denied=0  tokens_in=1717 tokens_out=100
[PASS] no_tool_capital_question ollama:qwen3.5-coder+plan:ollama:gemma4:e4b+lead:ollama:gemma4:e4b (rep 5)   5897ms  rounds=2 tool_calls=0  schema_fail=0  exec_fail=0  denied=0  tokens_in=1717 tokens_out=140
[PASS] no_tool_subtraction      ollama:qwen3.5-coder+plan:ollama:gemma4:e4b+lead:ollama:gemma4:e4b   6213ms  rounds=2 tool_calls=0  schema_fail=0  exec_fail=0  denied=0  tokens_in=1713 tokens_out=149
[PASS] no_tool_subtraction      ollama:qwen3.5-coder+plan:ollama:gemma4:e4b+lead:ollama:gemma4:e4b (rep 2)   6222ms  rounds=2 tool_calls=0  schema_fail=0  exec_fail=0  denied=0  tokens_in=1713 tokens_out=150
[PASS] no_tool_subtraction      ollama:qwen3.5-coder+plan:ollama:gemma4:e4b+lead:ollama:gemma4:e4b (rep 3)   7329ms  rounds=2 tool_calls=0  schema_fail=0  exec_fail=0  denied=0  tokens_in=1713 tokens_out=189
[PASS] no_tool_subtraction      ollama:qwen3.5-coder+plan:ollama:gemma4:e4b+lead:ollama:gemma4:e4b (rep 4)   4763ms  rounds=2 tool_calls=0  schema_fail=0  exec_fail=0  denied=0  tokens_in=1713 tokens_out=101
[PASS] no_tool_subtraction      ollama:qwen3.5-coder+plan:ollama:gemma4:e4b+lead:ollama:gemma4:e4b (rep 5)   5722ms  rounds=2 tool_calls=0  schema_fail=0  exec_fail=0  denied=0  tokens_in=1713 tokens_out=134
[PASS] multi_step_sum_two_files ollama:qwen3.5-coder+plan:ollama:gemma4:e4b+lead:ollama:gemma4:e4b  75815ms  rounds=7 tool_calls=5  schema_fail=0  exec_fail=2  denied=2  tokens_in=10081 tokens_out=1160
[FAIL] multi_step_sum_two_files ollama:qwen3.5-coder+plan:ollama:gemma4:e4b+lead:ollama:gemma4:e4b (rep 2) 180001ms  rounds=13 tool_calls=12  schema_fail=9  exec_fail=3  denied=3  tokens_in=24198 tokens_out=5291 [Timeout] (error: task exceeded its time budget)
[PASS] multi_step_sum_two_files ollama:qwen3.5-coder+plan:ollama:gemma4:e4b+lead:ollama:gemma4:e4b (rep 3)  51256ms  rounds=6 tool_calls=3  schema_fail=0  exec_fail=0  denied=0  tokens_in=7348 tokens_out=902
[PASS] multi_step_sum_two_files ollama:qwen3.5-coder+plan:ollama:gemma4:e4b+lead:ollama:gemma4:e4b (rep 4)  72461ms  rounds=6 tool_calls=3  schema_fail=0  exec_fail=0  denied=0  tokens_in=7333 tokens_out=757
[FAIL] multi_step_sum_two_files ollama:qwen3.5-coder+plan:ollama:gemma4:e4b+lead:ollama:gemma4:e4b (rep 5)  82422ms  rounds=6 tool_calls=3  schema_fail=0  exec_fail=1  denied=1  tokens_in=7203 tokens_out=1548 [AssertionFiles]
[PASS] multi_step_multiply_and_write ollama:qwen3.5-coder+plan:ollama:gemma4:e4b+lead:ollama:gemma4:e4b  44072ms  rounds=6 tool_calls=4  schema_fail=1  exec_fail=1  denied=1  tokens_in=7839 tokens_out=874
[PASS] multi_step_multiply_and_write ollama:qwen3.5-coder+plan:ollama:gemma4:e4b+lead:ollama:gemma4:e4b (rep 2)  18136ms  rounds=4 tool_calls=2  schema_fail=0  exec_fail=0  denied=0  tokens_in=4554 tokens_out=519
[PASS] multi_step_multiply_and_write ollama:qwen3.5-coder+plan:ollama:gemma4:e4b+lead:ollama:gemma4:e4b (rep 3)  43000ms  rounds=6 tool_calls=4  schema_fail=0  exec_fail=2  denied=2  tokens_in=7796 tokens_out=1322
[PASS] multi_step_multiply_and_write ollama:qwen3.5-coder+plan:ollama:gemma4:e4b+lead:ollama:gemma4:e4b (rep 4) 122772ms  rounds=8 tool_calls=6  schema_fail=0  exec_fail=4  denied=4  tokens_in=12188 tokens_out=1976
[PASS] multi_step_multiply_and_write ollama:qwen3.5-coder+plan:ollama:gemma4:e4b+lead:ollama:gemma4:e4b (rep 5)  32787ms  rounds=6 tool_calls=4  schema_fail=0  exec_fail=2  denied=2  tokens_in=7861 tokens_out=978
[PASS] error_recovery_wrong_config_extension ollama:qwen3.5-coder+plan:ollama:gemma4:e4b+lead:ollama:gemma4:e4b  14614ms  rounds=4 tool_calls=2  schema_fail=0  exec_fail=0  denied=0  tokens_in=4547 tokens_out=401
[PASS] error_recovery_wrong_config_extension ollama:qwen3.5-coder+plan:ollama:gemma4:e4b+lead:ollama:gemma4:e4b (rep 2)  16790ms  rounds=4 tool_calls=2  schema_fail=0  exec_fail=0  denied=0  tokens_in=4537 tokens_out=471
[PASS] error_recovery_wrong_config_extension ollama:qwen3.5-coder+plan:ollama:gemma4:e4b+lead:ollama:gemma4:e4b (rep 3)  15913ms  rounds=4 tool_calls=2  schema_fail=0  exec_fail=0  denied=0  tokens_in=4619 tokens_out=443
[PASS] error_recovery_wrong_config_extension ollama:qwen3.5-coder+plan:ollama:gemma4:e4b+lead:ollama:gemma4:e4b (rep 4)  19155ms  rounds=4 tool_calls=2  schema_fail=0  exec_fail=0  denied=0  tokens_in=4531 tokens_out=553
[PASS] error_recovery_wrong_config_extension ollama:qwen3.5-coder+plan:ollama:gemma4:e4b+lead:ollama:gemma4:e4b (rep 5)  15064ms  rounds=4 tool_calls=2  schema_fail=0  exec_fail=0  denied=0  tokens_in=4540 tokens_out=414
[FAIL] error_recovery_edit_wrong_filename ollama:qwen3.5-coder+plan:ollama:gemma4:e4b+lead:ollama:gemma4:e4b  45876ms  rounds=6 tool_calls=3  schema_fail=0  exec_fail=0  denied=0  tokens_in=7399 tokens_out=656 [ModelBackendError] (error: model's response had no text and requested no tool calls)
[PASS] error_recovery_edit_wrong_filename ollama:qwen3.5-coder+plan:ollama:gemma4:e4b+lead:ollama:gemma4:e4b (rep 2)  29629ms  rounds=4 tool_calls=2  schema_fail=0  exec_fail=0  denied=0  tokens_in=4661 tokens_out=554
[PASS] error_recovery_edit_wrong_filename ollama:qwen3.5-coder+plan:ollama:gemma4:e4b+lead:ollama:gemma4:e4b (rep 3)  18716ms  rounds=4 tool_calls=2  schema_fail=0  exec_fail=0  denied=0  tokens_in=4622 tokens_out=536
[PASS] error_recovery_edit_wrong_filename ollama:qwen3.5-coder+plan:ollama:gemma4:e4b+lead:ollama:gemma4:e4b (rep 4)  18080ms  rounds=4 tool_calls=2  schema_fail=0  exec_fail=0  denied=0  tokens_in=4641 tokens_out=519
[PASS] error_recovery_edit_wrong_filename ollama:qwen3.5-coder+plan:ollama:gemma4:e4b+lead:ollama:gemma4:e4b (rep 5)  18353ms  rounds=4 tool_calls=2  schema_fail=0  exec_fail=0  denied=0  tokens_in=4632 tokens_out=527
[PASS] distractor_selection_log_with_error ollama:qwen3.5-coder+plan:ollama:gemma4:e4b+lead:ollama:gemma4:e4b  76347ms  rounds=8 tool_calls=6  schema_fail=0  exec_fail=2  denied=0  tokens_in=12751 tokens_out=1209
[PASS] distractor_selection_log_with_error ollama:qwen3.5-coder+plan:ollama:gemma4:e4b+lead:ollama:gemma4:e4b (rep 2) 116178ms  rounds=9 tool_calls=7  schema_fail=0  exec_fail=3  denied=0  tokens_in=14630 tokens_out=1277
[PASS] distractor_selection_log_with_error ollama:qwen3.5-coder+plan:ollama:gemma4:e4b+lead:ollama:gemma4:e4b (rep 3)  19995ms  rounds=3 tool_calls=1  schema_fail=0  exec_fail=0  denied=0  tokens_in=3057 tokens_out=262
[PASS] distractor_selection_log_with_error ollama:qwen3.5-coder+plan:ollama:gemma4:e4b+lead:ollama:gemma4:e4b (rep 4)  54811ms  rounds=5 tool_calls=3  schema_fail=0  exec_fail=1  denied=0  tokens_in=6554 tokens_out=1072
[PASS] distractor_selection_log_with_error ollama:qwen3.5-coder+plan:ollama:gemma4:e4b+lead:ollama:gemma4:e4b (rep 5)  76287ms  rounds=7 tool_calls=5  schema_fail=0  exec_fail=1  denied=0  tokens_in=10601 tokens_out=1102
[PASS] distractor_selection_debug_config ollama:qwen3.5-coder+plan:ollama:gemma4:e4b+lead:ollama:gemma4:e4b  23702ms  rounds=3 tool_calls=1  schema_fail=0  exec_fail=0  denied=0  tokens_in=3038 tokens_out=329
[PASS] distractor_selection_debug_config ollama:qwen3.5-coder+plan:ollama:gemma4:e4b+lead:ollama:gemma4:e4b (rep 2)   9905ms  rounds=3 tool_calls=1  schema_fail=0  exec_fail=0  denied=0  tokens_in=3030 tokens_out=257
[PASS] distractor_selection_debug_config ollama:qwen3.5-coder+plan:ollama:gemma4:e4b+lead:ollama:gemma4:e4b (rep 3)  11285ms  rounds=3 tool_calls=1  schema_fail=0  exec_fail=0  denied=0  tokens_in=3066 tokens_out=305
[PASS] distractor_selection_debug_config ollama:qwen3.5-coder+plan:ollama:gemma4:e4b+lead:ollama:gemma4:e4b (rep 4)  10211ms  rounds=3 tool_calls=1  schema_fail=0  exec_fail=0  denied=0  tokens_in=3030 tokens_out=258
[PASS] distractor_selection_debug_config ollama:qwen3.5-coder+plan:ollama:gemma4:e4b+lead:ollama:gemma4:e4b (rep 5)  11727ms  rounds=3 tool_calls=1  schema_fail=0  exec_fail=0  denied=0  tokens_in=3030 tokens_out=311

== Comparación por backend ==
backend                   pass_rate(±95%) avg_rounds       avg_ms  median_ms     avg_tok_in      avg_tok_out       schema_fail      exec_fail     denied  harness_err   rescues   escalat   compact   sumfall   cost_usd
ollama:qwen2.5:3b            65/95 (±9pp)      2.1         2344       1855           2458               78                12             18          0            0         0         0         0         0    $0.0000
ollama:qwen2.5:3b+plan:ollama:gemma4:e4b    47/95 (±10pp)      3.1        12795      11540           3152              318                 9             15          3            0         0         0         0         1    $0.0000
ollama:qwen2.5:3b+lead:ollama:gemma4:e4b     87/95 (±6pp)      2.4        12122       8622           2995              339                 2              6          2            0         0         1         0         0    $0.0000
ollama:qwen2.5:3b+plan:ollama:gemma4:e4b+lead:ollama:gemma4:e4b     84/95 (±6pp)      3.5        17331      11304           3867              489                 5             26         16            0         0         7         0         0    $0.0000
ollama:qwen2.5:7b            76/95 (±8pp)      2.0         5103       4202           2401               75                 0             25          0            0         0         0         0         0    $0.0000
ollama:qwen2.5:7b+plan:ollama:gemma4:e4b     78/95 (±8pp)      3.1        27084      25239           3039              228                 0              0          0            0         0         0         0         0    $0.0000
ollama:qwen2.5:7b+lead:ollama:gemma4:e4b     90/95 (±5pp)      2.5        16156      10053           3146              347                 1             12          4            0         0         0         0         0    $0.0000
ollama:qwen2.5:7b+plan:ollama:gemma4:e4b+lead:ollama:gemma4:e4b     90/95 (±5pp)      3.6        19861      12814           4036              465                 3             21         11            0         0         3         0         0    $0.0000
ollama:qwen3.5-coder         93/95 (±3pp)      2.8        23703      23457           4360              209                 0              0          0            0         0         0         0         0    $0.0000
ollama:qwen3.5-coder+plan:ollama:gemma4:e4b    47/95 (±10pp)      3.0        40727      37146           3632              262                11              3          0            0        13         0         0        10    $0.0000
ollama:qwen3.5-coder+lead:ollama:gemma4:e4b     89/95 (±5pp)      2.6        19751      10346           3377              423                 7             17          9            0         0         3         0         0    $0.0000
ollama:qwen3.5-coder+plan:ollama:gemma4:e4b+lead:ollama:gemma4:e4b     87/95 (±6pp)      3.8        23938      11268           4482              500                10             28         17            0         0         9         0         4    $0.0000

== Comparación por skill ==
backend                  skill                pass_rate avg_rounds     avg_ms  median_ms avg_tok_out   rescues   escalat   compact   sumfall   cost_usd
ollama:qwen2.5:3b        single_tool              27/35      1.9       2221       1835          71         0         0         0         0    $0.0000
ollama:qwen2.5:3b        no_tool                  15/15      1.0        668        660           2         0         0         0         0    $0.0000
ollama:qwen2.5:3b        multi_step                8/15      3.1       4176       2797         161         0         0         0         0    $0.0000
ollama:qwen2.5:3b        error_recovery            2/15      2.5       3085       2431         116         0         0         0         0    $0.0000
ollama:qwen2.5:3b        distractor_selection     13/15      2.0       1733       1645          47         0         0         0         0    $0.0000
ollama:qwen2.5:3b+plan:ollama:gemma4:e4b single_tool              27/35      3.0       9915       8857         222         0         0         0         0    $0.0000
ollama:qwen2.5:3b+plan:ollama:gemma4:e4b no_tool                   7/15      2.0       3965       3893          63         0         0         0         0    $0.0000
ollama:qwen2.5:3b+plan:ollama:gemma4:e4b multi_step                2/15      3.3      21571      19974         605         0         0         0         1    $0.0000
ollama:qwen2.5:3b+plan:ollama:gemma4:e4b error_recovery            3/15      4.2      20452      20191         536         0         0         0         0    $0.0000
ollama:qwen2.5:3b+plan:ollama:gemma4:e4b distractor_selection      8/15      3.1      11916      11540         292         0         0         0         0    $0.0000
ollama:qwen2.5:3b+lead:ollama:gemma4:e4b single_tool              29/35      2.1       7386       6668         191         0         0         0         0    $0.0000
ollama:qwen2.5:3b+lead:ollama:gemma4:e4b no_tool                  15/15      1.0       3349       3061          75         0         0         0         0    $0.0000
ollama:qwen2.5:3b+lead:ollama:gemma4:e4b multi_step               15/15      3.6      19574      16725         556         0         1         0         0    $0.0000
ollama:qwen2.5:3b+lead:ollama:gemma4:e4b error_recovery           15/15      3.3      16109      16375         458         0         0         0         0    $0.0000
ollama:qwen2.5:3b+lead:ollama:gemma4:e4b distractor_selection     13/15      2.7      20503      12942         614         0         0         0         0    $0.0000
ollama:qwen2.5:3b+plan:ollama:gemma4:e4b+lead:ollama:gemma4:e4b single_tool              31/35      3.1       9527       8818         242         0         0         0         0    $0.0000
ollama:qwen2.5:3b+plan:ollama:gemma4:e4b+lead:ollama:gemma4:e4b no_tool                  15/15      2.0       5279       5180         118         0         0         0         0    $0.0000
ollama:qwen2.5:3b+plan:ollama:gemma4:e4b+lead:ollama:gemma4:e4b multi_step               13/15      5.3      38551      38276        1155         0         6         0         0    $0.0000
ollama:qwen2.5:3b+plan:ollama:gemma4:e4b+lead:ollama:gemma4:e4b error_recovery           14/15      4.1      20036      19350         577         0         1         0         0    $0.0000
ollama:qwen2.5:3b+plan:ollama:gemma4:e4b+lead:ollama:gemma4:e4b distractor_selection     11/15      3.9      23669      25612         683         0         0         0         0    $0.0000
ollama:qwen2.5:7b        single_tool              35/35      2.1       4848       3909          68         0         0         0         0    $0.0000
ollama:qwen2.5:7b        no_tool                  15/15      1.0       1368       1362           2         0         0         0         0    $0.0000
ollama:qwen2.5:7b        multi_step               11/15      2.6       9243       6864         158         0         0         0         0    $0.0000
ollama:qwen2.5:7b        error_recovery            0/15      2.3       6442       4746         105         0         0         0         0    $0.0000
ollama:qwen2.5:7b        distractor_selection     15/15      2.0       3955       3761          52         0         0         0         0    $0.0000
ollama:qwen2.5:7b+plan:ollama:gemma4:e4b single_tool              30/35      3.0      24556      23946         161         0         0         0         0    $0.0000
ollama:qwen2.5:7b+plan:ollama:gemma4:e4b no_tool                  15/15      2.0      21024      20254          64         0         0         0         0    $0.0000
ollama:qwen2.5:7b+plan:ollama:gemma4:e4b multi_step                6/15      3.5      35076      34365         462         0         0         0         0    $0.0000
ollama:qwen2.5:7b+plan:ollama:gemma4:e4b error_recovery           12/15      3.8      32012      30385         398         0         0         0         0    $0.0000
ollama:qwen2.5:7b+plan:ollama:gemma4:e4b distractor_selection     15/15      3.0      26123      24201         146         0         0         0         0    $0.0000
ollama:qwen2.5:7b+lead:ollama:gemma4:e4b single_tool              30/35      2.1       8279       6549         202         0         0         0         0    $0.0000
ollama:qwen2.5:7b+lead:ollama:gemma4:e4b no_tool                  15/15      1.0       4006       3243          73         0         0         0         0    $0.0000
ollama:qwen2.5:7b+lead:ollama:gemma4:e4b multi_step               15/15      3.5      24421      25471         528         0         0         0         0    $0.0000
ollama:qwen2.5:7b+lead:ollama:gemma4:e4b error_recovery           15/15      3.3      21157      22935         424         0         0         0         0    $0.0000
ollama:qwen2.5:7b+lead:ollama:gemma4:e4b distractor_selection     15/15      3.4      33421      30710         704         0         0         0         0    $0.0000
ollama:qwen2.5:7b+plan:ollama:gemma4:e4b+lead:ollama:gemma4:e4b single_tool              30/35      3.0      10654       9938         270         0         0         0         0    $0.0000
ollama:qwen2.5:7b+plan:ollama:gemma4:e4b+lead:ollama:gemma4:e4b no_tool                  15/15      2.0       5025       4960         109         0         0         0         0    $0.0000
ollama:qwen2.5:7b+plan:ollama:gemma4:e4b+lead:ollama:gemma4:e4b multi_step               15/15      5.2      45292      41157        1077         0         3         0         0    $0.0000
ollama:qwen2.5:7b+plan:ollama:gemma4:e4b+lead:ollama:gemma4:e4b error_recovery           15/15      4.1      20491      19894         541         0         0         0         0    $0.0000
ollama:qwen2.5:7b+plan:ollama:gemma4:e4b+lead:ollama:gemma4:e4b distractor_selection     15/15      4.7      30121      32992         585         0         0         0         0    $0.0000
ollama:qwen3.5-coder     single_tool              35/35      2.3      18954      16179         166         0         0         0         0    $0.0000
ollama:qwen3.5-coder     no_tool                  15/15      1.0       7439       7119          61         0         0         0         0    $0.0000
ollama:qwen3.5-coder     multi_step               15/15      3.1      26495      25691         236         0         0         0         0    $0.0000
ollama:qwen3.5-coder     error_recovery           15/15      3.9      34531      24105         311         0         0         0         0    $0.0000
ollama:qwen3.5-coder     distractor_selection     13/15      4.2      37428      37787         328         0         0         0         0    $0.0000
ollama:qwen3.5-coder+plan:ollama:gemma4:e4b single_tool              24/35      3.2      40791      38309         222        11         0         0         3    $0.0000
ollama:qwen3.5-coder+plan:ollama:gemma4:e4b no_tool                   0/15      2.0      26106      25056          56         0         0         0         0    $0.0000
ollama:qwen3.5-coder+plan:ollama:gemma4:e4b multi_step                5/15      3.1      47522      53946         461         1         0         0         5    $0.0000
ollama:qwen3.5-coder+plan:ollama:gemma4:e4b error_recovery            4/15      2.7      42593      34642         354         0         0         0         0    $0.0000
ollama:qwen3.5-coder+plan:ollama:gemma4:e4b distractor_selection     14/15      3.5      46540      41178         271         1         0         0         2    $0.0000
ollama:qwen3.5-coder+lead:ollama:gemma4:e4b single_tool              30/35      2.1       8834       6616         198         0         0         0         0    $0.0000
ollama:qwen3.5-coder+lead:ollama:gemma4:e4b no_tool                  15/15      1.0       3336       2949          74         0         0         0         0    $0.0000
ollama:qwen3.5-coder+lead:ollama:gemma4:e4b multi_step               15/15      4.1      37780      22748         846         0         2         0         0    $0.0000
ollama:qwen3.5-coder+lead:ollama:gemma4:e4b error_recovery           15/15      3.3      26164      17547         476         0         0         0         0    $0.0000
ollama:qwen3.5-coder+lead:ollama:gemma4:e4b distractor_selection     14/15      3.2      37198      23825         824         0         1         0         0    $0.0000
ollama:qwen3.5-coder+plan:ollama:gemma4:e4b+lead:ollama:gemma4:e4b single_tool              30/35      3.0       9190       8877         223         0         0         0         0    $0.0000
ollama:qwen3.5-coder+plan:ollama:gemma4:e4b+lead:ollama:gemma4:e4b no_tool                  15/15      2.0       5310       5071         119         0         0         0         0    $0.0000
ollama:qwen3.5-coder+plan:ollama:gemma4:e4b+lead:ollama:gemma4:e4b multi_step               13/15      6.0      59507      44072        1310         0         8         0         3    $0.0000
ollama:qwen3.5-coder+plan:ollama:gemma4:e4b+lead:ollama:gemma4:e4b error_recovery           14/15      4.1      22012      19155         543         0         0         0         1    $0.0000
ollama:qwen3.5-coder+plan:ollama:gemma4:e4b+lead:ollama:gemma4:e4b distractor_selection     15/15      4.9      43334      23702         674         0         1         0         0    $0.0000

Resultados JSON escritos en docs/sweep-curva-multiescala-2026-07-10.qwen.json
