   Compiling braze-tools-local v0.1.0 (/home/franciscoparrao/proyectos/braze/crates/braze-tools-local)
   Compiling braze-mcp-client v0.1.0 (/home/franciscoparrao/proyectos/braze/crates/braze-mcp-client)
   Compiling braze-engine v0.1.0 (/home/franciscoparrao/proyectos/braze/crates/braze-engine)
   Compiling braze-bench v0.1.0 (/home/franciscoparrao/proyectos/braze/crates/braze-bench)
    Finished `dev` profile [unoptimized + debuginfo] target(s) in 5.65s
     Running `target/debug/braze-bench crates/braze-bench/suites/tool-search.toml --backends 'ollama:qwen2.5:3b,ollama:qwen2.5:3b+ablate:tool-search-threshold=1000000,ollama:qwen2.5:7b,ollama:qwen2.5:7b+ablate:tool-search-threshold=1000000' --repetitions 5 --temperature 0.2 --no-ollama-stop --output docs/sweep-search-tools-ab-postgate-2026-07-12.json`
Corriendo 5 repetición(es) por (tarea, backend) — timeout 180s por intento.
-> ollama:qwen2.5:3b :: noisy_read_file (rep 1/5)
[2m2026-07-12T07:53:10.273011Z[0m [32m INFO[0m [1mturn[0m[1m{[0m[3msession[0m[2m=[0m4cdfcb62-b51a-461a-97e5-fdba7ea4fdc0[1m}[0m[2m:[0m [2mbraze_engine::hooks[0m[2m:[0m prompt budget breakdown (PromptBudgetAuditHook) [3msystem_tokens_est[0m[2m=[0m269 [3mtools_tokens_est[0m[2m=[0m942 [3mhistory_tokens_est[0m[2m=[0m19 [3mtotal_tokens_est[0m[2m=[0m1230 [3mmessage_count[0m[2m=[0m1
[2m2026-07-12T07:53:14.510663Z[0m [32m INFO[0m [1mturn[0m[1m{[0m[3msession[0m[2m=[0m4cdfcb62-b51a-461a-97e5-fdba7ea4fdc0[1m}[0m[2m:[0m [2mbraze_engine::hooks[0m[2m:[0m prompt budget breakdown (PromptBudgetAuditHook) [3msystem_tokens_est[0m[2m=[0m269 [3mtools_tokens_est[0m[2m=[0m942 [3mhistory_tokens_est[0m[2m=[0m34 [3mtotal_tokens_est[0m[2m=[0m1245 [3mmessage_count[0m[2m=[0m3
-> ollama:qwen2.5:3b :: noisy_read_file (rep 2/5)
[2m2026-07-12T07:53:14.928868Z[0m [32m INFO[0m [1mturn[0m[1m{[0m[3msession[0m[2m=[0m16ff6a11-7f8a-4704-a069-ecfcbf60559d[1m}[0m[2m:[0m [2mbraze_engine::hooks[0m[2m:[0m prompt budget breakdown (PromptBudgetAuditHook) [3msystem_tokens_est[0m[2m=[0m269 [3mtools_tokens_est[0m[2m=[0m942 [3mhistory_tokens_est[0m[2m=[0m19 [3mtotal_tokens_est[0m[2m=[0m1230 [3mmessage_count[0m[2m=[0m1
[2m2026-07-12T07:53:15.999570Z[0m [32m INFO[0m [1mturn[0m[1m{[0m[3msession[0m[2m=[0m16ff6a11-7f8a-4704-a069-ecfcbf60559d[1m}[0m[2m:[0m [2mbraze_engine::hooks[0m[2m:[0m prompt budget breakdown (PromptBudgetAuditHook) [3msystem_tokens_est[0m[2m=[0m269 [3mtools_tokens_est[0m[2m=[0m942 [3mhistory_tokens_est[0m[2m=[0m34 [3mtotal_tokens_est[0m[2m=[0m1245 [3mmessage_count[0m[2m=[0m3
-> ollama:qwen2.5:3b :: noisy_read_file (rep 3/5)
[2m2026-07-12T07:53:16.401102Z[0m [32m INFO[0m [1mturn[0m[1m{[0m[3msession[0m[2m=[0maa558f2d-aa24-487f-acee-08f06c5527a5[1m}[0m[2m:[0m [2mbraze_engine::hooks[0m[2m:[0m prompt budget breakdown (PromptBudgetAuditHook) [3msystem_tokens_est[0m[2m=[0m269 [3mtools_tokens_est[0m[2m=[0m942 [3mhistory_tokens_est[0m[2m=[0m19 [3mtotal_tokens_est[0m[2m=[0m1230 [3mmessage_count[0m[2m=[0m1
[2m2026-07-12T07:53:17.467286Z[0m [32m INFO[0m [1mturn[0m[1m{[0m[3msession[0m[2m=[0maa558f2d-aa24-487f-acee-08f06c5527a5[1m}[0m[2m:[0m [2mbraze_engine::hooks[0m[2m:[0m prompt budget breakdown (PromptBudgetAuditHook) [3msystem_tokens_est[0m[2m=[0m269 [3mtools_tokens_est[0m[2m=[0m942 [3mhistory_tokens_est[0m[2m=[0m34 [3mtotal_tokens_est[0m[2m=[0m1245 [3mmessage_count[0m[2m=[0m3
-> ollama:qwen2.5:3b :: noisy_read_file (rep 4/5)
[2m2026-07-12T07:53:17.864232Z[0m [32m INFO[0m [1mturn[0m[1m{[0m[3msession[0m[2m=[0m8b4e66a9-9234-4442-853f-a859adf4ce64[1m}[0m[2m:[0m [2mbraze_engine::hooks[0m[2m:[0m prompt budget breakdown (PromptBudgetAuditHook) [3msystem_tokens_est[0m[2m=[0m269 [3mtools_tokens_est[0m[2m=[0m942 [3mhistory_tokens_est[0m[2m=[0m19 [3mtotal_tokens_est[0m[2m=[0m1230 [3mmessage_count[0m[2m=[0m1
[2m2026-07-12T07:53:18.901452Z[0m [32m INFO[0m [1mturn[0m[1m{[0m[3msession[0m[2m=[0m8b4e66a9-9234-4442-853f-a859adf4ce64[1m}[0m[2m:[0m [2mbraze_engine::hooks[0m[2m:[0m prompt budget breakdown (PromptBudgetAuditHook) [3msystem_tokens_est[0m[2m=[0m269 [3mtools_tokens_est[0m[2m=[0m942 [3mhistory_tokens_est[0m[2m=[0m34 [3mtotal_tokens_est[0m[2m=[0m1245 [3mmessage_count[0m[2m=[0m3
-> ollama:qwen2.5:3b :: noisy_read_file (rep 5/5)
[2m2026-07-12T07:53:19.360023Z[0m [32m INFO[0m [1mturn[0m[1m{[0m[3msession[0m[2m=[0mcf7c8586-fe65-4a00-8d74-b5a445b11e66[1m}[0m[2m:[0m [2mbraze_engine::hooks[0m[2m:[0m prompt budget breakdown (PromptBudgetAuditHook) [3msystem_tokens_est[0m[2m=[0m269 [3mtools_tokens_est[0m[2m=[0m942 [3mhistory_tokens_est[0m[2m=[0m19 [3mtotal_tokens_est[0m[2m=[0m1230 [3mmessage_count[0m[2m=[0m1
[2m2026-07-12T07:53:20.443371Z[0m [32m INFO[0m [1mturn[0m[1m{[0m[3msession[0m[2m=[0mcf7c8586-fe65-4a00-8d74-b5a445b11e66[1m}[0m[2m:[0m [2mbraze_engine::hooks[0m[2m:[0m prompt budget breakdown (PromptBudgetAuditHook) [3msystem_tokens_est[0m[2m=[0m269 [3mtools_tokens_est[0m[2m=[0m942 [3mhistory_tokens_est[0m[2m=[0m34 [3mtotal_tokens_est[0m[2m=[0m1245 [3mmessage_count[0m[2m=[0m3
-> ollama:qwen2.5:3b :: noisy_grep (rep 1/5)
[2m2026-07-12T07:53:20.867978Z[0m [32m INFO[0m [1mturn[0m[1m{[0m[3msession[0m[2m=[0mf9451ba4-6a62-497a-9fac-0d9ea574d26a[1m}[0m[2m:[0m [2mbraze_engine::hooks[0m[2m:[0m prompt budget breakdown (PromptBudgetAuditHook) [3msystem_tokens_est[0m[2m=[0m268 [3mtools_tokens_est[0m[2m=[0m942 [3mhistory_tokens_est[0m[2m=[0m19 [3mtotal_tokens_est[0m[2m=[0m1229 [3mmessage_count[0m[2m=[0m1
[2m2026-07-12T07:53:22.168895Z[0m [32m INFO[0m [1mturn[0m[1m{[0m[3msession[0m[2m=[0mf9451ba4-6a62-497a-9fac-0d9ea574d26a[1m}[0m[2m:[0m [2mbraze_engine::hooks[0m[2m:[0m prompt budget breakdown (PromptBudgetAuditHook) [3msystem_tokens_est[0m[2m=[0m268 [3mtools_tokens_est[0m[2m=[0m942 [3mhistory_tokens_est[0m[2m=[0m45 [3mtotal_tokens_est[0m[2m=[0m1255 [3mmessage_count[0m[2m=[0m3
[2m2026-07-12T07:53:23.515298Z[0m [32m INFO[0m [1mturn[0m[1m{[0m[3msession[0m[2m=[0mf9451ba4-6a62-497a-9fac-0d9ea574d26a[1m}[0m[2m:[0m [2mbraze_engine::hooks[0m[2m:[0m prompt budget breakdown (PromptBudgetAuditHook) [3msystem_tokens_est[0m[2m=[0m268 [3mtools_tokens_est[0m[2m=[0m942 [3mhistory_tokens_est[0m[2m=[0m118 [3mtotal_tokens_est[0m[2m=[0m1328 [3mmessage_count[0m[2m=[0m6
-> ollama:qwen2.5:3b :: noisy_grep (rep 2/5)
[2m2026-07-12T07:53:26.079100Z[0m [32m INFO[0m [1mturn[0m[1m{[0m[3msession[0m[2m=[0m919c20e3-f8b4-47af-94d1-b9e9ce746bb3[1m}[0m[2m:[0m [2mbraze_engine::hooks[0m[2m:[0m prompt budget breakdown (PromptBudgetAuditHook) [3msystem_tokens_est[0m[2m=[0m268 [3mtools_tokens_est[0m[2m=[0m942 [3mhistory_tokens_est[0m[2m=[0m19 [3mtotal_tokens_est[0m[2m=[0m1229 [3mmessage_count[0m[2m=[0m1
[2m2026-07-12T07:53:27.187284Z[0m [32m INFO[0m [1mturn[0m[1m{[0m[3msession[0m[2m=[0m919c20e3-f8b4-47af-94d1-b9e9ce746bb3[1m}[0m[2m:[0m [2mbraze_engine::hooks[0m[2m:[0m prompt budget breakdown (PromptBudgetAuditHook) [3msystem_tokens_est[0m[2m=[0m268 [3mtools_tokens_est[0m[2m=[0m942 [3mhistory_tokens_est[0m[2m=[0m49 [3mtotal_tokens_est[0m[2m=[0m1259 [3mmessage_count[0m[2m=[0m3
-> ollama:qwen2.5:3b :: noisy_grep (rep 3/5)
[2m2026-07-12T07:53:28.021908Z[0m [32m INFO[0m [1mturn[0m[1m{[0m[3msession[0m[2m=[0m7265fe1e-307e-4034-b460-88f0ad283f53[1m}[0m[2m:[0m [2mbraze_engine::hooks[0m[2m:[0m prompt budget breakdown (PromptBudgetAuditHook) [3msystem_tokens_est[0m[2m=[0m268 [3mtools_tokens_est[0m[2m=[0m942 [3mhistory_tokens_est[0m[2m=[0m19 [3mtotal_tokens_est[0m[2m=[0m1229 [3mmessage_count[0m[2m=[0m1
[2m2026-07-12T07:53:29.109698Z[0m [32m INFO[0m [1mturn[0m[1m{[0m[3msession[0m[2m=[0m7265fe1e-307e-4034-b460-88f0ad283f53[1m}[0m[2m:[0m [2mbraze_engine::hooks[0m[2m:[0m prompt budget breakdown (PromptBudgetAuditHook) [3msystem_tokens_est[0m[2m=[0m268 [3mtools_tokens_est[0m[2m=[0m942 [3mhistory_tokens_est[0m[2m=[0m42 [3mtotal_tokens_est[0m[2m=[0m1252 [3mmessage_count[0m[2m=[0m3
-> ollama:qwen2.5:3b :: noisy_grep (rep 4/5)
[2m2026-07-12T07:53:29.681477Z[0m [32m INFO[0m [1mturn[0m[1m{[0m[3msession[0m[2m=[0m2b087c9d-bda2-4944-a093-bf4c9050b9b2[1m}[0m[2m:[0m [2mbraze_engine::hooks[0m[2m:[0m prompt budget breakdown (PromptBudgetAuditHook) [3msystem_tokens_est[0m[2m=[0m268 [3mtools_tokens_est[0m[2m=[0m942 [3mhistory_tokens_est[0m[2m=[0m19 [3mtotal_tokens_est[0m[2m=[0m1229 [3mmessage_count[0m[2m=[0m1
[2m2026-07-12T07:53:30.980098Z[0m [32m INFO[0m [1mturn[0m[1m{[0m[3msession[0m[2m=[0m2b087c9d-bda2-4944-a093-bf4c9050b9b2[1m}[0m[2m:[0m [2mbraze_engine::hooks[0m[2m:[0m prompt budget breakdown (PromptBudgetAuditHook) [3msystem_tokens_est[0m[2m=[0m268 [3mtools_tokens_est[0m[2m=[0m942 [3mhistory_tokens_est[0m[2m=[0m45 [3mtotal_tokens_est[0m[2m=[0m1255 [3mmessage_count[0m[2m=[0m3
[2m2026-07-12T07:53:32.305982Z[0m [32m INFO[0m [1mturn[0m[1m{[0m[3msession[0m[2m=[0m2b087c9d-bda2-4944-a093-bf4c9050b9b2[1m}[0m[2m:[0m [2mbraze_engine::hooks[0m[2m:[0m prompt budget breakdown (PromptBudgetAuditHook) [3msystem_tokens_est[0m[2m=[0m268 [3mtools_tokens_est[0m[2m=[0m942 [3mhistory_tokens_est[0m[2m=[0m118 [3mtotal_tokens_est[0m[2m=[0m1328 [3mmessage_count[0m[2m=[0m6
-> ollama:qwen2.5:3b :: noisy_grep (rep 5/5)
[2m2026-07-12T07:53:33.196732Z[0m [32m INFO[0m [1mturn[0m[1m{[0m[3msession[0m[2m=[0mcc5f9aab-7158-4409-8570-275eb78b7259[1m}[0m[2m:[0m [2mbraze_engine::hooks[0m[2m:[0m prompt budget breakdown (PromptBudgetAuditHook) [3msystem_tokens_est[0m[2m=[0m268 [3mtools_tokens_est[0m[2m=[0m942 [3mhistory_tokens_est[0m[2m=[0m19 [3mtotal_tokens_est[0m[2m=[0m1229 [3mmessage_count[0m[2m=[0m1
[2m2026-07-12T07:53:34.491644Z[0m [32m INFO[0m [1mturn[0m[1m{[0m[3msession[0m[2m=[0mcc5f9aab-7158-4409-8570-275eb78b7259[1m}[0m[2m:[0m [2mbraze_engine::hooks[0m[2m:[0m prompt budget breakdown (PromptBudgetAuditHook) [3msystem_tokens_est[0m[2m=[0m268 [3mtools_tokens_est[0m[2m=[0m942 [3mhistory_tokens_est[0m[2m=[0m45 [3mtotal_tokens_est[0m[2m=[0m1255 [3mmessage_count[0m[2m=[0m3
[2m2026-07-12T07:53:35.932976Z[0m [32m INFO[0m [1mturn[0m[1m{[0m[3msession[0m[2m=[0mcc5f9aab-7158-4409-8570-275eb78b7259[1m}[0m[2m:[0m [2mbraze_engine::hooks[0m[2m:[0m prompt budget breakdown (PromptBudgetAuditHook) [3msystem_tokens_est[0m[2m=[0m268 [3mtools_tokens_est[0m[2m=[0m942 [3mhistory_tokens_est[0m[2m=[0m107 [3mtotal_tokens_est[0m[2m=[0m1318 [3mmessage_count[0m[2m=[0m6
-> ollama:qwen2.5:3b :: noisy_write_file (rep 1/5)
[2m2026-07-12T07:53:36.923181Z[0m [32m INFO[0m [1mturn[0m[1m{[0m[3msession[0m[2m=[0m9b9c1eeb-7f38-4b26-b94c-2a3abceed4e5[1m}[0m[2m:[0m [2mbraze_engine::hooks[0m[2m:[0m prompt budget breakdown (PromptBudgetAuditHook) [3msystem_tokens_est[0m[2m=[0m270 [3mtools_tokens_est[0m[2m=[0m942 [3mhistory_tokens_est[0m[2m=[0m19 [3mtotal_tokens_est[0m[2m=[0m1231 [3mmessage_count[0m[2m=[0m1
[2m2026-07-12T07:53:38.197253Z[0m [32m INFO[0m [1mturn[0m[1m{[0m[3msession[0m[2m=[0m9b9c1eeb-7f38-4b26-b94c-2a3abceed4e5[1m}[0m[2m:[0m [2mbraze_engine::hooks[0m[2m:[0m prompt budget breakdown (PromptBudgetAuditHook) [3msystem_tokens_est[0m[2m=[0m270 [3mtools_tokens_est[0m[2m=[0m942 [3mhistory_tokens_est[0m[2m=[0m51 [3mtotal_tokens_est[0m[2m=[0m1263 [3mmessage_count[0m[2m=[0m3
-> ollama:qwen2.5:3b :: noisy_write_file (rep 2/5)
[2m2026-07-12T07:53:38.930169Z[0m [32m INFO[0m [1mturn[0m[1m{[0m[3msession[0m[2m=[0m76573e9d-33aa-4e59-a3e4-5738ada37314[1m}[0m[2m:[0m [2mbraze_engine::hooks[0m[2m:[0m prompt budget breakdown (PromptBudgetAuditHook) [3msystem_tokens_est[0m[2m=[0m270 [3mtools_tokens_est[0m[2m=[0m942 [3mhistory_tokens_est[0m[2m=[0m19 [3mtotal_tokens_est[0m[2m=[0m1231 [3mmessage_count[0m[2m=[0m1
[2m2026-07-12T07:53:40.168497Z[0m [32m INFO[0m [1mturn[0m[1m{[0m[3msession[0m[2m=[0m76573e9d-33aa-4e59-a3e4-5738ada37314[1m}[0m[2m:[0m [2mbraze_engine::hooks[0m[2m:[0m prompt budget breakdown (PromptBudgetAuditHook) [3msystem_tokens_est[0m[2m=[0m270 [3mtools_tokens_est[0m[2m=[0m942 [3mhistory_tokens_est[0m[2m=[0m51 [3mtotal_tokens_est[0m[2m=[0m1263 [3mmessage_count[0m[2m=[0m3
-> ollama:qwen2.5:3b :: noisy_write_file (rep 3/5)
[2m2026-07-12T07:53:40.744510Z[0m [32m INFO[0m [1mturn[0m[1m{[0m[3msession[0m[2m=[0m16bfafea-c8f8-4066-b3a8-0182c7258c7c[1m}[0m[2m:[0m [2mbraze_engine::hooks[0m[2m:[0m prompt budget breakdown (PromptBudgetAuditHook) [3msystem_tokens_est[0m[2m=[0m270 [3mtools_tokens_est[0m[2m=[0m942 [3mhistory_tokens_est[0m[2m=[0m19 [3mtotal_tokens_est[0m[2m=[0m1231 [3mmessage_count[0m[2m=[0m1
[2m2026-07-12T07:53:41.962043Z[0m [32m INFO[0m [1mturn[0m[1m{[0m[3msession[0m[2m=[0m16bfafea-c8f8-4066-b3a8-0182c7258c7c[1m}[0m[2m:[0m [2mbraze_engine::hooks[0m[2m:[0m prompt budget breakdown (PromptBudgetAuditHook) [3msystem_tokens_est[0m[2m=[0m270 [3mtools_tokens_est[0m[2m=[0m942 [3mhistory_tokens_est[0m[2m=[0m51 [3mtotal_tokens_est[0m[2m=[0m1263 [3mmessage_count[0m[2m=[0m3
-> ollama:qwen2.5:3b :: noisy_write_file (rep 4/5)
[2m2026-07-12T07:53:42.600588Z[0m [32m INFO[0m [1mturn[0m[1m{[0m[3msession[0m[2m=[0m5ad5c82f-1296-4c29-80b5-d389b61221cf[1m}[0m[2m:[0m [2mbraze_engine::hooks[0m[2m:[0m prompt budget breakdown (PromptBudgetAuditHook) [3msystem_tokens_est[0m[2m=[0m270 [3mtools_tokens_est[0m[2m=[0m942 [3mhistory_tokens_est[0m[2m=[0m19 [3mtotal_tokens_est[0m[2m=[0m1231 [3mmessage_count[0m[2m=[0m1
[2m2026-07-12T07:53:43.842599Z[0m [32m INFO[0m [1mturn[0m[1m{[0m[3msession[0m[2m=[0m5ad5c82f-1296-4c29-80b5-d389b61221cf[1m}[0m[2m:[0m [2mbraze_engine::hooks[0m[2m:[0m prompt budget breakdown (PromptBudgetAuditHook) [3msystem_tokens_est[0m[2m=[0m270 [3mtools_tokens_est[0m[2m=[0m942 [3mhistory_tokens_est[0m[2m=[0m51 [3mtotal_tokens_est[0m[2m=[0m1263 [3mmessage_count[0m[2m=[0m3
-> ollama:qwen2.5:3b :: noisy_write_file (rep 5/5)
[2m2026-07-12T07:53:44.379806Z[0m [32m INFO[0m [1mturn[0m[1m{[0m[3msession[0m[2m=[0mb1af009d-7b9e-4ac8-b51e-7a5c9311605e[1m}[0m[2m:[0m [2mbraze_engine::hooks[0m[2m:[0m prompt budget breakdown (PromptBudgetAuditHook) [3msystem_tokens_est[0m[2m=[0m270 [3mtools_tokens_est[0m[2m=[0m942 [3mhistory_tokens_est[0m[2m=[0m19 [3mtotal_tokens_est[0m[2m=[0m1231 [3mmessage_count[0m[2m=[0m1
[2m2026-07-12T07:53:45.594480Z[0m [32m INFO[0m [1mturn[0m[1m{[0m[3msession[0m[2m=[0mb1af009d-7b9e-4ac8-b51e-7a5c9311605e[1m}[0m[2m:[0m [2mbraze_engine::hooks[0m[2m:[0m prompt budget breakdown (PromptBudgetAuditHook) [3msystem_tokens_est[0m[2m=[0m270 [3mtools_tokens_est[0m[2m=[0m942 [3mhistory_tokens_est[0m[2m=[0m51 [3mtotal_tokens_est[0m[2m=[0m1263 [3mmessage_count[0m[2m=[0m3
-> ollama:qwen2.5:3b :: noisy_no_tool (rep 1/5)
[2m2026-07-12T07:53:46.188741Z[0m [32m INFO[0m [1mturn[0m[1m{[0m[3msession[0m[2m=[0m461d7a24-35a8-4d8e-bc6e-572edd61f6d6[1m}[0m[2m:[0m [2mbraze_engine::hooks[0m[2m:[0m prompt budget breakdown (PromptBudgetAuditHook) [3msystem_tokens_est[0m[2m=[0m269 [3mtools_tokens_est[0m[2m=[0m942 [3mhistory_tokens_est[0m[2m=[0m11 [3mtotal_tokens_est[0m[2m=[0m1223 [3mmessage_count[0m[2m=[0m1
-> ollama:qwen2.5:3b :: noisy_no_tool (rep 2/5)
[2m2026-07-12T07:53:46.942741Z[0m [32m INFO[0m [1mturn[0m[1m{[0m[3msession[0m[2m=[0m15ffa83d-fbd7-471a-b9ad-9a0feeb16f30[1m}[0m[2m:[0m [2mbraze_engine::hooks[0m[2m:[0m prompt budget breakdown (PromptBudgetAuditHook) [3msystem_tokens_est[0m[2m=[0m269 [3mtools_tokens_est[0m[2m=[0m942 [3mhistory_tokens_est[0m[2m=[0m11 [3mtotal_tokens_est[0m[2m=[0m1223 [3mmessage_count[0m[2m=[0m1
-> ollama:qwen2.5:3b :: noisy_no_tool (rep 3/5)
[2m2026-07-12T07:53:47.742594Z[0m [32m INFO[0m [1mturn[0m[1m{[0m[3msession[0m[2m=[0m561b507b-5d70-4b46-b4b7-84ceb5661c3d[1m}[0m[2m:[0m [2mbraze_engine::hooks[0m[2m:[0m prompt budget breakdown (PromptBudgetAuditHook) [3msystem_tokens_est[0m[2m=[0m269 [3mtools_tokens_est[0m[2m=[0m942 [3mhistory_tokens_est[0m[2m=[0m11 [3mtotal_tokens_est[0m[2m=[0m1223 [3mmessage_count[0m[2m=[0m1
-> ollama:qwen2.5:3b :: noisy_no_tool (rep 4/5)
[2m2026-07-12T07:53:48.531043Z[0m [32m INFO[0m [1mturn[0m[1m{[0m[3msession[0m[2m=[0m518b17d7-286f-4d62-9473-61b56bccf931[1m}[0m[2m:[0m [2mbraze_engine::hooks[0m[2m:[0m prompt budget breakdown (PromptBudgetAuditHook) [3msystem_tokens_est[0m[2m=[0m269 [3mtools_tokens_est[0m[2m=[0m942 [3mhistory_tokens_est[0m[2m=[0m11 [3mtotal_tokens_est[0m[2m=[0m1223 [3mmessage_count[0m[2m=[0m1
-> ollama:qwen2.5:3b :: noisy_no_tool (rep 5/5)
[2m2026-07-12T07:53:49.282847Z[0m [32m INFO[0m [1mturn[0m[1m{[0m[3msession[0m[2m=[0m6fa50919-ce5d-4940-9f1d-3da454674ba0[1m}[0m[2m:[0m [2mbraze_engine::hooks[0m[2m:[0m prompt budget breakdown (PromptBudgetAuditHook) [3msystem_tokens_est[0m[2m=[0m269 [3mtools_tokens_est[0m[2m=[0m942 [3mhistory_tokens_est[0m[2m=[0m11 [3mtotal_tokens_est[0m[2m=[0m1223 [3mmessage_count[0m[2m=[0m1
-> ollama:qwen2.5:3b :: noisy_multi_step (rep 1/5)
[2m2026-07-12T07:53:50.029099Z[0m [32m INFO[0m [1mturn[0m[1m{[0m[3msession[0m[2m=[0mb5985769-d1c9-4a02-b587-f0dbe16c42ff[1m}[0m[2m:[0m [2mbraze_engine::hooks[0m[2m:[0m prompt budget breakdown (PromptBudgetAuditHook) [3msystem_tokens_est[0m[2m=[0m270 [3mtools_tokens_est[0m[2m=[0m942 [3mhistory_tokens_est[0m[2m=[0m27 [3mtotal_tokens_est[0m[2m=[0m1239 [3mmessage_count[0m[2m=[0m1
[2m2026-07-12T07:53:52.050934Z[0m [32m INFO[0m [1mturn[0m[1m{[0m[3msession[0m[2m=[0mb5985769-d1c9-4a02-b587-f0dbe16c42ff[1m}[0m[2m:[0m [2mbraze_engine::hooks[0m[2m:[0m prompt budget breakdown (PromptBudgetAuditHook) [3msystem_tokens_est[0m[2m=[0m270 [3mtools_tokens_est[0m[2m=[0m942 [3mhistory_tokens_est[0m[2m=[0m53 [3mtotal_tokens_est[0m[2m=[0m1265 [3mmessage_count[0m[2m=[0m3
-> ollama:qwen2.5:3b :: noisy_multi_step (rep 2/5)
[2m2026-07-12T07:53:54.735878Z[0m [32m INFO[0m [1mturn[0m[1m{[0m[3msession[0m[2m=[0m877521e6-fddc-4097-be75-5e4a31ae0cf4[1m}[0m[2m:[0m [2mbraze_engine::hooks[0m[2m:[0m prompt budget breakdown (PromptBudgetAuditHook) [3msystem_tokens_est[0m[2m=[0m270 [3mtools_tokens_est[0m[2m=[0m942 [3mhistory_tokens_est[0m[2m=[0m27 [3mtotal_tokens_est[0m[2m=[0m1239 [3mmessage_count[0m[2m=[0m1
[2m2026-07-12T07:53:57.303631Z[0m [32m INFO[0m [1mturn[0m[1m{[0m[3msession[0m[2m=[0m877521e6-fddc-4097-be75-5e4a31ae0cf4[1m}[0m[2m:[0m [2mbraze_engine::hooks[0m[2m:[0m prompt budget breakdown (PromptBudgetAuditHook) [3msystem_tokens_est[0m[2m=[0m270 [3mtools_tokens_est[0m[2m=[0m942 [3mhistory_tokens_est[0m[2m=[0m82 [3mtotal_tokens_est[0m[2m=[0m1294 [3mmessage_count[0m[2m=[0m3
[2m2026-07-12T07:54:00.534931Z[0m [32m INFO[0m [1mturn[0m[1m{[0m[3msession[0m[2m=[0m877521e6-fddc-4097-be75-5e4a31ae0cf4[1m}[0m[2m:[0m [2mbraze_engine::hooks[0m[2m:[0m prompt budget breakdown (PromptBudgetAuditHook) [3msystem_tokens_est[0m[2m=[0m270 [3mtools_tokens_est[0m[2m=[0m942 [3mhistory_tokens_est[0m[2m=[0m240 [3mtotal_tokens_est[0m[2m=[0m1452 [3mmessage_count[0m[2m=[0m6
-> ollama:qwen2.5:3b :: noisy_multi_step (rep 3/5)
[2m2026-07-12T07:54:02.602994Z[0m [32m INFO[0m [1mturn[0m[1m{[0m[3msession[0m[2m=[0md456dfd3-3812-40aa-8f0e-46bb817f6712[1m}[0m[2m:[0m [2mbraze_engine::hooks[0m[2m:[0m prompt budget breakdown (PromptBudgetAuditHook) [3msystem_tokens_est[0m[2m=[0m270 [3mtools_tokens_est[0m[2m=[0m942 [3mhistory_tokens_est[0m[2m=[0m27 [3mtotal_tokens_est[0m[2m=[0m1239 [3mmessage_count[0m[2m=[0m1
[2m2026-07-12T07:54:05.430390Z[0m [32m INFO[0m [1mturn[0m[1m{[0m[3msession[0m[2m=[0md456dfd3-3812-40aa-8f0e-46bb817f6712[1m}[0m[2m:[0m [2mbraze_engine::hooks[0m[2m:[0m prompt budget breakdown (PromptBudgetAuditHook) [3msystem_tokens_est[0m[2m=[0m270 [3mtools_tokens_est[0m[2m=[0m942 [3mhistory_tokens_est[0m[2m=[0m120 [3mtotal_tokens_est[0m[2m=[0m1332 [3mmessage_count[0m[2m=[0m4
[2m2026-07-12T07:54:08.110440Z[0m [33m WARN[0m [1mturn[0m[1m{[0m[3msession[0m[2m=[0md456dfd3-3812-40aa-8f0e-46bb817f6712[1m}[0m[2m:[0m [2mbraze_engine::engine[0m[2m:[0m model repeated an identical tool call this turn; nudging instead of re-dispatching [3mtool[0m[2m=[0mread_file
[2m2026-07-12T07:54:08.112702Z[0m [32m INFO[0m [1mturn[0m[1m{[0m[3msession[0m[2m=[0md456dfd3-3812-40aa-8f0e-46bb817f6712[1m}[0m[2m:[0m [2mbraze_engine::hooks[0m[2m:[0m prompt budget breakdown (PromptBudgetAuditHook) [3msystem_tokens_est[0m[2m=[0m270 [3mtools_tokens_est[0m[2m=[0m942 [3mhistory_tokens_est[0m[2m=[0m185 [3mtotal_tokens_est[0m[2m=[0m1397 [3mmessage_count[0m[2m=[0m6
[2m2026-07-12T07:54:09.483733Z[0m [32m INFO[0m [1mturn[0m[1m{[0m[3msession[0m[2m=[0md456dfd3-3812-40aa-8f0e-46bb817f6712[1m}[0m[2m:[0m [2mbraze_engine::hooks[0m[2m:[0m prompt budget breakdown (PromptBudgetAuditHook) [3msystem_tokens_est[0m[2m=[0m270 [3mtools_tokens_est[0m[2m=[0m942 [3mhistory_tokens_est[0m[2m=[0m231 [3mtotal_tokens_est[0m[2m=[0m1443 [3mmessage_count[0m[2m=[0m9
[2m2026-07-12T07:54:10.084154Z[0m [33m WARN[0m [1mturn[0m[1m{[0m[3msession[0m[2m=[0md456dfd3-3812-40aa-8f0e-46bb817f6712[1m}[0m[2m:[0m [2mbraze_engine::engine[0m[2m:[0m model repeated an identical tool call this turn; nudging instead of re-dispatching [3mtool[0m[2m=[0mread_file
[2m2026-07-12T07:54:10.087229Z[0m [32m INFO[0m [1mturn[0m[1m{[0m[3msession[0m[2m=[0md456dfd3-3812-40aa-8f0e-46bb817f6712[1m}[0m[2m:[0m [2mbraze_engine::hooks[0m[2m:[0m prompt budget breakdown (PromptBudgetAuditHook) [3msystem_tokens_est[0m[2m=[0m270 [3mtools_tokens_est[0m[2m=[0m942 [3mhistory_tokens_est[0m[2m=[0m296 [3mtotal_tokens_est[0m[2m=[0m1508 [3mmessage_count[0m[2m=[0m11
[2m2026-07-12T07:54:13.104186Z[0m [32m INFO[0m [1mturn[0m[1m{[0m[3msession[0m[2m=[0md456dfd3-3812-40aa-8f0e-46bb817f6712[1m}[0m[2m:[0m [2mbraze_engine::hooks[0m[2m:[0m prompt budget breakdown (PromptBudgetAuditHook) [3msystem_tokens_est[0m[2m=[0m270 [3mtools_tokens_est[0m[2m=[0m942 [3mhistory_tokens_est[0m[2m=[0m442 [3mtotal_tokens_est[0m[2m=[0m1654 [3mmessage_count[0m[2m=[0m14
-> ollama:qwen2.5:3b :: noisy_multi_step (rep 4/5)
[2m2026-07-12T07:54:14.515189Z[0m [32m INFO[0m [1mturn[0m[1m{[0m[3msession[0m[2m=[0me9e4a33c-a077-403f-b1a1-5771e4b1523d[1m}[0m[2m:[0m [2mbraze_engine::hooks[0m[2m:[0m prompt budget breakdown (PromptBudgetAuditHook) [3msystem_tokens_est[0m[2m=[0m270 [3mtools_tokens_est[0m[2m=[0m942 [3mhistory_tokens_est[0m[2m=[0m27 [3mtotal_tokens_est[0m[2m=[0m1239 [3mmessage_count[0m[2m=[0m1
[2m2026-07-12T07:54:16.508597Z[0m [32m INFO[0m [1mturn[0m[1m{[0m[3msession[0m[2m=[0me9e4a33c-a077-403f-b1a1-5771e4b1523d[1m}[0m[2m:[0m [2mbraze_engine::hooks[0m[2m:[0m prompt budget breakdown (PromptBudgetAuditHook) [3msystem_tokens_est[0m[2m=[0m270 [3mtools_tokens_est[0m[2m=[0m942 [3mhistory_tokens_est[0m[2m=[0m80 [3mtotal_tokens_est[0m[2m=[0m1292 [3mmessage_count[0m[2m=[0m4
-> ollama:qwen2.5:3b :: noisy_multi_step (rep 5/5)
[2m2026-07-12T07:54:18.310600Z[0m [32m INFO[0m [1mturn[0m[1m{[0m[3msession[0m[2m=[0md2f8b16d-7832-4a50-bb1a-4edb747b4685[1m}[0m[2m:[0m [2mbraze_engine::hooks[0m[2m:[0m prompt budget breakdown (PromptBudgetAuditHook) [3msystem_tokens_est[0m[2m=[0m270 [3mtools_tokens_est[0m[2m=[0m942 [3mhistory_tokens_est[0m[2m=[0m27 [3mtotal_tokens_est[0m[2m=[0m1239 [3mmessage_count[0m[2m=[0m1
[2m2026-07-12T07:54:21.046232Z[0m [32m INFO[0m [1mturn[0m[1m{[0m[3msession[0m[2m=[0md2f8b16d-7832-4a50-bb1a-4edb747b4685[1m}[0m[2m:[0m [2mbraze_engine::hooks[0m[2m:[0m prompt budget breakdown (PromptBudgetAuditHook) [3msystem_tokens_est[0m[2m=[0m270 [3mtools_tokens_est[0m[2m=[0m942 [3mhistory_tokens_est[0m[2m=[0m113 [3mtotal_tokens_est[0m[2m=[0m1325 [3mmessage_count[0m[2m=[0m4
[2m2026-07-12T07:54:23.081585Z[0m [33m WARN[0m [1mturn[0m[1m{[0m[3msession[0m[2m=[0md2f8b16d-7832-4a50-bb1a-4edb747b4685[1m}[0m[2m:[0m [2mbraze_engine::engine[0m[2m:[0m model repeated an identical tool call this turn; nudging instead of re-dispatching [3mtool[0m[2m=[0mread_file
[2m2026-07-12T07:54:23.093969Z[0m [33m WARN[0m [1mturn[0m[1m{[0m[3msession[0m[2m=[0md2f8b16d-7832-4a50-bb1a-4edb747b4685[1m}[0m[2m:[0m [2mbraze_engine::engine[0m[2m:[0m tool call arguments failed schema validation before dispatch [3mtool[0m[2m=[0mgrep [3mattempt[0m[2m=[0m1 [3merror[0m[2m=[0mAdditional properties are not allowed ('new_string' was unexpected)
[2m2026-07-12T07:54:23.107042Z[0m [32m INFO[0m [1mturn[0m[1m{[0m[3msession[0m[2m=[0md2f8b16d-7832-4a50-bb1a-4edb747b4685[1m}[0m[2m:[0m [2mbraze_engine::hooks[0m[2m:[0m prompt budget breakdown (PromptBudgetAuditHook) [3msystem_tokens_est[0m[2m=[0m270 [3mtools_tokens_est[0m[2m=[0m942 [3mhistory_tokens_est[0m[2m=[0m365 [3mtotal_tokens_est[0m[2m=[0m1577 [3mmessage_count[0m[2m=[0m8
-> ollama:qwen2.5:3b :: noisy_distractor (rep 1/5)
[2m2026-07-12T07:54:25.774718Z[0m [32m INFO[0m [1mturn[0m[1m{[0m[3msession[0m[2m=[0m61b7aa6f-66b4-41a8-a3ef-60c797bb2cbb[1m}[0m[2m:[0m [2mbraze_engine::hooks[0m[2m:[0m prompt budget breakdown (PromptBudgetAuditHook) [3msystem_tokens_est[0m[2m=[0m270 [3mtools_tokens_est[0m[2m=[0m942 [3mhistory_tokens_est[0m[2m=[0m27 [3mtotal_tokens_est[0m[2m=[0m1239 [3mmessage_count[0m[2m=[0m1
[2m2026-07-12T07:54:26.948105Z[0m [32m INFO[0m [1mturn[0m[1m{[0m[3msession[0m[2m=[0m61b7aa6f-66b4-41a8-a3ef-60c797bb2cbb[1m}[0m[2m:[0m [2mbraze_engine::hooks[0m[2m:[0m prompt budget breakdown (PromptBudgetAuditHook) [3msystem_tokens_est[0m[2m=[0m270 [3mtools_tokens_est[0m[2m=[0m942 [3mhistory_tokens_est[0m[2m=[0m41 [3mtotal_tokens_est[0m[2m=[0m1253 [3mmessage_count[0m[2m=[0m3
-> ollama:qwen2.5:3b :: noisy_distractor (rep 2/5)
[2m2026-07-12T07:54:27.441086Z[0m [32m INFO[0m [1mturn[0m[1m{[0m[3msession[0m[2m=[0mf35cc53e-0083-44ab-a61e-11a13cd50981[1m}[0m[2m:[0m [2mbraze_engine::hooks[0m[2m:[0m prompt budget breakdown (PromptBudgetAuditHook) [3msystem_tokens_est[0m[2m=[0m270 [3mtools_tokens_est[0m[2m=[0m942 [3mhistory_tokens_est[0m[2m=[0m27 [3mtotal_tokens_est[0m[2m=[0m1239 [3mmessage_count[0m[2m=[0m1
[2m2026-07-12T07:54:28.595435Z[0m [32m INFO[0m [1mturn[0m[1m{[0m[3msession[0m[2m=[0mf35cc53e-0083-44ab-a61e-11a13cd50981[1m}[0m[2m:[0m [2mbraze_engine::hooks[0m[2m:[0m prompt budget breakdown (PromptBudgetAuditHook) [3msystem_tokens_est[0m[2m=[0m270 [3mtools_tokens_est[0m[2m=[0m942 [3mhistory_tokens_est[0m[2m=[0m41 [3mtotal_tokens_est[0m[2m=[0m1253 [3mmessage_count[0m[2m=[0m3
-> ollama:qwen2.5:3b :: noisy_distractor (rep 3/5)
[2m2026-07-12T07:54:29.058257Z[0m [32m INFO[0m [1mturn[0m[1m{[0m[3msession[0m[2m=[0m97295a1e-a6dc-4b1c-92ba-25484a27c8df[1m}[0m[2m:[0m [2mbraze_engine::hooks[0m[2m:[0m prompt budget breakdown (PromptBudgetAuditHook) [3msystem_tokens_est[0m[2m=[0m270 [3mtools_tokens_est[0m[2m=[0m942 [3mhistory_tokens_est[0m[2m=[0m27 [3mtotal_tokens_est[0m[2m=[0m1239 [3mmessage_count[0m[2m=[0m1
[2m2026-07-12T07:54:30.172594Z[0m [32m INFO[0m [1mturn[0m[1m{[0m[3msession[0m[2m=[0m97295a1e-a6dc-4b1c-92ba-25484a27c8df[1m}[0m[2m:[0m [2mbraze_engine::hooks[0m[2m:[0m prompt budget breakdown (PromptBudgetAuditHook) [3msystem_tokens_est[0m[2m=[0m270 [3mtools_tokens_est[0m[2m=[0m942 [3mhistory_tokens_est[0m[2m=[0m41 [3mtotal_tokens_est[0m[2m=[0m1253 [3mmessage_count[0m[2m=[0m3
-> ollama:qwen2.5:3b :: noisy_distractor (rep 4/5)
[2m2026-07-12T07:54:30.627285Z[0m [32m INFO[0m [1mturn[0m[1m{[0m[3msession[0m[2m=[0m4b716526-1ca8-4fad-8ea1-deb46b7a4904[1m}[0m[2m:[0m [2mbraze_engine::hooks[0m[2m:[0m prompt budget breakdown (PromptBudgetAuditHook) [3msystem_tokens_est[0m[2m=[0m270 [3mtools_tokens_est[0m[2m=[0m942 [3mhistory_tokens_est[0m[2m=[0m27 [3mtotal_tokens_est[0m[2m=[0m1239 [3mmessage_count[0m[2m=[0m1
[2m2026-07-12T07:54:31.748762Z[0m [32m INFO[0m [1mturn[0m[1m{[0m[3msession[0m[2m=[0m4b716526-1ca8-4fad-8ea1-deb46b7a4904[1m}[0m[2m:[0m [2mbraze_engine::hooks[0m[2m:[0m prompt budget breakdown (PromptBudgetAuditHook) [3msystem_tokens_est[0m[2m=[0m270 [3mtools_tokens_est[0m[2m=[0m942 [3mhistory_tokens_est[0m[2m=[0m41 [3mtotal_tokens_est[0m[2m=[0m1253 [3mmessage_count[0m[2m=[0m3
-> ollama:qwen2.5:3b :: noisy_distractor (rep 5/5)
[2m2026-07-12T07:54:32.219623Z[0m [32m INFO[0m [1mturn[0m[1m{[0m[3msession[0m[2m=[0me2574777-befe-431a-9985-4478434a6ed7[1m}[0m[2m:[0m [2mbraze_engine::hooks[0m[2m:[0m prompt budget breakdown (PromptBudgetAuditHook) [3msystem_tokens_est[0m[2m=[0m270 [3mtools_tokens_est[0m[2m=[0m942 [3mhistory_tokens_est[0m[2m=[0m27 [3mtotal_tokens_est[0m[2m=[0m1239 [3mmessage_count[0m[2m=[0m1
[2m2026-07-12T07:54:33.338991Z[0m [32m INFO[0m [1mturn[0m[1m{[0m[3msession[0m[2m=[0me2574777-befe-431a-9985-4478434a6ed7[1m}[0m[2m:[0m [2mbraze_engine::hooks[0m[2m:[0m prompt budget breakdown (PromptBudgetAuditHook) [3msystem_tokens_est[0m[2m=[0m270 [3mtools_tokens_est[0m[2m=[0m942 [3mhistory_tokens_est[0m[2m=[0m41 [3mtotal_tokens_est[0m[2m=[0m1253 [3mmessage_count[0m[2m=[0m3
-> ollama:qwen2.5:3b+ablate:tool-search-threshold=1000000 :: noisy_read_file (rep 1/5)
[2m2026-07-12T07:54:37.127737Z[0m [32m INFO[0m [1mturn[0m[1m{[0m[3msession[0m[2m=[0mdbde5bb3-4356-43e5-a212-750b18c9506f[1m}[0m[2m:[0m [2mbraze_engine::hooks[0m[2m:[0m prompt budget breakdown (PromptBudgetAuditHook) [3msystem_tokens_est[0m[2m=[0m269 [3mtools_tokens_est[0m[2m=[0m3674 [3mhistory_tokens_est[0m[2m=[0m19 [3mtotal_tokens_est[0m[2m=[0m3963 [3mmessage_count[0m[2m=[0m1
[2m2026-07-12T07:54:44.405388Z[0m [32m INFO[0m [1mturn[0m[1m{[0m[3msession[0m[2m=[0mdbde5bb3-4356-43e5-a212-750b18c9506f[1m}[0m[2m:[0m [2mbraze_engine::hooks[0m[2m:[0m prompt budget breakdown (PromptBudgetAuditHook) [3msystem_tokens_est[0m[2m=[0m269 [3mtools_tokens_est[0m[2m=[0m3674 [3mhistory_tokens_est[0m[2m=[0m34 [3mtotal_tokens_est[0m[2m=[0m3978 [3mmessage_count[0m[2m=[0m3
-> ollama:qwen2.5:3b+ablate:tool-search-threshold=1000000 :: noisy_read_file (rep 2/5)
[2m2026-07-12T07:54:45.013255Z[0m [32m INFO[0m [1mturn[0m[1m{[0m[3msession[0m[2m=[0m6b71ad00-7b45-45ba-8e92-5ec00d7ef849[1m}[0m[2m:[0m [2mbraze_engine::hooks[0m[2m:[0m prompt budget breakdown (PromptBudgetAuditHook) [3msystem_tokens_est[0m[2m=[0m269 [3mtools_tokens_est[0m[2m=[0m3674 [3mhistory_tokens_est[0m[2m=[0m19 [3mtotal_tokens_est[0m[2m=[0m3963 [3mmessage_count[0m[2m=[0m1
[2m2026-07-12T07:54:49.401325Z[0m [32m INFO[0m [1mturn[0m[1m{[0m[3msession[0m[2m=[0m6b71ad00-7b45-45ba-8e92-5ec00d7ef849[1m}[0m[2m:[0m [2mbraze_engine::hooks[0m[2m:[0m prompt budget breakdown (PromptBudgetAuditHook) [3msystem_tokens_est[0m[2m=[0m269 [3mtools_tokens_est[0m[2m=[0m3674 [3mhistory_tokens_est[0m[2m=[0m34 [3mtotal_tokens_est[0m[2m=[0m3978 [3mmessage_count[0m[2m=[0m3
-> ollama:qwen2.5:3b+ablate:tool-search-threshold=1000000 :: noisy_read_file (rep 3/5)
[2m2026-07-12T07:54:49.954511Z[0m [32m INFO[0m [1mturn[0m[1m{[0m[3msession[0m[2m=[0m2444c044-f780-4999-bf71-2fefebd8fdfa[1m}[0m[2m:[0m [2mbraze_engine::hooks[0m[2m:[0m prompt budget breakdown (PromptBudgetAuditHook) [3msystem_tokens_est[0m[2m=[0m269 [3mtools_tokens_est[0m[2m=[0m3674 [3mhistory_tokens_est[0m[2m=[0m19 [3mtotal_tokens_est[0m[2m=[0m3963 [3mmessage_count[0m[2m=[0m1
[2m2026-07-12T07:54:54.315497Z[0m [32m INFO[0m [1mturn[0m[1m{[0m[3msession[0m[2m=[0m2444c044-f780-4999-bf71-2fefebd8fdfa[1m}[0m[2m:[0m [2mbraze_engine::hooks[0m[2m:[0m prompt budget breakdown (PromptBudgetAuditHook) [3msystem_tokens_est[0m[2m=[0m269 [3mtools_tokens_est[0m[2m=[0m3674 [3mhistory_tokens_est[0m[2m=[0m34 [3mtotal_tokens_est[0m[2m=[0m3978 [3mmessage_count[0m[2m=[0m3
-> ollama:qwen2.5:3b+ablate:tool-search-threshold=1000000 :: noisy_read_file (rep 4/5)
[2m2026-07-12T07:54:54.864805Z[0m [32m INFO[0m [1mturn[0m[1m{[0m[3msession[0m[2m=[0m1966e711-fb03-47ef-b425-9c1fa30d9498[1m}[0m[2m:[0m [2mbraze_engine::hooks[0m[2m:[0m prompt budget breakdown (PromptBudgetAuditHook) [3msystem_tokens_est[0m[2m=[0m269 [3mtools_tokens_est[0m[2m=[0m3674 [3mhistory_tokens_est[0m[2m=[0m19 [3mtotal_tokens_est[0m[2m=[0m3963 [3mmessage_count[0m[2m=[0m1
[2m2026-07-12T07:54:59.276690Z[0m [32m INFO[0m [1mturn[0m[1m{[0m[3msession[0m[2m=[0m1966e711-fb03-47ef-b425-9c1fa30d9498[1m}[0m[2m:[0m [2mbraze_engine::hooks[0m[2m:[0m prompt budget breakdown (PromptBudgetAuditHook) [3msystem_tokens_est[0m[2m=[0m269 [3mtools_tokens_est[0m[2m=[0m3674 [3mhistory_tokens_est[0m[2m=[0m34 [3mtotal_tokens_est[0m[2m=[0m3978 [3mmessage_count[0m[2m=[0m3
-> ollama:qwen2.5:3b+ablate:tool-search-threshold=1000000 :: noisy_read_file (rep 5/5)
[2m2026-07-12T07:54:59.889459Z[0m [32m INFO[0m [1mturn[0m[1m{[0m[3msession[0m[2m=[0m692edeb5-0ef0-43bc-8107-4ddc75d9393a[1m}[0m[2m:[0m [2mbraze_engine::hooks[0m[2m:[0m prompt budget breakdown (PromptBudgetAuditHook) [3msystem_tokens_est[0m[2m=[0m269 [3mtools_tokens_est[0m[2m=[0m3674 [3mhistory_tokens_est[0m[2m=[0m19 [3mtotal_tokens_est[0m[2m=[0m3963 [3mmessage_count[0m[2m=[0m1
[2m2026-07-12T07:55:04.278020Z[0m [32m INFO[0m [1mturn[0m[1m{[0m[3msession[0m[2m=[0m692edeb5-0ef0-43bc-8107-4ddc75d9393a[1m}[0m[2m:[0m [2mbraze_engine::hooks[0m[2m:[0m prompt budget breakdown (PromptBudgetAuditHook) [3msystem_tokens_est[0m[2m=[0m269 [3mtools_tokens_est[0m[2m=[0m3674 [3mhistory_tokens_est[0m[2m=[0m34 [3mtotal_tokens_est[0m[2m=[0m3978 [3mmessage_count[0m[2m=[0m3
-> ollama:qwen2.5:3b+ablate:tool-search-threshold=1000000 :: noisy_grep (rep 1/5)
[2m2026-07-12T07:55:04.888971Z[0m [32m INFO[0m [1mturn[0m[1m{[0m[3msession[0m[2m=[0m7e616aca-39f3-49d0-a4cf-18586b95b403[1m}[0m[2m:[0m [2mbraze_engine::hooks[0m[2m:[0m prompt budget breakdown (PromptBudgetAuditHook) [3msystem_tokens_est[0m[2m=[0m268 [3mtools_tokens_est[0m[2m=[0m3674 [3mhistory_tokens_est[0m[2m=[0m19 [3mtotal_tokens_est[0m[2m=[0m3962 [3mmessage_count[0m[2m=[0m1
[2m2026-07-12T07:55:09.424254Z[0m [32m INFO[0m [1mturn[0m[1m{[0m[3msession[0m[2m=[0m7e616aca-39f3-49d0-a4cf-18586b95b403[1m}[0m[2m:[0m [2mbraze_engine::hooks[0m[2m:[0m prompt budget breakdown (PromptBudgetAuditHook) [3msystem_tokens_est[0m[2m=[0m268 [3mtools_tokens_est[0m[2m=[0m3674 [3mhistory_tokens_est[0m[2m=[0m36 [3mtotal_tokens_est[0m[2m=[0m3979 [3mmessage_count[0m[2m=[0m3
-> ollama:qwen2.5:3b+ablate:tool-search-threshold=1000000 :: noisy_grep (rep 2/5)
[2m2026-07-12T07:55:10.272574Z[0m [32m INFO[0m [1mturn[0m[1m{[0m[3msession[0m[2m=[0mb04e4878-552a-4d6b-b562-46061076a8c3[1m}[0m[2m:[0m [2mbraze_engine::hooks[0m[2m:[0m prompt budget breakdown (PromptBudgetAuditHook) [3msystem_tokens_est[0m[2m=[0m268 [3mtools_tokens_est[0m[2m=[0m3674 [3mhistory_tokens_est[0m[2m=[0m19 [3mtotal_tokens_est[0m[2m=[0m3962 [3mmessage_count[0m[2m=[0m1
[2m2026-07-12T07:55:14.740989Z[0m [32m INFO[0m [1mturn[0m[1m{[0m[3msession[0m[2m=[0mb04e4878-552a-4d6b-b562-46061076a8c3[1m}[0m[2m:[0m [2mbraze_engine::hooks[0m[2m:[0m prompt budget breakdown (PromptBudgetAuditHook) [3msystem_tokens_est[0m[2m=[0m268 [3mtools_tokens_est[0m[2m=[0m3674 [3mhistory_tokens_est[0m[2m=[0m36 [3mtotal_tokens_est[0m[2m=[0m3979 [3mmessage_count[0m[2m=[0m3
-> ollama:qwen2.5:3b+ablate:tool-search-threshold=1000000 :: noisy_grep (rep 3/5)
[2m2026-07-12T07:55:15.552462Z[0m [32m INFO[0m [1mturn[0m[1m{[0m[3msession[0m[2m=[0mf1019ee8-bc6d-4446-b57e-ca2d7d1d7338[1m}[0m[2m:[0m [2mbraze_engine::hooks[0m[2m:[0m prompt budget breakdown (PromptBudgetAuditHook) [3msystem_tokens_est[0m[2m=[0m268 [3mtools_tokens_est[0m[2m=[0m3674 [3mhistory_tokens_est[0m[2m=[0m19 [3mtotal_tokens_est[0m[2m=[0m3962 [3mmessage_count[0m[2m=[0m1
[2m2026-07-12T07:55:20.040664Z[0m [32m INFO[0m [1mturn[0m[1m{[0m[3msession[0m[2m=[0mf1019ee8-bc6d-4446-b57e-ca2d7d1d7338[1m}[0m[2m:[0m [2mbraze_engine::hooks[0m[2m:[0m prompt budget breakdown (PromptBudgetAuditHook) [3msystem_tokens_est[0m[2m=[0m268 [3mtools_tokens_est[0m[2m=[0m3674 [3mhistory_tokens_est[0m[2m=[0m36 [3mtotal_tokens_est[0m[2m=[0m3979 [3mmessage_count[0m[2m=[0m3
-> ollama:qwen2.5:3b+ablate:tool-search-threshold=1000000 :: noisy_grep (rep 4/5)
[2m2026-07-12T07:55:20.891527Z[0m [32m INFO[0m [1mturn[0m[1m{[0m[3msession[0m[2m=[0m1c175bd7-0ca1-4261-aa93-ecdd20c383f4[1m}[0m[2m:[0m [2mbraze_engine::hooks[0m[2m:[0m prompt budget breakdown (PromptBudgetAuditHook) [3msystem_tokens_est[0m[2m=[0m268 [3mtools_tokens_est[0m[2m=[0m3674 [3mhistory_tokens_est[0m[2m=[0m19 [3mtotal_tokens_est[0m[2m=[0m3962 [3mmessage_count[0m[2m=[0m1
[2m2026-07-12T07:55:25.379018Z[0m [32m INFO[0m [1mturn[0m[1m{[0m[3msession[0m[2m=[0m1c175bd7-0ca1-4261-aa93-ecdd20c383f4[1m}[0m[2m:[0m [2mbraze_engine::hooks[0m[2m:[0m prompt budget breakdown (PromptBudgetAuditHook) [3msystem_tokens_est[0m[2m=[0m268 [3mtools_tokens_est[0m[2m=[0m3674 [3mhistory_tokens_est[0m[2m=[0m36 [3mtotal_tokens_est[0m[2m=[0m3979 [3mmessage_count[0m[2m=[0m3
-> ollama:qwen2.5:3b+ablate:tool-search-threshold=1000000 :: noisy_grep (rep 5/5)
[2m2026-07-12T07:55:26.193885Z[0m [32m INFO[0m [1mturn[0m[1m{[0m[3msession[0m[2m=[0m0ee14c49-0070-4108-a4d3-99caa26e3e67[1m}[0m[2m:[0m [2mbraze_engine::hooks[0m[2m:[0m prompt budget breakdown (PromptBudgetAuditHook) [3msystem_tokens_est[0m[2m=[0m268 [3mtools_tokens_est[0m[2m=[0m3674 [3mhistory_tokens_est[0m[2m=[0m19 [3mtotal_tokens_est[0m[2m=[0m3962 [3mmessage_count[0m[2m=[0m1
[2m2026-07-12T07:55:30.699887Z[0m [32m INFO[0m [1mturn[0m[1m{[0m[3msession[0m[2m=[0m0ee14c49-0070-4108-a4d3-99caa26e3e67[1m}[0m[2m:[0m [2mbraze_engine::hooks[0m[2m:[0m prompt budget breakdown (PromptBudgetAuditHook) [3msystem_tokens_est[0m[2m=[0m268 [3mtools_tokens_est[0m[2m=[0m3674 [3mhistory_tokens_est[0m[2m=[0m36 [3mtotal_tokens_est[0m[2m=[0m3979 [3mmessage_count[0m[2m=[0m3
-> ollama:qwen2.5:3b+ablate:tool-search-threshold=1000000 :: noisy_write_file (rep 1/5)
[2m2026-07-12T07:55:31.570219Z[0m [32m INFO[0m [1mturn[0m[1m{[0m[3msession[0m[2m=[0mded03f0a-63e7-43dc-9493-dccbd822e09c[1m}[0m[2m:[0m [2mbraze_engine::hooks[0m[2m:[0m prompt budget breakdown (PromptBudgetAuditHook) [3msystem_tokens_est[0m[2m=[0m270 [3mtools_tokens_est[0m[2m=[0m3674 [3mhistory_tokens_est[0m[2m=[0m19 [3mtotal_tokens_est[0m[2m=[0m3963 [3mmessage_count[0m[2m=[0m1
[2m2026-07-12T07:55:36.129251Z[0m [32m INFO[0m [1mturn[0m[1m{[0m[3msession[0m[2m=[0mded03f0a-63e7-43dc-9493-dccbd822e09c[1m}[0m[2m:[0m [2mbraze_engine::hooks[0m[2m:[0m prompt budget breakdown (PromptBudgetAuditHook) [3msystem_tokens_est[0m[2m=[0m270 [3mtools_tokens_est[0m[2m=[0m3674 [3mhistory_tokens_est[0m[2m=[0m51 [3mtotal_tokens_est[0m[2m=[0m3996 [3mmessage_count[0m[2m=[0m3
-> ollama:qwen2.5:3b+ablate:tool-search-threshold=1000000 :: noisy_write_file (rep 2/5)
[2m2026-07-12T07:55:36.889629Z[0m [32m INFO[0m [1mturn[0m[1m{[0m[3msession[0m[2m=[0m6e20d8e8-94ed-46aa-a250-3fd3e92067ef[1m}[0m[2m:[0m [2mbraze_engine::hooks[0m[2m:[0m prompt budget breakdown (PromptBudgetAuditHook) [3msystem_tokens_est[0m[2m=[0m270 [3mtools_tokens_est[0m[2m=[0m3674 [3mhistory_tokens_est[0m[2m=[0m19 [3mtotal_tokens_est[0m[2m=[0m3963 [3mmessage_count[0m[2m=[0m1
[2m2026-07-12T07:55:41.446298Z[0m [32m INFO[0m [1mturn[0m[1m{[0m[3msession[0m[2m=[0m6e20d8e8-94ed-46aa-a250-3fd3e92067ef[1m}[0m[2m:[0m [2mbraze_engine::hooks[0m[2m:[0m prompt budget breakdown (PromptBudgetAuditHook) [3msystem_tokens_est[0m[2m=[0m270 [3mtools_tokens_est[0m[2m=[0m3674 [3mhistory_tokens_est[0m[2m=[0m51 [3mtotal_tokens_est[0m[2m=[0m3996 [3mmessage_count[0m[2m=[0m3
-> ollama:qwen2.5:3b+ablate:tool-search-threshold=1000000 :: noisy_write_file (rep 3/5)
[2m2026-07-12T07:55:42.165829Z[0m [32m INFO[0m [1mturn[0m[1m{[0m[3msession[0m[2m=[0m713c023e-cad3-4e0b-b4c4-c1e7562fd51c[1m}[0m[2m:[0m [2mbraze_engine::hooks[0m[2m:[0m prompt budget breakdown (PromptBudgetAuditHook) [3msystem_tokens_est[0m[2m=[0m270 [3mtools_tokens_est[0m[2m=[0m3674 [3mhistory_tokens_est[0m[2m=[0m19 [3mtotal_tokens_est[0m[2m=[0m3963 [3mmessage_count[0m[2m=[0m1
[2m2026-07-12T07:55:46.719221Z[0m [32m INFO[0m [1mturn[0m[1m{[0m[3msession[0m[2m=[0m713c023e-cad3-4e0b-b4c4-c1e7562fd51c[1m}[0m[2m:[0m [2mbraze_engine::hooks[0m[2m:[0m prompt budget breakdown (PromptBudgetAuditHook) [3msystem_tokens_est[0m[2m=[0m270 [3mtools_tokens_est[0m[2m=[0m3674 [3mhistory_tokens_est[0m[2m=[0m51 [3mtotal_tokens_est[0m[2m=[0m3996 [3mmessage_count[0m[2m=[0m3
-> ollama:qwen2.5:3b+ablate:tool-search-threshold=1000000 :: noisy_write_file (rep 4/5)
[2m2026-07-12T07:55:47.434650Z[0m [32m INFO[0m [1mturn[0m[1m{[0m[3msession[0m[2m=[0m6430356d-a177-468a-86a7-83bc07a5c53e[1m}[0m[2m:[0m [2mbraze_engine::hooks[0m[2m:[0m prompt budget breakdown (PromptBudgetAuditHook) [3msystem_tokens_est[0m[2m=[0m270 [3mtools_tokens_est[0m[2m=[0m3674 [3mhistory_tokens_est[0m[2m=[0m19 [3mtotal_tokens_est[0m[2m=[0m3963 [3mmessage_count[0m[2m=[0m1
[2m2026-07-12T07:55:51.964029Z[0m [32m INFO[0m [1mturn[0m[1m{[0m[3msession[0m[2m=[0m6430356d-a177-468a-86a7-83bc07a5c53e[1m}[0m[2m:[0m [2mbraze_engine::hooks[0m[2m:[0m prompt budget breakdown (PromptBudgetAuditHook) [3msystem_tokens_est[0m[2m=[0m270 [3mtools_tokens_est[0m[2m=[0m3674 [3mhistory_tokens_est[0m[2m=[0m51 [3mtotal_tokens_est[0m[2m=[0m3996 [3mmessage_count[0m[2m=[0m3
-> ollama:qwen2.5:3b+ablate:tool-search-threshold=1000000 :: noisy_write_file (rep 5/5)
[2m2026-07-12T07:55:52.698677Z[0m [32m INFO[0m [1mturn[0m[1m{[0m[3msession[0m[2m=[0m40fa7de9-ff3e-4f57-930e-a043f5d0ff11[1m}[0m[2m:[0m [2mbraze_engine::hooks[0m[2m:[0m prompt budget breakdown (PromptBudgetAuditHook) [3msystem_tokens_est[0m[2m=[0m270 [3mtools_tokens_est[0m[2m=[0m3674 [3mhistory_tokens_est[0m[2m=[0m19 [3mtotal_tokens_est[0m[2m=[0m3963 [3mmessage_count[0m[2m=[0m1
[2m2026-07-12T07:55:57.235790Z[0m [32m INFO[0m [1mturn[0m[1m{[0m[3msession[0m[2m=[0m40fa7de9-ff3e-4f57-930e-a043f5d0ff11[1m}[0m[2m:[0m [2mbraze_engine::hooks[0m[2m:[0m prompt budget breakdown (PromptBudgetAuditHook) [3msystem_tokens_est[0m[2m=[0m270 [3mtools_tokens_est[0m[2m=[0m3674 [3mhistory_tokens_est[0m[2m=[0m51 [3mtotal_tokens_est[0m[2m=[0m3996 [3mmessage_count[0m[2m=[0m3
-> ollama:qwen2.5:3b+ablate:tool-search-threshold=1000000 :: noisy_no_tool (rep 1/5)
[2m2026-07-12T07:55:57.945797Z[0m [32m INFO[0m [1mturn[0m[1m{[0m[3msession[0m[2m=[0m7765eccf-5103-4d1f-b1d1-72c86b4bc33b[1m}[0m[2m:[0m [2mbraze_engine::hooks[0m[2m:[0m prompt budget breakdown (PromptBudgetAuditHook) [3msystem_tokens_est[0m[2m=[0m269 [3mtools_tokens_est[0m[2m=[0m3674 [3mhistory_tokens_est[0m[2m=[0m11 [3mtotal_tokens_est[0m[2m=[0m3955 [3mmessage_count[0m[2m=[0m1
-> ollama:qwen2.5:3b+ablate:tool-search-threshold=1000000 :: noisy_no_tool (rep 2/5)
[2m2026-07-12T07:56:01.961394Z[0m [32m INFO[0m [1mturn[0m[1m{[0m[3msession[0m[2m=[0ma7e595e9-50e1-4fad-b706-191d251aaab1[1m}[0m[2m:[0m [2mbraze_engine::hooks[0m[2m:[0m prompt budget breakdown (PromptBudgetAuditHook) [3msystem_tokens_est[0m[2m=[0m269 [3mtools_tokens_est[0m[2m=[0m3674 [3mhistory_tokens_est[0m[2m=[0m11 [3mtotal_tokens_est[0m[2m=[0m3955 [3mmessage_count[0m[2m=[0m1
-> ollama:qwen2.5:3b+ablate:tool-search-threshold=1000000 :: noisy_no_tool (rep 3/5)
[2m2026-07-12T07:56:05.981727Z[0m [32m INFO[0m [1mturn[0m[1m{[0m[3msession[0m[2m=[0m8972886c-58fa-4814-a285-aa38bbdc8b93[1m}[0m[2m:[0m [2mbraze_engine::hooks[0m[2m:[0m prompt budget breakdown (PromptBudgetAuditHook) [3msystem_tokens_est[0m[2m=[0m269 [3mtools_tokens_est[0m[2m=[0m3674 [3mhistory_tokens_est[0m[2m=[0m11 [3mtotal_tokens_est[0m[2m=[0m3955 [3mmessage_count[0m[2m=[0m1
-> ollama:qwen2.5:3b+ablate:tool-search-threshold=1000000 :: noisy_no_tool (rep 4/5)
[2m2026-07-12T07:56:10.027359Z[0m [32m INFO[0m [1mturn[0m[1m{[0m[3msession[0m[2m=[0m337c2078-9681-4784-9bf7-5a0b694e605a[1m}[0m[2m:[0m [2mbraze_engine::hooks[0m[2m:[0m prompt budget breakdown (PromptBudgetAuditHook) [3msystem_tokens_est[0m[2m=[0m269 [3mtools_tokens_est[0m[2m=[0m3674 [3mhistory_tokens_est[0m[2m=[0m11 [3mtotal_tokens_est[0m[2m=[0m3955 [3mmessage_count[0m[2m=[0m1
-> ollama:qwen2.5:3b+ablate:tool-search-threshold=1000000 :: noisy_no_tool (rep 5/5)
[2m2026-07-12T07:56:14.045588Z[0m [32m INFO[0m [1mturn[0m[1m{[0m[3msession[0m[2m=[0m378b379d-67c5-4ead-9470-f2c120d50832[1m}[0m[2m:[0m [2mbraze_engine::hooks[0m[2m:[0m prompt budget breakdown (PromptBudgetAuditHook) [3msystem_tokens_est[0m[2m=[0m269 [3mtools_tokens_est[0m[2m=[0m3674 [3mhistory_tokens_est[0m[2m=[0m11 [3mtotal_tokens_est[0m[2m=[0m3955 [3mmessage_count[0m[2m=[0m1
-> ollama:qwen2.5:3b+ablate:tool-search-threshold=1000000 :: noisy_multi_step (rep 1/5)
[2m2026-07-12T07:56:18.068691Z[0m [32m INFO[0m [1mturn[0m[1m{[0m[3msession[0m[2m=[0me3d632e6-1fe7-4a30-b449-ceaa2ede508f[1m}[0m[2m:[0m [2mbraze_engine::hooks[0m[2m:[0m prompt budget breakdown (PromptBudgetAuditHook) [3msystem_tokens_est[0m[2m=[0m270 [3mtools_tokens_est[0m[2m=[0m3674 [3mhistory_tokens_est[0m[2m=[0m27 [3mtotal_tokens_est[0m[2m=[0m3971 [3mmessage_count[0m[2m=[0m1
[2m2026-07-12T07:56:23.857462Z[0m [33m WARN[0m [1mturn[0m[1m{[0m[3msession[0m[2m=[0me3d632e6-1fe7-4a30-b449-ceaa2ede508f[1m}[0m[2m:[0m [2mbraze_engine::engine[0m[2m:[0m context compaction triggered [3mtactical_len[0m[2m=[0m14 [3mtactical_compaction_threshold[0m[2m=[0m40 [3mover_event_count_threshold[0m[2m=[0mfalse [3mover_token_budget[0m[2m=[0mtrue
[2m2026-07-12T07:56:23.860838Z[0m [32m INFO[0m [1mturn[0m[1m{[0m[3msession[0m[2m=[0me3d632e6-1fe7-4a30-b449-ceaa2ede508f[1m}[0m[2m:[0m [2mbraze_engine::hooks[0m[2m:[0m prompt budget breakdown (PromptBudgetAuditHook) [3msystem_tokens_est[0m[2m=[0m270 [3mtools_tokens_est[0m[2m=[0m3674 [3mhistory_tokens_est[0m[2m=[0m176 [3mtotal_tokens_est[0m[2m=[0m4120 [3mmessage_count[0m[2m=[0m3
-> ollama:qwen2.5:3b+ablate:tool-search-threshold=1000000 :: noisy_multi_step (rep 2/5)
[2m2026-07-12T07:56:25.875392Z[0m [32m INFO[0m [1mturn[0m[1m{[0m[3msession[0m[2m=[0m1c859737-aea9-466d-a370-1eca59212186[1m}[0m[2m:[0m [2mbraze_engine::hooks[0m[2m:[0m prompt budget breakdown (PromptBudgetAuditHook) [3msystem_tokens_est[0m[2m=[0m270 [3mtools_tokens_est[0m[2m=[0m3674 [3mhistory_tokens_est[0m[2m=[0m27 [3mtotal_tokens_est[0m[2m=[0m3971 [3mmessage_count[0m[2m=[0m1
[2m2026-07-12T07:56:31.709802Z[0m [33m WARN[0m [1mturn[0m[1m{[0m[3msession[0m[2m=[0m1c859737-aea9-466d-a370-1eca59212186[1m}[0m[2m:[0m [2mbraze_engine::engine[0m[2m:[0m context compaction triggered [3mtactical_len[0m[2m=[0m14 [3mtactical_compaction_threshold[0m[2m=[0m40 [3mover_event_count_threshold[0m[2m=[0mfalse [3mover_token_budget[0m[2m=[0mtrue
[2m2026-07-12T07:56:31.713039Z[0m [32m INFO[0m [1mturn[0m[1m{[0m[3msession[0m[2m=[0m1c859737-aea9-466d-a370-1eca59212186[1m}[0m[2m:[0m [2mbraze_engine::hooks[0m[2m:[0m prompt budget breakdown (PromptBudgetAuditHook) [3msystem_tokens_est[0m[2m=[0m270 [3mtools_tokens_est[0m[2m=[0m3674 [3mhistory_tokens_est[0m[2m=[0m176 [3mtotal_tokens_est[0m[2m=[0m4120 [3mmessage_count[0m[2m=[0m3
[2m2026-07-12T07:56:34.367986Z[0m [33m WARN[0m [1mturn[0m[1m{[0m[3msession[0m[2m=[0m1c859737-aea9-466d-a370-1eca59212186[1m}[0m[2m:[0m [2mbraze_engine::engine[0m[2m:[0m context compaction triggered [3mtactical_len[0m[2m=[0m20 [3mtactical_compaction_threshold[0m[2m=[0m40 [3mover_event_count_threshold[0m[2m=[0mfalse [3mover_token_budget[0m[2m=[0mtrue
[2m2026-07-12T07:56:34.371174Z[0m [32m INFO[0m [1mturn[0m[1m{[0m[3msession[0m[2m=[0m1c859737-aea9-466d-a370-1eca59212186[1m}[0m[2m:[0m [2mbraze_engine::hooks[0m[2m:[0m prompt budget breakdown (PromptBudgetAuditHook) [3msystem_tokens_est[0m[2m=[0m270 [3mtools_tokens_est[0m[2m=[0m3674 [3mhistory_tokens_est[0m[2m=[0m330 [3mtotal_tokens_est[0m[2m=[0m4275 [3mmessage_count[0m[2m=[0m4
-> ollama:qwen2.5:3b+ablate:tool-search-threshold=1000000 :: noisy_multi_step (rep 3/5)
[2m2026-07-12T07:56:35.437041Z[0m [32m INFO[0m [1mturn[0m[1m{[0m[3msession[0m[2m=[0mf0f9f1df-892d-4a85-93ff-9adc58821466[1m}[0m[2m:[0m [2mbraze_engine::hooks[0m[2m:[0m prompt budget breakdown (PromptBudgetAuditHook) [3msystem_tokens_est[0m[2m=[0m270 [3mtools_tokens_est[0m[2m=[0m3674 [3mhistory_tokens_est[0m[2m=[0m27 [3mtotal_tokens_est[0m[2m=[0m3971 [3mmessage_count[0m[2m=[0m1
[2m2026-07-12T07:56:40.910083Z[0m [33m WARN[0m [1mturn[0m[1m{[0m[3msession[0m[2m=[0mf0f9f1df-892d-4a85-93ff-9adc58821466[1m}[0m[2m:[0m [2mbraze_engine::engine[0m[2m:[0m context compaction triggered [3mtactical_len[0m[2m=[0m11 [3mtactical_compaction_threshold[0m[2m=[0m40 [3mover_event_count_threshold[0m[2m=[0mfalse [3mover_token_budget[0m[2m=[0mtrue
[2m2026-07-12T07:56:40.913878Z[0m [32m INFO[0m [1mturn[0m[1m{[0m[3msession[0m[2m=[0mf0f9f1df-892d-4a85-93ff-9adc58821466[1m}[0m[2m:[0m [2mbraze_engine::hooks[0m[2m:[0m prompt budget breakdown (PromptBudgetAuditHook) [3msystem_tokens_est[0m[2m=[0m270 [3mtools_tokens_est[0m[2m=[0m3674 [3mhistory_tokens_est[0m[2m=[0m137 [3mtotal_tokens_est[0m[2m=[0m4081 [3mmessage_count[0m[2m=[0m3
-> ollama:qwen2.5:3b+ablate:tool-search-threshold=1000000 :: noisy_multi_step (rep 4/5)
[2m2026-07-12T07:56:43.342439Z[0m [32m INFO[0m [1mturn[0m[1m{[0m[3msession[0m[2m=[0macef0f7b-5e5e-4a35-8eef-132f51d5834a[1m}[0m[2m:[0m [2mbraze_engine::hooks[0m[2m:[0m prompt budget breakdown (PromptBudgetAuditHook) [3msystem_tokens_est[0m[2m=[0m270 [3mtools_tokens_est[0m[2m=[0m3674 [3mhistory_tokens_est[0m[2m=[0m27 [3mtotal_tokens_est[0m[2m=[0m3971 [3mmessage_count[0m[2m=[0m1
[2m2026-07-12T07:56:50.859772Z[0m [33m WARN[0m [1mturn[0m[1m{[0m[3msession[0m[2m=[0macef0f7b-5e5e-4a35-8eef-132f51d5834a[1m}[0m[2m:[0m [2mbraze_engine::engine[0m[2m:[0m context compaction triggered [3mtactical_len[0m[2m=[0m14 [3mtactical_compaction_threshold[0m[2m=[0m40 [3mover_event_count_threshold[0m[2m=[0mfalse [3mover_token_budget[0m[2m=[0mtrue
[2m2026-07-12T07:56:50.863555Z[0m [32m INFO[0m [1mturn[0m[1m{[0m[3msession[0m[2m=[0macef0f7b-5e5e-4a35-8eef-132f51d5834a[1m}[0m[2m:[0m [2mbraze_engine::hooks[0m[2m:[0m prompt budget breakdown (PromptBudgetAuditHook) [3msystem_tokens_est[0m[2m=[0m270 [3mtools_tokens_est[0m[2m=[0m3674 [3mhistory_tokens_est[0m[2m=[0m234 [3mtotal_tokens_est[0m[2m=[0m4179 [3mmessage_count[0m[2m=[0m3
-> ollama:qwen2.5:3b+ablate:tool-search-threshold=1000000 :: noisy_multi_step (rep 5/5)
[2m2026-07-12T07:56:52.111742Z[0m [32m INFO[0m [1mturn[0m[1m{[0m[3msession[0m[2m=[0m3c93a0ea-ecca-4b6b-a3ff-25dd22544f56[1m}[0m[2m:[0m [2mbraze_engine::hooks[0m[2m:[0m prompt budget breakdown (PromptBudgetAuditHook) [3msystem_tokens_est[0m[2m=[0m270 [3mtools_tokens_est[0m[2m=[0m3674 [3mhistory_tokens_est[0m[2m=[0m27 [3mtotal_tokens_est[0m[2m=[0m3971 [3mmessage_count[0m[2m=[0m1
[2m2026-07-12T07:56:59.199164Z[0m [33m WARN[0m [1mturn[0m[1m{[0m[3msession[0m[2m=[0m3c93a0ea-ecca-4b6b-a3ff-25dd22544f56[1m}[0m[2m:[0m [2mbraze_engine::engine[0m[2m:[0m context compaction triggered [3mtactical_len[0m[2m=[0m14 [3mtactical_compaction_threshold[0m[2m=[0m40 [3mover_event_count_threshold[0m[2m=[0mfalse [3mover_token_budget[0m[2m=[0mtrue
[2m2026-07-12T07:56:59.201841Z[0m [32m INFO[0m [1mturn[0m[1m{[0m[3msession[0m[2m=[0m3c93a0ea-ecca-4b6b-a3ff-25dd22544f56[1m}[0m[2m:[0m [2mbraze_engine::hooks[0m[2m:[0m prompt budget breakdown (PromptBudgetAuditHook) [3msystem_tokens_est[0m[2m=[0m270 [3mtools_tokens_est[0m[2m=[0m3674 [3mhistory_tokens_est[0m[2m=[0m219 [3mtotal_tokens_est[0m[2m=[0m4164 [3mmessage_count[0m[2m=[0m3
-> ollama:qwen2.5:3b+ablate:tool-search-threshold=1000000 :: noisy_distractor (rep 1/5)
[2m2026-07-12T07:57:00.368744Z[0m [32m INFO[0m [1mturn[0m[1m{[0m[3msession[0m[2m=[0mb15622a0-b669-4045-bff0-92d9321fadc2[1m}[0m[2m:[0m [2mbraze_engine::hooks[0m[2m:[0m prompt budget breakdown (PromptBudgetAuditHook) [3msystem_tokens_est[0m[2m=[0m270 [3mtools_tokens_est[0m[2m=[0m3674 [3mhistory_tokens_est[0m[2m=[0m27 [3mtotal_tokens_est[0m[2m=[0m3971 [3mmessage_count[0m[2m=[0m1
[2m2026-07-12T07:57:04.834362Z[0m [32m INFO[0m [1mturn[0m[1m{[0m[3msession[0m[2m=[0mb15622a0-b669-4045-bff0-92d9321fadc2[1m}[0m[2m:[0m [2mbraze_engine::hooks[0m[2m:[0m prompt budget breakdown (PromptBudgetAuditHook) [3msystem_tokens_est[0m[2m=[0m270 [3mtools_tokens_est[0m[2m=[0m3674 [3mhistory_tokens_est[0m[2m=[0m41 [3mtotal_tokens_est[0m[2m=[0m3986 [3mmessage_count[0m[2m=[0m3
-> ollama:qwen2.5:3b+ablate:tool-search-threshold=1000000 :: noisy_distractor (rep 2/5)
[2m2026-07-12T07:57:05.392459Z[0m [32m INFO[0m [1mturn[0m[1m{[0m[3msession[0m[2m=[0mb99ca668-a5e8-484a-9592-f21da26ba5f8[1m}[0m[2m:[0m [2mbraze_engine::hooks[0m[2m:[0m prompt budget breakdown (PromptBudgetAuditHook) [3msystem_tokens_est[0m[2m=[0m270 [3mtools_tokens_est[0m[2m=[0m3674 [3mhistory_tokens_est[0m[2m=[0m27 [3mtotal_tokens_est[0m[2m=[0m3971 [3mmessage_count[0m[2m=[0m1
[2m2026-07-12T07:57:09.877965Z[0m [32m INFO[0m [1mturn[0m[1m{[0m[3msession[0m[2m=[0mb99ca668-a5e8-484a-9592-f21da26ba5f8[1m}[0m[2m:[0m [2mbraze_engine::hooks[0m[2m:[0m prompt budget breakdown (PromptBudgetAuditHook) [3msystem_tokens_est[0m[2m=[0m270 [3mtools_tokens_est[0m[2m=[0m3674 [3mhistory_tokens_est[0m[2m=[0m41 [3mtotal_tokens_est[0m[2m=[0m3986 [3mmessage_count[0m[2m=[0m3
-> ollama:qwen2.5:3b+ablate:tool-search-threshold=1000000 :: noisy_distractor (rep 3/5)
[2m2026-07-12T07:57:10.493543Z[0m [32m INFO[0m [1mturn[0m[1m{[0m[3msession[0m[2m=[0mba56cdf4-8703-4fef-bd70-4cb6bc00b8fe[1m}[0m[2m:[0m [2mbraze_engine::hooks[0m[2m:[0m prompt budget breakdown (PromptBudgetAuditHook) [3msystem_tokens_est[0m[2m=[0m270 [3mtools_tokens_est[0m[2m=[0m3674 [3mhistory_tokens_est[0m[2m=[0m27 [3mtotal_tokens_est[0m[2m=[0m3971 [3mmessage_count[0m[2m=[0m1
[2m2026-07-12T07:57:14.943993Z[0m [32m INFO[0m [1mturn[0m[1m{[0m[3msession[0m[2m=[0mba56cdf4-8703-4fef-bd70-4cb6bc00b8fe[1m}[0m[2m:[0m [2mbraze_engine::hooks[0m[2m:[0m prompt budget breakdown (PromptBudgetAuditHook) [3msystem_tokens_est[0m[2m=[0m270 [3mtools_tokens_est[0m[2m=[0m3674 [3mhistory_tokens_est[0m[2m=[0m41 [3mtotal_tokens_est[0m[2m=[0m3986 [3mmessage_count[0m[2m=[0m3
-> ollama:qwen2.5:3b+ablate:tool-search-threshold=1000000 :: noisy_distractor (rep 4/5)
[2m2026-07-12T07:57:15.524679Z[0m [32m INFO[0m [1mturn[0m[1m{[0m[3msession[0m[2m=[0mba47144c-a039-4394-b894-1bfd953b75ce[1m}[0m[2m:[0m [2mbraze_engine::hooks[0m[2m:[0m prompt budget breakdown (PromptBudgetAuditHook) [3msystem_tokens_est[0m[2m=[0m270 [3mtools_tokens_est[0m[2m=[0m3674 [3mhistory_tokens_est[0m[2m=[0m27 [3mtotal_tokens_est[0m[2m=[0m3971 [3mmessage_count[0m[2m=[0m1
[2m2026-07-12T07:57:19.994511Z[0m [32m INFO[0m [1mturn[0m[1m{[0m[3msession[0m[2m=[0mba47144c-a039-4394-b894-1bfd953b75ce[1m}[0m[2m:[0m [2mbraze_engine::hooks[0m[2m:[0m prompt budget breakdown (PromptBudgetAuditHook) [3msystem_tokens_est[0m[2m=[0m270 [3mtools_tokens_est[0m[2m=[0m3674 [3mhistory_tokens_est[0m[2m=[0m41 [3mtotal_tokens_est[0m[2m=[0m3986 [3mmessage_count[0m[2m=[0m3
-> ollama:qwen2.5:3b+ablate:tool-search-threshold=1000000 :: noisy_distractor (rep 5/5)
[2m2026-07-12T07:57:20.556339Z[0m [32m INFO[0m [1mturn[0m[1m{[0m[3msession[0m[2m=[0m1691e8cb-df51-478c-989e-442859101b64[1m}[0m[2m:[0m [2mbraze_engine::hooks[0m[2m:[0m prompt budget breakdown (PromptBudgetAuditHook) [3msystem_tokens_est[0m[2m=[0m270 [3mtools_tokens_est[0m[2m=[0m3674 [3mhistory_tokens_est[0m[2m=[0m27 [3mtotal_tokens_est[0m[2m=[0m3971 [3mmessage_count[0m[2m=[0m1
[2m2026-07-12T07:57:25.012902Z[0m [32m INFO[0m [1mturn[0m[1m{[0m[3msession[0m[2m=[0m1691e8cb-df51-478c-989e-442859101b64[1m}[0m[2m:[0m [2mbraze_engine::hooks[0m[2m:[0m prompt budget breakdown (PromptBudgetAuditHook) [3msystem_tokens_est[0m[2m=[0m270 [3mtools_tokens_est[0m[2m=[0m3674 [3mhistory_tokens_est[0m[2m=[0m41 [3mtotal_tokens_est[0m[2m=[0m3986 [3mmessage_count[0m[2m=[0m3
-> ollama:qwen2.5:7b :: noisy_read_file (rep 1/5)
[2m2026-07-12T07:57:35.747212Z[0m [32m INFO[0m [1mturn[0m[1m{[0m[3msession[0m[2m=[0m67ab01dc-aa46-4860-a29b-bf96a1c8ed78[1m}[0m[2m:[0m [2mbraze_engine::hooks[0m[2m:[0m prompt budget breakdown (PromptBudgetAuditHook) [3msystem_tokens_est[0m[2m=[0m269 [3mtools_tokens_est[0m[2m=[0m942 [3mhistory_tokens_est[0m[2m=[0m19 [3mtotal_tokens_est[0m[2m=[0m1231 [3mmessage_count[0m[2m=[0m1
[2m2026-07-12T07:57:43.486943Z[0m [32m INFO[0m [1mturn[0m[1m{[0m[3msession[0m[2m=[0m67ab01dc-aa46-4860-a29b-bf96a1c8ed78[1m}[0m[2m:[0m [2mbraze_engine::hooks[0m[2m:[0m prompt budget breakdown (PromptBudgetAuditHook) [3msystem_tokens_est[0m[2m=[0m269 [3mtools_tokens_est[0m[2m=[0m942 [3mhistory_tokens_est[0m[2m=[0m34 [3mtotal_tokens_est[0m[2m=[0m1246 [3mmessage_count[0m[2m=[0m3
-> ollama:qwen2.5:7b :: noisy_read_file (rep 2/5)
[2m2026-07-12T07:57:44.372878Z[0m [32m INFO[0m [1mturn[0m[1m{[0m[3msession[0m[2m=[0m04d46010-56dc-4f92-bec9-ea877e3d60dc[1m}[0m[2m:[0m [2mbraze_engine::hooks[0m[2m:[0m prompt budget breakdown (PromptBudgetAuditHook) [3msystem_tokens_est[0m[2m=[0m269 [3mtools_tokens_est[0m[2m=[0m942 [3mhistory_tokens_est[0m[2m=[0m19 [3mtotal_tokens_est[0m[2m=[0m1231 [3mmessage_count[0m[2m=[0m1
[2m2026-07-12T07:57:46.778322Z[0m [32m INFO[0m [1mturn[0m[1m{[0m[3msession[0m[2m=[0m04d46010-56dc-4f92-bec9-ea877e3d60dc[1m}[0m[2m:[0m [2mbraze_engine::hooks[0m[2m:[0m prompt budget breakdown (PromptBudgetAuditHook) [3msystem_tokens_est[0m[2m=[0m269 [3mtools_tokens_est[0m[2m=[0m942 [3mhistory_tokens_est[0m[2m=[0m34 [3mtotal_tokens_est[0m[2m=[0m1246 [3mmessage_count[0m[2m=[0m3
-> ollama:qwen2.5:7b :: noisy_read_file (rep 3/5)
[2m2026-07-12T07:57:47.620501Z[0m [32m INFO[0m [1mturn[0m[1m{[0m[3msession[0m[2m=[0ma165b195-2614-475c-8035-e165061bf156[1m}[0m[2m:[0m [2mbraze_engine::hooks[0m[2m:[0m prompt budget breakdown (PromptBudgetAuditHook) [3msystem_tokens_est[0m[2m=[0m269 [3mtools_tokens_est[0m[2m=[0m942 [3mhistory_tokens_est[0m[2m=[0m19 [3mtotal_tokens_est[0m[2m=[0m1231 [3mmessage_count[0m[2m=[0m1
[2m2026-07-12T07:57:50.009244Z[0m [32m INFO[0m [1mturn[0m[1m{[0m[3msession[0m[2m=[0ma165b195-2614-475c-8035-e165061bf156[1m}[0m[2m:[0m [2mbraze_engine::hooks[0m[2m:[0m prompt budget breakdown (PromptBudgetAuditHook) [3msystem_tokens_est[0m[2m=[0m269 [3mtools_tokens_est[0m[2m=[0m942 [3mhistory_tokens_est[0m[2m=[0m34 [3mtotal_tokens_est[0m[2m=[0m1246 [3mmessage_count[0m[2m=[0m3
-> ollama:qwen2.5:7b :: noisy_read_file (rep 4/5)
[2m2026-07-12T07:57:50.877223Z[0m [32m INFO[0m [1mturn[0m[1m{[0m[3msession[0m[2m=[0m28100d3c-d475-4a06-aa6e-16967391da6a[1m}[0m[2m:[0m [2mbraze_engine::hooks[0m[2m:[0m prompt budget breakdown (PromptBudgetAuditHook) [3msystem_tokens_est[0m[2m=[0m269 [3mtools_tokens_est[0m[2m=[0m942 [3mhistory_tokens_est[0m[2m=[0m19 [3mtotal_tokens_est[0m[2m=[0m1231 [3mmessage_count[0m[2m=[0m1
[2m2026-07-12T07:57:53.289176Z[0m [32m INFO[0m [1mturn[0m[1m{[0m[3msession[0m[2m=[0m28100d3c-d475-4a06-aa6e-16967391da6a[1m}[0m[2m:[0m [2mbraze_engine::hooks[0m[2m:[0m prompt budget breakdown (PromptBudgetAuditHook) [3msystem_tokens_est[0m[2m=[0m269 [3mtools_tokens_est[0m[2m=[0m942 [3mhistory_tokens_est[0m[2m=[0m34 [3mtotal_tokens_est[0m[2m=[0m1246 [3mmessage_count[0m[2m=[0m3
-> ollama:qwen2.5:7b :: noisy_read_file (rep 5/5)
[2m2026-07-12T07:57:54.122697Z[0m [32m INFO[0m [1mturn[0m[1m{[0m[3msession[0m[2m=[0m1385a023-fae6-46e4-aaef-c13157c64de5[1m}[0m[2m:[0m [2mbraze_engine::hooks[0m[2m:[0m prompt budget breakdown (PromptBudgetAuditHook) [3msystem_tokens_est[0m[2m=[0m269 [3mtools_tokens_est[0m[2m=[0m942 [3mhistory_tokens_est[0m[2m=[0m19 [3mtotal_tokens_est[0m[2m=[0m1231 [3mmessage_count[0m[2m=[0m1
[2m2026-07-12T07:57:56.505042Z[0m [32m INFO[0m [1mturn[0m[1m{[0m[3msession[0m[2m=[0m1385a023-fae6-46e4-aaef-c13157c64de5[1m}[0m[2m:[0m [2mbraze_engine::hooks[0m[2m:[0m prompt budget breakdown (PromptBudgetAuditHook) [3msystem_tokens_est[0m[2m=[0m269 [3mtools_tokens_est[0m[2m=[0m942 [3mhistory_tokens_est[0m[2m=[0m34 [3mtotal_tokens_est[0m[2m=[0m1246 [3mmessage_count[0m[2m=[0m3
-> ollama:qwen2.5:7b :: noisy_grep (rep 1/5)
[2m2026-07-12T07:57:57.379833Z[0m [32m INFO[0m [1mturn[0m[1m{[0m[3msession[0m[2m=[0mcb74a040-7cef-4a18-9a7c-eabae26196d1[1m}[0m[2m:[0m [2mbraze_engine::hooks[0m[2m:[0m prompt budget breakdown (PromptBudgetAuditHook) [3msystem_tokens_est[0m[2m=[0m268 [3mtools_tokens_est[0m[2m=[0m942 [3mhistory_tokens_est[0m[2m=[0m19 [3mtotal_tokens_est[0m[2m=[0m1229 [3mmessage_count[0m[2m=[0m1
[2m2026-07-12T07:57:59.991641Z[0m [32m INFO[0m [1mturn[0m[1m{[0m[3msession[0m[2m=[0mcb74a040-7cef-4a18-9a7c-eabae26196d1[1m}[0m[2m:[0m [2mbraze_engine::hooks[0m[2m:[0m prompt budget breakdown (PromptBudgetAuditHook) [3msystem_tokens_est[0m[2m=[0m268 [3mtools_tokens_est[0m[2m=[0m942 [3mhistory_tokens_est[0m[2m=[0m36 [3mtotal_tokens_est[0m[2m=[0m1247 [3mmessage_count[0m[2m=[0m3
-> ollama:qwen2.5:7b :: noisy_grep (rep 2/5)
[2m2026-07-12T07:58:01.089391Z[0m [32m INFO[0m [1mturn[0m[1m{[0m[3msession[0m[2m=[0m6511bb5c-2bca-4d2c-a574-93e8f4dc9a2f[1m}[0m[2m:[0m [2mbraze_engine::hooks[0m[2m:[0m prompt budget breakdown (PromptBudgetAuditHook) [3msystem_tokens_est[0m[2m=[0m268 [3mtools_tokens_est[0m[2m=[0m942 [3mhistory_tokens_est[0m[2m=[0m19 [3mtotal_tokens_est[0m[2m=[0m1229 [3mmessage_count[0m[2m=[0m1
[2m2026-07-12T07:58:04.865496Z[0m [32m INFO[0m [1mturn[0m[1m{[0m[3msession[0m[2m=[0m6511bb5c-2bca-4d2c-a574-93e8f4dc9a2f[1m}[0m[2m:[0m [2mbraze_engine::hooks[0m[2m:[0m prompt budget breakdown (PromptBudgetAuditHook) [3msystem_tokens_est[0m[2m=[0m268 [3mtools_tokens_est[0m[2m=[0m942 [3mhistory_tokens_est[0m[2m=[0m48 [3mtotal_tokens_est[0m[2m=[0m1258 [3mmessage_count[0m[2m=[0m3
-> ollama:qwen2.5:7b :: noisy_grep (rep 3/5)
[2m2026-07-12T07:58:06.020096Z[0m [32m INFO[0m [1mturn[0m[1m{[0m[3msession[0m[2m=[0m5023e45e-4e02-45a1-9839-3066d609da41[1m}[0m[2m:[0m [2mbraze_engine::hooks[0m[2m:[0m prompt budget breakdown (PromptBudgetAuditHook) [3msystem_tokens_est[0m[2m=[0m268 [3mtools_tokens_est[0m[2m=[0m942 [3mhistory_tokens_est[0m[2m=[0m19 [3mtotal_tokens_est[0m[2m=[0m1229 [3mmessage_count[0m[2m=[0m1
[2m2026-07-12T07:58:08.586029Z[0m [32m INFO[0m [1mturn[0m[1m{[0m[3msession[0m[2m=[0m5023e45e-4e02-45a1-9839-3066d609da41[1m}[0m[2m:[0m [2mbraze_engine::hooks[0m[2m:[0m prompt budget breakdown (PromptBudgetAuditHook) [3msystem_tokens_est[0m[2m=[0m268 [3mtools_tokens_est[0m[2m=[0m942 [3mhistory_tokens_est[0m[2m=[0m36 [3mtotal_tokens_est[0m[2m=[0m1247 [3mmessage_count[0m[2m=[0m3
-> ollama:qwen2.5:7b :: noisy_grep (rep 4/5)
[2m2026-07-12T07:58:09.675012Z[0m [32m INFO[0m [1mturn[0m[1m{[0m[3msession[0m[2m=[0m415eef8a-5483-44a0-832c-4c3745426f19[1m}[0m[2m:[0m [2mbraze_engine::hooks[0m[2m:[0m prompt budget breakdown (PromptBudgetAuditHook) [3msystem_tokens_est[0m[2m=[0m268 [3mtools_tokens_est[0m[2m=[0m942 [3mhistory_tokens_est[0m[2m=[0m19 [3mtotal_tokens_est[0m[2m=[0m1229 [3mmessage_count[0m[2m=[0m1
[2m2026-07-12T07:58:12.260305Z[0m [32m INFO[0m [1mturn[0m[1m{[0m[3msession[0m[2m=[0m415eef8a-5483-44a0-832c-4c3745426f19[1m}[0m[2m:[0m [2mbraze_engine::hooks[0m[2m:[0m prompt budget breakdown (PromptBudgetAuditHook) [3msystem_tokens_est[0m[2m=[0m268 [3mtools_tokens_est[0m[2m=[0m942 [3mhistory_tokens_est[0m[2m=[0m36 [3mtotal_tokens_est[0m[2m=[0m1247 [3mmessage_count[0m[2m=[0m3
-> ollama:qwen2.5:7b :: noisy_grep (rep 5/5)
[2m2026-07-12T07:58:13.472298Z[0m [32m INFO[0m [1mturn[0m[1m{[0m[3msession[0m[2m=[0mdca3a993-fd63-4b89-b855-c14512d65fdf[1m}[0m[2m:[0m [2mbraze_engine::hooks[0m[2m:[0m prompt budget breakdown (PromptBudgetAuditHook) [3msystem_tokens_est[0m[2m=[0m268 [3mtools_tokens_est[0m[2m=[0m942 [3mhistory_tokens_est[0m[2m=[0m19 [3mtotal_tokens_est[0m[2m=[0m1229 [3mmessage_count[0m[2m=[0m1
[2m2026-07-12T07:58:16.086690Z[0m [32m INFO[0m [1mturn[0m[1m{[0m[3msession[0m[2m=[0mdca3a993-fd63-4b89-b855-c14512d65fdf[1m}[0m[2m:[0m [2mbraze_engine::hooks[0m[2m:[0m prompt budget breakdown (PromptBudgetAuditHook) [3msystem_tokens_est[0m[2m=[0m268 [3mtools_tokens_est[0m[2m=[0m942 [3mhistory_tokens_est[0m[2m=[0m36 [3mtotal_tokens_est[0m[2m=[0m1247 [3mmessage_count[0m[2m=[0m3
-> ollama:qwen2.5:7b :: noisy_write_file (rep 1/5)
[2m2026-07-12T07:58:17.201824Z[0m [32m INFO[0m [1mturn[0m[1m{[0m[3msession[0m[2m=[0m72af7fa4-8801-4b04-977c-a88e0be097c9[1m}[0m[2m:[0m [2mbraze_engine::hooks[0m[2m:[0m prompt budget breakdown (PromptBudgetAuditHook) [3msystem_tokens_est[0m[2m=[0m270 [3mtools_tokens_est[0m[2m=[0m942 [3mhistory_tokens_est[0m[2m=[0m19 [3mtotal_tokens_est[0m[2m=[0m1231 [3mmessage_count[0m[2m=[0m1
[2m2026-07-12T07:58:20.018572Z[0m [32m INFO[0m [1mturn[0m[1m{[0m[3msession[0m[2m=[0m72af7fa4-8801-4b04-977c-a88e0be097c9[1m}[0m[2m:[0m [2mbraze_engine::hooks[0m[2m:[0m prompt budget breakdown (PromptBudgetAuditHook) [3msystem_tokens_est[0m[2m=[0m270 [3mtools_tokens_est[0m[2m=[0m942 [3mhistory_tokens_est[0m[2m=[0m52 [3mtotal_tokens_est[0m[2m=[0m1264 [3mmessage_count[0m[2m=[0m3
-> ollama:qwen2.5:7b :: noisy_write_file (rep 2/5)
[2m2026-07-12T07:58:21.379661Z[0m [32m INFO[0m [1mturn[0m[1m{[0m[3msession[0m[2m=[0md7a4ff0e-5589-4992-8f47-73797aebb5bf[1m}[0m[2m:[0m [2mbraze_engine::hooks[0m[2m:[0m prompt budget breakdown (PromptBudgetAuditHook) [3msystem_tokens_est[0m[2m=[0m270 [3mtools_tokens_est[0m[2m=[0m942 [3mhistory_tokens_est[0m[2m=[0m19 [3mtotal_tokens_est[0m[2m=[0m1231 [3mmessage_count[0m[2m=[0m1
[2m2026-07-12T07:58:24.170650Z[0m [32m INFO[0m [1mturn[0m[1m{[0m[3msession[0m[2m=[0md7a4ff0e-5589-4992-8f47-73797aebb5bf[1m}[0m[2m:[0m [2mbraze_engine::hooks[0m[2m:[0m prompt budget breakdown (PromptBudgetAuditHook) [3msystem_tokens_est[0m[2m=[0m270 [3mtools_tokens_est[0m[2m=[0m942 [3mhistory_tokens_est[0m[2m=[0m52 [3mtotal_tokens_est[0m[2m=[0m1264 [3mmessage_count[0m[2m=[0m3
-> ollama:qwen2.5:7b :: noisy_write_file (rep 3/5)
[2m2026-07-12T07:58:25.467179Z[0m [32m INFO[0m [1mturn[0m[1m{[0m[3msession[0m[2m=[0ma381ba06-fa5d-415b-85bf-c9f49fa02100[1m}[0m[2m:[0m [2mbraze_engine::hooks[0m[2m:[0m prompt budget breakdown (PromptBudgetAuditHook) [3msystem_tokens_est[0m[2m=[0m270 [3mtools_tokens_est[0m[2m=[0m942 [3mhistory_tokens_est[0m[2m=[0m19 [3mtotal_tokens_est[0m[2m=[0m1231 [3mmessage_count[0m[2m=[0m1
[2m2026-07-12T07:58:28.238095Z[0m [32m INFO[0m [1mturn[0m[1m{[0m[3msession[0m[2m=[0ma381ba06-fa5d-415b-85bf-c9f49fa02100[1m}[0m[2m:[0m [2mbraze_engine::hooks[0m[2m:[0m prompt budget breakdown (PromptBudgetAuditHook) [3msystem_tokens_est[0m[2m=[0m270 [3mtools_tokens_est[0m[2m=[0m942 [3mhistory_tokens_est[0m[2m=[0m52 [3mtotal_tokens_est[0m[2m=[0m1264 [3mmessage_count[0m[2m=[0m3
-> ollama:qwen2.5:7b :: noisy_write_file (rep 4/5)
[2m2026-07-12T07:58:29.501617Z[0m [32m INFO[0m [1mturn[0m[1m{[0m[3msession[0m[2m=[0mb53c1798-9c10-4a2d-88f8-174df0b65816[1m}[0m[2m:[0m [2mbraze_engine::hooks[0m[2m:[0m prompt budget breakdown (PromptBudgetAuditHook) [3msystem_tokens_est[0m[2m=[0m270 [3mtools_tokens_est[0m[2m=[0m942 [3mhistory_tokens_est[0m[2m=[0m19 [3mtotal_tokens_est[0m[2m=[0m1231 [3mmessage_count[0m[2m=[0m1
[2m2026-07-12T07:58:32.271655Z[0m [32m INFO[0m [1mturn[0m[1m{[0m[3msession[0m[2m=[0mb53c1798-9c10-4a2d-88f8-174df0b65816[1m}[0m[2m:[0m [2mbraze_engine::hooks[0m[2m:[0m prompt budget breakdown (PromptBudgetAuditHook) [3msystem_tokens_est[0m[2m=[0m270 [3mtools_tokens_est[0m[2m=[0m942 [3mhistory_tokens_est[0m[2m=[0m52 [3mtotal_tokens_est[0m[2m=[0m1264 [3mmessage_count[0m[2m=[0m3
-> ollama:qwen2.5:7b :: noisy_write_file (rep 5/5)
[2m2026-07-12T07:58:33.552788Z[0m [32m INFO[0m [1mturn[0m[1m{[0m[3msession[0m[2m=[0mbf31102a-2cbf-4c0b-98bf-8eeeab252270[1m}[0m[2m:[0m [2mbraze_engine::hooks[0m[2m:[0m prompt budget breakdown (PromptBudgetAuditHook) [3msystem_tokens_est[0m[2m=[0m270 [3mtools_tokens_est[0m[2m=[0m942 [3mhistory_tokens_est[0m[2m=[0m19 [3mtotal_tokens_est[0m[2m=[0m1231 [3mmessage_count[0m[2m=[0m1
[2m2026-07-12T07:58:36.351749Z[0m [32m INFO[0m [1mturn[0m[1m{[0m[3msession[0m[2m=[0mbf31102a-2cbf-4c0b-98bf-8eeeab252270[1m}[0m[2m:[0m [2mbraze_engine::hooks[0m[2m:[0m prompt budget breakdown (PromptBudgetAuditHook) [3msystem_tokens_est[0m[2m=[0m270 [3mtools_tokens_est[0m[2m=[0m942 [3mhistory_tokens_est[0m[2m=[0m52 [3mtotal_tokens_est[0m[2m=[0m1264 [3mmessage_count[0m[2m=[0m3
-> ollama:qwen2.5:7b :: noisy_no_tool (rep 1/5)
[2m2026-07-12T07:58:37.698437Z[0m [32m INFO[0m [1mturn[0m[1m{[0m[3msession[0m[2m=[0mdc00184c-21ca-4f98-b23a-cc85144e4503[1m}[0m[2m:[0m [2mbraze_engine::hooks[0m[2m:[0m prompt budget breakdown (PromptBudgetAuditHook) [3msystem_tokens_est[0m[2m=[0m269 [3mtools_tokens_est[0m[2m=[0m942 [3mhistory_tokens_est[0m[2m=[0m11 [3mtotal_tokens_est[0m[2m=[0m1223 [3mmessage_count[0m[2m=[0m1
-> ollama:qwen2.5:7b :: noisy_no_tool (rep 2/5)
[2m2026-07-12T07:58:39.210031Z[0m [32m INFO[0m [1mturn[0m[1m{[0m[3msession[0m[2m=[0m99efcdce-99e2-48a8-ad05-6e3d408a17b6[1m}[0m[2m:[0m [2mbraze_engine::hooks[0m[2m:[0m prompt budget breakdown (PromptBudgetAuditHook) [3msystem_tokens_est[0m[2m=[0m269 [3mtools_tokens_est[0m[2m=[0m942 [3mhistory_tokens_est[0m[2m=[0m11 [3mtotal_tokens_est[0m[2m=[0m1223 [3mmessage_count[0m[2m=[0m1
-> ollama:qwen2.5:7b :: noisy_no_tool (rep 3/5)
[2m2026-07-12T07:58:40.676666Z[0m [32m INFO[0m [1mturn[0m[1m{[0m[3msession[0m[2m=[0md9844f8e-2e29-4175-af0f-892398c311e5[1m}[0m[2m:[0m [2mbraze_engine::hooks[0m[2m:[0m prompt budget breakdown (PromptBudgetAuditHook) [3msystem_tokens_est[0m[2m=[0m269 [3mtools_tokens_est[0m[2m=[0m942 [3mhistory_tokens_est[0m[2m=[0m11 [3mtotal_tokens_est[0m[2m=[0m1223 [3mmessage_count[0m[2m=[0m1
-> ollama:qwen2.5:7b :: noisy_no_tool (rep 4/5)
[2m2026-07-12T07:58:42.143553Z[0m [32m INFO[0m [1mturn[0m[1m{[0m[3msession[0m[2m=[0m7e3ec383-6bfb-41bd-8448-449250ffff15[1m}[0m[2m:[0m [2mbraze_engine::hooks[0m[2m:[0m prompt budget breakdown (PromptBudgetAuditHook) [3msystem_tokens_est[0m[2m=[0m269 [3mtools_tokens_est[0m[2m=[0m942 [3mhistory_tokens_est[0m[2m=[0m11 [3mtotal_tokens_est[0m[2m=[0m1223 [3mmessage_count[0m[2m=[0m1
-> ollama:qwen2.5:7b :: noisy_no_tool (rep 5/5)
[2m2026-07-12T07:58:43.606202Z[0m [32m INFO[0m [1mturn[0m[1m{[0m[3msession[0m[2m=[0mb1767e96-75d4-480e-8a7e-54a4ae5d78db[1m}[0m[2m:[0m [2mbraze_engine::hooks[0m[2m:[0m prompt budget breakdown (PromptBudgetAuditHook) [3msystem_tokens_est[0m[2m=[0m269 [3mtools_tokens_est[0m[2m=[0m942 [3mhistory_tokens_est[0m[2m=[0m11 [3mtotal_tokens_est[0m[2m=[0m1223 [3mmessage_count[0m[2m=[0m1
-> ollama:qwen2.5:7b :: noisy_multi_step (rep 1/5)
[2m2026-07-12T07:58:45.092241Z[0m [32m INFO[0m [1mturn[0m[1m{[0m[3msession[0m[2m=[0mdc9e8d44-076b-492f-b0ab-2e6b47288cda[1m}[0m[2m:[0m [2mbraze_engine::hooks[0m[2m:[0m prompt budget breakdown (PromptBudgetAuditHook) [3msystem_tokens_est[0m[2m=[0m270 [3mtools_tokens_est[0m[2m=[0m942 [3mhistory_tokens_est[0m[2m=[0m27 [3mtotal_tokens_est[0m[2m=[0m1239 [3mmessage_count[0m[2m=[0m1
[2m2026-07-12T07:58:48.499567Z[0m [32m INFO[0m [1mturn[0m[1m{[0m[3msession[0m[2m=[0mdc9e8d44-076b-492f-b0ab-2e6b47288cda[1m}[0m[2m:[0m [2mbraze_engine::hooks[0m[2m:[0m prompt budget breakdown (PromptBudgetAuditHook) [3msystem_tokens_est[0m[2m=[0m270 [3mtools_tokens_est[0m[2m=[0m942 [3mhistory_tokens_est[0m[2m=[0m40 [3mtotal_tokens_est[0m[2m=[0m1252 [3mmessage_count[0m[2m=[0m3
[2m2026-07-12T07:58:51.504986Z[0m [32m INFO[0m [1mturn[0m[1m{[0m[3msession[0m[2m=[0mdc9e8d44-076b-492f-b0ab-2e6b47288cda[1m}[0m[2m:[0m [2mbraze_engine::hooks[0m[2m:[0m prompt budget breakdown (PromptBudgetAuditHook) [3msystem_tokens_est[0m[2m=[0m270 [3mtools_tokens_est[0m[2m=[0m942 [3mhistory_tokens_est[0m[2m=[0m85 [3mtotal_tokens_est[0m[2m=[0m1297 [3mmessage_count[0m[2m=[0m5
-> ollama:qwen2.5:7b :: noisy_multi_step (rep 2/5)
[2m2026-07-12T07:58:52.933387Z[0m [32m INFO[0m [1mturn[0m[1m{[0m[3msession[0m[2m=[0m57ecbffc-09e0-4d8e-8610-1986274cca92[1m}[0m[2m:[0m [2mbraze_engine::hooks[0m[2m:[0m prompt budget breakdown (PromptBudgetAuditHook) [3msystem_tokens_est[0m[2m=[0m270 [3mtools_tokens_est[0m[2m=[0m942 [3mhistory_tokens_est[0m[2m=[0m27 [3mtotal_tokens_est[0m[2m=[0m1239 [3mmessage_count[0m[2m=[0m1
[2m2026-07-12T07:58:56.342327Z[0m [32m INFO[0m [1mturn[0m[1m{[0m[3msession[0m[2m=[0m57ecbffc-09e0-4d8e-8610-1986274cca92[1m}[0m[2m:[0m [2mbraze_engine::hooks[0m[2m:[0m prompt budget breakdown (PromptBudgetAuditHook) [3msystem_tokens_est[0m[2m=[0m270 [3mtools_tokens_est[0m[2m=[0m942 [3mhistory_tokens_est[0m[2m=[0m40 [3mtotal_tokens_est[0m[2m=[0m1252 [3mmessage_count[0m[2m=[0m3
[2m2026-07-12T07:58:59.359658Z[0m [32m INFO[0m [1mturn[0m[1m{[0m[3msession[0m[2m=[0m57ecbffc-09e0-4d8e-8610-1986274cca92[1m}[0m[2m:[0m [2mbraze_engine::hooks[0m[2m:[0m prompt budget breakdown (PromptBudgetAuditHook) [3msystem_tokens_est[0m[2m=[0m270 [3mtools_tokens_est[0m[2m=[0m942 [3mhistory_tokens_est[0m[2m=[0m85 [3mtotal_tokens_est[0m[2m=[0m1297 [3mmessage_count[0m[2m=[0m5
-> ollama:qwen2.5:7b :: noisy_multi_step (rep 3/5)
[2m2026-07-12T07:59:00.774460Z[0m [32m INFO[0m [1mturn[0m[1m{[0m[3msession[0m[2m=[0mf843a99a-d932-4f66-98a4-6b8acfd0abca[1m}[0m[2m:[0m [2mbraze_engine::hooks[0m[2m:[0m prompt budget breakdown (PromptBudgetAuditHook) [3msystem_tokens_est[0m[2m=[0m270 [3mtools_tokens_est[0m[2m=[0m942 [3mhistory_tokens_est[0m[2m=[0m27 [3mtotal_tokens_est[0m[2m=[0m1239 [3mmessage_count[0m[2m=[0m1
[2m2026-07-12T07:59:04.193082Z[0m [32m INFO[0m [1mturn[0m[1m{[0m[3msession[0m[2m=[0mf843a99a-d932-4f66-98a4-6b8acfd0abca[1m}[0m[2m:[0m [2mbraze_engine::hooks[0m[2m:[0m prompt budget breakdown (PromptBudgetAuditHook) [3msystem_tokens_est[0m[2m=[0m270 [3mtools_tokens_est[0m[2m=[0m942 [3mhistory_tokens_est[0m[2m=[0m40 [3mtotal_tokens_est[0m[2m=[0m1252 [3mmessage_count[0m[2m=[0m3
[2m2026-07-12T07:59:07.323305Z[0m [32m INFO[0m [1mturn[0m[1m{[0m[3msession[0m[2m=[0mf843a99a-d932-4f66-98a4-6b8acfd0abca[1m}[0m[2m:[0m [2mbraze_engine::hooks[0m[2m:[0m prompt budget breakdown (PromptBudgetAuditHook) [3msystem_tokens_est[0m[2m=[0m270 [3mtools_tokens_est[0m[2m=[0m942 [3mhistory_tokens_est[0m[2m=[0m86 [3mtotal_tokens_est[0m[2m=[0m1298 [3mmessage_count[0m[2m=[0m5
-> ollama:qwen2.5:7b :: noisy_multi_step (rep 4/5)
[2m2026-07-12T07:59:08.973608Z[0m [32m INFO[0m [1mturn[0m[1m{[0m[3msession[0m[2m=[0m0a909c56-12f1-427e-9caa-30082dab7100[1m}[0m[2m:[0m [2mbraze_engine::hooks[0m[2m:[0m prompt budget breakdown (PromptBudgetAuditHook) [3msystem_tokens_est[0m[2m=[0m270 [3mtools_tokens_est[0m[2m=[0m942 [3mhistory_tokens_est[0m[2m=[0m27 [3mtotal_tokens_est[0m[2m=[0m1239 [3mmessage_count[0m[2m=[0m1
[2m2026-07-12T07:59:12.356113Z[0m [32m INFO[0m [1mturn[0m[1m{[0m[3msession[0m[2m=[0m0a909c56-12f1-427e-9caa-30082dab7100[1m}[0m[2m:[0m [2mbraze_engine::hooks[0m[2m:[0m prompt budget breakdown (PromptBudgetAuditHook) [3msystem_tokens_est[0m[2m=[0m270 [3mtools_tokens_est[0m[2m=[0m942 [3mhistory_tokens_est[0m[2m=[0m40 [3mtotal_tokens_est[0m[2m=[0m1252 [3mmessage_count[0m[2m=[0m3
[2m2026-07-12T07:59:15.342386Z[0m [32m INFO[0m [1mturn[0m[1m{[0m[3msession[0m[2m=[0m0a909c56-12f1-427e-9caa-30082dab7100[1m}[0m[2m:[0m [2mbraze_engine::hooks[0m[2m:[0m prompt budget breakdown (PromptBudgetAuditHook) [3msystem_tokens_est[0m[2m=[0m270 [3mtools_tokens_est[0m[2m=[0m942 [3mhistory_tokens_est[0m[2m=[0m85 [3mtotal_tokens_est[0m[2m=[0m1297 [3mmessage_count[0m[2m=[0m5
-> ollama:qwen2.5:7b :: noisy_multi_step (rep 5/5)
[2m2026-07-12T07:59:16.782963Z[0m [32m INFO[0m [1mturn[0m[1m{[0m[3msession[0m[2m=[0m51a6effe-c548-4dff-b33b-141d6e3171ac[1m}[0m[2m:[0m [2mbraze_engine::hooks[0m[2m:[0m prompt budget breakdown (PromptBudgetAuditHook) [3msystem_tokens_est[0m[2m=[0m270 [3mtools_tokens_est[0m[2m=[0m942 [3mhistory_tokens_est[0m[2m=[0m27 [3mtotal_tokens_est[0m[2m=[0m1239 [3mmessage_count[0m[2m=[0m1
[2m2026-07-12T07:59:20.235403Z[0m [32m INFO[0m [1mturn[0m[1m{[0m[3msession[0m[2m=[0m51a6effe-c548-4dff-b33b-141d6e3171ac[1m}[0m[2m:[0m [2mbraze_engine::hooks[0m[2m:[0m prompt budget breakdown (PromptBudgetAuditHook) [3msystem_tokens_est[0m[2m=[0m270 [3mtools_tokens_est[0m[2m=[0m942 [3mhistory_tokens_est[0m[2m=[0m40 [3mtotal_tokens_est[0m[2m=[0m1252 [3mmessage_count[0m[2m=[0m3
[2m2026-07-12T07:59:23.263239Z[0m [32m INFO[0m [1mturn[0m[1m{[0m[3msession[0m[2m=[0m51a6effe-c548-4dff-b33b-141d6e3171ac[1m}[0m[2m:[0m [2mbraze_engine::hooks[0m[2m:[0m prompt budget breakdown (PromptBudgetAuditHook) [3msystem_tokens_est[0m[2m=[0m270 [3mtools_tokens_est[0m[2m=[0m942 [3mhistory_tokens_est[0m[2m=[0m85 [3mtotal_tokens_est[0m[2m=[0m1297 [3mmessage_count[0m[2m=[0m5
-> ollama:qwen2.5:7b :: noisy_distractor (rep 1/5)
[2m2026-07-12T07:59:24.716494Z[0m [32m INFO[0m [1mturn[0m[1m{[0m[3msession[0m[2m=[0m17c72150-2a8d-4331-9207-f2a1fcd2ba00[1m}[0m[2m:[0m [2mbraze_engine::hooks[0m[2m:[0m prompt budget breakdown (PromptBudgetAuditHook) [3msystem_tokens_est[0m[2m=[0m270 [3mtools_tokens_est[0m[2m=[0m942 [3mhistory_tokens_est[0m[2m=[0m27 [3mtotal_tokens_est[0m[2m=[0m1239 [3mmessage_count[0m[2m=[0m1
[2m2026-07-12T07:59:27.156843Z[0m [32m INFO[0m [1mturn[0m[1m{[0m[3msession[0m[2m=[0m17c72150-2a8d-4331-9207-f2a1fcd2ba00[1m}[0m[2m:[0m [2mbraze_engine::hooks[0m[2m:[0m prompt budget breakdown (PromptBudgetAuditHook) [3msystem_tokens_est[0m[2m=[0m270 [3mtools_tokens_est[0m[2m=[0m942 [3mhistory_tokens_est[0m[2m=[0m41 [3mtotal_tokens_est[0m[2m=[0m1253 [3mmessage_count[0m[2m=[0m3
-> ollama:qwen2.5:7b :: noisy_distractor (rep 2/5)
[2m2026-07-12T07:59:28.075671Z[0m [32m INFO[0m [1mturn[0m[1m{[0m[3msession[0m[2m=[0m4ed83d72-4e70-4652-bb9d-d9280e61f38e[1m}[0m[2m:[0m [2mbraze_engine::hooks[0m[2m:[0m prompt budget breakdown (PromptBudgetAuditHook) [3msystem_tokens_est[0m[2m=[0m270 [3mtools_tokens_est[0m[2m=[0m942 [3mhistory_tokens_est[0m[2m=[0m27 [3mtotal_tokens_est[0m[2m=[0m1239 [3mmessage_count[0m[2m=[0m1
[2m2026-07-12T07:59:30.475678Z[0m [32m INFO[0m [1mturn[0m[1m{[0m[3msession[0m[2m=[0m4ed83d72-4e70-4652-bb9d-d9280e61f38e[1m}[0m[2m:[0m [2mbraze_engine::hooks[0m[2m:[0m prompt budget breakdown (PromptBudgetAuditHook) [3msystem_tokens_est[0m[2m=[0m270 [3mtools_tokens_est[0m[2m=[0m942 [3mhistory_tokens_est[0m[2m=[0m41 [3mtotal_tokens_est[0m[2m=[0m1253 [3mmessage_count[0m[2m=[0m3
-> ollama:qwen2.5:7b :: noisy_distractor (rep 3/5)
[2m2026-07-12T07:59:32.674498Z[0m [32m INFO[0m [1mturn[0m[1m{[0m[3msession[0m[2m=[0m57ff7ca6-c2ea-404d-a12e-79cca078f40b[1m}[0m[2m:[0m [2mbraze_engine::hooks[0m[2m:[0m prompt budget breakdown (PromptBudgetAuditHook) [3msystem_tokens_est[0m[2m=[0m270 [3mtools_tokens_est[0m[2m=[0m942 [3mhistory_tokens_est[0m[2m=[0m27 [3mtotal_tokens_est[0m[2m=[0m1239 [3mmessage_count[0m[2m=[0m1
[2m2026-07-12T07:59:35.104433Z[0m [32m INFO[0m [1mturn[0m[1m{[0m[3msession[0m[2m=[0m57ff7ca6-c2ea-404d-a12e-79cca078f40b[1m}[0m[2m:[0m [2mbraze_engine::hooks[0m[2m:[0m prompt budget breakdown (PromptBudgetAuditHook) [3msystem_tokens_est[0m[2m=[0m270 [3mtools_tokens_est[0m[2m=[0m942 [3mhistory_tokens_est[0m[2m=[0m41 [3mtotal_tokens_est[0m[2m=[0m1253 [3mmessage_count[0m[2m=[0m3
-> ollama:qwen2.5:7b :: noisy_distractor (rep 4/5)
[2m2026-07-12T07:59:36.008626Z[0m [32m INFO[0m [1mturn[0m[1m{[0m[3msession[0m[2m=[0ma7d8f264-3f13-4867-9252-77f0c4f38557[1m}[0m[2m:[0m [2mbraze_engine::hooks[0m[2m:[0m prompt budget breakdown (PromptBudgetAuditHook) [3msystem_tokens_est[0m[2m=[0m270 [3mtools_tokens_est[0m[2m=[0m942 [3mhistory_tokens_est[0m[2m=[0m27 [3mtotal_tokens_est[0m[2m=[0m1239 [3mmessage_count[0m[2m=[0m1
[2m2026-07-12T07:59:38.444361Z[0m [32m INFO[0m [1mturn[0m[1m{[0m[3msession[0m[2m=[0ma7d8f264-3f13-4867-9252-77f0c4f38557[1m}[0m[2m:[0m [2mbraze_engine::hooks[0m[2m:[0m prompt budget breakdown (PromptBudgetAuditHook) [3msystem_tokens_est[0m[2m=[0m270 [3mtools_tokens_est[0m[2m=[0m942 [3mhistory_tokens_est[0m[2m=[0m41 [3mtotal_tokens_est[0m[2m=[0m1253 [3mmessage_count[0m[2m=[0m3
-> ollama:qwen2.5:7b :: noisy_distractor (rep 5/5)
[2m2026-07-12T07:59:39.356099Z[0m [32m INFO[0m [1mturn[0m[1m{[0m[3msession[0m[2m=[0m7eceb798-938f-4037-9082-def306b223ec[1m}[0m[2m:[0m [2mbraze_engine::hooks[0m[2m:[0m prompt budget breakdown (PromptBudgetAuditHook) [3msystem_tokens_est[0m[2m=[0m270 [3mtools_tokens_est[0m[2m=[0m942 [3mhistory_tokens_est[0m[2m=[0m27 [3mtotal_tokens_est[0m[2m=[0m1239 [3mmessage_count[0m[2m=[0m1
[2m2026-07-12T07:59:41.723292Z[0m [32m INFO[0m [1mturn[0m[1m{[0m[3msession[0m[2m=[0m7eceb798-938f-4037-9082-def306b223ec[1m}[0m[2m:[0m [2mbraze_engine::hooks[0m[2m:[0m prompt budget breakdown (PromptBudgetAuditHook) [3msystem_tokens_est[0m[2m=[0m270 [3mtools_tokens_est[0m[2m=[0m942 [3mhistory_tokens_est[0m[2m=[0m41 [3mtotal_tokens_est[0m[2m=[0m1253 [3mmessage_count[0m[2m=[0m3
-> ollama:qwen2.5:7b+ablate:tool-search-threshold=1000000 :: noisy_read_file (rep 1/5)
[2m2026-07-12T07:59:46.601975Z[0m [32m INFO[0m [1mturn[0m[1m{[0m[3msession[0m[2m=[0mc01499a2-e3a1-423f-9415-58c570ae8dc9[1m}[0m[2m:[0m [2mbraze_engine::hooks[0m[2m:[0m prompt budget breakdown (PromptBudgetAuditHook) [3msystem_tokens_est[0m[2m=[0m269 [3mtools_tokens_est[0m[2m=[0m3674 [3mhistory_tokens_est[0m[2m=[0m19 [3mtotal_tokens_est[0m[2m=[0m3963 [3mmessage_count[0m[2m=[0m1
[2m2026-07-12T08:00:00.854583Z[0m [32m INFO[0m [1mturn[0m[1m{[0m[3msession[0m[2m=[0mc01499a2-e3a1-423f-9415-58c570ae8dc9[1m}[0m[2m:[0m [2mbraze_engine::hooks[0m[2m:[0m prompt budget breakdown (PromptBudgetAuditHook) [3msystem_tokens_est[0m[2m=[0m269 [3mtools_tokens_est[0m[2m=[0m3674 [3mhistory_tokens_est[0m[2m=[0m34 [3mtotal_tokens_est[0m[2m=[0m3979 [3mmessage_count[0m[2m=[0m3
-> ollama:qwen2.5:7b+ablate:tool-search-threshold=1000000 :: noisy_read_file (rep 2/5)
[2m2026-07-12T08:00:02.109453Z[0m [32m INFO[0m [1mturn[0m[1m{[0m[3msession[0m[2m=[0m91ff1e7e-76fd-44cf-96c2-c0516a3a6c96[1m}[0m[2m:[0m [2mbraze_engine::hooks[0m[2m:[0m prompt budget breakdown (PromptBudgetAuditHook) [3msystem_tokens_est[0m[2m=[0m269 [3mtools_tokens_est[0m[2m=[0m3674 [3mhistory_tokens_est[0m[2m=[0m19 [3mtotal_tokens_est[0m[2m=[0m3963 [3mmessage_count[0m[2m=[0m1
[2m2026-07-12T08:00:11.549145Z[0m [32m INFO[0m [1mturn[0m[1m{[0m[3msession[0m[2m=[0m91ff1e7e-76fd-44cf-96c2-c0516a3a6c96[1m}[0m[2m:[0m [2mbraze_engine::hooks[0m[2m:[0m prompt budget breakdown (PromptBudgetAuditHook) [3msystem_tokens_est[0m[2m=[0m269 [3mtools_tokens_est[0m[2m=[0m3674 [3mhistory_tokens_est[0m[2m=[0m34 [3mtotal_tokens_est[0m[2m=[0m3979 [3mmessage_count[0m[2m=[0m3
-> ollama:qwen2.5:7b+ablate:tool-search-threshold=1000000 :: noisy_read_file (rep 3/5)
[2m2026-07-12T08:00:12.854191Z[0m [32m INFO[0m [1mturn[0m[1m{[0m[3msession[0m[2m=[0m74f41033-d77a-4ca3-8769-9ed63c083ffa[1m}[0m[2m:[0m [2mbraze_engine::hooks[0m[2m:[0m prompt budget breakdown (PromptBudgetAuditHook) [3msystem_tokens_est[0m[2m=[0m269 [3mtools_tokens_est[0m[2m=[0m3674 [3mhistory_tokens_est[0m[2m=[0m19 [3mtotal_tokens_est[0m[2m=[0m3963 [3mmessage_count[0m[2m=[0m1
[2m2026-07-12T08:00:22.273712Z[0m [32m INFO[0m [1mturn[0m[1m{[0m[3msession[0m[2m=[0m74f41033-d77a-4ca3-8769-9ed63c083ffa[1m}[0m[2m:[0m [2mbraze_engine::hooks[0m[2m:[0m prompt budget breakdown (PromptBudgetAuditHook) [3msystem_tokens_est[0m[2m=[0m269 [3mtools_tokens_est[0m[2m=[0m3674 [3mhistory_tokens_est[0m[2m=[0m34 [3mtotal_tokens_est[0m[2m=[0m3978 [3mmessage_count[0m[2m=[0m3
-> ollama:qwen2.5:7b+ablate:tool-search-threshold=1000000 :: noisy_read_file (rep 4/5)
[2m2026-07-12T08:00:23.338448Z[0m [32m INFO[0m [1mturn[0m[1m{[0m[3msession[0m[2m=[0m92217894-adca-48f0-96ea-dde09f575cbf[1m}[0m[2m:[0m [2mbraze_engine::hooks[0m[2m:[0m prompt budget breakdown (PromptBudgetAuditHook) [3msystem_tokens_est[0m[2m=[0m269 [3mtools_tokens_est[0m[2m=[0m3674 [3mhistory_tokens_est[0m[2m=[0m19 [3mtotal_tokens_est[0m[2m=[0m3963 [3mmessage_count[0m[2m=[0m1
[2m2026-07-12T08:00:32.874979Z[0m [32m INFO[0m [1mturn[0m[1m{[0m[3msession[0m[2m=[0m92217894-adca-48f0-96ea-dde09f575cbf[1m}[0m[2m:[0m [2mbraze_engine::hooks[0m[2m:[0m prompt budget breakdown (PromptBudgetAuditHook) [3msystem_tokens_est[0m[2m=[0m269 [3mtools_tokens_est[0m[2m=[0m3674 [3mhistory_tokens_est[0m[2m=[0m34 [3mtotal_tokens_est[0m[2m=[0m3978 [3mmessage_count[0m[2m=[0m3
-> ollama:qwen2.5:7b+ablate:tool-search-threshold=1000000 :: noisy_read_file (rep 5/5)
[2m2026-07-12T08:00:33.924554Z[0m [32m INFO[0m [1mturn[0m[1m{[0m[3msession[0m[2m=[0m0d49fc66-0f0f-4194-bc0e-776384c9c4b8[1m}[0m[2m:[0m [2mbraze_engine::hooks[0m[2m:[0m prompt budget breakdown (PromptBudgetAuditHook) [3msystem_tokens_est[0m[2m=[0m269 [3mtools_tokens_est[0m[2m=[0m3674 [3mhistory_tokens_est[0m[2m=[0m19 [3mtotal_tokens_est[0m[2m=[0m3963 [3mmessage_count[0m[2m=[0m1
[2m2026-07-12T08:00:43.483692Z[0m [32m INFO[0m [1mturn[0m[1m{[0m[3msession[0m[2m=[0m0d49fc66-0f0f-4194-bc0e-776384c9c4b8[1m}[0m[2m:[0m [2mbraze_engine::hooks[0m[2m:[0m prompt budget breakdown (PromptBudgetAuditHook) [3msystem_tokens_est[0m[2m=[0m269 [3mtools_tokens_est[0m[2m=[0m3674 [3mhistory_tokens_est[0m[2m=[0m34 [3mtotal_tokens_est[0m[2m=[0m3978 [3mmessage_count[0m[2m=[0m3
-> ollama:qwen2.5:7b+ablate:tool-search-threshold=1000000 :: noisy_grep (rep 1/5)
[2m2026-07-12T08:00:44.555602Z[0m [32m INFO[0m [1mturn[0m[1m{[0m[3msession[0m[2m=[0m8b7ff309-3de6-4849-9684-7284cf6a4c1e[1m}[0m[2m:[0m [2mbraze_engine::hooks[0m[2m:[0m prompt budget breakdown (PromptBudgetAuditHook) [3msystem_tokens_est[0m[2m=[0m268 [3mtools_tokens_est[0m[2m=[0m3674 [3mhistory_tokens_est[0m[2m=[0m19 [3mtotal_tokens_est[0m[2m=[0m3962 [3mmessage_count[0m[2m=[0m1
[2m2026-07-12T08:00:54.199481Z[0m [32m INFO[0m [1mturn[0m[1m{[0m[3msession[0m[2m=[0m8b7ff309-3de6-4849-9684-7284cf6a4c1e[1m}[0m[2m:[0m [2mbraze_engine::hooks[0m[2m:[0m prompt budget breakdown (PromptBudgetAuditHook) [3msystem_tokens_est[0m[2m=[0m268 [3mtools_tokens_est[0m[2m=[0m3674 [3mhistory_tokens_est[0m[2m=[0m36 [3mtotal_tokens_est[0m[2m=[0m3979 [3mmessage_count[0m[2m=[0m3
-> ollama:qwen2.5:7b+ablate:tool-search-threshold=1000000 :: noisy_grep (rep 2/5)
[2m2026-07-12T08:00:55.633265Z[0m [32m INFO[0m [1mturn[0m[1m{[0m[3msession[0m[2m=[0mf95af06a-6f44-4cfa-beda-976565d08126[1m}[0m[2m:[0m [2mbraze_engine::hooks[0m[2m:[0m prompt budget breakdown (PromptBudgetAuditHook) [3msystem_tokens_est[0m[2m=[0m268 [3mtools_tokens_est[0m[2m=[0m3674 [3mhistory_tokens_est[0m[2m=[0m19 [3mtotal_tokens_est[0m[2m=[0m3962 [3mmessage_count[0m[2m=[0m1
[2m2026-07-12T08:01:05.441564Z[0m [32m INFO[0m [1mturn[0m[1m{[0m[3msession[0m[2m=[0mf95af06a-6f44-4cfa-beda-976565d08126[1m}[0m[2m:[0m [2mbraze_engine::hooks[0m[2m:[0m prompt budget breakdown (PromptBudgetAuditHook) [3msystem_tokens_est[0m[2m=[0m268 [3mtools_tokens_est[0m[2m=[0m3674 [3mhistory_tokens_est[0m[2m=[0m36 [3mtotal_tokens_est[0m[2m=[0m3979 [3mmessage_count[0m[2m=[0m3
-> ollama:qwen2.5:7b+ablate:tool-search-threshold=1000000 :: noisy_grep (rep 3/5)
[2m2026-07-12T08:01:06.803211Z[0m [32m INFO[0m [1mturn[0m[1m{[0m[3msession[0m[2m=[0mdb3394c1-7976-4431-9b86-f3f6832ab640[1m}[0m[2m:[0m [2mbraze_engine::hooks[0m[2m:[0m prompt budget breakdown (PromptBudgetAuditHook) [3msystem_tokens_est[0m[2m=[0m268 [3mtools_tokens_est[0m[2m=[0m3674 [3mhistory_tokens_est[0m[2m=[0m19 [3mtotal_tokens_est[0m[2m=[0m3962 [3mmessage_count[0m[2m=[0m1
[2m2026-07-12T08:01:16.426644Z[0m [32m INFO[0m [1mturn[0m[1m{[0m[3msession[0m[2m=[0mdb3394c1-7976-4431-9b86-f3f6832ab640[1m}[0m[2m:[0m [2mbraze_engine::hooks[0m[2m:[0m prompt budget breakdown (PromptBudgetAuditHook) [3msystem_tokens_est[0m[2m=[0m268 [3mtools_tokens_est[0m[2m=[0m3674 [3mhistory_tokens_est[0m[2m=[0m36 [3mtotal_tokens_est[0m[2m=[0m3979 [3mmessage_count[0m[2m=[0m3
-> ollama:qwen2.5:7b+ablate:tool-search-threshold=1000000 :: noisy_grep (rep 4/5)
[2m2026-07-12T08:01:17.865119Z[0m [32m INFO[0m [1mturn[0m[1m{[0m[3msession[0m[2m=[0m570c3166-838e-4e73-a892-db41851cf92a[1m}[0m[2m:[0m [2mbraze_engine::hooks[0m[2m:[0m prompt budget breakdown (PromptBudgetAuditHook) [3msystem_tokens_est[0m[2m=[0m268 [3mtools_tokens_est[0m[2m=[0m3674 [3mhistory_tokens_est[0m[2m=[0m19 [3mtotal_tokens_est[0m[2m=[0m3962 [3mmessage_count[0m[2m=[0m1
[2m2026-07-12T08:01:27.494725Z[0m [32m INFO[0m [1mturn[0m[1m{[0m[3msession[0m[2m=[0m570c3166-838e-4e73-a892-db41851cf92a[1m}[0m[2m:[0m [2mbraze_engine::hooks[0m[2m:[0m prompt budget breakdown (PromptBudgetAuditHook) [3msystem_tokens_est[0m[2m=[0m268 [3mtools_tokens_est[0m[2m=[0m3674 [3mhistory_tokens_est[0m[2m=[0m36 [3mtotal_tokens_est[0m[2m=[0m3979 [3mmessage_count[0m[2m=[0m3
-> ollama:qwen2.5:7b+ablate:tool-search-threshold=1000000 :: noisy_grep (rep 5/5)
[2m2026-07-12T08:01:28.903706Z[0m [32m INFO[0m [1mturn[0m[1m{[0m[3msession[0m[2m=[0mdfb53f0e-b868-4b08-a87b-540473d69260[1m}[0m[2m:[0m [2mbraze_engine::hooks[0m[2m:[0m prompt budget breakdown (PromptBudgetAuditHook) [3msystem_tokens_est[0m[2m=[0m268 [3mtools_tokens_est[0m[2m=[0m3674 [3mhistory_tokens_est[0m[2m=[0m19 [3mtotal_tokens_est[0m[2m=[0m3962 [3mmessage_count[0m[2m=[0m1
[2m2026-07-12T08:01:38.494767Z[0m [32m INFO[0m [1mturn[0m[1m{[0m[3msession[0m[2m=[0mdfb53f0e-b868-4b08-a87b-540473d69260[1m}[0m[2m:[0m [2mbraze_engine::hooks[0m[2m:[0m prompt budget breakdown (PromptBudgetAuditHook) [3msystem_tokens_est[0m[2m=[0m268 [3mtools_tokens_est[0m[2m=[0m3674 [3mhistory_tokens_est[0m[2m=[0m36 [3mtotal_tokens_est[0m[2m=[0m3979 [3mmessage_count[0m[2m=[0m3
-> ollama:qwen2.5:7b+ablate:tool-search-threshold=1000000 :: noisy_write_file (rep 1/5)
[2m2026-07-12T08:01:39.939977Z[0m [32m INFO[0m [1mturn[0m[1m{[0m[3msession[0m[2m=[0m9f0c8659-5b85-4872-987f-5c0916b657bf[1m}[0m[2m:[0m [2mbraze_engine::hooks[0m[2m:[0m prompt budget breakdown (PromptBudgetAuditHook) [3msystem_tokens_est[0m[2m=[0m270 [3mtools_tokens_est[0m[2m=[0m3674 [3mhistory_tokens_est[0m[2m=[0m19 [3mtotal_tokens_est[0m[2m=[0m3964 [3mmessage_count[0m[2m=[0m1
[2m2026-07-12T08:01:50.184015Z[0m [32m INFO[0m [1mturn[0m[1m{[0m[3msession[0m[2m=[0m9f0c8659-5b85-4872-987f-5c0916b657bf[1m}[0m[2m:[0m [2mbraze_engine::hooks[0m[2m:[0m prompt budget breakdown (PromptBudgetAuditHook) [3msystem_tokens_est[0m[2m=[0m270 [3mtools_tokens_est[0m[2m=[0m3674 [3mhistory_tokens_est[0m[2m=[0m57 [3mtotal_tokens_est[0m[2m=[0m4002 [3mmessage_count[0m[2m=[0m3
-> ollama:qwen2.5:7b+ablate:tool-search-threshold=1000000 :: noisy_write_file (rep 2/5)
[2m2026-07-12T08:01:51.885956Z[0m [32m INFO[0m [1mturn[0m[1m{[0m[3msession[0m[2m=[0mdf377c7c-e982-42e3-8682-cc75c92b5967[1m}[0m[2m:[0m [2mbraze_engine::hooks[0m[2m:[0m prompt budget breakdown (PromptBudgetAuditHook) [3msystem_tokens_est[0m[2m=[0m270 [3mtools_tokens_est[0m[2m=[0m3674 [3mhistory_tokens_est[0m[2m=[0m19 [3mtotal_tokens_est[0m[2m=[0m3964 [3mmessage_count[0m[2m=[0m1
[2m2026-07-12T08:02:02.148883Z[0m [32m INFO[0m [1mturn[0m[1m{[0m[3msession[0m[2m=[0mdf377c7c-e982-42e3-8682-cc75c92b5967[1m}[0m[2m:[0m [2mbraze_engine::hooks[0m[2m:[0m prompt budget breakdown (PromptBudgetAuditHook) [3msystem_tokens_est[0m[2m=[0m270 [3mtools_tokens_est[0m[2m=[0m3674 [3mhistory_tokens_est[0m[2m=[0m57 [3mtotal_tokens_est[0m[2m=[0m4002 [3mmessage_count[0m[2m=[0m3
-> ollama:qwen2.5:7b+ablate:tool-search-threshold=1000000 :: noisy_write_file (rep 3/5)
[2m2026-07-12T08:02:03.795006Z[0m [32m INFO[0m [1mturn[0m[1m{[0m[3msession[0m[2m=[0m8950c066-0431-4601-8f6a-cfeba69a56f8[1m}[0m[2m:[0m [2mbraze_engine::hooks[0m[2m:[0m prompt budget breakdown (PromptBudgetAuditHook) [3msystem_tokens_est[0m[2m=[0m270 [3mtools_tokens_est[0m[2m=[0m3674 [3mhistory_tokens_est[0m[2m=[0m19 [3mtotal_tokens_est[0m[2m=[0m3964 [3mmessage_count[0m[2m=[0m1
[2m2026-07-12T08:02:14.150467Z[0m [32m INFO[0m [1mturn[0m[1m{[0m[3msession[0m[2m=[0m8950c066-0431-4601-8f6a-cfeba69a56f8[1m}[0m[2m:[0m [2mbraze_engine::hooks[0m[2m:[0m prompt budget breakdown (PromptBudgetAuditHook) [3msystem_tokens_est[0m[2m=[0m270 [3mtools_tokens_est[0m[2m=[0m3674 [3mhistory_tokens_est[0m[2m=[0m57 [3mtotal_tokens_est[0m[2m=[0m4002 [3mmessage_count[0m[2m=[0m3
-> ollama:qwen2.5:7b+ablate:tool-search-threshold=1000000 :: noisy_write_file (rep 4/5)
[2m2026-07-12T08:02:15.822310Z[0m [32m INFO[0m [1mturn[0m[1m{[0m[3msession[0m[2m=[0m3ac3f00f-4963-463d-a9e9-eaeecdfa1ec4[1m}[0m[2m:[0m [2mbraze_engine::hooks[0m[2m:[0m prompt budget breakdown (PromptBudgetAuditHook) [3msystem_tokens_est[0m[2m=[0m270 [3mtools_tokens_est[0m[2m=[0m3674 [3mhistory_tokens_est[0m[2m=[0m19 [3mtotal_tokens_est[0m[2m=[0m3964 [3mmessage_count[0m[2m=[0m1
[2m2026-07-12T08:02:26.087108Z[0m [32m INFO[0m [1mturn[0m[1m{[0m[3msession[0m[2m=[0m3ac3f00f-4963-463d-a9e9-eaeecdfa1ec4[1m}[0m[2m:[0m [2mbraze_engine::hooks[0m[2m:[0m prompt budget breakdown (PromptBudgetAuditHook) [3msystem_tokens_est[0m[2m=[0m270 [3mtools_tokens_est[0m[2m=[0m3674 [3mhistory_tokens_est[0m[2m=[0m57 [3mtotal_tokens_est[0m[2m=[0m4002 [3mmessage_count[0m[2m=[0m3
-> ollama:qwen2.5:7b+ablate:tool-search-threshold=1000000 :: noisy_write_file (rep 5/5)
[2m2026-07-12T08:02:27.755261Z[0m [32m INFO[0m [1mturn[0m[1m{[0m[3msession[0m[2m=[0m4d89387a-c1a8-43af-b6f4-a1d215be0c2a[1m}[0m[2m:[0m [2mbraze_engine::hooks[0m[2m:[0m prompt budget breakdown (PromptBudgetAuditHook) [3msystem_tokens_est[0m[2m=[0m270 [3mtools_tokens_est[0m[2m=[0m3674 [3mhistory_tokens_est[0m[2m=[0m19 [3mtotal_tokens_est[0m[2m=[0m3964 [3mmessage_count[0m[2m=[0m1
[2m2026-07-12T08:02:38.090061Z[0m [32m INFO[0m [1mturn[0m[1m{[0m[3msession[0m[2m=[0m4d89387a-c1a8-43af-b6f4-a1d215be0c2a[1m}[0m[2m:[0m [2mbraze_engine::hooks[0m[2m:[0m prompt budget breakdown (PromptBudgetAuditHook) [3msystem_tokens_est[0m[2m=[0m270 [3mtools_tokens_est[0m[2m=[0m3674 [3mhistory_tokens_est[0m[2m=[0m57 [3mtotal_tokens_est[0m[2m=[0m4002 [3mmessage_count[0m[2m=[0m3
-> ollama:qwen2.5:7b+ablate:tool-search-threshold=1000000 :: noisy_no_tool (rep 1/5)
[2m2026-07-12T08:02:39.708467Z[0m [32m INFO[0m [1mturn[0m[1m{[0m[3msession[0m[2m=[0m4925f806-9f86-4003-a416-fbb28ab7ae7b[1m}[0m[2m:[0m [2mbraze_engine::hooks[0m[2m:[0m prompt budget breakdown (PromptBudgetAuditHook) [3msystem_tokens_est[0m[2m=[0m269 [3mtools_tokens_est[0m[2m=[0m3674 [3mhistory_tokens_est[0m[2m=[0m11 [3mtotal_tokens_est[0m[2m=[0m3956 [3mmessage_count[0m[2m=[0m1
-> ollama:qwen2.5:7b+ablate:tool-search-threshold=1000000 :: noisy_no_tool (rep 2/5)
[2m2026-07-12T08:02:48.092651Z[0m [32m INFO[0m [1mturn[0m[1m{[0m[3msession[0m[2m=[0mc6966304-d490-43cd-9762-1521e618ea9f[1m}[0m[2m:[0m [2mbraze_engine::hooks[0m[2m:[0m prompt budget breakdown (PromptBudgetAuditHook) [3msystem_tokens_est[0m[2m=[0m269 [3mtools_tokens_est[0m[2m=[0m3674 [3mhistory_tokens_est[0m[2m=[0m11 [3mtotal_tokens_est[0m[2m=[0m3956 [3mmessage_count[0m[2m=[0m1
-> ollama:qwen2.5:7b+ablate:tool-search-threshold=1000000 :: noisy_no_tool (rep 3/5)
[2m2026-07-12T08:02:56.529528Z[0m [32m INFO[0m [1mturn[0m[1m{[0m[3msession[0m[2m=[0m12250d3d-70cb-4510-97d2-0988116bb197[1m}[0m[2m:[0m [2mbraze_engine::hooks[0m[2m:[0m prompt budget breakdown (PromptBudgetAuditHook) [3msystem_tokens_est[0m[2m=[0m269 [3mtools_tokens_est[0m[2m=[0m3674 [3mhistory_tokens_est[0m[2m=[0m11 [3mtotal_tokens_est[0m[2m=[0m3956 [3mmessage_count[0m[2m=[0m1
-> ollama:qwen2.5:7b+ablate:tool-search-threshold=1000000 :: noisy_no_tool (rep 4/5)
[2m2026-07-12T08:03:05.026629Z[0m [32m INFO[0m [1mturn[0m[1m{[0m[3msession[0m[2m=[0m1e767f32-1321-4f3a-8513-d3e4ab6bced1[1m}[0m[2m:[0m [2mbraze_engine::hooks[0m[2m:[0m prompt budget breakdown (PromptBudgetAuditHook) [3msystem_tokens_est[0m[2m=[0m269 [3mtools_tokens_est[0m[2m=[0m3674 [3mhistory_tokens_est[0m[2m=[0m11 [3mtotal_tokens_est[0m[2m=[0m3956 [3mmessage_count[0m[2m=[0m1
-> ollama:qwen2.5:7b+ablate:tool-search-threshold=1000000 :: noisy_no_tool (rep 5/5)
[2m2026-07-12T08:03:13.444874Z[0m [32m INFO[0m [1mturn[0m[1m{[0m[3msession[0m[2m=[0m3e156fdb-2a38-4729-bf00-294b8d40c075[1m}[0m[2m:[0m [2mbraze_engine::hooks[0m[2m:[0m prompt budget breakdown (PromptBudgetAuditHook) [3msystem_tokens_est[0m[2m=[0m269 [3mtools_tokens_est[0m[2m=[0m3674 [3mhistory_tokens_est[0m[2m=[0m11 [3mtotal_tokens_est[0m[2m=[0m3956 [3mmessage_count[0m[2m=[0m1
-> ollama:qwen2.5:7b+ablate:tool-search-threshold=1000000 :: noisy_multi_step (rep 1/5)
[2m2026-07-12T08:03:22.141535Z[0m [32m INFO[0m [1mturn[0m[1m{[0m[3msession[0m[2m=[0mf7354f4e-e10f-488c-9f5e-14b9d72fcd01[1m}[0m[2m:[0m [2mbraze_engine::hooks[0m[2m:[0m prompt budget breakdown (PromptBudgetAuditHook) [3msystem_tokens_est[0m[2m=[0m270 [3mtools_tokens_est[0m[2m=[0m3674 [3mhistory_tokens_est[0m[2m=[0m27 [3mtotal_tokens_est[0m[2m=[0m3972 [3mmessage_count[0m[2m=[0m1
[2m2026-07-12T08:03:33.200314Z[0m [33m WARN[0m [1mturn[0m[1m{[0m[3msession[0m[2m=[0mf7354f4e-e10f-488c-9f5e-14b9d72fcd01[1m}[0m[2m:[0m [2mbraze_engine::engine[0m[2m:[0m context compaction triggered [3mtactical_len[0m[2m=[0m8 [3mtactical_compaction_threshold[0m[2m=[0m40 [3mover_event_count_threshold[0m[2m=[0mfalse [3mover_token_budget[0m[2m=[0mtrue
[2m2026-07-12T08:03:33.205263Z[0m [32m INFO[0m [1mturn[0m[1m{[0m[3msession[0m[2m=[0mf7354f4e-e10f-488c-9f5e-14b9d72fcd01[1m}[0m[2m:[0m [2mbraze_engine::hooks[0m[2m:[0m prompt budget breakdown (PromptBudgetAuditHook) [3msystem_tokens_est[0m[2m=[0m270 [3mtools_tokens_est[0m[2m=[0m3674 [3mhistory_tokens_est[0m[2m=[0m98 [3mtotal_tokens_est[0m[2m=[0m4043 [3mmessage_count[0m[2m=[0m3
[2m2026-07-12T08:03:35.664858Z[0m [33m WARN[0m [1mturn[0m[1m{[0m[3msession[0m[2m=[0mf7354f4e-e10f-488c-9f5e-14b9d72fcd01[1m}[0m[2m:[0m [2mbraze_engine::engine[0m[2m:[0m context compaction triggered [3mtactical_len[0m[2m=[0m13 [3mtactical_compaction_threshold[0m[2m=[0m40 [3mover_event_count_threshold[0m[2m=[0mfalse [3mover_token_budget[0m[2m=[0mtrue
[2m2026-07-12T08:03:35.668728Z[0m [32m INFO[0m [1mturn[0m[1m{[0m[3msession[0m[2m=[0mf7354f4e-e10f-488c-9f5e-14b9d72fcd01[1m}[0m[2m:[0m [2mbraze_engine::hooks[0m[2m:[0m prompt budget breakdown (PromptBudgetAuditHook) [3msystem_tokens_est[0m[2m=[0m270 [3mtools_tokens_est[0m[2m=[0m3674 [3mhistory_tokens_est[0m[2m=[0m211 [3mtotal_tokens_est[0m[2m=[0m4156 [3mmessage_count[0m[2m=[0m5
-> ollama:qwen2.5:7b+ablate:tool-search-threshold=1000000 :: noisy_multi_step (rep 2/5)
[2m2026-07-12T08:03:39.264449Z[0m [32m INFO[0m [1mturn[0m[1m{[0m[3msession[0m[2m=[0mb54abba0-e8ca-4984-9029-f209440dd417[1m}[0m[2m:[0m [2mbraze_engine::hooks[0m[2m:[0m prompt budget breakdown (PromptBudgetAuditHook) [3msystem_tokens_est[0m[2m=[0m270 [3mtools_tokens_est[0m[2m=[0m3674 [3mhistory_tokens_est[0m[2m=[0m27 [3mtotal_tokens_est[0m[2m=[0m3972 [3mmessage_count[0m[2m=[0m1
[2m2026-07-12T08:03:50.231286Z[0m [33m WARN[0m [1mturn[0m[1m{[0m[3msession[0m[2m=[0mb54abba0-e8ca-4984-9029-f209440dd417[1m}[0m[2m:[0m [2mbraze_engine::engine[0m[2m:[0m context compaction triggered [3mtactical_len[0m[2m=[0m8 [3mtactical_compaction_threshold[0m[2m=[0m40 [3mover_event_count_threshold[0m[2m=[0mfalse [3mover_token_budget[0m[2m=[0mtrue
[2m2026-07-12T08:03:50.235613Z[0m [32m INFO[0m [1mturn[0m[1m{[0m[3msession[0m[2m=[0mb54abba0-e8ca-4984-9029-f209440dd417[1m}[0m[2m:[0m [2mbraze_engine::hooks[0m[2m:[0m prompt budget breakdown (PromptBudgetAuditHook) [3msystem_tokens_est[0m[2m=[0m270 [3mtools_tokens_est[0m[2m=[0m3674 [3mhistory_tokens_est[0m[2m=[0m98 [3mtotal_tokens_est[0m[2m=[0m4043 [3mmessage_count[0m[2m=[0m3
[2m2026-07-12T08:03:52.574196Z[0m [33m WARN[0m [1mturn[0m[1m{[0m[3msession[0m[2m=[0mb54abba0-e8ca-4984-9029-f209440dd417[1m}[0m[2m:[0m [2mbraze_engine::engine[0m[2m:[0m context compaction triggered [3mtactical_len[0m[2m=[0m13 [3mtactical_compaction_threshold[0m[2m=[0m40 [3mover_event_count_threshold[0m[2m=[0mfalse [3mover_token_budget[0m[2m=[0mtrue
[2m2026-07-12T08:03:52.577608Z[0m [32m INFO[0m [1mturn[0m[1m{[0m[3msession[0m[2m=[0mb54abba0-e8ca-4984-9029-f209440dd417[1m}[0m[2m:[0m [2mbraze_engine::hooks[0m[2m:[0m prompt budget breakdown (PromptBudgetAuditHook) [3msystem_tokens_est[0m[2m=[0m270 [3mtools_tokens_est[0m[2m=[0m3674 [3mhistory_tokens_est[0m[2m=[0m211 [3mtotal_tokens_est[0m[2m=[0m4156 [3mmessage_count[0m[2m=[0m5
-> ollama:qwen2.5:7b+ablate:tool-search-threshold=1000000 :: noisy_multi_step (rep 3/5)
[2m2026-07-12T08:03:56.246410Z[0m [32m INFO[0m [1mturn[0m[1m{[0m[3msession[0m[2m=[0m49fd6c02-9176-4a47-814a-d9393453098a[1m}[0m[2m:[0m [2mbraze_engine::hooks[0m[2m:[0m prompt budget breakdown (PromptBudgetAuditHook) [3msystem_tokens_est[0m[2m=[0m270 [3mtools_tokens_est[0m[2m=[0m3674 [3mhistory_tokens_est[0m[2m=[0m27 [3mtotal_tokens_est[0m[2m=[0m3972 [3mmessage_count[0m[2m=[0m1
[2m2026-07-12T08:04:07.315388Z[0m [33m WARN[0m [1mturn[0m[1m{[0m[3msession[0m[2m=[0m49fd6c02-9176-4a47-814a-d9393453098a[1m}[0m[2m:[0m [2mbraze_engine::engine[0m[2m:[0m context compaction triggered [3mtactical_len[0m[2m=[0m8 [3mtactical_compaction_threshold[0m[2m=[0m40 [3mover_event_count_threshold[0m[2m=[0mfalse [3mover_token_budget[0m[2m=[0mtrue
[2m2026-07-12T08:04:07.317949Z[0m [32m INFO[0m [1mturn[0m[1m{[0m[3msession[0m[2m=[0m49fd6c02-9176-4a47-814a-d9393453098a[1m}[0m[2m:[0m [2mbraze_engine::hooks[0m[2m:[0m prompt budget breakdown (PromptBudgetAuditHook) [3msystem_tokens_est[0m[2m=[0m270 [3mtools_tokens_est[0m[2m=[0m3674 [3mhistory_tokens_est[0m[2m=[0m98 [3mtotal_tokens_est[0m[2m=[0m4043 [3mmessage_count[0m[2m=[0m3
[2m2026-07-12T08:04:09.609837Z[0m [33m WARN[0m [1mturn[0m[1m{[0m[3msession[0m[2m=[0m49fd6c02-9176-4a47-814a-d9393453098a[1m}[0m[2m:[0m [2mbraze_engine::engine[0m[2m:[0m context compaction triggered [3mtactical_len[0m[2m=[0m13 [3mtactical_compaction_threshold[0m[2m=[0m40 [3mover_event_count_threshold[0m[2m=[0mfalse [3mover_token_budget[0m[2m=[0mtrue
[2m2026-07-12T08:04:09.614854Z[0m [32m INFO[0m [1mturn[0m[1m{[0m[3msession[0m[2m=[0m49fd6c02-9176-4a47-814a-d9393453098a[1m}[0m[2m:[0m [2mbraze_engine::hooks[0m[2m:[0m prompt budget breakdown (PromptBudgetAuditHook) [3msystem_tokens_est[0m[2m=[0m270 [3mtools_tokens_est[0m[2m=[0m3674 [3mhistory_tokens_est[0m[2m=[0m211 [3mtotal_tokens_est[0m[2m=[0m4156 [3mmessage_count[0m[2m=[0m5
-> ollama:qwen2.5:7b+ablate:tool-search-threshold=1000000 :: noisy_multi_step (rep 4/5)
[2m2026-07-12T08:04:13.387287Z[0m [32m INFO[0m [1mturn[0m[1m{[0m[3msession[0m[2m=[0m0b0dcd80-1c8a-4a22-9aa7-894c55e14774[1m}[0m[2m:[0m [2mbraze_engine::hooks[0m[2m:[0m prompt budget breakdown (PromptBudgetAuditHook) [3msystem_tokens_est[0m[2m=[0m270 [3mtools_tokens_est[0m[2m=[0m3674 [3mhistory_tokens_est[0m[2m=[0m27 [3mtotal_tokens_est[0m[2m=[0m3972 [3mmessage_count[0m[2m=[0m1
[2m2026-07-12T08:04:24.304250Z[0m [33m WARN[0m [1mturn[0m[1m{[0m[3msession[0m[2m=[0m0b0dcd80-1c8a-4a22-9aa7-894c55e14774[1m}[0m[2m:[0m [2mbraze_engine::engine[0m[2m:[0m context compaction triggered [3mtactical_len[0m[2m=[0m8 [3mtactical_compaction_threshold[0m[2m=[0m40 [3mover_event_count_threshold[0m[2m=[0mfalse [3mover_token_budget[0m[2m=[0mtrue
[2m2026-07-12T08:04:24.315102Z[0m [32m INFO[0m [1mturn[0m[1m{[0m[3msession[0m[2m=[0m0b0dcd80-1c8a-4a22-9aa7-894c55e14774[1m}[0m[2m:[0m [2mbraze_engine::hooks[0m[2m:[0m prompt budget breakdown (PromptBudgetAuditHook) [3msystem_tokens_est[0m[2m=[0m270 [3mtools_tokens_est[0m[2m=[0m3674 [3mhistory_tokens_est[0m[2m=[0m98 [3mtotal_tokens_est[0m[2m=[0m4043 [3mmessage_count[0m[2m=[0m3
[2m2026-07-12T08:04:26.868970Z[0m [33m WARN[0m [1mturn[0m[1m{[0m[3msession[0m[2m=[0m0b0dcd80-1c8a-4a22-9aa7-894c55e14774[1m}[0m[2m:[0m [2mbraze_engine::engine[0m[2m:[0m context compaction triggered [3mtactical_len[0m[2m=[0m13 [3mtactical_compaction_threshold[0m[2m=[0m40 [3mover_event_count_threshold[0m[2m=[0mfalse [3mover_token_budget[0m[2m=[0mtrue
[2m2026-07-12T08:04:26.871749Z[0m [32m INFO[0m [1mturn[0m[1m{[0m[3msession[0m[2m=[0m0b0dcd80-1c8a-4a22-9aa7-894c55e14774[1m}[0m[2m:[0m [2mbraze_engine::hooks[0m[2m:[0m prompt budget breakdown (PromptBudgetAuditHook) [3msystem_tokens_est[0m[2m=[0m270 [3mtools_tokens_est[0m[2m=[0m3674 [3mhistory_tokens_est[0m[2m=[0m211 [3mtotal_tokens_est[0m[2m=[0m4156 [3mmessage_count[0m[2m=[0m5
-> ollama:qwen2.5:7b+ablate:tool-search-threshold=1000000 :: noisy_multi_step (rep 5/5)
[2m2026-07-12T08:04:29.679007Z[0m [32m INFO[0m [1mturn[0m[1m{[0m[3msession[0m[2m=[0ma0c4d3a8-7234-4293-b9d0-58543d1fc235[1m}[0m[2m:[0m [2mbraze_engine::hooks[0m[2m:[0m prompt budget breakdown (PromptBudgetAuditHook) [3msystem_tokens_est[0m[2m=[0m270 [3mtools_tokens_est[0m[2m=[0m3674 [3mhistory_tokens_est[0m[2m=[0m27 [3mtotal_tokens_est[0m[2m=[0m3972 [3mmessage_count[0m[2m=[0m1
[2m2026-07-12T08:04:40.568467Z[0m [33m WARN[0m [1mturn[0m[1m{[0m[3msession[0m[2m=[0ma0c4d3a8-7234-4293-b9d0-58543d1fc235[1m}[0m[2m:[0m [2mbraze_engine::engine[0m[2m:[0m context compaction triggered [3mtactical_len[0m[2m=[0m8 [3mtactical_compaction_threshold[0m[2m=[0m40 [3mover_event_count_threshold[0m[2m=[0mfalse [3mover_token_budget[0m[2m=[0mtrue
[2m2026-07-12T08:04:40.571779Z[0m [32m INFO[0m [1mturn[0m[1m{[0m[3msession[0m[2m=[0ma0c4d3a8-7234-4293-b9d0-58543d1fc235[1m}[0m[2m:[0m [2mbraze_engine::hooks[0m[2m:[0m prompt budget breakdown (PromptBudgetAuditHook) [3msystem_tokens_est[0m[2m=[0m270 [3mtools_tokens_est[0m[2m=[0m3674 [3mhistory_tokens_est[0m[2m=[0m98 [3mtotal_tokens_est[0m[2m=[0m4043 [3mmessage_count[0m[2m=[0m3
[2m2026-07-12T08:04:42.927348Z[0m [33m WARN[0m [1mturn[0m[1m{[0m[3msession[0m[2m=[0ma0c4d3a8-7234-4293-b9d0-58543d1fc235[1m}[0m[2m:[0m [2mbraze_engine::engine[0m[2m:[0m context compaction triggered [3mtactical_len[0m[2m=[0m13 [3mtactical_compaction_threshold[0m[2m=[0m40 [3mover_event_count_threshold[0m[2m=[0mfalse [3mover_token_budget[0m[2m=[0mtrue
[2m2026-07-12T08:04:42.936272Z[0m [32m INFO[0m [1mturn[0m[1m{[0m[3msession[0m[2m=[0ma0c4d3a8-7234-4293-b9d0-58543d1fc235[1m}[0m[2m:[0m [2mbraze_engine::hooks[0m[2m:[0m prompt budget breakdown (PromptBudgetAuditHook) [3msystem_tokens_est[0m[2m=[0m270 [3mtools_tokens_est[0m[2m=[0m3674 [3mhistory_tokens_est[0m[2m=[0m211 [3mtotal_tokens_est[0m[2m=[0m4156 [3mmessage_count[0m[2m=[0m5
-> ollama:qwen2.5:7b+ablate:tool-search-threshold=1000000 :: noisy_distractor (rep 1/5)
[2m2026-07-12T08:04:46.718117Z[0m [32m INFO[0m [1mturn[0m[1m{[0m[3msession[0m[2m=[0md3594e21-b023-4ae1-977a-c92da6514b5a[1m}[0m[2m:[0m [2mbraze_engine::hooks[0m[2m:[0m prompt budget breakdown (PromptBudgetAuditHook) [3msystem_tokens_est[0m[2m=[0m270 [3mtools_tokens_est[0m[2m=[0m3674 [3mhistory_tokens_est[0m[2m=[0m27 [3mtotal_tokens_est[0m[2m=[0m3972 [3mmessage_count[0m[2m=[0m1
[2m2026-07-12T08:04:56.321301Z[0m [32m INFO[0m [1mturn[0m[1m{[0m[3msession[0m[2m=[0md3594e21-b023-4ae1-977a-c92da6514b5a[1m}[0m[2m:[0m [2mbraze_engine::hooks[0m[2m:[0m prompt budget breakdown (PromptBudgetAuditHook) [3msystem_tokens_est[0m[2m=[0m270 [3mtools_tokens_est[0m[2m=[0m3674 [3mhistory_tokens_est[0m[2m=[0m41 [3mtotal_tokens_est[0m[2m=[0m3986 [3mmessage_count[0m[2m=[0m3
-> ollama:qwen2.5:7b+ablate:tool-search-threshold=1000000 :: noisy_distractor (rep 2/5)
[2m2026-07-12T08:04:57.645711Z[0m [32m INFO[0m [1mturn[0m[1m{[0m[3msession[0m[2m=[0mce381e56-07a7-4bfd-ae18-c5625675c4fd[1m}[0m[2m:[0m [2mbraze_engine::hooks[0m[2m:[0m prompt budget breakdown (PromptBudgetAuditHook) [3msystem_tokens_est[0m[2m=[0m270 [3mtools_tokens_est[0m[2m=[0m3674 [3mhistory_tokens_est[0m[2m=[0m27 [3mtotal_tokens_est[0m[2m=[0m3972 [3mmessage_count[0m[2m=[0m1
[2m2026-07-12T08:05:07.136612Z[0m [32m INFO[0m [1mturn[0m[1m{[0m[3msession[0m[2m=[0mce381e56-07a7-4bfd-ae18-c5625675c4fd[1m}[0m[2m:[0m [2mbraze_engine::hooks[0m[2m:[0m prompt budget breakdown (PromptBudgetAuditHook) [3msystem_tokens_est[0m[2m=[0m270 [3mtools_tokens_est[0m[2m=[0m3674 [3mhistory_tokens_est[0m[2m=[0m41 [3mtotal_tokens_est[0m[2m=[0m3986 [3mmessage_count[0m[2m=[0m3
-> ollama:qwen2.5:7b+ablate:tool-search-threshold=1000000 :: noisy_distractor (rep 3/5)
[2m2026-07-12T08:05:08.417109Z[0m [32m INFO[0m [1mturn[0m[1m{[0m[3msession[0m[2m=[0mb4e7e7a1-9ee2-4148-9b97-630c71fa79de[1m}[0m[2m:[0m [2mbraze_engine::hooks[0m[2m:[0m prompt budget breakdown (PromptBudgetAuditHook) [3msystem_tokens_est[0m[2m=[0m270 [3mtools_tokens_est[0m[2m=[0m3674 [3mhistory_tokens_est[0m[2m=[0m27 [3mtotal_tokens_est[0m[2m=[0m3972 [3mmessage_count[0m[2m=[0m1
[2m2026-07-12T08:05:18.063724Z[0m [32m INFO[0m [1mturn[0m[1m{[0m[3msession[0m[2m=[0mb4e7e7a1-9ee2-4148-9b97-630c71fa79de[1m}[0m[2m:[0m [2mbraze_engine::hooks[0m[2m:[0m prompt budget breakdown (PromptBudgetAuditHook) [3msystem_tokens_est[0m[2m=[0m270 [3mtools_tokens_est[0m[2m=[0m3674 [3mhistory_tokens_est[0m[2m=[0m41 [3mtotal_tokens_est[0m[2m=[0m3986 [3mmessage_count[0m[2m=[0m3
-> ollama:qwen2.5:7b+ablate:tool-search-threshold=1000000 :: noisy_distractor (rep 4/5)
[2m2026-07-12T08:05:19.361912Z[0m [32m INFO[0m [1mturn[0m[1m{[0m[3msession[0m[2m=[0m46d126aa-53c7-4681-b19c-aadbec78a6b9[1m}[0m[2m:[0m [2mbraze_engine::hooks[0m[2m:[0m prompt budget breakdown (PromptBudgetAuditHook) [3msystem_tokens_est[0m[2m=[0m270 [3mtools_tokens_est[0m[2m=[0m3674 [3mhistory_tokens_est[0m[2m=[0m27 [3mtotal_tokens_est[0m[2m=[0m3972 [3mmessage_count[0m[2m=[0m1
[2m2026-07-12T08:05:28.981147Z[0m [32m INFO[0m [1mturn[0m[1m{[0m[3msession[0m[2m=[0m46d126aa-53c7-4681-b19c-aadbec78a6b9[1m}[0m[2m:[0m [2mbraze_engine::hooks[0m[2m:[0m prompt budget breakdown (PromptBudgetAuditHook) [3msystem_tokens_est[0m[2m=[0m270 [3mtools_tokens_est[0m[2m=[0m3674 [3mhistory_tokens_est[0m[2m=[0m41 [3mtotal_tokens_est[0m[2m=[0m3986 [3mmessage_count[0m[2m=[0m3
-> ollama:qwen2.5:7b+ablate:tool-search-threshold=1000000 :: noisy_distractor (rep 5/5)
[2m2026-07-12T08:05:30.277934Z[0m [32m INFO[0m [1mturn[0m[1m{[0m[3msession[0m[2m=[0m6123652d-0bc8-494a-8d07-291d10c8ac75[1m}[0m[2m:[0m [2mbraze_engine::hooks[0m[2m:[0m prompt budget breakdown (PromptBudgetAuditHook) [3msystem_tokens_est[0m[2m=[0m270 [3mtools_tokens_est[0m[2m=[0m3674 [3mhistory_tokens_est[0m[2m=[0m27 [3mtotal_tokens_est[0m[2m=[0m3972 [3mmessage_count[0m[2m=[0m1
[2m2026-07-12T08:05:39.915926Z[0m [32m INFO[0m [1mturn[0m[1m{[0m[3msession[0m[2m=[0m6123652d-0bc8-494a-8d07-291d10c8ac75[1m}[0m[2m:[0m [2mbraze_engine::hooks[0m[2m:[0m prompt budget breakdown (PromptBudgetAuditHook) [3msystem_tokens_est[0m[2m=[0m270 [3mtools_tokens_est[0m[2m=[0m3674 [3mhistory_tokens_est[0m[2m=[0m41 [3mtotal_tokens_est[0m[2m=[0m3986 [3mmessage_count[0m[2m=[0m3

== Resultados por tarea ==
[PASS] noisy_read_file          ollama:qwen2.5:3b      4654ms  rounds=2 tool_calls=1  schema_fail=0  exec_fail=0  denied=0  tokens_in=2454 tokens_out=33
[PASS] noisy_read_file          ollama:qwen2.5:3b    (rep 2)   1470ms  rounds=2 tool_calls=1  schema_fail=0  exec_fail=0  denied=0  tokens_in=2454 tokens_out=33
[PASS] noisy_read_file          ollama:qwen2.5:3b    (rep 3)   1461ms  rounds=2 tool_calls=1  schema_fail=0  exec_fail=0  denied=0  tokens_in=2454 tokens_out=33
[PASS] noisy_read_file          ollama:qwen2.5:3b    (rep 4)   1495ms  rounds=2 tool_calls=1  schema_fail=0  exec_fail=0  denied=0  tokens_in=2454 tokens_out=33
[PASS] noisy_read_file          ollama:qwen2.5:3b    (rep 5)   1505ms  rounds=2 tool_calls=1  schema_fail=0  exec_fail=0  denied=0  tokens_in=2454 tokens_out=33
[FAIL] noisy_grep               ollama:qwen2.5:3b      5205ms  rounds=3 tool_calls=2  schema_fail=0  exec_fail=1  denied=0  tokens_in=3869 tokens_out=218 [AssertionToolCall]
[PASS] noisy_grep               ollama:qwen2.5:3b    (rep 2)   1942ms  rounds=2 tool_calls=1  schema_fail=0  exec_fail=0  denied=0  tokens_in=2481 tokens_out=54
[FAIL] noisy_grep               ollama:qwen2.5:3b    (rep 3)   1657ms  rounds=2 tool_calls=1  schema_fail=0  exec_fail=0  denied=0  tokens_in=2457 tokens_out=39 [AssertionToolCall]
[FAIL] noisy_grep               ollama:qwen2.5:3b    (rep 4)   3514ms  rounds=3 tool_calls=2  schema_fail=0  exec_fail=1  denied=0  tokens_in=3870 tokens_out=129 [AssertionToolCall]
[FAIL] noisy_grep               ollama:qwen2.5:3b    (rep 5)   3724ms  rounds=3 tool_calls=2  schema_fail=0  exec_fail=1  denied=0  tokens_in=3865 tokens_out=138 [AssertionToolCall]
[PASS] noisy_write_file         ollama:qwen2.5:3b      2003ms  rounds=2 tool_calls=1  schema_fail=0  exec_fail=0  denied=0  tokens_in=2486 tokens_out=55
[PASS] noisy_write_file         ollama:qwen2.5:3b    (rep 2)   1812ms  rounds=2 tool_calls=1  schema_fail=0  exec_fail=0  denied=0  tokens_in=2486 tokens_out=49
[PASS] noisy_write_file         ollama:qwen2.5:3b    (rep 3)   1852ms  rounds=2 tool_calls=1  schema_fail=0  exec_fail=0  denied=0  tokens_in=2486 tokens_out=47
[PASS] noisy_write_file         ollama:qwen2.5:3b    (rep 4)   1778ms  rounds=2 tool_calls=1  schema_fail=0  exec_fail=0  denied=0  tokens_in=2486 tokens_out=47
[PASS] noisy_write_file         ollama:qwen2.5:3b    (rep 5)   1804ms  rounds=2 tool_calls=1  schema_fail=0  exec_fail=0  denied=0  tokens_in=2486 tokens_out=47
[PASS] noisy_no_tool            ollama:qwen2.5:3b       754ms  rounds=1 tool_calls=0  schema_fail=0  exec_fail=0  denied=0  tokens_in=1187 tokens_out=3
[FAIL] noisy_no_tool            ollama:qwen2.5:3b    (rep 2)    797ms  rounds=1 tool_calls=0  schema_fail=0  exec_fail=0  denied=0  tokens_in=1187 tokens_out=4 [AssertionText]
[FAIL] noisy_no_tool            ollama:qwen2.5:3b    (rep 3)    787ms  rounds=1 tool_calls=0  schema_fail=0  exec_fail=0  denied=0  tokens_in=1187 tokens_out=4 [AssertionText]
[PASS] noisy_no_tool            ollama:qwen2.5:3b    (rep 4)    749ms  rounds=1 tool_calls=0  schema_fail=0  exec_fail=0  denied=0  tokens_in=1187 tokens_out=3
[PASS] noisy_no_tool            ollama:qwen2.5:3b    (rep 5)    744ms  rounds=1 tool_calls=0  schema_fail=0  exec_fail=0  denied=0  tokens_in=1187 tokens_out=3
[FAIL] noisy_multi_step         ollama:qwen2.5:3b      4703ms  rounds=2 tool_calls=3  schema_fail=0  exec_fail=0  denied=0  tokens_in=2601 tokens_out=197 [AssertionText]
[PASS] noisy_multi_step         ollama:qwen2.5:3b    (rep 2)   7864ms  rounds=3 tool_calls=5  schema_fail=0  exec_fail=0  denied=0  tokens_in=4413 tokens_out=347
[PASS] noisy_multi_step         ollama:qwen2.5:3b    (rep 3)  11908ms  rounds=6 tool_calls=5  schema_fail=2  exec_fail=0  denied=0  tokens_in=9154 tokens_out=538
[FAIL] noisy_multi_step         ollama:qwen2.5:3b    (rep 4)   3795ms  rounds=2 tool_calls=1  schema_fail=0  exec_fail=0  denied=0  tokens_in=2498 tokens_out=154 [AssertionText]
[FAIL] noisy_multi_step         ollama:qwen2.5:3b    (rep 5)   7455ms  rounds=3 tool_calls=3  schema_fail=2  exec_fail=0  denied=0  tokens_in=4225 tokens_out=329 [AssertionText]
[PASS] noisy_distractor         ollama:qwen2.5:3b      1664ms  rounds=2 tool_calls=1  schema_fail=0  exec_fail=0  denied=0  tokens_in=2477 tokens_out=35
[PASS] noisy_distractor         ollama:qwen2.5:3b    (rep 2)   1610ms  rounds=2 tool_calls=1  schema_fail=0  exec_fail=0  denied=0  tokens_in=2477 tokens_out=34
[PASS] noisy_distractor         ollama:qwen2.5:3b    (rep 3)   1568ms  rounds=2 tool_calls=1  schema_fail=0  exec_fail=0  denied=0  tokens_in=2477 tokens_out=34
[PASS] noisy_distractor         ollama:qwen2.5:3b    (rep 4)   1589ms  rounds=2 tool_calls=1  schema_fail=0  exec_fail=0  denied=0  tokens_in=2477 tokens_out=34
[PASS] noisy_distractor         ollama:qwen2.5:3b    (rep 5)   1591ms  rounds=2 tool_calls=1  schema_fail=0  exec_fail=0  denied=0  tokens_in=2477 tokens_out=34
[PASS] noisy_read_file          ollama:qwen2.5:3b+ablate:tool-search-threshold=1000000   7880ms  rounds=2 tool_calls=1  schema_fail=0  exec_fail=0  denied=0  tokens_in=15201 tokens_out=36
[PASS] noisy_read_file          ollama:qwen2.5:3b+ablate:tool-search-threshold=1000000 (rep 2)   4931ms  rounds=2 tool_calls=1  schema_fail=0  exec_fail=0  denied=0  tokens_in=15201 tokens_out=33
[PASS] noisy_read_file          ollama:qwen2.5:3b+ablate:tool-search-threshold=1000000 (rep 3)   4909ms  rounds=2 tool_calls=1  schema_fail=0  exec_fail=0  denied=0  tokens_in=15201 tokens_out=33
[PASS] noisy_read_file          ollama:qwen2.5:3b+ablate:tool-search-threshold=1000000 (rep 4)   4983ms  rounds=2 tool_calls=1  schema_fail=0  exec_fail=0  denied=0  tokens_in=15201 tokens_out=33
[PASS] noisy_read_file          ollama:qwen2.5:3b+ablate:tool-search-threshold=1000000 (rep 5)   5020ms  rounds=2 tool_calls=1  schema_fail=0  exec_fail=0  denied=0  tokens_in=15201 tokens_out=36
[PASS] noisy_grep               ollama:qwen2.5:3b+ablate:tool-search-threshold=1000000   5379ms  rounds=2 tool_calls=1  schema_fail=0  exec_fail=0  denied=0  tokens_in=15202 tokens_out=50
[PASS] noisy_grep               ollama:qwen2.5:3b+ablate:tool-search-threshold=1000000 (rep 2)   5274ms  rounds=2 tool_calls=1  schema_fail=0  exec_fail=0  denied=0  tokens_in=15202 tokens_out=50
[PASS] noisy_grep               ollama:qwen2.5:3b+ablate:tool-search-threshold=1000000 (rep 3)   5334ms  rounds=2 tool_calls=1  schema_fail=0  exec_fail=0  denied=0  tokens_in=15202 tokens_out=52
[PASS] noisy_grep               ollama:qwen2.5:3b+ablate:tool-search-threshold=1000000 (rep 4)   5287ms  rounds=2 tool_calls=1  schema_fail=0  exec_fail=0  denied=0  tokens_in=15202 tokens_out=50
[PASS] noisy_grep               ollama:qwen2.5:3b+ablate:tool-search-threshold=1000000 (rep 5)   5376ms  rounds=2 tool_calls=1  schema_fail=0  exec_fail=0  denied=0  tokens_in=15202 tokens_out=52
[PASS] noisy_write_file         ollama:qwen2.5:3b+ablate:tool-search-threshold=1000000   5317ms  rounds=2 tool_calls=1  schema_fail=0  exec_fail=0  denied=0  tokens_in=15230 tokens_out=48
[PASS] noisy_write_file         ollama:qwen2.5:3b+ablate:tool-search-threshold=1000000 (rep 2)   5265ms  rounds=2 tool_calls=1  schema_fail=0  exec_fail=0  denied=0  tokens_in=15230 tokens_out=48
[PASS] noisy_write_file         ollama:qwen2.5:3b+ablate:tool-search-threshold=1000000 (rep 3)   5267ms  rounds=2 tool_calls=1  schema_fail=0  exec_fail=0  denied=0  tokens_in=15230 tokens_out=48
[PASS] noisy_write_file         ollama:qwen2.5:3b+ablate:tool-search-threshold=1000000 (rep 4)   5255ms  rounds=2 tool_calls=1  schema_fail=0  exec_fail=0  denied=0  tokens_in=15230 tokens_out=48
[PASS] noisy_write_file         ollama:qwen2.5:3b+ablate:tool-search-threshold=1000000 (rep 5)   5247ms  rounds=2 tool_calls=1  schema_fail=0  exec_fail=0  denied=0  tokens_in=15230 tokens_out=48
[PASS] noisy_no_tool            ollama:qwen2.5:3b+ablate:tool-search-threshold=1000000   4010ms  rounds=1 tool_calls=0  schema_fail=0  exec_fail=0  denied=0  tokens_in=7559 tokens_out=3
[PASS] noisy_no_tool            ollama:qwen2.5:3b+ablate:tool-search-threshold=1000000 (rep 2)   4018ms  rounds=1 tool_calls=0  schema_fail=0  exec_fail=0  denied=0  tokens_in=7559 tokens_out=3
[PASS] noisy_no_tool            ollama:qwen2.5:3b+ablate:tool-search-threshold=1000000 (rep 3)   4041ms  rounds=1 tool_calls=0  schema_fail=0  exec_fail=0  denied=0  tokens_in=7559 tokens_out=3
[PASS] noisy_no_tool            ollama:qwen2.5:3b+ablate:tool-search-threshold=1000000 (rep 4)   4014ms  rounds=1 tool_calls=0  schema_fail=0  exec_fail=0  denied=0  tokens_in=7559 tokens_out=3
[PASS] noisy_no_tool            ollama:qwen2.5:3b+ablate:tool-search-threshold=1000000 (rep 5)   4021ms  rounds=1 tool_calls=0  schema_fail=0  exec_fail=0  denied=0  tokens_in=7559 tokens_out=3
[FAIL] noisy_multi_step         ollama:qwen2.5:3b+ablate:tool-search-threshold=1000000   7797ms  rounds=2 tool_calls=4  schema_fail=0  exec_fail=0  denied=0  tokens_in=15563 tokens_out=161 [AssertionText]
[FAIL] noisy_multi_step         ollama:qwen2.5:3b+ablate:tool-search-threshold=1000000 (rep 2)   9563ms  rounds=3 tool_calls=5  schema_fail=0  exec_fail=0  denied=0  tokens_in=23496 tokens_out=222 [AssertionText]
[FAIL] noisy_multi_step         ollama:qwen2.5:3b+ablate:tool-search-threshold=1000000 (rep 3)   7901ms  rounds=2 tool_calls=3  schema_fail=0  exec_fail=0  denied=0  tokens_in=15439 tokens_out=169 [AssertionText]
[FAIL] noisy_multi_step         ollama:qwen2.5:3b+ablate:tool-search-threshold=1000000 (rep 4)   8766ms  rounds=2 tool_calls=4  schema_fail=0  exec_fail=0  denied=0  tokens_in=15649 tokens_out=203 [AssertionText]
[FAIL] noisy_multi_step         ollama:qwen2.5:3b+ablate:tool-search-threshold=1000000 (rep 5)   8255ms  rounds=2 tool_calls=4  schema_fail=0  exec_fail=0  denied=0  tokens_in=15627 tokens_out=181 [AssertionText]
[PASS] noisy_distractor         ollama:qwen2.5:3b+ablate:tool-search-threshold=1000000   5021ms  rounds=2 tool_calls=1  schema_fail=0  exec_fail=0  denied=0  tokens_in=15221 tokens_out=34
[PASS] noisy_distractor         ollama:qwen2.5:3b+ablate:tool-search-threshold=1000000 (rep 2)   5096ms  rounds=2 tool_calls=1  schema_fail=0  exec_fail=0  denied=0  tokens_in=15221 tokens_out=36
[PASS] noisy_distractor         ollama:qwen2.5:3b+ablate:tool-search-threshold=1000000 (rep 3)   5031ms  rounds=2 tool_calls=1  schema_fail=0  exec_fail=0  denied=0  tokens_in=15221 tokens_out=36
[PASS] noisy_distractor         ollama:qwen2.5:3b+ablate:tool-search-threshold=1000000 (rep 4)   5027ms  rounds=2 tool_calls=1  schema_fail=0  exec_fail=0  denied=0  tokens_in=15221 tokens_out=34
[PASS] noisy_distractor         ollama:qwen2.5:3b+ablate:tool-search-threshold=1000000 (rep 5)   5092ms  rounds=2 tool_calls=1  schema_fail=0  exec_fail=0  denied=0  tokens_in=15221 tokens_out=36
[PASS] noisy_read_file          ollama:qwen2.5:7b      8601ms  rounds=2 tool_calls=1  schema_fail=0  exec_fail=0  denied=0  tokens_in=2458 tokens_out=33
[PASS] noisy_read_file          ollama:qwen2.5:7b    (rep 2)   3268ms  rounds=2 tool_calls=1  schema_fail=0  exec_fail=0  denied=0  tokens_in=2458 tokens_out=33
[PASS] noisy_read_file          ollama:qwen2.5:7b    (rep 3)   3254ms  rounds=2 tool_calls=1  schema_fail=0  exec_fail=0  denied=0  tokens_in=2457 tokens_out=33
[PASS] noisy_read_file          ollama:qwen2.5:7b    (rep 4)   3243ms  rounds=2 tool_calls=1  schema_fail=0  exec_fail=0  denied=0  tokens_in=2457 tokens_out=33
[PASS] noisy_read_file          ollama:qwen2.5:7b    (rep 5)   3255ms  rounds=2 tool_calls=1  schema_fail=0  exec_fail=0  denied=0  tokens_in=2457 tokens_out=33
[PASS] noisy_grep               ollama:qwen2.5:7b      3708ms  rounds=2 tool_calls=1  schema_fail=0  exec_fail=0  denied=0  tokens_in=2458 tokens_out=42
[PASS] noisy_grep               ollama:qwen2.5:7b    (rep 2)   4928ms  rounds=2 tool_calls=1  schema_fail=0  exec_fail=0  denied=0  tokens_in=2482 tokens_out=66
[PASS] noisy_grep               ollama:qwen2.5:7b    (rep 3)   3653ms  rounds=2 tool_calls=1  schema_fail=0  exec_fail=0  denied=0  tokens_in=2458 tokens_out=42
[PASS] noisy_grep               ollama:qwen2.5:7b    (rep 4)   3794ms  rounds=2 tool_calls=1  schema_fail=0  exec_fail=0  denied=0  tokens_in=2458 tokens_out=44
[PASS] noisy_grep               ollama:qwen2.5:7b    (rep 5)   3726ms  rounds=2 tool_calls=1  schema_fail=0  exec_fail=0  denied=0  tokens_in=2458 tokens_out=42
[PASS] noisy_write_file         ollama:qwen2.5:7b      4177ms  rounds=2 tool_calls=1  schema_fail=0  exec_fail=0  denied=0  tokens_in=2487 tokens_out=50
[PASS] noisy_write_file         ollama:qwen2.5:7b    (rep 2)   4085ms  rounds=2 tool_calls=1  schema_fail=0  exec_fail=0  denied=0  tokens_in=2487 tokens_out=50
[PASS] noisy_write_file         ollama:qwen2.5:7b    (rep 3)   4028ms  rounds=2 tool_calls=1  schema_fail=0  exec_fail=0  denied=0  tokens_in=2487 tokens_out=49
[PASS] noisy_write_file         ollama:qwen2.5:7b    (rep 4)   4050ms  rounds=2 tool_calls=1  schema_fail=0  exec_fail=0  denied=0  tokens_in=2487 tokens_out=49
[PASS] noisy_write_file         ollama:qwen2.5:7b    (rep 5)   4143ms  rounds=2 tool_calls=1  schema_fail=0  exec_fail=0  denied=0  tokens_in=2487 tokens_out=49
[PASS] noisy_no_tool            ollama:qwen2.5:7b      1508ms  rounds=1 tool_calls=0  schema_fail=0  exec_fail=0  denied=0  tokens_in=1187 tokens_out=3
[PASS] noisy_no_tool            ollama:qwen2.5:7b    (rep 2)   1464ms  rounds=1 tool_calls=0  schema_fail=0  exec_fail=0  denied=0  tokens_in=1187 tokens_out=3
[PASS] noisy_no_tool            ollama:qwen2.5:7b    (rep 3)   1462ms  rounds=1 tool_calls=0  schema_fail=0  exec_fail=0  denied=0  tokens_in=1187 tokens_out=3
[PASS] noisy_no_tool            ollama:qwen2.5:7b    (rep 4)   1460ms  rounds=1 tool_calls=0  schema_fail=0  exec_fail=0  denied=0  tokens_in=1187 tokens_out=3
[PASS] noisy_no_tool            ollama:qwen2.5:7b    (rep 5)   1485ms  rounds=1 tool_calls=0  schema_fail=0  exec_fail=0  denied=0  tokens_in=1187 tokens_out=3
[FAIL] noisy_multi_step         ollama:qwen2.5:7b      7837ms  rounds=3 tool_calls=3  schema_fail=0  exec_fail=0  denied=0  tokens_in=4005 tokens_out=117 [AssertionText]
[FAIL] noisy_multi_step         ollama:qwen2.5:7b    (rep 2)   7837ms  rounds=3 tool_calls=3  schema_fail=0  exec_fail=0  denied=0  tokens_in=4006 tokens_out=117 [AssertionText]
[PASS] noisy_multi_step         ollama:qwen2.5:7b    (rep 3)   8198ms  rounds=3 tool_calls=3  schema_fail=0  exec_fail=0  denied=0  tokens_in=4012 tokens_out=124
[FAIL] noisy_multi_step         ollama:qwen2.5:7b    (rep 4)   7807ms  rounds=3 tool_calls=3  schema_fail=0  exec_fail=0  denied=0  tokens_in=4010 tokens_out=118 [AssertionText]
[FAIL] noisy_multi_step         ollama:qwen2.5:7b    (rep 5)   7928ms  rounds=3 tool_calls=3  schema_fail=0  exec_fail=0  denied=0  tokens_in=4010 tokens_out=118 [AssertionText]
[PASS] noisy_distractor         ollama:qwen2.5:7b      3357ms  rounds=2 tool_calls=1  schema_fail=0  exec_fail=0  denied=0  tokens_in=2478 tokens_out=34
[PASS] noisy_distractor         ollama:qwen2.5:7b    (rep 2)   4531ms  rounds=2 tool_calls=1  schema_fail=0  exec_fail=0  denied=0  tokens_in=2478 tokens_out=34
[PASS] noisy_distractor         ollama:qwen2.5:7b    (rep 3)   3392ms  rounds=2 tool_calls=1  schema_fail=0  exec_fail=0  denied=0  tokens_in=2478 tokens_out=34
[PASS] noisy_distractor         ollama:qwen2.5:7b    (rep 4)   3347ms  rounds=2 tool_calls=1  schema_fail=0  exec_fail=0  denied=0  tokens_in=2478 tokens_out=34
[PASS] noisy_distractor         ollama:qwen2.5:7b    (rep 5)   3289ms  rounds=2 tool_calls=1  schema_fail=0  exec_fail=0  denied=0  tokens_in=2478 tokens_out=34
[PASS] noisy_read_file          ollama:qwen2.5:7b+ablate:tool-search-threshold=1000000  15514ms  rounds=2 tool_calls=1  schema_fail=0  exec_fail=0  denied=0  tokens_in=15203 tokens_out=36
[PASS] noisy_read_file          ollama:qwen2.5:7b+ablate:tool-search-threshold=1000000 (rep 2)  10740ms  rounds=2 tool_calls=1  schema_fail=0  exec_fail=0  denied=0  tokens_in=15203 tokens_out=36
[PASS] noisy_read_file          ollama:qwen2.5:7b+ablate:tool-search-threshold=1000000 (rep 3)  10481ms  rounds=2 tool_calls=1  schema_fail=0  exec_fail=0  denied=0  tokens_in=15202 tokens_out=33
[PASS] noisy_read_file          ollama:qwen2.5:7b+ablate:tool-search-threshold=1000000 (rep 4)  10584ms  rounds=2 tool_calls=1  schema_fail=0  exec_fail=0  denied=0  tokens_in=15202 tokens_out=33
[PASS] noisy_read_file          ollama:qwen2.5:7b+ablate:tool-search-threshold=1000000 (rep 5)  10630ms  rounds=2 tool_calls=1  schema_fail=0  exec_fail=0  denied=0  tokens_in=15202 tokens_out=33
[PASS] noisy_grep               ollama:qwen2.5:7b+ablate:tool-search-threshold=1000000  11076ms  rounds=2 tool_calls=1  schema_fail=0  exec_fail=0  denied=0  tokens_in=15203 tokens_out=40
[PASS] noisy_grep               ollama:qwen2.5:7b+ablate:tool-search-threshold=1000000 (rep 2)  11163ms  rounds=2 tool_calls=1  schema_fail=0  exec_fail=0  denied=0  tokens_in=15203 tokens_out=42
[PASS] noisy_grep               ollama:qwen2.5:7b+ablate:tool-search-threshold=1000000 (rep 3)  11061ms  rounds=2 tool_calls=1  schema_fail=0  exec_fail=0  denied=0  tokens_in=15203 tokens_out=40
[PASS] noisy_grep               ollama:qwen2.5:7b+ablate:tool-search-threshold=1000000 (rep 4)  11038ms  rounds=2 tool_calls=1  schema_fail=0  exec_fail=0  denied=0  tokens_in=15203 tokens_out=40
[PASS] noisy_grep               ollama:qwen2.5:7b+ablate:tool-search-threshold=1000000 (rep 5)  11033ms  rounds=2 tool_calls=1  schema_fail=0  exec_fail=0  denied=0  tokens_in=15203 tokens_out=40
[PASS] noisy_write_file         ollama:qwen2.5:7b+ablate:tool-search-threshold=1000000  11945ms  rounds=2 tool_calls=1  schema_fail=0  exec_fail=0  denied=0  tokens_in=15240 tokens_out=53
[PASS] noisy_write_file         ollama:qwen2.5:7b+ablate:tool-search-threshold=1000000 (rep 2)  11905ms  rounds=2 tool_calls=1  schema_fail=0  exec_fail=0  denied=0  tokens_in=15240 tokens_out=53
[PASS] noisy_write_file         ollama:qwen2.5:7b+ablate:tool-search-threshold=1000000 (rep 3)  12026ms  rounds=2 tool_calls=1  schema_fail=0  exec_fail=0  denied=0  tokens_in=15240 tokens_out=53
[PASS] noisy_write_file         ollama:qwen2.5:7b+ablate:tool-search-threshold=1000000 (rep 4)  11930ms  rounds=2 tool_calls=1  schema_fail=0  exec_fail=0  denied=0  tokens_in=15240 tokens_out=53
[PASS] noisy_write_file         ollama:qwen2.5:7b+ablate:tool-search-threshold=1000000 (rep 5)  11950ms  rounds=2 tool_calls=1  schema_fail=0  exec_fail=0  denied=0  tokens_in=15240 tokens_out=53
[PASS] noisy_no_tool            ollama:qwen2.5:7b+ablate:tool-search-threshold=1000000   8380ms  rounds=1 tool_calls=0  schema_fail=0  exec_fail=0  denied=0  tokens_in=7560 tokens_out=3
[PASS] noisy_no_tool            ollama:qwen2.5:7b+ablate:tool-search-threshold=1000000 (rep 2)   8435ms  rounds=1 tool_calls=0  schema_fail=0  exec_fail=0  denied=0  tokens_in=7560 tokens_out=3
[PASS] noisy_no_tool            ollama:qwen2.5:7b+ablate:tool-search-threshold=1000000 (rep 3)   8494ms  rounds=1 tool_calls=0  schema_fail=0  exec_fail=0  denied=0  tokens_in=7560 tokens_out=3
[PASS] noisy_no_tool            ollama:qwen2.5:7b+ablate:tool-search-threshold=1000000 (rep 4)   8414ms  rounds=1 tool_calls=0  schema_fail=0  exec_fail=0  denied=0  tokens_in=7560 tokens_out=3
[PASS] noisy_no_tool            ollama:qwen2.5:7b+ablate:tool-search-threshold=1000000 (rep 5)   8693ms  rounds=1 tool_calls=0  schema_fail=0  exec_fail=0  denied=0  tokens_in=7560 tokens_out=3
[PASS] noisy_multi_step         ollama:qwen2.5:7b+ablate:tool-search-threshold=1000000  17105ms  rounds=3 tool_calls=3  schema_fail=0  exec_fail=0  denied=0  tokens_in=23284 tokens_out=115
[PASS] noisy_multi_step         ollama:qwen2.5:7b+ablate:tool-search-threshold=1000000 (rep 2)  16982ms  rounds=3 tool_calls=3  schema_fail=0  exec_fail=0  denied=0  tokens_in=23284 tokens_out=117
[PASS] noisy_multi_step         ollama:qwen2.5:7b+ablate:tool-search-threshold=1000000 (rep 3)  17140ms  rounds=3 tool_calls=3  schema_fail=0  exec_fail=0  denied=0  tokens_in=23284 tokens_out=118
[PASS] noisy_multi_step         ollama:qwen2.5:7b+ablate:tool-search-threshold=1000000 (rep 4)  16286ms  rounds=3 tool_calls=3  schema_fail=0  exec_fail=0  denied=0  tokens_in=23284 tokens_out=103
[PASS] noisy_multi_step         ollama:qwen2.5:7b+ablate:tool-search-threshold=1000000 (rep 5)  17015ms  rounds=3 tool_calls=3  schema_fail=0  exec_fail=0  denied=0  tokens_in=23284 tokens_out=117
[PASS] noisy_distractor         ollama:qwen2.5:7b+ablate:tool-search-threshold=1000000  10932ms  rounds=2 tool_calls=1  schema_fail=0  exec_fail=0  denied=0  tokens_in=15224 tokens_out=36
[PASS] noisy_distractor         ollama:qwen2.5:7b+ablate:tool-search-threshold=1000000 (rep 2)  10764ms  rounds=2 tool_calls=1  schema_fail=0  exec_fail=0  denied=0  tokens_in=15224 tokens_out=36
[PASS] noisy_distractor         ollama:qwen2.5:7b+ablate:tool-search-threshold=1000000 (rep 3)  10941ms  rounds=2 tool_calls=1  schema_fail=0  exec_fail=0  denied=0  tokens_in=15224 tokens_out=36
[PASS] noisy_distractor         ollama:qwen2.5:7b+ablate:tool-search-threshold=1000000 (rep 4)  10914ms  rounds=2 tool_calls=1  schema_fail=0  exec_fail=0  denied=0  tokens_in=15224 tokens_out=36
[PASS] noisy_distractor         ollama:qwen2.5:7b+ablate:tool-search-threshold=1000000 (rep 5)  10910ms  rounds=2 tool_calls=1  schema_fail=0  exec_fail=0  denied=0  tokens_in=15224 tokens_out=36

== Comparación por backend ==
backend                  pass_rate[95%CI] avg_rounds       avg_ms  median_ms     avg_tok_in      avg_tok_out       schema_fail      exec_fail     denied  harness_err   rescues   escalat   compact   sumfall   cost_usd
ollama:qwen2.5:3b          21/30 [52,83]%      2.1         2782       1721           2748               91                 4              3          0            0         0         0         0         0    $0.0000
ollama:qwen2.5:3b+ablate:tool-search-threshold=1000000   25/30 [66,93]%      1.9         5613       5251          14261               60                 0              0          0            0         0         0         6         0    $0.0000
ollama:qwen2.5:7b          26/30 [70,95]%      2.0         4227       3717           2513               48                 0              0          0            0         0         0         0         0    $0.0000
ollama:qwen2.5:7b+ablate:tool-search-threshold=1000000  30/30 [89,100]%      2.0        11816      11036          15286               47                 0              0          0            0         0         0        10         0    $0.0000

== Comparación por skill ==
backend                  skill                pass_rate avg_rounds     avg_ms  median_ms avg_tok_out   rescues   escalat   compact   sumfall   cost_usd
ollama:qwen2.5:3b        single_tool              11/15      2.2       2392       1812          66         0         0         0         0    $0.0000
ollama:qwen2.5:3b        no_tool                    3/5      1.0        766        754           3         0         0         0         0    $0.0000
ollama:qwen2.5:3b        multi_step                 2/5      3.2       7145       7455         313         0         0         0         0    $0.0000
ollama:qwen2.5:3b        distractor_selection       5/5      2.0       1604       1591          34         0         0         0         0    $0.0000
ollama:qwen2.5:3b+ablate:tool-search-threshold=1000000 single_tool              15/15      2.0       5382       5267          44         0         0         0         0    $0.0000
ollama:qwen2.5:3b+ablate:tool-search-threshold=1000000 no_tool                    5/5      1.0       4021       4018           3         0         0         0         0    $0.0000
ollama:qwen2.5:3b+ablate:tool-search-threshold=1000000 multi_step                 0/5      2.2       8456       8255         187         0         0         6         0    $0.0000
ollama:qwen2.5:3b+ablate:tool-search-threshold=1000000 distractor_selection       5/5      2.0       5053       5031          35         0         0         0         0    $0.0000
ollama:qwen2.5:7b        single_tool              15/15      2.0       4128       3794          43         0         0         0         0    $0.0000
ollama:qwen2.5:7b        no_tool                    5/5      1.0       1476       1464           3         0         0         0         0    $0.0000
ollama:qwen2.5:7b        multi_step                 1/5      3.0       7921       7837         119         0         0         0         0    $0.0000
ollama:qwen2.5:7b        distractor_selection       5/5      2.0       3583       3357          34         0         0         0         0    $0.0000
ollama:qwen2.5:7b+ablate:tool-search-threshold=1000000 single_tool              15/15      2.0      11538      11076          43         0         0         0         0    $0.0000
ollama:qwen2.5:7b+ablate:tool-search-threshold=1000000 no_tool                    5/5      1.0       8483       8435           3         0         0         0         0    $0.0000
ollama:qwen2.5:7b+ablate:tool-search-threshold=1000000 multi_step                 5/5      3.0      16906      17015         114         0         0        10         0    $0.0000
ollama:qwen2.5:7b+ablate:tool-search-threshold=1000000 distractor_selection       5/5      2.0      10892      10914          36         0         0         0         0    $0.0000

Resultados JSON escritos en docs/sweep-search-tools-ab-postgate-2026-07-12.json
