Corriendo 5 repetición(es) por (tarea, backend) — timeout 180s por intento.
-> ollama:llama3.2:1b+ablate:constrained-tools :: read_file_basic (rep 1/5)
[2m2026-07-12T22:51:16.347051Z[0m [32m INFO[0m [1mturn[0m[1m{[0m[3msession[0m[2m=[0mcaff1b0c-94eb-4efb-bba6-4777883708e6[1m}[0m[2m:[0m [2mbraze_engine::hooks[0m[2m:[0m prompt budget breakdown (PromptBudgetAuditHook) [3msystem_tokens_est[0m[2m=[0m229 [3mtools_tokens_est[0m[2m=[0m850 [3mhistory_tokens_est[0m[2m=[0m19 [3mtotal_tokens_est[0m[2m=[0m1099 [3mmessage_count[0m[2m=[0m1
[2m2026-07-12T22:51:20.510618Z[0m [32m INFO[0m [1mturn[0m[1m{[0m[3msession[0m[2m=[0mcaff1b0c-94eb-4efb-bba6-4777883708e6[1m}[0m[2m:[0m [2mbraze_engine::engine[0m[2m:[0m parsed a prompt-tools envelope tool call [3mtool[0m[2m=[0mread_file
[2m2026-07-12T22:51:20.555212Z[0m [32m INFO[0m [1mturn[0m[1m{[0m[3msession[0m[2m=[0mcaff1b0c-94eb-4efb-bba6-4777883708e6[1m}[0m[2m:[0m [2mbraze_engine::hooks[0m[2m:[0m prompt budget breakdown (PromptBudgetAuditHook) [3msystem_tokens_est[0m[2m=[0m229 [3mtools_tokens_est[0m[2m=[0m850 [3mhistory_tokens_est[0m[2m=[0m84 [3mtotal_tokens_est[0m[2m=[0m1164 [3mmessage_count[0m[2m=[0m4
[2m2026-07-12T22:51:21.241810Z[0m [32m INFO[0m [1mturn[0m[1m{[0m[3msession[0m[2m=[0mcaff1b0c-94eb-4efb-bba6-4777883708e6[1m}[0m[2m:[0m [2mbraze_engine::engine[0m[2m:[0m parsed a prompt-tools envelope final answer
-> ollama:llama3.2:1b+ablate:constrained-tools :: read_file_basic (rep 2/5)
[2m2026-07-12T22:51:21.250285Z[0m [32m INFO[0m [1mturn[0m[1m{[0m[3msession[0m[2m=[0m18c9e571-6f1f-436d-bf42-e12b35cd805e[1m}[0m[2m:[0m [2mbraze_engine::hooks[0m[2m:[0m prompt budget breakdown (PromptBudgetAuditHook) [3msystem_tokens_est[0m[2m=[0m229 [3mtools_tokens_est[0m[2m=[0m850 [3mhistory_tokens_est[0m[2m=[0m19 [3mtotal_tokens_est[0m[2m=[0m1099 [3mmessage_count[0m[2m=[0m1
[2m2026-07-12T22:51:25.096882Z[0m [32m INFO[0m [1mturn[0m[1m{[0m[3msession[0m[2m=[0m18c9e571-6f1f-436d-bf42-e12b35cd805e[1m}[0m[2m:[0m [2mbraze_engine::engine[0m[2m:[0m parsed a prompt-tools envelope tool call [3mtool[0m[2m=[0mread_file
[2m2026-07-12T22:51:25.108094Z[0m [32m INFO[0m [1mturn[0m[1m{[0m[3msession[0m[2m=[0m18c9e571-6f1f-436d-bf42-e12b35cd805e[1m}[0m[2m:[0m [2mbraze_engine::hooks[0m[2m:[0m prompt budget breakdown (PromptBudgetAuditHook) [3msystem_tokens_est[0m[2m=[0m229 [3mtools_tokens_est[0m[2m=[0m850 [3mhistory_tokens_est[0m[2m=[0m274 [3mtotal_tokens_est[0m[2m=[0m1354 [3mmessage_count[0m[2m=[0m4
[2m2026-07-12T22:51:25.716235Z[0m [32m INFO[0m [1mturn[0m[1m{[0m[3msession[0m[2m=[0m18c9e571-6f1f-436d-bf42-e12b35cd805e[1m}[0m[2m:[0m [2mbraze_engine::engine[0m[2m:[0m parsed a prompt-tools envelope final answer
-> ollama:llama3.2:1b+ablate:constrained-tools :: read_file_basic (rep 3/5)
[2m2026-07-12T22:51:25.738247Z[0m [32m INFO[0m [1mturn[0m[1m{[0m[3msession[0m[2m=[0m517c6a52-ae20-4c39-9deb-ddc2d639b925[1m}[0m[2m:[0m [2mbraze_engine::hooks[0m[2m:[0m prompt budget breakdown (PromptBudgetAuditHook) [3msystem_tokens_est[0m[2m=[0m229 [3mtools_tokens_est[0m[2m=[0m850 [3mhistory_tokens_est[0m[2m=[0m19 [3mtotal_tokens_est[0m[2m=[0m1099 [3mmessage_count[0m[2m=[0m1
[2m2026-07-12T22:51:27.508009Z[0m [32m INFO[0m [1mturn[0m[1m{[0m[3msession[0m[2m=[0m517c6a52-ae20-4c39-9deb-ddc2d639b925[1m}[0m[2m:[0m [2mbraze_engine::engine[0m[2m:[0m parsed a prompt-tools envelope tool call [3mtool[0m[2m=[0mread_file
[2m2026-07-12T22:51:27.519995Z[0m [32m INFO[0m [1mturn[0m[1m{[0m[3msession[0m[2m=[0m517c6a52-ae20-4c39-9deb-ddc2d639b925[1m}[0m[2m:[0m [2mbraze_engine::hooks[0m[2m:[0m prompt budget breakdown (PromptBudgetAuditHook) [3msystem_tokens_est[0m[2m=[0m229 [3mtools_tokens_est[0m[2m=[0m850 [3mhistory_tokens_est[0m[2m=[0m135 [3mtotal_tokens_est[0m[2m=[0m1215 [3mmessage_count[0m[2m=[0m4
[2m2026-07-12T22:51:28.094414Z[0m [32m INFO[0m [1mturn[0m[1m{[0m[3msession[0m[2m=[0m517c6a52-ae20-4c39-9deb-ddc2d639b925[1m}[0m[2m:[0m [2mbraze_engine::engine[0m[2m:[0m parsed a prompt-tools envelope final answer
-> ollama:llama3.2:1b+ablate:constrained-tools :: read_file_basic (rep 4/5)
[2m2026-07-12T22:51:28.104275Z[0m [32m INFO[0m [1mturn[0m[1m{[0m[3msession[0m[2m=[0m993b29b4-342a-4b33-8ab9-7c03552212fb[1m}[0m[2m:[0m [2mbraze_engine::hooks[0m[2m:[0m prompt budget breakdown (PromptBudgetAuditHook) [3msystem_tokens_est[0m[2m=[0m229 [3mtools_tokens_est[0m[2m=[0m850 [3mhistory_tokens_est[0m[2m=[0m19 [3mtotal_tokens_est[0m[2m=[0m1099 [3mmessage_count[0m[2m=[0m1
[2m2026-07-12T22:51:29.335799Z[0m [32m INFO[0m [1mturn[0m[1m{[0m[3msession[0m[2m=[0m993b29b4-342a-4b33-8ab9-7c03552212fb[1m}[0m[2m:[0m [2mbraze_engine::engine[0m[2m:[0m parsed a prompt-tools envelope tool call [3mtool[0m[2m=[0mread_file
[2m2026-07-12T22:51:29.345491Z[0m [32m INFO[0m [1mturn[0m[1m{[0m[3msession[0m[2m=[0m993b29b4-342a-4b33-8ab9-7c03552212fb[1m}[0m[2m:[0m [2mbraze_engine::hooks[0m[2m:[0m prompt budget breakdown (PromptBudgetAuditHook) [3msystem_tokens_est[0m[2m=[0m229 [3mtools_tokens_est[0m[2m=[0m850 [3mhistory_tokens_est[0m[2m=[0m84 [3mtotal_tokens_est[0m[2m=[0m1164 [3mmessage_count[0m[2m=[0m4
[2m2026-07-12T22:51:29.851570Z[0m [32m INFO[0m [1mturn[0m[1m{[0m[3msession[0m[2m=[0m993b29b4-342a-4b33-8ab9-7c03552212fb[1m}[0m[2m:[0m [2mbraze_engine::engine[0m[2m:[0m parsed a prompt-tools envelope final answer
-> ollama:llama3.2:1b+ablate:constrained-tools :: read_file_basic (rep 5/5)
[2m2026-07-12T22:51:29.860686Z[0m [32m INFO[0m [1mturn[0m[1m{[0m[3msession[0m[2m=[0m49493e89-c145-43fb-80d2-224e1c1f21a6[1m}[0m[2m:[0m [2mbraze_engine::hooks[0m[2m:[0m prompt budget breakdown (PromptBudgetAuditHook) [3msystem_tokens_est[0m[2m=[0m229 [3mtools_tokens_est[0m[2m=[0m850 [3mhistory_tokens_est[0m[2m=[0m19 [3mtotal_tokens_est[0m[2m=[0m1099 [3mmessage_count[0m[2m=[0m1
[2m2026-07-12T22:51:31.091717Z[0m [32m INFO[0m [1mturn[0m[1m{[0m[3msession[0m[2m=[0m49493e89-c145-43fb-80d2-224e1c1f21a6[1m}[0m[2m:[0m [2mbraze_engine::engine[0m[2m:[0m parsed a prompt-tools envelope tool call [3mtool[0m[2m=[0mread_file
[2m2026-07-12T22:51:31.114064Z[0m [32m INFO[0m [1mturn[0m[1m{[0m[3msession[0m[2m=[0m49493e89-c145-43fb-80d2-224e1c1f21a6[1m}[0m[2m:[0m [2mbraze_engine::hooks[0m[2m:[0m prompt budget breakdown (PromptBudgetAuditHook) [3msystem_tokens_est[0m[2m=[0m229 [3mtools_tokens_est[0m[2m=[0m850 [3mhistory_tokens_est[0m[2m=[0m82 [3mtotal_tokens_est[0m[2m=[0m1162 [3mmessage_count[0m[2m=[0m4
[2m2026-07-12T22:51:31.617612Z[0m [32m INFO[0m [1mturn[0m[1m{[0m[3msession[0m[2m=[0m49493e89-c145-43fb-80d2-224e1c1f21a6[1m}[0m[2m:[0m [2mbraze_engine::engine[0m[2m:[0m parsed a prompt-tools envelope final answer
-> ollama:llama3.2:1b+ablate:constrained-tools :: grep_basic (rep 1/5)
[2m2026-07-12T22:51:31.644507Z[0m [32m INFO[0m [1mturn[0m[1m{[0m[3msession[0m[2m=[0m92800113-df32-4a0a-a125-7617ddd1a13f[1m}[0m[2m:[0m [2mbraze_engine::hooks[0m[2m:[0m prompt budget breakdown (PromptBudgetAuditHook) [3msystem_tokens_est[0m[2m=[0m227 [3mtools_tokens_est[0m[2m=[0m850 [3mhistory_tokens_est[0m[2m=[0m19 [3mtotal_tokens_est[0m[2m=[0m1097 [3mmessage_count[0m[2m=[0m1
[2m2026-07-12T22:51:33.174673Z[0m [32m INFO[0m [1mturn[0m[1m{[0m[3msession[0m[2m=[0m92800113-df32-4a0a-a125-7617ddd1a13f[1m}[0m[2m:[0m [2mbraze_engine::engine[0m[2m:[0m parsed a prompt-tools envelope tool call [3mtool[0m[2m=[0mread_file
[2m2026-07-12T22:51:33.193094Z[0m [32m INFO[0m [1mturn[0m[1m{[0m[3msession[0m[2m=[0m92800113-df32-4a0a-a125-7617ddd1a13f[1m}[0m[2m:[0m [2mbraze_engine::hooks[0m[2m:[0m prompt budget breakdown (PromptBudgetAuditHook) [3msystem_tokens_est[0m[2m=[0m227 [3mtools_tokens_est[0m[2m=[0m850 [3mhistory_tokens_est[0m[2m=[0m81 [3mtotal_tokens_est[0m[2m=[0m1159 [3mmessage_count[0m[2m=[0m4
[2m2026-07-12T22:51:33.783647Z[0m [32m INFO[0m [1mturn[0m[1m{[0m[3msession[0m[2m=[0m92800113-df32-4a0a-a125-7617ddd1a13f[1m}[0m[2m:[0m [2mbraze_engine::engine[0m[2m:[0m parsed a prompt-tools envelope final answer
-> ollama:llama3.2:1b+ablate:constrained-tools :: grep_basic (rep 2/5)
[2m2026-07-12T22:51:33.791250Z[0m [32m INFO[0m [1mturn[0m[1m{[0m[3msession[0m[2m=[0m54f5ea3e-f74f-4d06-b290-0806db3853c8[1m}[0m[2m:[0m [2mbraze_engine::hooks[0m[2m:[0m prompt budget breakdown (PromptBudgetAuditHook) [3msystem_tokens_est[0m[2m=[0m227 [3mtools_tokens_est[0m[2m=[0m850 [3mhistory_tokens_est[0m[2m=[0m19 [3mtotal_tokens_est[0m[2m=[0m1097 [3mmessage_count[0m[2m=[0m1
[2m2026-07-12T22:51:35.231019Z[0m [32m INFO[0m [1mturn[0m[1m{[0m[3msession[0m[2m=[0m54f5ea3e-f74f-4d06-b290-0806db3853c8[1m}[0m[2m:[0m [2mbraze_engine::engine[0m[2m:[0m parsed a prompt-tools envelope tool call [3mtool[0m[2m=[0mread_file
[2m2026-07-12T22:51:35.242840Z[0m [32m INFO[0m [1mturn[0m[1m{[0m[3msession[0m[2m=[0m54f5ea3e-f74f-4d06-b290-0806db3853c8[1m}[0m[2m:[0m [2mbraze_engine::hooks[0m[2m:[0m prompt budget breakdown (PromptBudgetAuditHook) [3msystem_tokens_est[0m[2m=[0m227 [3mtools_tokens_est[0m[2m=[0m850 [3mhistory_tokens_est[0m[2m=[0m79 [3mtotal_tokens_est[0m[2m=[0m1157 [3mmessage_count[0m[2m=[0m4
[2m2026-07-12T22:51:35.946335Z[0m [32m INFO[0m [1mturn[0m[1m{[0m[3msession[0m[2m=[0m54f5ea3e-f74f-4d06-b290-0806db3853c8[1m}[0m[2m:[0m [2mbraze_engine::engine[0m[2m:[0m parsed a prompt-tools envelope final answer
-> ollama:llama3.2:1b+ablate:constrained-tools :: grep_basic (rep 3/5)
[2m2026-07-12T22:51:35.964282Z[0m [32m INFO[0m [1mturn[0m[1m{[0m[3msession[0m[2m=[0m105009df-3ec5-4e97-8efe-757bf9e03cf3[1m}[0m[2m:[0m [2mbraze_engine::hooks[0m[2m:[0m prompt budget breakdown (PromptBudgetAuditHook) [3msystem_tokens_est[0m[2m=[0m227 [3mtools_tokens_est[0m[2m=[0m850 [3mhistory_tokens_est[0m[2m=[0m19 [3mtotal_tokens_est[0m[2m=[0m1097 [3mmessage_count[0m[2m=[0m1
[2m2026-07-12T22:51:37.431218Z[0m [32m INFO[0m [1mturn[0m[1m{[0m[3msession[0m[2m=[0m105009df-3ec5-4e97-8efe-757bf9e03cf3[1m}[0m[2m:[0m [2mbraze_engine::engine[0m[2m:[0m parsed a prompt-tools envelope tool call [3mtool[0m[2m=[0mread_file
[2m2026-07-12T22:51:37.446700Z[0m [32m INFO[0m [1mturn[0m[1m{[0m[3msession[0m[2m=[0m105009df-3ec5-4e97-8efe-757bf9e03cf3[1m}[0m[2m:[0m [2mbraze_engine::hooks[0m[2m:[0m prompt budget breakdown (PromptBudgetAuditHook) [3msystem_tokens_est[0m[2m=[0m227 [3mtools_tokens_est[0m[2m=[0m850 [3mhistory_tokens_est[0m[2m=[0m78 [3mtotal_tokens_est[0m[2m=[0m1156 [3mmessage_count[0m[2m=[0m4
[2m2026-07-12T22:51:38.012710Z[0m [32m INFO[0m [1mturn[0m[1m{[0m[3msession[0m[2m=[0m105009df-3ec5-4e97-8efe-757bf9e03cf3[1m}[0m[2m:[0m [2mbraze_engine::engine[0m[2m:[0m parsed a prompt-tools envelope final answer
-> ollama:llama3.2:1b+ablate:constrained-tools :: grep_basic (rep 4/5)
[2m2026-07-12T22:51:38.020746Z[0m [32m INFO[0m [1mturn[0m[1m{[0m[3msession[0m[2m=[0m13de3284-1b06-4a6f-afc5-ab2a34c2d6bb[1m}[0m[2m:[0m [2mbraze_engine::hooks[0m[2m:[0m prompt budget breakdown (PromptBudgetAuditHook) [3msystem_tokens_est[0m[2m=[0m227 [3mtools_tokens_est[0m[2m=[0m850 [3mhistory_tokens_est[0m[2m=[0m19 [3mtotal_tokens_est[0m[2m=[0m1097 [3mmessage_count[0m[2m=[0m1
[2m2026-07-12T22:51:39.382345Z[0m [32m INFO[0m [1mturn[0m[1m{[0m[3msession[0m[2m=[0m13de3284-1b06-4a6f-afc5-ab2a34c2d6bb[1m}[0m[2m:[0m [2mbraze_engine::engine[0m[2m:[0m parsed a prompt-tools envelope tool call [3mtool[0m[2m=[0mread_file
[2m2026-07-12T22:51:39.387561Z[0m [32m INFO[0m [1mturn[0m[1m{[0m[3msession[0m[2m=[0m13de3284-1b06-4a6f-afc5-ab2a34c2d6bb[1m}[0m[2m:[0m [2mbraze_engine::hooks[0m[2m:[0m prompt budget breakdown (PromptBudgetAuditHook) [3msystem_tokens_est[0m[2m=[0m227 [3mtools_tokens_est[0m[2m=[0m850 [3mhistory_tokens_est[0m[2m=[0m75 [3mtotal_tokens_est[0m[2m=[0m1153 [3mmessage_count[0m[2m=[0m4
[2m2026-07-12T22:51:39.985222Z[0m [32m INFO[0m [1mturn[0m[1m{[0m[3msession[0m[2m=[0m13de3284-1b06-4a6f-afc5-ab2a34c2d6bb[1m}[0m[2m:[0m [2mbraze_engine::engine[0m[2m:[0m parsed a prompt-tools envelope final answer
-> ollama:llama3.2:1b+ablate:constrained-tools :: grep_basic (rep 5/5)
[2m2026-07-12T22:51:39.992050Z[0m [32m INFO[0m [1mturn[0m[1m{[0m[3msession[0m[2m=[0m9c565c52-34a4-4a96-b5a0-aefd8d4dedb4[1m}[0m[2m:[0m [2mbraze_engine::hooks[0m[2m:[0m prompt budget breakdown (PromptBudgetAuditHook) [3msystem_tokens_est[0m[2m=[0m227 [3mtools_tokens_est[0m[2m=[0m850 [3mhistory_tokens_est[0m[2m=[0m19 [3mtotal_tokens_est[0m[2m=[0m1097 [3mmessage_count[0m[2m=[0m1
[2m2026-07-12T22:51:41.484982Z[0m [32m INFO[0m [1mturn[0m[1m{[0m[3msession[0m[2m=[0m9c565c52-34a4-4a96-b5a0-aefd8d4dedb4[1m}[0m[2m:[0m [2mbraze_engine::engine[0m[2m:[0m parsed a prompt-tools envelope tool call [3mtool[0m[2m=[0mread_file
[2m2026-07-12T22:51:41.504450Z[0m [32m INFO[0m [1mturn[0m[1m{[0m[3msession[0m[2m=[0m9c565c52-34a4-4a96-b5a0-aefd8d4dedb4[1m}[0m[2m:[0m [2mbraze_engine::hooks[0m[2m:[0m prompt budget breakdown (PromptBudgetAuditHook) [3msystem_tokens_est[0m[2m=[0m227 [3mtools_tokens_est[0m[2m=[0m850 [3mhistory_tokens_est[0m[2m=[0m77 [3mtotal_tokens_est[0m[2m=[0m1156 [3mmessage_count[0m[2m=[0m4
[2m2026-07-12T22:51:42.090351Z[0m [32m INFO[0m [1mturn[0m[1m{[0m[3msession[0m[2m=[0m9c565c52-34a4-4a96-b5a0-aefd8d4dedb4[1m}[0m[2m:[0m [2mbraze_engine::engine[0m[2m:[0m parsed a prompt-tools envelope final answer
-> ollama:llama3.2:1b+ablate:constrained-tools :: glob_basic (rep 1/5)
[2m2026-07-12T22:51:42.096629Z[0m [32m INFO[0m [1mturn[0m[1m{[0m[3msession[0m[2m=[0ma3d07b33-81eb-4606-9538-5ec15bbd7f54[1m}[0m[2m:[0m [2mbraze_engine::hooks[0m[2m:[0m prompt budget breakdown (PromptBudgetAuditHook) [3msystem_tokens_est[0m[2m=[0m228 [3mtools_tokens_est[0m[2m=[0m850 [3mhistory_tokens_est[0m[2m=[0m17 [3mtotal_tokens_est[0m[2m=[0m1095 [3mmessage_count[0m[2m=[0m1
[2m2026-07-12T22:51:43.241785Z[0m [32m INFO[0m [1mturn[0m[1m{[0m[3msession[0m[2m=[0ma3d07b33-81eb-4606-9538-5ec15bbd7f54[1m}[0m[2m:[0m [2mbraze_engine::engine[0m[2m:[0m parsed a prompt-tools envelope tool call [3mtool[0m[2m=[0mread_file
[2m2026-07-12T22:51:43.284888Z[0m [32m INFO[0m [1mturn[0m[1m{[0m[3msession[0m[2m=[0ma3d07b33-81eb-4606-9538-5ec15bbd7f54[1m}[0m[2m:[0m [2mbraze_engine::hooks[0m[2m:[0m prompt budget breakdown (PromptBudgetAuditHook) [3msystem_tokens_est[0m[2m=[0m228 [3mtools_tokens_est[0m[2m=[0m850 [3mhistory_tokens_est[0m[2m=[0m68 [3mtotal_tokens_est[0m[2m=[0m1146 [3mmessage_count[0m[2m=[0m4
[2m2026-07-12T22:51:43.889636Z[0m [32m INFO[0m [1mturn[0m[1m{[0m[3msession[0m[2m=[0ma3d07b33-81eb-4606-9538-5ec15bbd7f54[1m}[0m[2m:[0m [2mbraze_engine::engine[0m[2m:[0m parsed a prompt-tools envelope final answer
-> ollama:llama3.2:1b+ablate:constrained-tools :: glob_basic (rep 2/5)
[2m2026-07-12T22:51:43.924256Z[0m [32m INFO[0m [1mturn[0m[1m{[0m[3msession[0m[2m=[0mcb966652-28f2-429c-be5b-bd170d25ca12[1m}[0m[2m:[0m [2mbraze_engine::hooks[0m[2m:[0m prompt budget breakdown (PromptBudgetAuditHook) [3msystem_tokens_est[0m[2m=[0m228 [3mtools_tokens_est[0m[2m=[0m850 [3mhistory_tokens_est[0m[2m=[0m17 [3mtotal_tokens_est[0m[2m=[0m1095 [3mmessage_count[0m[2m=[0m1
[2m2026-07-12T22:51:45.065102Z[0m [32m INFO[0m [1mturn[0m[1m{[0m[3msession[0m[2m=[0mcb966652-28f2-429c-be5b-bd170d25ca12[1m}[0m[2m:[0m [2mbraze_engine::engine[0m[2m:[0m parsed a prompt-tools envelope tool call [3mtool[0m[2m=[0mread_file
[2m2026-07-12T22:51:45.075625Z[0m [32m INFO[0m [1mturn[0m[1m{[0m[3msession[0m[2m=[0mcb966652-28f2-429c-be5b-bd170d25ca12[1m}[0m[2m:[0m [2mbraze_engine::hooks[0m[2m:[0m prompt budget breakdown (PromptBudgetAuditHook) [3msystem_tokens_est[0m[2m=[0m228 [3mtools_tokens_est[0m[2m=[0m850 [3mhistory_tokens_est[0m[2m=[0m68 [3mtotal_tokens_est[0m[2m=[0m1146 [3mmessage_count[0m[2m=[0m4
[2m2026-07-12T22:51:45.633608Z[0m [32m INFO[0m [1mturn[0m[1m{[0m[3msession[0m[2m=[0mcb966652-28f2-429c-be5b-bd170d25ca12[1m}[0m[2m:[0m [2mbraze_engine::engine[0m[2m:[0m parsed a prompt-tools envelope final answer
-> ollama:llama3.2:1b+ablate:constrained-tools :: glob_basic (rep 3/5)
[2m2026-07-12T22:51:45.642468Z[0m [32m INFO[0m [1mturn[0m[1m{[0m[3msession[0m[2m=[0me019e430-4df6-4a02-aada-84600eaeebd7[1m}[0m[2m:[0m [2mbraze_engine::hooks[0m[2m:[0m prompt budget breakdown (PromptBudgetAuditHook) [3msystem_tokens_est[0m[2m=[0m228 [3mtools_tokens_est[0m[2m=[0m850 [3mhistory_tokens_est[0m[2m=[0m17 [3mtotal_tokens_est[0m[2m=[0m1095 [3mmessage_count[0m[2m=[0m1
[2m2026-07-12T22:51:46.786189Z[0m [32m INFO[0m [1mturn[0m[1m{[0m[3msession[0m[2m=[0me019e430-4df6-4a02-aada-84600eaeebd7[1m}[0m[2m:[0m [2mbraze_engine::engine[0m[2m:[0m parsed a prompt-tools envelope tool call [3mtool[0m[2m=[0mread_file
[2m2026-07-12T22:51:46.794728Z[0m [32m INFO[0m [1mturn[0m[1m{[0m[3msession[0m[2m=[0me019e430-4df6-4a02-aada-84600eaeebd7[1m}[0m[2m:[0m [2mbraze_engine::hooks[0m[2m:[0m prompt budget breakdown (PromptBudgetAuditHook) [3msystem_tokens_est[0m[2m=[0m228 [3mtools_tokens_est[0m[2m=[0m850 [3mhistory_tokens_est[0m[2m=[0m69 [3mtotal_tokens_est[0m[2m=[0m1147 [3mmessage_count[0m[2m=[0m4
[2m2026-07-12T22:51:47.988721Z[0m [32m INFO[0m [1mturn[0m[1m{[0m[3msession[0m[2m=[0me019e430-4df6-4a02-aada-84600eaeebd7[1m}[0m[2m:[0m [2mbraze_engine::engine[0m[2m:[0m parsed a prompt-tools envelope final answer
-> ollama:llama3.2:1b+ablate:constrained-tools :: glob_basic (rep 4/5)
[2m2026-07-12T22:51:47.995209Z[0m [32m INFO[0m [1mturn[0m[1m{[0m[3msession[0m[2m=[0m11a3d90e-c14c-455f-9b4c-6d0fa545242e[1m}[0m[2m:[0m [2mbraze_engine::hooks[0m[2m:[0m prompt budget breakdown (PromptBudgetAuditHook) [3msystem_tokens_est[0m[2m=[0m228 [3mtools_tokens_est[0m[2m=[0m850 [3mhistory_tokens_est[0m[2m=[0m17 [3mtotal_tokens_est[0m[2m=[0m1095 [3mmessage_count[0m[2m=[0m1
[2m2026-07-12T22:51:49.405834Z[0m [32m INFO[0m [1mturn[0m[1m{[0m[3msession[0m[2m=[0m11a3d90e-c14c-455f-9b4c-6d0fa545242e[1m}[0m[2m:[0m [2mbraze_engine::engine[0m[2m:[0m parsed a prompt-tools envelope tool call [3mtool[0m[2m=[0mread_file
[2m2026-07-12T22:51:49.413148Z[0m [32m INFO[0m [1mturn[0m[1m{[0m[3msession[0m[2m=[0m11a3d90e-c14c-455f-9b4c-6d0fa545242e[1m}[0m[2m:[0m [2mbraze_engine::hooks[0m[2m:[0m prompt budget breakdown (PromptBudgetAuditHook) [3msystem_tokens_est[0m[2m=[0m228 [3mtools_tokens_est[0m[2m=[0m850 [3mhistory_tokens_est[0m[2m=[0m78 [3mtotal_tokens_est[0m[2m=[0m1157 [3mmessage_count[0m[2m=[0m4
[2m2026-07-12T22:51:50.008756Z[0m [32m INFO[0m [1mturn[0m[1m{[0m[3msession[0m[2m=[0m11a3d90e-c14c-455f-9b4c-6d0fa545242e[1m}[0m[2m:[0m [2mbraze_engine::engine[0m[2m:[0m parsed a prompt-tools envelope final answer
-> ollama:llama3.2:1b+ablate:constrained-tools :: glob_basic (rep 5/5)
[2m2026-07-12T22:51:50.015163Z[0m [32m INFO[0m [1mturn[0m[1m{[0m[3msession[0m[2m=[0m935a9d46-4464-4ae8-a54d-24d8f4d0526f[1m}[0m[2m:[0m [2mbraze_engine::hooks[0m[2m:[0m prompt budget breakdown (PromptBudgetAuditHook) [3msystem_tokens_est[0m[2m=[0m228 [3mtools_tokens_est[0m[2m=[0m850 [3mhistory_tokens_est[0m[2m=[0m17 [3mtotal_tokens_est[0m[2m=[0m1095 [3mmessage_count[0m[2m=[0m1
[2m2026-07-12T22:51:50.854991Z[0m [32m INFO[0m [1mturn[0m[1m{[0m[3msession[0m[2m=[0m935a9d46-4464-4ae8-a54d-24d8f4d0526f[1m}[0m[2m:[0m [2mbraze_engine::engine[0m[2m:[0m parsed a prompt-tools envelope final answer
-> ollama:llama3.2:1b+ablate:constrained-tools :: write_file_basic (rep 1/5)
[2m2026-07-12T22:51:50.861036Z[0m [32m INFO[0m [1mturn[0m[1m{[0m[3msession[0m[2m=[0mdfdc1da1-2944-4c9c-84d5-3181a1de0cb5[1m}[0m[2m:[0m [2mbraze_engine::hooks[0m[2m:[0m prompt budget breakdown (PromptBudgetAuditHook) [3msystem_tokens_est[0m[2m=[0m229 [3mtools_tokens_est[0m[2m=[0m850 [3mhistory_tokens_est[0m[2m=[0m22 [3mtotal_tokens_est[0m[2m=[0m1102 [3mmessage_count[0m[2m=[0m1
[2m2026-07-12T22:51:52.078738Z[0m [32m INFO[0m [1mturn[0m[1m{[0m[3msession[0m[2m=[0mdfdc1da1-2944-4c9c-84d5-3181a1de0cb5[1m}[0m[2m:[0m [2mbraze_engine::engine[0m[2m:[0m parsed a prompt-tools envelope tool call [3mtool[0m[2m=[0mread_file
[2m2026-07-12T22:51:52.089485Z[0m [32m INFO[0m [1mturn[0m[1m{[0m[3msession[0m[2m=[0mdfdc1da1-2944-4c9c-84d5-3181a1de0cb5[1m}[0m[2m:[0m [2mbraze_engine::hooks[0m[2m:[0m prompt budget breakdown (PromptBudgetAuditHook) [3msystem_tokens_est[0m[2m=[0m229 [3mtools_tokens_est[0m[2m=[0m850 [3mhistory_tokens_est[0m[2m=[0m69 [3mtotal_tokens_est[0m[2m=[0m1149 [3mmessage_count[0m[2m=[0m4
[2m2026-07-12T22:51:52.976055Z[0m [32m INFO[0m [1mturn[0m[1m{[0m[3msession[0m[2m=[0mdfdc1da1-2944-4c9c-84d5-3181a1de0cb5[1m}[0m[2m:[0m [2mbraze_engine::engine[0m[2m:[0m parsed a prompt-tools envelope final answer
-> ollama:llama3.2:1b+ablate:constrained-tools :: write_file_basic (rep 2/5)
[2m2026-07-12T22:51:52.981502Z[0m [32m INFO[0m [1mturn[0m[1m{[0m[3msession[0m[2m=[0m22ee3142-0100-4932-992c-3886d8ffbdb6[1m}[0m[2m:[0m [2mbraze_engine::hooks[0m[2m:[0m prompt budget breakdown (PromptBudgetAuditHook) [3msystem_tokens_est[0m[2m=[0m229 [3mtools_tokens_est[0m[2m=[0m850 [3mhistory_tokens_est[0m[2m=[0m22 [3mtotal_tokens_est[0m[2m=[0m1102 [3mmessage_count[0m[2m=[0m1
[2m2026-07-12T22:51:54.206548Z[0m [32m INFO[0m [1mturn[0m[1m{[0m[3msession[0m[2m=[0m22ee3142-0100-4932-992c-3886d8ffbdb6[1m}[0m[2m:[0m [2mbraze_engine::engine[0m[2m:[0m parsed a prompt-tools envelope tool call [3mtool[0m[2m=[0mread_file
[2m2026-07-12T22:51:54.213708Z[0m [32m INFO[0m [1mturn[0m[1m{[0m[3msession[0m[2m=[0m22ee3142-0100-4932-992c-3886d8ffbdb6[1m}[0m[2m:[0m [2mbraze_engine::hooks[0m[2m:[0m prompt budget breakdown (PromptBudgetAuditHook) [3msystem_tokens_est[0m[2m=[0m229 [3mtools_tokens_est[0m[2m=[0m850 [3mhistory_tokens_est[0m[2m=[0m71 [3mtotal_tokens_est[0m[2m=[0m1151 [3mmessage_count[0m[2m=[0m4
[2m2026-07-12T22:51:55.339015Z[0m [32m INFO[0m [1mturn[0m[1m{[0m[3msession[0m[2m=[0m22ee3142-0100-4932-992c-3886d8ffbdb6[1m}[0m[2m:[0m [2mbraze_engine::engine[0m[2m:[0m parsed a prompt-tools envelope final answer
-> ollama:llama3.2:1b+ablate:constrained-tools :: write_file_basic (rep 3/5)
[2m2026-07-12T22:51:55.346656Z[0m [32m INFO[0m [1mturn[0m[1m{[0m[3msession[0m[2m=[0mb55e46d5-bf0d-4da4-8b64-dfb07163f4a1[1m}[0m[2m:[0m [2mbraze_engine::hooks[0m[2m:[0m prompt budget breakdown (PromptBudgetAuditHook) [3msystem_tokens_est[0m[2m=[0m229 [3mtools_tokens_est[0m[2m=[0m850 [3mhistory_tokens_est[0m[2m=[0m22 [3mtotal_tokens_est[0m[2m=[0m1102 [3mmessage_count[0m[2m=[0m1
[2m2026-07-12T22:51:56.576962Z[0m [32m INFO[0m [1mturn[0m[1m{[0m[3msession[0m[2m=[0mb55e46d5-bf0d-4da4-8b64-dfb07163f4a1[1m}[0m[2m:[0m [2mbraze_engine::engine[0m[2m:[0m parsed a prompt-tools envelope tool call [3mtool[0m[2m=[0mread_file
[2m2026-07-12T22:51:56.585242Z[0m [32m INFO[0m [1mturn[0m[1m{[0m[3msession[0m[2m=[0mb55e46d5-bf0d-4da4-8b64-dfb07163f4a1[1m}[0m[2m:[0m [2mbraze_engine::hooks[0m[2m:[0m prompt budget breakdown (PromptBudgetAuditHook) [3msystem_tokens_est[0m[2m=[0m229 [3mtools_tokens_est[0m[2m=[0m850 [3mhistory_tokens_est[0m[2m=[0m73 [3mtotal_tokens_est[0m[2m=[0m1153 [3mmessage_count[0m[2m=[0m4
[2m2026-07-12T22:51:57.349084Z[0m [32m INFO[0m [1mturn[0m[1m{[0m[3msession[0m[2m=[0mb55e46d5-bf0d-4da4-8b64-dfb07163f4a1[1m}[0m[2m:[0m [2mbraze_engine::engine[0m[2m:[0m parsed a prompt-tools envelope final answer
-> ollama:llama3.2:1b+ablate:constrained-tools :: write_file_basic (rep 4/5)
[2m2026-07-12T22:51:57.359567Z[0m [32m INFO[0m [1mturn[0m[1m{[0m[3msession[0m[2m=[0m797664ff-a781-4a74-81b7-266fdcf564f7[1m}[0m[2m:[0m [2mbraze_engine::hooks[0m[2m:[0m prompt budget breakdown (PromptBudgetAuditHook) [3msystem_tokens_est[0m[2m=[0m229 [3mtools_tokens_est[0m[2m=[0m850 [3mhistory_tokens_est[0m[2m=[0m22 [3mtotal_tokens_est[0m[2m=[0m1102 [3mmessage_count[0m[2m=[0m1
[2m2026-07-12T22:51:58.693689Z[0m [32m INFO[0m [1mturn[0m[1m{[0m[3msession[0m[2m=[0m797664ff-a781-4a74-81b7-266fdcf564f7[1m}[0m[2m:[0m [2mbraze_engine::engine[0m[2m:[0m parsed a prompt-tools envelope tool call [3mtool[0m[2m=[0mshell_exec
[2m2026-07-12T22:51:58.705116Z[0m [32m INFO[0m [1mturn[0m[1m{[0m[3msession[0m[2m=[0m797664ff-a781-4a74-81b7-266fdcf564f7[1m}[0m[2m:[0m [2mbraze_engine::hooks[0m[2m:[0m prompt budget breakdown (PromptBudgetAuditHook) [3msystem_tokens_est[0m[2m=[0m229 [3mtools_tokens_est[0m[2m=[0m850 [3mhistory_tokens_est[0m[2m=[0m98 [3mtotal_tokens_est[0m[2m=[0m1179 [3mmessage_count[0m[2m=[0m4
[2m2026-07-12T22:51:59.423750Z[0m [32m INFO[0m [1mturn[0m[1m{[0m[3msession[0m[2m=[0m797664ff-a781-4a74-81b7-266fdcf564f7[1m}[0m[2m:[0m [2mbraze_engine::engine[0m[2m:[0m parsed a prompt-tools envelope final answer
-> ollama:llama3.2:1b+ablate:constrained-tools :: write_file_basic (rep 5/5)
[2m2026-07-12T22:51:59.429851Z[0m [32m INFO[0m [1mturn[0m[1m{[0m[3msession[0m[2m=[0m2718cce1-f7f2-4192-b2ca-2b706fc6b182[1m}[0m[2m:[0m [2mbraze_engine::hooks[0m[2m:[0m prompt budget breakdown (PromptBudgetAuditHook) [3msystem_tokens_est[0m[2m=[0m229 [3mtools_tokens_est[0m[2m=[0m850 [3mhistory_tokens_est[0m[2m=[0m22 [3mtotal_tokens_est[0m[2m=[0m1102 [3mmessage_count[0m[2m=[0m1
[2m2026-07-12T22:52:00.635472Z[0m [32m INFO[0m [1mturn[0m[1m{[0m[3msession[0m[2m=[0m2718cce1-f7f2-4192-b2ca-2b706fc6b182[1m}[0m[2m:[0m [2mbraze_engine::engine[0m[2m:[0m parsed a prompt-tools envelope tool call [3mtool[0m[2m=[0mread_file
[2m2026-07-12T22:52:00.654814Z[0m [32m INFO[0m [1mturn[0m[1m{[0m[3msession[0m[2m=[0m2718cce1-f7f2-4192-b2ca-2b706fc6b182[1m}[0m[2m:[0m [2mbraze_engine::hooks[0m[2m:[0m prompt budget breakdown (PromptBudgetAuditHook) [3msystem_tokens_est[0m[2m=[0m229 [3mtools_tokens_est[0m[2m=[0m850 [3mhistory_tokens_est[0m[2m=[0m71 [3mtotal_tokens_est[0m[2m=[0m1151 [3mmessage_count[0m[2m=[0m4
[2m2026-07-12T22:52:01.488484Z[0m [32m INFO[0m [1mturn[0m[1m{[0m[3msession[0m[2m=[0m2718cce1-f7f2-4192-b2ca-2b706fc6b182[1m}[0m[2m:[0m [2mbraze_engine::engine[0m[2m:[0m parsed a prompt-tools envelope final answer
-> ollama:llama3.2:1b+ablate:constrained-tools :: edit_file_basic (rep 1/5)
[2m2026-07-12T22:52:01.498584Z[0m [32m INFO[0m [1mturn[0m[1m{[0m[3msession[0m[2m=[0m53e757e5-af00-48fd-b9ad-e5f38388712d[1m}[0m[2m:[0m [2mbraze_engine::hooks[0m[2m:[0m prompt budget breakdown (PromptBudgetAuditHook) [3msystem_tokens_est[0m[2m=[0m229 [3mtools_tokens_est[0m[2m=[0m850 [3mhistory_tokens_est[0m[2m=[0m21 [3mtotal_tokens_est[0m[2m=[0m1101 [3mmessage_count[0m[2m=[0m1
[2m2026-07-12T22:52:02.822804Z[0m [32m INFO[0m [1mturn[0m[1m{[0m[3msession[0m[2m=[0m53e757e5-af00-48fd-b9ad-e5f38388712d[1m}[0m[2m:[0m [2mbraze_engine::engine[0m[2m:[0m parsed a prompt-tools envelope tool call [3mtool[0m[2m=[0mshell_exec
[2m2026-07-12T22:52:02.831789Z[0m [32m INFO[0m [1mturn[0m[1m{[0m[3msession[0m[2m=[0m53e757e5-af00-48fd-b9ad-e5f38388712d[1m}[0m[2m:[0m [2mbraze_engine::hooks[0m[2m:[0m prompt budget breakdown (PromptBudgetAuditHook) [3msystem_tokens_est[0m[2m=[0m229 [3mtools_tokens_est[0m[2m=[0m850 [3mhistory_tokens_est[0m[2m=[0m93 [3mtotal_tokens_est[0m[2m=[0m1173 [3mmessage_count[0m[2m=[0m4
[2m2026-07-12T22:52:03.639414Z[0m [32m INFO[0m [1mturn[0m[1m{[0m[3msession[0m[2m=[0m53e757e5-af00-48fd-b9ad-e5f38388712d[1m}[0m[2m:[0m [2mbraze_engine::engine[0m[2m:[0m parsed a prompt-tools envelope final answer
-> ollama:llama3.2:1b+ablate:constrained-tools :: edit_file_basic (rep 2/5)
[2m2026-07-12T22:52:03.648679Z[0m [32m INFO[0m [1mturn[0m[1m{[0m[3msession[0m[2m=[0m00785785-a32b-4f89-a36c-3fb43a8dade8[1m}[0m[2m:[0m [2mbraze_engine::hooks[0m[2m:[0m prompt budget breakdown (PromptBudgetAuditHook) [3msystem_tokens_est[0m[2m=[0m229 [3mtools_tokens_est[0m[2m=[0m850 [3mhistory_tokens_est[0m[2m=[0m21 [3mtotal_tokens_est[0m[2m=[0m1101 [3mmessage_count[0m[2m=[0m1
[2m2026-07-12T22:52:05.092273Z[0m [32m INFO[0m [1mturn[0m[1m{[0m[3msession[0m[2m=[0m00785785-a32b-4f89-a36c-3fb43a8dade8[1m}[0m[2m:[0m [2mbraze_engine::engine[0m[2m:[0m parsed a prompt-tools envelope tool call [3mtool[0m[2m=[0mshell_exec
[2m2026-07-12T22:52:05.101490Z[0m [32m INFO[0m [1mturn[0m[1m{[0m[3msession[0m[2m=[0m00785785-a32b-4f89-a36c-3fb43a8dade8[1m}[0m[2m:[0m [2mbraze_engine::hooks[0m[2m:[0m prompt budget breakdown (PromptBudgetAuditHook) [3msystem_tokens_est[0m[2m=[0m229 [3mtools_tokens_est[0m[2m=[0m850 [3mhistory_tokens_est[0m[2m=[0m100 [3mtotal_tokens_est[0m[2m=[0m1180 [3mmessage_count[0m[2m=[0m4
[2m2026-07-12T22:52:06.487522Z[0m [32m INFO[0m [1mturn[0m[1m{[0m[3msession[0m[2m=[0m00785785-a32b-4f89-a36c-3fb43a8dade8[1m}[0m[2m:[0m [2mbraze_engine::engine[0m[2m:[0m parsed a prompt-tools envelope final answer
-> ollama:llama3.2:1b+ablate:constrained-tools :: edit_file_basic (rep 3/5)
[2m2026-07-12T22:52:06.499527Z[0m [32m INFO[0m [1mturn[0m[1m{[0m[3msession[0m[2m=[0mf14512f3-7838-4786-aab9-5654228c3b03[1m}[0m[2m:[0m [2mbraze_engine::hooks[0m[2m:[0m prompt budget breakdown (PromptBudgetAuditHook) [3msystem_tokens_est[0m[2m=[0m229 [3mtools_tokens_est[0m[2m=[0m850 [3mhistory_tokens_est[0m[2m=[0m21 [3mtotal_tokens_est[0m[2m=[0m1101 [3mmessage_count[0m[2m=[0m1
[2m2026-07-12T22:52:08.068115Z[0m [32m INFO[0m [1mturn[0m[1m{[0m[3msession[0m[2m=[0mf14512f3-7838-4786-aab9-5654228c3b03[1m}[0m[2m:[0m [2mbraze_engine::engine[0m[2m:[0m parsed a prompt-tools envelope tool call [3mtool[0m[2m=[0mshell_exec
[2m2026-07-12T22:52:08.076747Z[0m [32m INFO[0m [1mturn[0m[1m{[0m[3msession[0m[2m=[0mf14512f3-7838-4786-aab9-5654228c3b03[1m}[0m[2m:[0m [2mbraze_engine::hooks[0m[2m:[0m prompt budget breakdown (PromptBudgetAuditHook) [3msystem_tokens_est[0m[2m=[0m229 [3mtools_tokens_est[0m[2m=[0m850 [3mhistory_tokens_est[0m[2m=[0m102 [3mtotal_tokens_est[0m[2m=[0m1182 [3mmessage_count[0m[2m=[0m4
[2m2026-07-12T22:52:09.119027Z[0m [32m INFO[0m [1mturn[0m[1m{[0m[3msession[0m[2m=[0mf14512f3-7838-4786-aab9-5654228c3b03[1m}[0m[2m:[0m [2mbraze_engine::engine[0m[2m:[0m parsed a prompt-tools envelope final answer
-> ollama:llama3.2:1b+ablate:constrained-tools :: edit_file_basic (rep 4/5)
[2m2026-07-12T22:52:09.137330Z[0m [32m INFO[0m [1mturn[0m[1m{[0m[3msession[0m[2m=[0m8f0cf478-62f1-44fb-8d8f-c1cf91361ac4[1m}[0m[2m:[0m [2mbraze_engine::hooks[0m[2m:[0m prompt budget breakdown (PromptBudgetAuditHook) [3msystem_tokens_est[0m[2m=[0m229 [3mtools_tokens_est[0m[2m=[0m850 [3mhistory_tokens_est[0m[2m=[0m21 [3mtotal_tokens_est[0m[2m=[0m1101 [3mmessage_count[0m[2m=[0m1
[2m2026-07-12T22:52:10.560671Z[0m [32m INFO[0m [1mturn[0m[1m{[0m[3msession[0m[2m=[0m8f0cf478-62f1-44fb-8d8f-c1cf91361ac4[1m}[0m[2m:[0m [2mbraze_engine::engine[0m[2m:[0m parsed a prompt-tools envelope tool call [3mtool[0m[2m=[0mshell_exec
[2m2026-07-12T22:52:10.576115Z[0m [32m INFO[0m [1mturn[0m[1m{[0m[3msession[0m[2m=[0m8f0cf478-62f1-44fb-8d8f-c1cf91361ac4[1m}[0m[2m:[0m [2mbraze_engine::hooks[0m[2m:[0m prompt budget breakdown (PromptBudgetAuditHook) [3msystem_tokens_est[0m[2m=[0m229 [3mtools_tokens_est[0m[2m=[0m850 [3mhistory_tokens_est[0m[2m=[0m94 [3mtotal_tokens_est[0m[2m=[0m1174 [3mmessage_count[0m[2m=[0m4
[2m2026-07-12T22:52:11.321525Z[0m [32m INFO[0m [1mturn[0m[1m{[0m[3msession[0m[2m=[0m8f0cf478-62f1-44fb-8d8f-c1cf91361ac4[1m}[0m[2m:[0m [2mbraze_engine::engine[0m[2m:[0m parsed a prompt-tools envelope final answer
-> ollama:llama3.2:1b+ablate:constrained-tools :: edit_file_basic (rep 5/5)
[2m2026-07-12T22:52:11.327364Z[0m [32m INFO[0m [1mturn[0m[1m{[0m[3msession[0m[2m=[0ma827d121-5f68-4ad7-b892-69dd577074e1[1m}[0m[2m:[0m [2mbraze_engine::hooks[0m[2m:[0m prompt budget breakdown (PromptBudgetAuditHook) [3msystem_tokens_est[0m[2m=[0m229 [3mtools_tokens_est[0m[2m=[0m850 [3mhistory_tokens_est[0m[2m=[0m21 [3mtotal_tokens_est[0m[2m=[0m1101 [3mmessage_count[0m[2m=[0m1
[2m2026-07-12T22:52:12.881025Z[0m [32m INFO[0m [1mturn[0m[1m{[0m[3msession[0m[2m=[0ma827d121-5f68-4ad7-b892-69dd577074e1[1m}[0m[2m:[0m [2mbraze_engine::engine[0m[2m:[0m parsed a prompt-tools envelope tool call [3mtool[0m[2m=[0mshell_exec
[2m2026-07-12T22:52:12.894029Z[0m [32m INFO[0m [1mturn[0m[1m{[0m[3msession[0m[2m=[0ma827d121-5f68-4ad7-b892-69dd577074e1[1m}[0m[2m:[0m [2mbraze_engine::hooks[0m[2m:[0m prompt budget breakdown (PromptBudgetAuditHook) [3msystem_tokens_est[0m[2m=[0m229 [3mtools_tokens_est[0m[2m=[0m850 [3mhistory_tokens_est[0m[2m=[0m105 [3mtotal_tokens_est[0m[2m=[0m1185 [3mmessage_count[0m[2m=[0m4
[2m2026-07-12T22:52:13.667700Z[0m [32m INFO[0m [1mturn[0m[1m{[0m[3msession[0m[2m=[0ma827d121-5f68-4ad7-b892-69dd577074e1[1m}[0m[2m:[0m [2mbraze_engine::engine[0m[2m:[0m parsed a prompt-tools envelope final answer
-> ollama:llama3.2:1b+ablate:constrained-tools :: shell_exec_basic (rep 1/5)
[2m2026-07-12T22:52:13.673149Z[0m [32m INFO[0m [1mturn[0m[1m{[0m[3msession[0m[2m=[0m54c20e7f-831a-4f2f-9922-508b76d91941[1m}[0m[2m:[0m [2mbraze_engine::hooks[0m[2m:[0m prompt budget breakdown (PromptBudgetAuditHook) [3msystem_tokens_est[0m[2m=[0m229 [3mtools_tokens_est[0m[2m=[0m850 [3mhistory_tokens_est[0m[2m=[0m18 [3mtotal_tokens_est[0m[2m=[0m1098 [3mmessage_count[0m[2m=[0m1
[2m2026-07-12T22:52:15.559547Z[0m [32m INFO[0m [1mturn[0m[1m{[0m[3msession[0m[2m=[0m54c20e7f-831a-4f2f-9922-508b76d91941[1m}[0m[2m:[0m [2mbraze_engine::engine[0m[2m:[0m parsed a prompt-tools envelope final answer
-> ollama:llama3.2:1b+ablate:constrained-tools :: shell_exec_basic (rep 2/5)
[2m2026-07-12T22:52:15.571168Z[0m [32m INFO[0m [1mturn[0m[1m{[0m[3msession[0m[2m=[0mb8bf9cf9-8f21-4d4a-8020-fda827fed317[1m}[0m[2m:[0m [2mbraze_engine::hooks[0m[2m:[0m prompt budget breakdown (PromptBudgetAuditHook) [3msystem_tokens_est[0m[2m=[0m229 [3mtools_tokens_est[0m[2m=[0m850 [3mhistory_tokens_est[0m[2m=[0m18 [3mtotal_tokens_est[0m[2m=[0m1098 [3mmessage_count[0m[2m=[0m1
[2m2026-07-12T22:52:17.026012Z[0m [32m INFO[0m [1mturn[0m[1m{[0m[3msession[0m[2m=[0mb8bf9cf9-8f21-4d4a-8020-fda827fed317[1m}[0m[2m:[0m [2mbraze_engine::engine[0m[2m:[0m parsed a prompt-tools envelope final answer
-> ollama:llama3.2:1b+ablate:constrained-tools :: shell_exec_basic (rep 3/5)
[2m2026-07-12T22:52:17.034498Z[0m [32m INFO[0m [1mturn[0m[1m{[0m[3msession[0m[2m=[0m62bfb1ce-7389-4016-9776-1da5efe2593b[1m}[0m[2m:[0m [2mbraze_engine::hooks[0m[2m:[0m prompt budget breakdown (PromptBudgetAuditHook) [3msystem_tokens_est[0m[2m=[0m229 [3mtools_tokens_est[0m[2m=[0m850 [3mhistory_tokens_est[0m[2m=[0m18 [3mtotal_tokens_est[0m[2m=[0m1098 [3mmessage_count[0m[2m=[0m1
[2m2026-07-12T22:52:18.963903Z[0m [32m INFO[0m [1mturn[0m[1m{[0m[3msession[0m[2m=[0m62bfb1ce-7389-4016-9776-1da5efe2593b[1m}[0m[2m:[0m [2mbraze_engine::engine[0m[2m:[0m parsed a prompt-tools envelope final answer
-> ollama:llama3.2:1b+ablate:constrained-tools :: shell_exec_basic (rep 4/5)
[2m2026-07-12T22:52:18.971514Z[0m [32m INFO[0m [1mturn[0m[1m{[0m[3msession[0m[2m=[0m618f8839-19f6-4e7b-b243-a266d7f1021c[1m}[0m[2m:[0m [2mbraze_engine::hooks[0m[2m:[0m prompt budget breakdown (PromptBudgetAuditHook) [3msystem_tokens_est[0m[2m=[0m229 [3mtools_tokens_est[0m[2m=[0m850 [3mhistory_tokens_est[0m[2m=[0m18 [3mtotal_tokens_est[0m[2m=[0m1098 [3mmessage_count[0m[2m=[0m1
[2m2026-07-12T22:52:20.281576Z[0m [32m INFO[0m [1mturn[0m[1m{[0m[3msession[0m[2m=[0m618f8839-19f6-4e7b-b243-a266d7f1021c[1m}[0m[2m:[0m [2mbraze_engine::engine[0m[2m:[0m parsed a prompt-tools envelope tool call [3mtool[0m[2m=[0mshell_exec
[2m2026-07-12T22:52:20.301587Z[0m [32m INFO[0m [1mturn[0m[1m{[0m[3msession[0m[2m=[0m618f8839-19f6-4e7b-b243-a266d7f1021c[1m}[0m[2m:[0m [2mbraze_engine::hooks[0m[2m:[0m prompt budget breakdown (PromptBudgetAuditHook) [3msystem_tokens_est[0m[2m=[0m229 [3mtools_tokens_est[0m[2m=[0m850 [3mhistory_tokens_est[0m[2m=[0m109 [3mtotal_tokens_est[0m[2m=[0m1189 [3mmessage_count[0m[2m=[0m4
[2m2026-07-12T22:52:21.266315Z[0m [32m INFO[0m [1mturn[0m[1m{[0m[3msession[0m[2m=[0m618f8839-19f6-4e7b-b243-a266d7f1021c[1m}[0m[2m:[0m [2mbraze_engine::engine[0m[2m:[0m parsed a prompt-tools envelope final answer
-> ollama:llama3.2:1b+ablate:constrained-tools :: shell_exec_basic (rep 5/5)
[2m2026-07-12T22:52:21.276779Z[0m [32m INFO[0m [1mturn[0m[1m{[0m[3msession[0m[2m=[0mafac655e-2123-48a5-8f7a-b1bc34de4059[1m}[0m[2m:[0m [2mbraze_engine::hooks[0m[2m:[0m prompt budget breakdown (PromptBudgetAuditHook) [3msystem_tokens_est[0m[2m=[0m229 [3mtools_tokens_est[0m[2m=[0m850 [3mhistory_tokens_est[0m[2m=[0m18 [3mtotal_tokens_est[0m[2m=[0m1098 [3mmessage_count[0m[2m=[0m1
[2m2026-07-12T22:52:23.090358Z[0m [32m INFO[0m [1mturn[0m[1m{[0m[3msession[0m[2m=[0mafac655e-2123-48a5-8f7a-b1bc34de4059[1m}[0m[2m:[0m [2mbraze_engine::engine[0m[2m:[0m parsed a prompt-tools envelope final answer
-> ollama:llama3.2:1b+ablate:constrained-tools :: no_tool_qa (rep 1/5)
[2m2026-07-12T22:52:23.101428Z[0m [32m INFO[0m [1mturn[0m[1m{[0m[3msession[0m[2m=[0mddf55bf3-27cd-44f9-ab55-9b91dac66d5c[1m}[0m[2m:[0m [2mbraze_engine::hooks[0m[2m:[0m prompt budget breakdown (PromptBudgetAuditHook) [3msystem_tokens_est[0m[2m=[0m228 [3mtools_tokens_est[0m[2m=[0m850 [3mhistory_tokens_est[0m[2m=[0m19 [3mtotal_tokens_est[0m[2m=[0m1098 [3mmessage_count[0m[2m=[0m1
[2m2026-07-12T22:52:23.678850Z[0m [32m INFO[0m [1mturn[0m[1m{[0m[3msession[0m[2m=[0mddf55bf3-27cd-44f9-ab55-9b91dac66d5c[1m}[0m[2m:[0m [2mbraze_engine::engine[0m[2m:[0m parsed a prompt-tools envelope final answer
-> ollama:llama3.2:1b+ablate:constrained-tools :: no_tool_qa (rep 2/5)
[2m2026-07-12T22:52:23.683953Z[0m [32m INFO[0m [1mturn[0m[1m{[0m[3msession[0m[2m=[0m1f9ba287-885d-41ac-83eb-11402b95baae[1m}[0m[2m:[0m [2mbraze_engine::hooks[0m[2m:[0m prompt budget breakdown (PromptBudgetAuditHook) [3msystem_tokens_est[0m[2m=[0m228 [3mtools_tokens_est[0m[2m=[0m850 [3mhistory_tokens_est[0m[2m=[0m19 [3mtotal_tokens_est[0m[2m=[0m1098 [3mmessage_count[0m[2m=[0m1
[2m2026-07-12T22:52:24.266845Z[0m [32m INFO[0m [1mturn[0m[1m{[0m[3msession[0m[2m=[0m1f9ba287-885d-41ac-83eb-11402b95baae[1m}[0m[2m:[0m [2mbraze_engine::engine[0m[2m:[0m parsed a prompt-tools envelope final answer
-> ollama:llama3.2:1b+ablate:constrained-tools :: no_tool_qa (rep 3/5)
[2m2026-07-12T22:52:24.271702Z[0m [32m INFO[0m [1mturn[0m[1m{[0m[3msession[0m[2m=[0m3d86de09-e2d0-49ba-ab45-1fc21f754614[1m}[0m[2m:[0m [2mbraze_engine::hooks[0m[2m:[0m prompt budget breakdown (PromptBudgetAuditHook) [3msystem_tokens_est[0m[2m=[0m228 [3mtools_tokens_est[0m[2m=[0m850 [3mhistory_tokens_est[0m[2m=[0m19 [3mtotal_tokens_est[0m[2m=[0m1098 [3mmessage_count[0m[2m=[0m1
[2m2026-07-12T22:52:24.858468Z[0m [32m INFO[0m [1mturn[0m[1m{[0m[3msession[0m[2m=[0m3d86de09-e2d0-49ba-ab45-1fc21f754614[1m}[0m[2m:[0m [2mbraze_engine::engine[0m[2m:[0m parsed a prompt-tools envelope final answer
-> ollama:llama3.2:1b+ablate:constrained-tools :: no_tool_qa (rep 4/5)
[2m2026-07-12T22:52:24.865501Z[0m [32m INFO[0m [1mturn[0m[1m{[0m[3msession[0m[2m=[0m525953b8-dad6-4ae4-8630-882737686a0e[1m}[0m[2m:[0m [2mbraze_engine::hooks[0m[2m:[0m prompt budget breakdown (PromptBudgetAuditHook) [3msystem_tokens_est[0m[2m=[0m228 [3mtools_tokens_est[0m[2m=[0m850 [3mhistory_tokens_est[0m[2m=[0m19 [3mtotal_tokens_est[0m[2m=[0m1098 [3mmessage_count[0m[2m=[0m1
[2m2026-07-12T22:52:25.441106Z[0m [32m INFO[0m [1mturn[0m[1m{[0m[3msession[0m[2m=[0m525953b8-dad6-4ae4-8630-882737686a0e[1m}[0m[2m:[0m [2mbraze_engine::engine[0m[2m:[0m parsed a prompt-tools envelope final answer
-> ollama:llama3.2:1b+ablate:constrained-tools :: no_tool_qa (rep 5/5)
[2m2026-07-12T22:52:25.448448Z[0m [32m INFO[0m [1mturn[0m[1m{[0m[3msession[0m[2m=[0m5ad11bdf-132e-4904-97f4-3ffc59b907fc[1m}[0m[2m:[0m [2mbraze_engine::hooks[0m[2m:[0m prompt budget breakdown (PromptBudgetAuditHook) [3msystem_tokens_est[0m[2m=[0m228 [3mtools_tokens_est[0m[2m=[0m850 [3mhistory_tokens_est[0m[2m=[0m19 [3mtotal_tokens_est[0m[2m=[0m1098 [3mmessage_count[0m[2m=[0m1
[2m2026-07-12T22:52:26.022800Z[0m [32m INFO[0m [1mturn[0m[1m{[0m[3msession[0m[2m=[0m5ad11bdf-132e-4904-97f4-3ffc59b907fc[1m}[0m[2m:[0m [2mbraze_engine::engine[0m[2m:[0m parsed a prompt-tools envelope final answer
-> ollama:llama3.2:1b+ablate:constrained-tools :: multi_step_read_count_write (rep 1/5)
[2m2026-07-12T22:52:26.027637Z[0m [32m INFO[0m [1mturn[0m[1m{[0m[3msession[0m[2m=[0mb387ae37-5d0f-438e-a036-66f5cd35f888[1m}[0m[2m:[0m [2mbraze_engine::hooks[0m[2m:[0m prompt budget breakdown (PromptBudgetAuditHook) [3msystem_tokens_est[0m[2m=[0m232 [3mtools_tokens_est[0m[2m=[0m850 [3mhistory_tokens_est[0m[2m=[0m45 [3mtotal_tokens_est[0m[2m=[0m1128 [3mmessage_count[0m[2m=[0m1
[2m2026-07-12T22:52:28.748585Z[0m [32m INFO[0m [1mturn[0m[1m{[0m[3msession[0m[2m=[0mb387ae37-5d0f-438e-a036-66f5cd35f888[1m}[0m[2m:[0m [2mbraze_engine::engine[0m[2m:[0m parsed a prompt-tools envelope tool call [3mtool[0m[2m=[0mread_file
[2m2026-07-12T22:52:28.758189Z[0m [32m INFO[0m [1mturn[0m[1m{[0m[3msession[0m[2m=[0mb387ae37-5d0f-438e-a036-66f5cd35f888[1m}[0m[2m:[0m [2mbraze_engine::hooks[0m[2m:[0m prompt budget breakdown (PromptBudgetAuditHook) [3msystem_tokens_est[0m[2m=[0m232 [3mtools_tokens_est[0m[2m=[0m850 [3mhistory_tokens_est[0m[2m=[0m198 [3mtotal_tokens_est[0m[2m=[0m1281 [3mmessage_count[0m[2m=[0m4
[2m2026-07-12T22:52:29.296168Z[0m [32m INFO[0m [1mturn[0m[1m{[0m[3msession[0m[2m=[0mb387ae37-5d0f-438e-a036-66f5cd35f888[1m}[0m[2m:[0m [2mbraze_engine::engine[0m[2m:[0m parsed a prompt-tools envelope final answer
-> ollama:llama3.2:1b+ablate:constrained-tools :: multi_step_read_count_write (rep 2/5)
[2m2026-07-12T22:52:29.305015Z[0m [32m INFO[0m [1mturn[0m[1m{[0m[3msession[0m[2m=[0m31d57e5c-4a8f-42fc-b083-2f652d5ebb33[1m}[0m[2m:[0m [2mbraze_engine::hooks[0m[2m:[0m prompt budget breakdown (PromptBudgetAuditHook) [3msystem_tokens_est[0m[2m=[0m232 [3mtools_tokens_est[0m[2m=[0m850 [3mhistory_tokens_est[0m[2m=[0m45 [3mtotal_tokens_est[0m[2m=[0m1128 [3mmessage_count[0m[2m=[0m1
[2m2026-07-12T22:52:30.665272Z[0m [32m INFO[0m [1mturn[0m[1m{[0m[3msession[0m[2m=[0m31d57e5c-4a8f-42fc-b083-2f652d5ebb33[1m}[0m[2m:[0m [2mbraze_engine::engine[0m[2m:[0m parsed a prompt-tools envelope tool call [3mtool[0m[2m=[0mread_file
[2m2026-07-12T22:52:30.678457Z[0m [32m INFO[0m [1mturn[0m[1m{[0m[3msession[0m[2m=[0m31d57e5c-4a8f-42fc-b083-2f652d5ebb33[1m}[0m[2m:[0m [2mbraze_engine::hooks[0m[2m:[0m prompt budget breakdown (PromptBudgetAuditHook) [3msystem_tokens_est[0m[2m=[0m232 [3mtools_tokens_est[0m[2m=[0m850 [3mhistory_tokens_est[0m[2m=[0m101 [3mtotal_tokens_est[0m[2m=[0m1184 [3mmessage_count[0m[2m=[0m4
[2m2026-07-12T22:52:31.539186Z[0m [32m INFO[0m [1mturn[0m[1m{[0m[3msession[0m[2m=[0m31d57e5c-4a8f-42fc-b083-2f652d5ebb33[1m}[0m[2m:[0m [2mbraze_engine::engine[0m[2m:[0m parsed a prompt-tools envelope final answer
-> ollama:llama3.2:1b+ablate:constrained-tools :: multi_step_read_count_write (rep 3/5)
[2m2026-07-12T22:52:31.549846Z[0m [32m INFO[0m [1mturn[0m[1m{[0m[3msession[0m[2m=[0mf3ac724a-6140-4e12-bd92-a9b1881b6be3[1m}[0m[2m:[0m [2mbraze_engine::hooks[0m[2m:[0m prompt budget breakdown (PromptBudgetAuditHook) [3msystem_tokens_est[0m[2m=[0m232 [3mtools_tokens_est[0m[2m=[0m850 [3mhistory_tokens_est[0m[2m=[0m45 [3mtotal_tokens_est[0m[2m=[0m1128 [3mmessage_count[0m[2m=[0m1
[2m2026-07-12T22:52:32.754231Z[0m [32m INFO[0m [1mturn[0m[1m{[0m[3msession[0m[2m=[0mf3ac724a-6140-4e12-bd92-a9b1881b6be3[1m}[0m[2m:[0m [2mbraze_engine::engine[0m[2m:[0m parsed a prompt-tools envelope tool call [3mtool[0m[2m=[0mread_file
[2m2026-07-12T22:52:32.762812Z[0m [32m INFO[0m [1mturn[0m[1m{[0m[3msession[0m[2m=[0mf3ac724a-6140-4e12-bd92-a9b1881b6be3[1m}[0m[2m:[0m [2mbraze_engine::hooks[0m[2m:[0m prompt budget breakdown (PromptBudgetAuditHook) [3msystem_tokens_est[0m[2m=[0m232 [3mtools_tokens_est[0m[2m=[0m850 [3mhistory_tokens_est[0m[2m=[0m90 [3mtotal_tokens_est[0m[2m=[0m1173 [3mmessage_count[0m[2m=[0m4
[2m2026-07-12T22:52:33.479930Z[0m [32m INFO[0m [1mturn[0m[1m{[0m[3msession[0m[2m=[0mf3ac724a-6140-4e12-bd92-a9b1881b6be3[1m}[0m[2m:[0m [2mbraze_engine::engine[0m[2m:[0m parsed a prompt-tools envelope final answer
-> ollama:llama3.2:1b+ablate:constrained-tools :: multi_step_read_count_write (rep 4/5)
[2m2026-07-12T22:52:33.485442Z[0m [32m INFO[0m [1mturn[0m[1m{[0m[3msession[0m[2m=[0mddf764e6-83a5-4503-952c-584b05beee49[1m}[0m[2m:[0m [2mbraze_engine::hooks[0m[2m:[0m prompt budget breakdown (PromptBudgetAuditHook) [3msystem_tokens_est[0m[2m=[0m232 [3mtools_tokens_est[0m[2m=[0m850 [3mhistory_tokens_est[0m[2m=[0m45 [3mtotal_tokens_est[0m[2m=[0m1128 [3mmessage_count[0m[2m=[0m1
[2m2026-07-12T22:52:34.672959Z[0m [32m INFO[0m [1mturn[0m[1m{[0m[3msession[0m[2m=[0mddf764e6-83a5-4503-952c-584b05beee49[1m}[0m[2m:[0m [2mbraze_engine::engine[0m[2m:[0m parsed a prompt-tools envelope tool call [3mtool[0m[2m=[0mread_file
[2m2026-07-12T22:52:34.678826Z[0m [32m INFO[0m [1mturn[0m[1m{[0m[3msession[0m[2m=[0mddf764e6-83a5-4503-952c-584b05beee49[1m}[0m[2m:[0m [2mbraze_engine::hooks[0m[2m:[0m prompt budget breakdown (PromptBudgetAuditHook) [3msystem_tokens_est[0m[2m=[0m232 [3mtools_tokens_est[0m[2m=[0m850 [3mhistory_tokens_est[0m[2m=[0m82 [3mtotal_tokens_est[0m[2m=[0m1165 [3mmessage_count[0m[2m=[0m4
[2m2026-07-12T22:52:35.360216Z[0m [32m INFO[0m [1mturn[0m[1m{[0m[3msession[0m[2m=[0mddf764e6-83a5-4503-952c-584b05beee49[1m}[0m[2m:[0m [2mbraze_engine::engine[0m[2m:[0m parsed a prompt-tools envelope final answer
-> ollama:llama3.2:1b+ablate:constrained-tools :: multi_step_read_count_write (rep 5/5)
[2m2026-07-12T22:52:35.366428Z[0m [32m INFO[0m [1mturn[0m[1m{[0m[3msession[0m[2m=[0m5d307c09-f2ce-4838-b32e-b286d35aa3d7[1m}[0m[2m:[0m [2mbraze_engine::hooks[0m[2m:[0m prompt budget breakdown (PromptBudgetAuditHook) [3msystem_tokens_est[0m[2m=[0m232 [3mtools_tokens_est[0m[2m=[0m850 [3mhistory_tokens_est[0m[2m=[0m45 [3mtotal_tokens_est[0m[2m=[0m1128 [3mmessage_count[0m[2m=[0m1
[2m2026-07-12T22:52:36.857334Z[0m [32m INFO[0m [1mturn[0m[1m{[0m[3msession[0m[2m=[0m5d307c09-f2ce-4838-b32e-b286d35aa3d7[1m}[0m[2m:[0m [2mbraze_engine::engine[0m[2m:[0m parsed a prompt-tools envelope tool call [3mtool[0m[2m=[0mread_file
[2m2026-07-12T22:52:36.862705Z[0m [32m INFO[0m [1mturn[0m[1m{[0m[3msession[0m[2m=[0m5d307c09-f2ce-4838-b32e-b286d35aa3d7[1m}[0m[2m:[0m [2mbraze_engine::hooks[0m[2m:[0m prompt budget breakdown (PromptBudgetAuditHook) [3msystem_tokens_est[0m[2m=[0m232 [3mtools_tokens_est[0m[2m=[0m850 [3mhistory_tokens_est[0m[2m=[0m111 [3mtotal_tokens_est[0m[2m=[0m1194 [3mmessage_count[0m[2m=[0m4
[2m2026-07-12T22:52:37.709555Z[0m [32m INFO[0m [1mturn[0m[1m{[0m[3msession[0m[2m=[0m5d307c09-f2ce-4838-b32e-b286d35aa3d7[1m}[0m[2m:[0m [2mbraze_engine::engine[0m[2m:[0m parsed a prompt-tools envelope final answer
-> ollama:llama3.2:1b+ablate:constrained-tools :: error_recovery_wrong_filename (rep 1/5)
[2m2026-07-12T22:52:37.721724Z[0m [32m INFO[0m [1mturn[0m[1m{[0m[3msession[0m[2m=[0m36ff129e-8d6d-4ecd-9e1f-286c9d061b1b[1m}[0m[2m:[0m [2mbraze_engine::hooks[0m[2m:[0m prompt budget breakdown (PromptBudgetAuditHook) [3msystem_tokens_est[0m[2m=[0m232 [3mtools_tokens_est[0m[2m=[0m850 [3mhistory_tokens_est[0m[2m=[0m34 [3mtotal_tokens_est[0m[2m=[0m1118 [3mmessage_count[0m[2m=[0m1
[2m2026-07-12T22:52:39.094380Z[0m [32m INFO[0m [1mturn[0m[1m{[0m[3msession[0m[2m=[0m36ff129e-8d6d-4ecd-9e1f-286c9d061b1b[1m}[0m[2m:[0m [2mbraze_engine::engine[0m[2m:[0m parsed a prompt-tools envelope tool call [3mtool[0m[2m=[0mread_file
[2m2026-07-12T22:52:39.102617Z[0m [32m INFO[0m [1mturn[0m[1m{[0m[3msession[0m[2m=[0m36ff129e-8d6d-4ecd-9e1f-286c9d061b1b[1m}[0m[2m:[0m [2mbraze_engine::hooks[0m[2m:[0m prompt budget breakdown (PromptBudgetAuditHook) [3msystem_tokens_est[0m[2m=[0m232 [3mtools_tokens_est[0m[2m=[0m850 [3mhistory_tokens_est[0m[2m=[0m106 [3mtotal_tokens_est[0m[2m=[0m1190 [3mmessage_count[0m[2m=[0m4
[2m2026-07-12T22:52:39.877575Z[0m [32m INFO[0m [1mturn[0m[1m{[0m[3msession[0m[2m=[0m36ff129e-8d6d-4ecd-9e1f-286c9d061b1b[1m}[0m[2m:[0m [2mbraze_engine::engine[0m[2m:[0m parsed a prompt-tools envelope final answer
-> ollama:llama3.2:1b+ablate:constrained-tools :: error_recovery_wrong_filename (rep 2/5)
[2m2026-07-12T22:52:39.884679Z[0m [32m INFO[0m [1mturn[0m[1m{[0m[3msession[0m[2m=[0m203d7849-559f-4e8d-bf5b-125ff9e89d7e[1m}[0m[2m:[0m [2mbraze_engine::hooks[0m[2m:[0m prompt budget breakdown (PromptBudgetAuditHook) [3msystem_tokens_est[0m[2m=[0m232 [3mtools_tokens_est[0m[2m=[0m850 [3mhistory_tokens_est[0m[2m=[0m34 [3mtotal_tokens_est[0m[2m=[0m1118 [3mmessage_count[0m[2m=[0m1
[2m2026-07-12T22:52:41.168364Z[0m [32m INFO[0m [1mturn[0m[1m{[0m[3msession[0m[2m=[0m203d7849-559f-4e8d-bf5b-125ff9e89d7e[1m}[0m[2m:[0m [2mbraze_engine::engine[0m[2m:[0m parsed a prompt-tools envelope tool call [3mtool[0m[2m=[0mread_file
[2m2026-07-12T22:52:41.182754Z[0m [32m INFO[0m [1mturn[0m[1m{[0m[3msession[0m[2m=[0m203d7849-559f-4e8d-bf5b-125ff9e89d7e[1m}[0m[2m:[0m [2mbraze_engine::hooks[0m[2m:[0m prompt budget breakdown (PromptBudgetAuditHook) [3msystem_tokens_est[0m[2m=[0m232 [3mtools_tokens_est[0m[2m=[0m850 [3mhistory_tokens_est[0m[2m=[0m112 [3mtotal_tokens_est[0m[2m=[0m1195 [3mmessage_count[0m[2m=[0m4
[2m2026-07-12T22:52:41.994066Z[0m [32m INFO[0m [1mturn[0m[1m{[0m[3msession[0m[2m=[0m203d7849-559f-4e8d-bf5b-125ff9e89d7e[1m}[0m[2m:[0m [2mbraze_engine::engine[0m[2m:[0m parsed a prompt-tools envelope final answer
-> ollama:llama3.2:1b+ablate:constrained-tools :: error_recovery_wrong_filename (rep 3/5)
[2m2026-07-12T22:52:42.001986Z[0m [32m INFO[0m [1mturn[0m[1m{[0m[3msession[0m[2m=[0m33c96823-f072-4448-ae24-f3068af41a55[1m}[0m[2m:[0m [2mbraze_engine::hooks[0m[2m:[0m prompt budget breakdown (PromptBudgetAuditHook) [3msystem_tokens_est[0m[2m=[0m232 [3mtools_tokens_est[0m[2m=[0m850 [3mhistory_tokens_est[0m[2m=[0m34 [3mtotal_tokens_est[0m[2m=[0m1118 [3mmessage_count[0m[2m=[0m1
[2m2026-07-12T22:52:43.172572Z[0m [32m INFO[0m [1mturn[0m[1m{[0m[3msession[0m[2m=[0m33c96823-f072-4448-ae24-f3068af41a55[1m}[0m[2m:[0m [2mbraze_engine::engine[0m[2m:[0m parsed a prompt-tools envelope tool call [3mtool[0m[2m=[0mread_file
[2m2026-07-12T22:52:43.180006Z[0m [32m INFO[0m [1mturn[0m[1m{[0m[3msession[0m[2m=[0m33c96823-f072-4448-ae24-f3068af41a55[1m}[0m[2m:[0m [2mbraze_engine::hooks[0m[2m:[0m prompt budget breakdown (PromptBudgetAuditHook) [3msystem_tokens_est[0m[2m=[0m232 [3mtools_tokens_est[0m[2m=[0m850 [3mhistory_tokens_est[0m[2m=[0m87 [3mtotal_tokens_est[0m[2m=[0m1171 [3mmessage_count[0m[2m=[0m4
[2m2026-07-12T22:52:43.752693Z[0m [32m INFO[0m [1mturn[0m[1m{[0m[3msession[0m[2m=[0m33c96823-f072-4448-ae24-f3068af41a55[1m}[0m[2m:[0m [2mbraze_engine::engine[0m[2m:[0m parsed a prompt-tools envelope final answer
-> ollama:llama3.2:1b+ablate:constrained-tools :: error_recovery_wrong_filename (rep 4/5)
[2m2026-07-12T22:52:43.759639Z[0m [32m INFO[0m [1mturn[0m[1m{[0m[3msession[0m[2m=[0me0f0b617-e674-47fd-97e5-8f9fbaa89d2f[1m}[0m[2m:[0m [2mbraze_engine::hooks[0m[2m:[0m prompt budget breakdown (PromptBudgetAuditHook) [3msystem_tokens_est[0m[2m=[0m232 [3mtools_tokens_est[0m[2m=[0m850 [3mhistory_tokens_est[0m[2m=[0m34 [3mtotal_tokens_est[0m[2m=[0m1118 [3mmessage_count[0m[2m=[0m1
[2m2026-07-12T22:52:45.053910Z[0m [32m INFO[0m [1mturn[0m[1m{[0m[3msession[0m[2m=[0me0f0b617-e674-47fd-97e5-8f9fbaa89d2f[1m}[0m[2m:[0m [2mbraze_engine::engine[0m[2m:[0m parsed a prompt-tools envelope tool call [3mtool[0m[2m=[0mread_file
[2m2026-07-12T22:52:45.061122Z[0m [32m INFO[0m [1mturn[0m[1m{[0m[3msession[0m[2m=[0me0f0b617-e674-47fd-97e5-8f9fbaa89d2f[1m}[0m[2m:[0m [2mbraze_engine::hooks[0m[2m:[0m prompt budget breakdown (PromptBudgetAuditHook) [3msystem_tokens_est[0m[2m=[0m232 [3mtools_tokens_est[0m[2m=[0m850 [3mhistory_tokens_est[0m[2m=[0m114 [3mtotal_tokens_est[0m[2m=[0m1197 [3mmessage_count[0m[2m=[0m4
[2m2026-07-12T22:52:45.797347Z[0m [32m INFO[0m [1mturn[0m[1m{[0m[3msession[0m[2m=[0me0f0b617-e674-47fd-97e5-8f9fbaa89d2f[1m}[0m[2m:[0m [2mbraze_engine::engine[0m[2m:[0m parsed a prompt-tools envelope final answer
-> ollama:llama3.2:1b+ablate:constrained-tools :: error_recovery_wrong_filename (rep 5/5)
[2m2026-07-12T22:52:45.806970Z[0m [32m INFO[0m [1mturn[0m[1m{[0m[3msession[0m[2m=[0m3dc8e14f-c34b-429a-95a3-f8cbd8928a93[1m}[0m[2m:[0m [2mbraze_engine::hooks[0m[2m:[0m prompt budget breakdown (PromptBudgetAuditHook) [3msystem_tokens_est[0m[2m=[0m232 [3mtools_tokens_est[0m[2m=[0m850 [3mhistory_tokens_est[0m[2m=[0m34 [3mtotal_tokens_est[0m[2m=[0m1118 [3mmessage_count[0m[2m=[0m1
[2m2026-07-12T22:52:47.089805Z[0m [32m INFO[0m [1mturn[0m[1m{[0m[3msession[0m[2m=[0m3dc8e14f-c34b-429a-95a3-f8cbd8928a93[1m}[0m[2m:[0m [2mbraze_engine::engine[0m[2m:[0m parsed a prompt-tools envelope tool call [3mtool[0m[2m=[0mread_file
[2m2026-07-12T22:52:47.098767Z[0m [32m INFO[0m [1mturn[0m[1m{[0m[3msession[0m[2m=[0m3dc8e14f-c34b-429a-95a3-f8cbd8928a93[1m}[0m[2m:[0m [2mbraze_engine::hooks[0m[2m:[0m prompt budget breakdown (PromptBudgetAuditHook) [3msystem_tokens_est[0m[2m=[0m232 [3mtools_tokens_est[0m[2m=[0m850 [3mhistory_tokens_est[0m[2m=[0m107 [3mtotal_tokens_est[0m[2m=[0m1190 [3mmessage_count[0m[2m=[0m4
[2m2026-07-12T22:52:47.652349Z[0m [32m INFO[0m [1mturn[0m[1m{[0m[3msession[0m[2m=[0m3dc8e14f-c34b-429a-95a3-f8cbd8928a93[1m}[0m[2m:[0m [2mbraze_engine::engine[0m[2m:[0m parsed a prompt-tools envelope final answer
-> ollama:llama3.2:1b+ablate:constrained-tools :: distractor_selection_among_files (rep 1/5)
[2m2026-07-12T22:52:47.659731Z[0m [32m INFO[0m [1mturn[0m[1m{[0m[3msession[0m[2m=[0mcae2ed01-ad59-4a37-becc-6d6029356044[1m}[0m[2m:[0m [2mbraze_engine::hooks[0m[2m:[0m prompt budget breakdown (PromptBudgetAuditHook) [3msystem_tokens_est[0m[2m=[0m233 [3mtools_tokens_est[0m[2m=[0m850 [3mhistory_tokens_est[0m[2m=[0m34 [3mtotal_tokens_est[0m[2m=[0m1118 [3mmessage_count[0m[2m=[0m1
[2m2026-07-12T22:52:48.811801Z[0m [32m INFO[0m [1mturn[0m[1m{[0m[3msession[0m[2m=[0mcae2ed01-ad59-4a37-becc-6d6029356044[1m}[0m[2m:[0m [2mbraze_engine::engine[0m[2m:[0m parsed a prompt-tools envelope tool call [3mtool[0m[2m=[0mread_file
[2m2026-07-12T22:52:48.817774Z[0m [32m INFO[0m [1mturn[0m[1m{[0m[3msession[0m[2m=[0mcae2ed01-ad59-4a37-becc-6d6029356044[1m}[0m[2m:[0m [2mbraze_engine::hooks[0m[2m:[0m prompt budget breakdown (PromptBudgetAuditHook) [3msystem_tokens_est[0m[2m=[0m233 [3mtools_tokens_est[0m[2m=[0m850 [3mhistory_tokens_est[0m[2m=[0m92 [3mtotal_tokens_est[0m[2m=[0m1177 [3mmessage_count[0m[2m=[0m4
[2m2026-07-12T22:52:49.433230Z[0m [32m INFO[0m [1mturn[0m[1m{[0m[3msession[0m[2m=[0mcae2ed01-ad59-4a37-becc-6d6029356044[1m}[0m[2m:[0m [2mbraze_engine::engine[0m[2m:[0m parsed a prompt-tools envelope final answer
-> ollama:llama3.2:1b+ablate:constrained-tools :: distractor_selection_among_files (rep 2/5)
[2m2026-07-12T22:52:49.455874Z[0m [32m INFO[0m [1mturn[0m[1m{[0m[3msession[0m[2m=[0m07a54fd0-b428-4a61-b33c-f98c9aa3e2fb[1m}[0m[2m:[0m [2mbraze_engine::hooks[0m[2m:[0m prompt budget breakdown (PromptBudgetAuditHook) [3msystem_tokens_est[0m[2m=[0m233 [3mtools_tokens_est[0m[2m=[0m850 [3mhistory_tokens_est[0m[2m=[0m34 [3mtotal_tokens_est[0m[2m=[0m1118 [3mmessage_count[0m[2m=[0m1
[2m2026-07-12T22:52:50.655777Z[0m [32m INFO[0m [1mturn[0m[1m{[0m[3msession[0m[2m=[0m07a54fd0-b428-4a61-b33c-f98c9aa3e2fb[1m}[0m[2m:[0m [2mbraze_engine::engine[0m[2m:[0m parsed a prompt-tools envelope tool call [3mtool[0m[2m=[0mread_file
[2m2026-07-12T22:52:50.665884Z[0m [32m INFO[0m [1mturn[0m[1m{[0m[3msession[0m[2m=[0m07a54fd0-b428-4a61-b33c-f98c9aa3e2fb[1m}[0m[2m:[0m [2mbraze_engine::hooks[0m[2m:[0m prompt budget breakdown (PromptBudgetAuditHook) [3msystem_tokens_est[0m[2m=[0m233 [3mtools_tokens_est[0m[2m=[0m850 [3mhistory_tokens_est[0m[2m=[0m102 [3mtotal_tokens_est[0m[2m=[0m1186 [3mmessage_count[0m[2m=[0m4
[2m2026-07-12T22:52:51.313157Z[0m [32m INFO[0m [1mturn[0m[1m{[0m[3msession[0m[2m=[0m07a54fd0-b428-4a61-b33c-f98c9aa3e2fb[1m}[0m[2m:[0m [2mbraze_engine::engine[0m[2m:[0m parsed a prompt-tools envelope final answer
-> ollama:llama3.2:1b+ablate:constrained-tools :: distractor_selection_among_files (rep 3/5)
[2m2026-07-12T22:52:51.319678Z[0m [32m INFO[0m [1mturn[0m[1m{[0m[3msession[0m[2m=[0m192a8905-d37a-41ad-9983-b28c0f3a296a[1m}[0m[2m:[0m [2mbraze_engine::hooks[0m[2m:[0m prompt budget breakdown (PromptBudgetAuditHook) [3msystem_tokens_est[0m[2m=[0m233 [3mtools_tokens_est[0m[2m=[0m850 [3mhistory_tokens_est[0m[2m=[0m34 [3mtotal_tokens_est[0m[2m=[0m1118 [3mmessage_count[0m[2m=[0m1
[2m2026-07-12T22:52:52.517832Z[0m [32m INFO[0m [1mturn[0m[1m{[0m[3msession[0m[2m=[0m192a8905-d37a-41ad-9983-b28c0f3a296a[1m}[0m[2m:[0m [2mbraze_engine::engine[0m[2m:[0m parsed a prompt-tools envelope tool call [3mtool[0m[2m=[0mread_file
[2m2026-07-12T22:52:52.524788Z[0m [32m INFO[0m [1mturn[0m[1m{[0m[3msession[0m[2m=[0m192a8905-d37a-41ad-9983-b28c0f3a296a[1m}[0m[2m:[0m [2mbraze_engine::hooks[0m[2m:[0m prompt budget breakdown (PromptBudgetAuditHook) [3msystem_tokens_est[0m[2m=[0m233 [3mtools_tokens_est[0m[2m=[0m850 [3mhistory_tokens_est[0m[2m=[0m91 [3mtotal_tokens_est[0m[2m=[0m1175 [3mmessage_count[0m[2m=[0m4
[2m2026-07-12T22:52:53.095624Z[0m [32m INFO[0m [1mturn[0m[1m{[0m[3msession[0m[2m=[0m192a8905-d37a-41ad-9983-b28c0f3a296a[1m}[0m[2m:[0m [2mbraze_engine::engine[0m[2m:[0m parsed a prompt-tools envelope final answer
-> ollama:llama3.2:1b+ablate:constrained-tools :: distractor_selection_among_files (rep 4/5)
[2m2026-07-12T22:52:53.102169Z[0m [32m INFO[0m [1mturn[0m[1m{[0m[3msession[0m[2m=[0m60218788-75ea-4f71-8fab-3baf71b596b3[1m}[0m[2m:[0m [2mbraze_engine::hooks[0m[2m:[0m prompt budget breakdown (PromptBudgetAuditHook) [3msystem_tokens_est[0m[2m=[0m233 [3mtools_tokens_est[0m[2m=[0m850 [3mhistory_tokens_est[0m[2m=[0m34 [3mtotal_tokens_est[0m[2m=[0m1118 [3mmessage_count[0m[2m=[0m1
[2m2026-07-12T22:52:54.528801Z[0m [32m INFO[0m [1mturn[0m[1m{[0m[3msession[0m[2m=[0m60218788-75ea-4f71-8fab-3baf71b596b3[1m}[0m[2m:[0m [2mbraze_engine::engine[0m[2m:[0m parsed a prompt-tools envelope tool call [3mtool[0m[2m=[0mread_file
[2m2026-07-12T22:52:54.536682Z[0m [32m INFO[0m [1mturn[0m[1m{[0m[3msession[0m[2m=[0m60218788-75ea-4f71-8fab-3baf71b596b3[1m}[0m[2m:[0m [2mbraze_engine::hooks[0m[2m:[0m prompt budget breakdown (PromptBudgetAuditHook) [3msystem_tokens_est[0m[2m=[0m233 [3mtools_tokens_est[0m[2m=[0m850 [3mhistory_tokens_est[0m[2m=[0m121 [3mtotal_tokens_est[0m[2m=[0m1205 [3mmessage_count[0m[2m=[0m4
[2m2026-07-12T22:52:55.447234Z[0m [32m INFO[0m [1mturn[0m[1m{[0m[3msession[0m[2m=[0m60218788-75ea-4f71-8fab-3baf71b596b3[1m}[0m[2m:[0m [2mbraze_engine::engine[0m[2m:[0m parsed a prompt-tools envelope final answer
-> ollama:llama3.2:1b+ablate:constrained-tools :: distractor_selection_among_files (rep 5/5)
[2m2026-07-12T22:52:55.457552Z[0m [32m INFO[0m [1mturn[0m[1m{[0m[3msession[0m[2m=[0mea161637-3b00-484d-adbb-2e2699611bdd[1m}[0m[2m:[0m [2mbraze_engine::hooks[0m[2m:[0m prompt budget breakdown (PromptBudgetAuditHook) [3msystem_tokens_est[0m[2m=[0m233 [3mtools_tokens_est[0m[2m=[0m850 [3mhistory_tokens_est[0m[2m=[0m34 [3mtotal_tokens_est[0m[2m=[0m1118 [3mmessage_count[0m[2m=[0m1
[2m2026-07-12T22:52:56.679949Z[0m [32m INFO[0m [1mturn[0m[1m{[0m[3msession[0m[2m=[0mea161637-3b00-484d-adbb-2e2699611bdd[1m}[0m[2m:[0m [2mbraze_engine::engine[0m[2m:[0m parsed a prompt-tools envelope tool call [3mtool[0m[2m=[0mread_file
[2m2026-07-12T22:52:56.688319Z[0m [32m INFO[0m [1mturn[0m[1m{[0m[3msession[0m[2m=[0mea161637-3b00-484d-adbb-2e2699611bdd[1m}[0m[2m:[0m [2mbraze_engine::hooks[0m[2m:[0m prompt budget breakdown (PromptBudgetAuditHook) [3msystem_tokens_est[0m[2m=[0m233 [3mtools_tokens_est[0m[2m=[0m850 [3mhistory_tokens_est[0m[2m=[0m108 [3mtotal_tokens_est[0m[2m=[0m1192 [3mmessage_count[0m[2m=[0m4
[2m2026-07-12T22:52:57.557269Z[0m [32m INFO[0m [1mturn[0m[1m{[0m[3msession[0m[2m=[0mea161637-3b00-484d-adbb-2e2699611bdd[1m}[0m[2m:[0m [2mbraze_engine::engine[0m[2m:[0m parsed a prompt-tools envelope final answer
-> ollama:llama3.2:1b+ablate:constrained-tools :: edit_file_function_body (rep 1/5)
[2m2026-07-12T22:52:57.563920Z[0m [32m INFO[0m [1mturn[0m[1m{[0m[3msession[0m[2m=[0m9b1c6c1b-1500-4ee5-97c3-6a39de7ad308[1m}[0m[2m:[0m [2mbraze_engine::hooks[0m[2m:[0m prompt budget breakdown (PromptBudgetAuditHook) [3msystem_tokens_est[0m[2m=[0m231 [3mtools_tokens_est[0m[2m=[0m850 [3mhistory_tokens_est[0m[2m=[0m28 [3mtotal_tokens_est[0m[2m=[0m1110 [3mmessage_count[0m[2m=[0m1
[2m2026-07-12T22:52:58.899982Z[0m [32m INFO[0m [1mturn[0m[1m{[0m[3msession[0m[2m=[0m9b1c6c1b-1500-4ee5-97c3-6a39de7ad308[1m}[0m[2m:[0m [2mbraze_engine::engine[0m[2m:[0m parsed a prompt-tools envelope tool call [3mtool[0m[2m=[0mshell_exec
[2m2026-07-12T22:52:58.911864Z[0m [32m INFO[0m [1mturn[0m[1m{[0m[3msession[0m[2m=[0m9b1c6c1b-1500-4ee5-97c3-6a39de7ad308[1m}[0m[2m:[0m [2mbraze_engine::hooks[0m[2m:[0m prompt budget breakdown (PromptBudgetAuditHook) [3msystem_tokens_est[0m[2m=[0m231 [3mtools_tokens_est[0m[2m=[0m850 [3mhistory_tokens_est[0m[2m=[0m81 [3mtotal_tokens_est[0m[2m=[0m1163 [3mmessage_count[0m[2m=[0m4
[2m2026-07-12T22:52:59.494350Z[0m [32m INFO[0m [1mturn[0m[1m{[0m[3msession[0m[2m=[0m9b1c6c1b-1500-4ee5-97c3-6a39de7ad308[1m}[0m[2m:[0m [2mbraze_engine::engine[0m[2m:[0m parsed a prompt-tools envelope final answer
-> ollama:llama3.2:1b+ablate:constrained-tools :: edit_file_function_body (rep 2/5)
[2m2026-07-12T22:52:59.502644Z[0m [32m INFO[0m [1mturn[0m[1m{[0m[3msession[0m[2m=[0mbf0a3779-d493-479f-b4f0-ea5bdefde3f4[1m}[0m[2m:[0m [2mbraze_engine::hooks[0m[2m:[0m prompt budget breakdown (PromptBudgetAuditHook) [3msystem_tokens_est[0m[2m=[0m231 [3mtools_tokens_est[0m[2m=[0m850 [3mhistory_tokens_est[0m[2m=[0m28 [3mtotal_tokens_est[0m[2m=[0m1110 [3mmessage_count[0m[2m=[0m1
[2m2026-07-12T22:53:00.752862Z[0m [32m INFO[0m [1mturn[0m[1m{[0m[3msession[0m[2m=[0mbf0a3779-d493-479f-b4f0-ea5bdefde3f4[1m}[0m[2m:[0m [2mbraze_engine::engine[0m[2m:[0m parsed a prompt-tools envelope tool call [3mtool[0m[2m=[0mshell_exec
[2m2026-07-12T22:53:00.762843Z[0m [32m INFO[0m [1mturn[0m[1m{[0m[3msession[0m[2m=[0mbf0a3779-d493-479f-b4f0-ea5bdefde3f4[1m}[0m[2m:[0m [2mbraze_engine::hooks[0m[2m:[0m prompt budget breakdown (PromptBudgetAuditHook) [3msystem_tokens_est[0m[2m=[0m231 [3mtools_tokens_est[0m[2m=[0m850 [3mhistory_tokens_est[0m[2m=[0m75 [3mtotal_tokens_est[0m[2m=[0m1157 [3mmessage_count[0m[2m=[0m4
[2m2026-07-12T22:53:01.315826Z[0m [32m INFO[0m [1mturn[0m[1m{[0m[3msession[0m[2m=[0mbf0a3779-d493-479f-b4f0-ea5bdefde3f4[1m}[0m[2m:[0m [2mbraze_engine::engine[0m[2m:[0m parsed a prompt-tools envelope final answer
-> ollama:llama3.2:1b+ablate:constrained-tools :: edit_file_function_body (rep 3/5)
[2m2026-07-12T22:53:01.328128Z[0m [32m INFO[0m [1mturn[0m[1m{[0m[3msession[0m[2m=[0m6203c6a8-0336-4bd0-8f51-d4b7748037a3[1m}[0m[2m:[0m [2mbraze_engine::hooks[0m[2m:[0m prompt budget breakdown (PromptBudgetAuditHook) [3msystem_tokens_est[0m[2m=[0m231 [3mtools_tokens_est[0m[2m=[0m850 [3mhistory_tokens_est[0m[2m=[0m28 [3mtotal_tokens_est[0m[2m=[0m1110 [3mmessage_count[0m[2m=[0m1
[2m2026-07-12T22:53:02.330178Z[0m [32m INFO[0m [1mturn[0m[1m{[0m[3msession[0m[2m=[0m6203c6a8-0336-4bd0-8f51-d4b7748037a3[1m}[0m[2m:[0m [2mbraze_engine::engine[0m[2m:[0m parsed a prompt-tools envelope tool call [3mtool[0m[2m=[0mshell_exec
[2m2026-07-12T22:53:02.355674Z[0m [32m INFO[0m [1mturn[0m[1m{[0m[3msession[0m[2m=[0m6203c6a8-0336-4bd0-8f51-d4b7748037a3[1m}[0m[2m:[0m [2mbraze_engine::hooks[0m[2m:[0m prompt budget breakdown (PromptBudgetAuditHook) [3msystem_tokens_est[0m[2m=[0m231 [3mtools_tokens_est[0m[2m=[0m850 [3mhistory_tokens_est[0m[2m=[0m64 [3mtotal_tokens_est[0m[2m=[0m1146 [3mmessage_count[0m[2m=[0m3
[2m2026-07-12T22:53:03.307304Z[0m [32m INFO[0m [1mturn[0m[1m{[0m[3msession[0m[2m=[0m6203c6a8-0336-4bd0-8f51-d4b7748037a3[1m}[0m[2m:[0m [2mbraze_engine::engine[0m[2m:[0m parsed a prompt-tools envelope final answer
-> ollama:llama3.2:1b+ablate:constrained-tools :: edit_file_function_body (rep 4/5)
[2m2026-07-12T22:53:03.316288Z[0m [32m INFO[0m [1mturn[0m[1m{[0m[3msession[0m[2m=[0m62ff92bf-8a39-4fcd-b9ef-b0b4e0746b84[1m}[0m[2m:[0m [2mbraze_engine::hooks[0m[2m:[0m prompt budget breakdown (PromptBudgetAuditHook) [3msystem_tokens_est[0m[2m=[0m231 [3mtools_tokens_est[0m[2m=[0m850 [3mhistory_tokens_est[0m[2m=[0m28 [3mtotal_tokens_est[0m[2m=[0m1110 [3mmessage_count[0m[2m=[0m1
[2m2026-07-12T22:53:04.606569Z[0m [32m INFO[0m [1mturn[0m[1m{[0m[3msession[0m[2m=[0m62ff92bf-8a39-4fcd-b9ef-b0b4e0746b84[1m}[0m[2m:[0m [2mbraze_engine::engine[0m[2m:[0m parsed a prompt-tools envelope tool call [3mtool[0m[2m=[0mread_file
[2m2026-07-12T22:53:04.613776Z[0m [32m INFO[0m [1mturn[0m[1m{[0m[3msession[0m[2m=[0m62ff92bf-8a39-4fcd-b9ef-b0b4e0746b84[1m}[0m[2m:[0m [2mbraze_engine::hooks[0m[2m:[0m prompt budget breakdown (PromptBudgetAuditHook) [3msystem_tokens_est[0m[2m=[0m231 [3mtools_tokens_est[0m[2m=[0m850 [3mhistory_tokens_est[0m[2m=[0m74 [3mtotal_tokens_est[0m[2m=[0m1156 [3mmessage_count[0m[2m=[0m4
[2m2026-07-12T22:53:07.818544Z[0m [32m INFO[0m [1mturn[0m[1m{[0m[3msession[0m[2m=[0m62ff92bf-8a39-4fcd-b9ef-b0b4e0746b84[1m}[0m[2m:[0m [2mbraze_engine::engine[0m[2m:[0m parsed a prompt-tools envelope final answer
-> ollama:llama3.2:1b+ablate:constrained-tools :: edit_file_function_body (rep 5/5)
[2m2026-07-12T22:53:07.828936Z[0m [32m INFO[0m [1mturn[0m[1m{[0m[3msession[0m[2m=[0mb51f38c8-718b-4276-8321-7702d0691075[1m}[0m[2m:[0m [2mbraze_engine::hooks[0m[2m:[0m prompt budget breakdown (PromptBudgetAuditHook) [3msystem_tokens_est[0m[2m=[0m231 [3mtools_tokens_est[0m[2m=[0m850 [3mhistory_tokens_est[0m[2m=[0m28 [3mtotal_tokens_est[0m[2m=[0m1110 [3mmessage_count[0m[2m=[0m1
[2m2026-07-12T22:53:09.266971Z[0m [32m INFO[0m [1mturn[0m[1m{[0m[3msession[0m[2m=[0mb51f38c8-718b-4276-8321-7702d0691075[1m}[0m[2m:[0m [2mbraze_engine::engine[0m[2m:[0m parsed a prompt-tools envelope tool call [3mtool[0m[2m=[0mshell_exec
[2m2026-07-12T22:53:09.277282Z[0m [32m INFO[0m [1mturn[0m[1m{[0m[3msession[0m[2m=[0mb51f38c8-718b-4276-8321-7702d0691075[1m}[0m[2m:[0m [2mbraze_engine::hooks[0m[2m:[0m prompt budget breakdown (PromptBudgetAuditHook) [3msystem_tokens_est[0m[2m=[0m231 [3mtools_tokens_est[0m[2m=[0m850 [3mhistory_tokens_est[0m[2m=[0m84 [3mtotal_tokens_est[0m[2m=[0m1166 [3mmessage_count[0m[2m=[0m4
[2m2026-07-12T22:53:10.376439Z[0m [32m INFO[0m [1mturn[0m[1m{[0m[3msession[0m[2m=[0mb51f38c8-718b-4276-8321-7702d0691075[1m}[0m[2m:[0m [2mbraze_engine::engine[0m[2m:[0m parsed a prompt-tools envelope final answer
-> ollama:llama3.2:1b+ablate:constrained-tools :: no_tool_capital_question (rep 1/5)
[2m2026-07-12T22:53:10.383937Z[0m [32m INFO[0m [1mturn[0m[1m{[0m[3msession[0m[2m=[0m40283330-0cdd-400f-83e6-20af3328cdd9[1m}[0m[2m:[0m [2mbraze_engine::hooks[0m[2m:[0m prompt budget breakdown (PromptBudgetAuditHook) [3msystem_tokens_est[0m[2m=[0m231 [3mtools_tokens_est[0m[2m=[0m850 [3mhistory_tokens_est[0m[2m=[0m25 [3mtotal_tokens_est[0m[2m=[0m1108 [3mmessage_count[0m[2m=[0m1
[2m2026-07-12T22:53:11.006629Z[0m [32m INFO[0m [1mturn[0m[1m{[0m[3msession[0m[2m=[0m40283330-0cdd-400f-83e6-20af3328cdd9[1m}[0m[2m:[0m [2mbraze_engine::engine[0m[2m:[0m parsed a prompt-tools envelope final answer
-> ollama:llama3.2:1b+ablate:constrained-tools :: no_tool_capital_question (rep 2/5)
[2m2026-07-12T22:53:11.021795Z[0m [32m INFO[0m [1mturn[0m[1m{[0m[3msession[0m[2m=[0m8a2300e2-44aa-422b-a712-7fa54f17b538[1m}[0m[2m:[0m [2mbraze_engine::hooks[0m[2m:[0m prompt budget breakdown (PromptBudgetAuditHook) [3msystem_tokens_est[0m[2m=[0m231 [3mtools_tokens_est[0m[2m=[0m850 [3mhistory_tokens_est[0m[2m=[0m25 [3mtotal_tokens_est[0m[2m=[0m1108 [3mmessage_count[0m[2m=[0m1
[2m2026-07-12T22:53:11.653275Z[0m [32m INFO[0m [1mturn[0m[1m{[0m[3msession[0m[2m=[0m8a2300e2-44aa-422b-a712-7fa54f17b538[1m}[0m[2m:[0m [2mbraze_engine::engine[0m[2m:[0m parsed a prompt-tools envelope final answer
-> ollama:llama3.2:1b+ablate:constrained-tools :: no_tool_capital_question (rep 3/5)
[2m2026-07-12T22:53:11.661642Z[0m [32m INFO[0m [1mturn[0m[1m{[0m[3msession[0m[2m=[0mab4ab387-d668-4456-b01c-90ba2cd6fbaa[1m}[0m[2m:[0m [2mbraze_engine::hooks[0m[2m:[0m prompt budget breakdown (PromptBudgetAuditHook) [3msystem_tokens_est[0m[2m=[0m231 [3mtools_tokens_est[0m[2m=[0m850 [3mhistory_tokens_est[0m[2m=[0m25 [3mtotal_tokens_est[0m[2m=[0m1108 [3mmessage_count[0m[2m=[0m1
[2m2026-07-12T22:53:12.284217Z[0m [32m INFO[0m [1mturn[0m[1m{[0m[3msession[0m[2m=[0mab4ab387-d668-4456-b01c-90ba2cd6fbaa[1m}[0m[2m:[0m [2mbraze_engine::engine[0m[2m:[0m parsed a prompt-tools envelope final answer
-> ollama:llama3.2:1b+ablate:constrained-tools :: no_tool_capital_question (rep 4/5)
[2m2026-07-12T22:53:12.288953Z[0m [32m INFO[0m [1mturn[0m[1m{[0m[3msession[0m[2m=[0m600e606e-053d-4a15-bcfd-4f2f473e7f59[1m}[0m[2m:[0m [2mbraze_engine::hooks[0m[2m:[0m prompt budget breakdown (PromptBudgetAuditHook) [3msystem_tokens_est[0m[2m=[0m231 [3mtools_tokens_est[0m[2m=[0m850 [3mhistory_tokens_est[0m[2m=[0m25 [3mtotal_tokens_est[0m[2m=[0m1108 [3mmessage_count[0m[2m=[0m1
[2m2026-07-12T22:53:12.912800Z[0m [32m INFO[0m [1mturn[0m[1m{[0m[3msession[0m[2m=[0m600e606e-053d-4a15-bcfd-4f2f473e7f59[1m}[0m[2m:[0m [2mbraze_engine::engine[0m[2m:[0m parsed a prompt-tools envelope final answer
-> ollama:llama3.2:1b+ablate:constrained-tools :: no_tool_capital_question (rep 5/5)
[2m2026-07-12T22:53:12.919204Z[0m [32m INFO[0m [1mturn[0m[1m{[0m[3msession[0m[2m=[0me004ab97-a655-429e-aab4-d519afe62000[1m}[0m[2m:[0m [2mbraze_engine::hooks[0m[2m:[0m prompt budget breakdown (PromptBudgetAuditHook) [3msystem_tokens_est[0m[2m=[0m231 [3mtools_tokens_est[0m[2m=[0m850 [3mhistory_tokens_est[0m[2m=[0m25 [3mtotal_tokens_est[0m[2m=[0m1108 [3mmessage_count[0m[2m=[0m1
[2m2026-07-12T22:53:13.538679Z[0m [32m INFO[0m [1mturn[0m[1m{[0m[3msession[0m[2m=[0me004ab97-a655-429e-aab4-d519afe62000[1m}[0m[2m:[0m [2mbraze_engine::engine[0m[2m:[0m parsed a prompt-tools envelope final answer
-> ollama:llama3.2:1b+ablate:constrained-tools :: no_tool_subtraction (rep 1/5)
[2m2026-07-12T22:53:13.546025Z[0m [32m INFO[0m [1mturn[0m[1m{[0m[3msession[0m[2m=[0m9f4538b3-4a32-4694-925f-019c9f8016f7[1m}[0m[2m:[0m [2mbraze_engine::hooks[0m[2m:[0m prompt budget breakdown (PromptBudgetAuditHook) [3msystem_tokens_est[0m[2m=[0m230 [3mtools_tokens_est[0m[2m=[0m850 [3mhistory_tokens_est[0m[2m=[0m21 [3mtotal_tokens_est[0m[2m=[0m1102 [3mmessage_count[0m[2m=[0m1
[2m2026-07-12T22:53:14.121809Z[0m [32m INFO[0m [1mturn[0m[1m{[0m[3msession[0m[2m=[0m9f4538b3-4a32-4694-925f-019c9f8016f7[1m}[0m[2m:[0m [2mbraze_engine::engine[0m[2m:[0m parsed a prompt-tools envelope final answer
-> ollama:llama3.2:1b+ablate:constrained-tools :: no_tool_subtraction (rep 2/5)
[2m2026-07-12T22:53:14.136059Z[0m [32m INFO[0m [1mturn[0m[1m{[0m[3msession[0m[2m=[0m57878ae8-4866-4fd0-8d89-97f67cccd4ff[1m}[0m[2m:[0m [2mbraze_engine::hooks[0m[2m:[0m prompt budget breakdown (PromptBudgetAuditHook) [3msystem_tokens_est[0m[2m=[0m230 [3mtools_tokens_est[0m[2m=[0m850 [3mhistory_tokens_est[0m[2m=[0m21 [3mtotal_tokens_est[0m[2m=[0m1102 [3mmessage_count[0m[2m=[0m1
[2m2026-07-12T22:53:14.716874Z[0m [32m INFO[0m [1mturn[0m[1m{[0m[3msession[0m[2m=[0m57878ae8-4866-4fd0-8d89-97f67cccd4ff[1m}[0m[2m:[0m [2mbraze_engine::engine[0m[2m:[0m parsed a prompt-tools envelope final answer
-> ollama:llama3.2:1b+ablate:constrained-tools :: no_tool_subtraction (rep 3/5)
[2m2026-07-12T22:53:14.726891Z[0m [32m INFO[0m [1mturn[0m[1m{[0m[3msession[0m[2m=[0m89e40ce5-f620-4429-a810-d24798fab7e3[1m}[0m[2m:[0m [2mbraze_engine::hooks[0m[2m:[0m prompt budget breakdown (PromptBudgetAuditHook) [3msystem_tokens_est[0m[2m=[0m230 [3mtools_tokens_est[0m[2m=[0m850 [3mhistory_tokens_est[0m[2m=[0m21 [3mtotal_tokens_est[0m[2m=[0m1102 [3mmessage_count[0m[2m=[0m1
[2m2026-07-12T22:53:15.310994Z[0m [32m INFO[0m [1mturn[0m[1m{[0m[3msession[0m[2m=[0m89e40ce5-f620-4429-a810-d24798fab7e3[1m}[0m[2m:[0m [2mbraze_engine::engine[0m[2m:[0m parsed a prompt-tools envelope final answer
-> ollama:llama3.2:1b+ablate:constrained-tools :: no_tool_subtraction (rep 4/5)
[2m2026-07-12T22:53:15.321339Z[0m [32m INFO[0m [1mturn[0m[1m{[0m[3msession[0m[2m=[0m8ba34166-6a45-419d-80ea-5b299dc4b1b6[1m}[0m[2m:[0m [2mbraze_engine::hooks[0m[2m:[0m prompt budget breakdown (PromptBudgetAuditHook) [3msystem_tokens_est[0m[2m=[0m230 [3mtools_tokens_est[0m[2m=[0m850 [3mhistory_tokens_est[0m[2m=[0m21 [3mtotal_tokens_est[0m[2m=[0m1102 [3mmessage_count[0m[2m=[0m1
[2m2026-07-12T22:53:15.893730Z[0m [32m INFO[0m [1mturn[0m[1m{[0m[3msession[0m[2m=[0m8ba34166-6a45-419d-80ea-5b299dc4b1b6[1m}[0m[2m:[0m [2mbraze_engine::engine[0m[2m:[0m parsed a prompt-tools envelope final answer
-> ollama:llama3.2:1b+ablate:constrained-tools :: no_tool_subtraction (rep 5/5)
[2m2026-07-12T22:53:15.903028Z[0m [32m INFO[0m [1mturn[0m[1m{[0m[3msession[0m[2m=[0mb1aae316-399b-48eb-a75f-ceaa4607757c[1m}[0m[2m:[0m [2mbraze_engine::hooks[0m[2m:[0m prompt budget breakdown (PromptBudgetAuditHook) [3msystem_tokens_est[0m[2m=[0m230 [3mtools_tokens_est[0m[2m=[0m850 [3mhistory_tokens_est[0m[2m=[0m21 [3mtotal_tokens_est[0m[2m=[0m1102 [3mmessage_count[0m[2m=[0m1
[2m2026-07-12T22:53:16.486242Z[0m [32m INFO[0m [1mturn[0m[1m{[0m[3msession[0m[2m=[0mb1aae316-399b-48eb-a75f-ceaa4607757c[1m}[0m[2m:[0m [2mbraze_engine::engine[0m[2m:[0m parsed a prompt-tools envelope final answer
-> ollama:llama3.2:1b+ablate:constrained-tools :: multi_step_sum_two_files (rep 1/5)
[2m2026-07-12T22:53:16.494472Z[0m [32m INFO[0m [1mturn[0m[1m{[0m[3msession[0m[2m=[0me9717da2-2045-4b0a-b188-615dde3e722c[1m}[0m[2m:[0m [2mbraze_engine::hooks[0m[2m:[0m prompt budget breakdown (PromptBudgetAuditHook) [3msystem_tokens_est[0m[2m=[0m231 [3mtools_tokens_est[0m[2m=[0m850 [3mhistory_tokens_est[0m[2m=[0m49 [3mtotal_tokens_est[0m[2m=[0m1131 [3mmessage_count[0m[2m=[0m1
[2m2026-07-12T22:53:17.778871Z[0m [32m INFO[0m [1mturn[0m[1m{[0m[3msession[0m[2m=[0me9717da2-2045-4b0a-b188-615dde3e722c[1m}[0m[2m:[0m [2mbraze_engine::engine[0m[2m:[0m parsed a prompt-tools envelope tool call [3mtool[0m[2m=[0mread_file
[2m2026-07-12T22:53:17.785521Z[0m [32m INFO[0m [1mturn[0m[1m{[0m[3msession[0m[2m=[0me9717da2-2045-4b0a-b188-615dde3e722c[1m}[0m[2m:[0m [2mbraze_engine::hooks[0m[2m:[0m prompt budget breakdown (PromptBudgetAuditHook) [3msystem_tokens_est[0m[2m=[0m231 [3mtools_tokens_est[0m[2m=[0m850 [3mhistory_tokens_est[0m[2m=[0m116 [3mtotal_tokens_est[0m[2m=[0m1198 [3mmessage_count[0m[2m=[0m4
[2m2026-07-12T22:53:18.661382Z[0m [32m INFO[0m [1mturn[0m[1m{[0m[3msession[0m[2m=[0me9717da2-2045-4b0a-b188-615dde3e722c[1m}[0m[2m:[0m [2mbraze_engine::engine[0m[2m:[0m parsed a prompt-tools envelope final answer
-> ollama:llama3.2:1b+ablate:constrained-tools :: multi_step_sum_two_files (rep 2/5)
[2m2026-07-12T22:53:18.668306Z[0m [32m INFO[0m [1mturn[0m[1m{[0m[3msession[0m[2m=[0m7535da0e-14d3-4910-bc09-753bae3a618d[1m}[0m[2m:[0m [2mbraze_engine::hooks[0m[2m:[0m prompt budget breakdown (PromptBudgetAuditHook) [3msystem_tokens_est[0m[2m=[0m231 [3mtools_tokens_est[0m[2m=[0m850 [3mhistory_tokens_est[0m[2m=[0m49 [3mtotal_tokens_est[0m[2m=[0m1131 [3mmessage_count[0m[2m=[0m1
[2m2026-07-12T22:53:19.901264Z[0m [32m INFO[0m [1mturn[0m[1m{[0m[3msession[0m[2m=[0m7535da0e-14d3-4910-bc09-753bae3a618d[1m}[0m[2m:[0m [2mbraze_engine::engine[0m[2m:[0m parsed a prompt-tools envelope tool call [3mtool[0m[2m=[0mread_file
[2m2026-07-12T22:53:19.910477Z[0m [32m INFO[0m [1mturn[0m[1m{[0m[3msession[0m[2m=[0m7535da0e-14d3-4910-bc09-753bae3a618d[1m}[0m[2m:[0m [2mbraze_engine::hooks[0m[2m:[0m prompt budget breakdown (PromptBudgetAuditHook) [3msystem_tokens_est[0m[2m=[0m231 [3mtools_tokens_est[0m[2m=[0m850 [3mhistory_tokens_est[0m[2m=[0m107 [3mtotal_tokens_est[0m[2m=[0m1189 [3mmessage_count[0m[2m=[0m4
[2m2026-07-12T22:53:20.645344Z[0m [32m INFO[0m [1mturn[0m[1m{[0m[3msession[0m[2m=[0m7535da0e-14d3-4910-bc09-753bae3a618d[1m}[0m[2m:[0m [2mbraze_engine::engine[0m[2m:[0m parsed a prompt-tools envelope final answer
-> ollama:llama3.2:1b+ablate:constrained-tools :: multi_step_sum_two_files (rep 3/5)
[2m2026-07-12T22:53:20.653202Z[0m [32m INFO[0m [1mturn[0m[1m{[0m[3msession[0m[2m=[0m508a3c3a-96ea-4fbd-aa36-fd77420abf12[1m}[0m[2m:[0m [2mbraze_engine::hooks[0m[2m:[0m prompt budget breakdown (PromptBudgetAuditHook) [3msystem_tokens_est[0m[2m=[0m231 [3mtools_tokens_est[0m[2m=[0m850 [3mhistory_tokens_est[0m[2m=[0m49 [3mtotal_tokens_est[0m[2m=[0m1131 [3mmessage_count[0m[2m=[0m1
[2m2026-07-12T22:53:22.091423Z[0m [32m INFO[0m [1mturn[0m[1m{[0m[3msession[0m[2m=[0m508a3c3a-96ea-4fbd-aa36-fd77420abf12[1m}[0m[2m:[0m [2mbraze_engine::engine[0m[2m:[0m parsed a prompt-tools envelope tool call [3mtool[0m[2m=[0mshell_exec
[2m2026-07-12T22:53:22.106959Z[0m [32m INFO[0m [1mturn[0m[1m{[0m[3msession[0m[2m=[0m508a3c3a-96ea-4fbd-aa36-fd77420abf12[1m}[0m[2m:[0m [2mbraze_engine::hooks[0m[2m:[0m prompt budget breakdown (PromptBudgetAuditHook) [3msystem_tokens_est[0m[2m=[0m231 [3mtools_tokens_est[0m[2m=[0m850 [3mhistory_tokens_est[0m[2m=[0m107 [3mtotal_tokens_est[0m[2m=[0m1190 [3mmessage_count[0m[2m=[0m4
[2m2026-07-12T22:53:22.875977Z[0m [32m INFO[0m [1mturn[0m[1m{[0m[3msession[0m[2m=[0m508a3c3a-96ea-4fbd-aa36-fd77420abf12[1m}[0m[2m:[0m [2mbraze_engine::engine[0m[2m:[0m parsed a prompt-tools envelope final answer
-> ollama:llama3.2:1b+ablate:constrained-tools :: multi_step_sum_two_files (rep 4/5)
[2m2026-07-12T22:53:22.886540Z[0m [32m INFO[0m [1mturn[0m[1m{[0m[3msession[0m[2m=[0mcf99426c-1320-47a6-a914-29a58d427139[1m}[0m[2m:[0m [2mbraze_engine::hooks[0m[2m:[0m prompt budget breakdown (PromptBudgetAuditHook) [3msystem_tokens_est[0m[2m=[0m231 [3mtools_tokens_est[0m[2m=[0m850 [3mhistory_tokens_est[0m[2m=[0m49 [3mtotal_tokens_est[0m[2m=[0m1131 [3mmessage_count[0m[2m=[0m1
[2m2026-07-12T22:53:24.171295Z[0m [32m INFO[0m [1mturn[0m[1m{[0m[3msession[0m[2m=[0mcf99426c-1320-47a6-a914-29a58d427139[1m}[0m[2m:[0m [2mbraze_engine::engine[0m[2m:[0m parsed a prompt-tools envelope tool call [3mtool[0m[2m=[0mshell_exec
[2m2026-07-12T22:53:24.182309Z[0m [32m INFO[0m [1mturn[0m[1m{[0m[3msession[0m[2m=[0mcf99426c-1320-47a6-a914-29a58d427139[1m}[0m[2m:[0m [2mbraze_engine::hooks[0m[2m:[0m prompt budget breakdown (PromptBudgetAuditHook) [3msystem_tokens_est[0m[2m=[0m231 [3mtools_tokens_est[0m[2m=[0m850 [3mhistory_tokens_est[0m[2m=[0m106 [3mtotal_tokens_est[0m[2m=[0m1188 [3mmessage_count[0m[2m=[0m4
[2m2026-07-12T22:53:24.593764Z[0m [32m INFO[0m [1mturn[0m[1m{[0m[3msession[0m[2m=[0mcf99426c-1320-47a6-a914-29a58d427139[1m}[0m[2m:[0m [2mbraze_engine::engine[0m[2m:[0m parsed a prompt-tools envelope final answer
-> ollama:llama3.2:1b+ablate:constrained-tools :: multi_step_sum_two_files (rep 5/5)
[2m2026-07-12T22:53:24.599874Z[0m [32m INFO[0m [1mturn[0m[1m{[0m[3msession[0m[2m=[0m4bee57e5-797a-4092-98de-8bb39fbca2cf[1m}[0m[2m:[0m [2mbraze_engine::hooks[0m[2m:[0m prompt budget breakdown (PromptBudgetAuditHook) [3msystem_tokens_est[0m[2m=[0m231 [3mtools_tokens_est[0m[2m=[0m850 [3mhistory_tokens_est[0m[2m=[0m49 [3mtotal_tokens_est[0m[2m=[0m1131 [3mmessage_count[0m[2m=[0m1
[2m2026-07-12T22:53:25.846543Z[0m [32m INFO[0m [1mturn[0m[1m{[0m[3msession[0m[2m=[0m4bee57e5-797a-4092-98de-8bb39fbca2cf[1m}[0m[2m:[0m [2mbraze_engine::engine[0m[2m:[0m parsed a prompt-tools envelope tool call [3mtool[0m[2m=[0mshell_exec
[2m2026-07-12T22:53:25.860024Z[0m [32m INFO[0m [1mturn[0m[1m{[0m[3msession[0m[2m=[0m4bee57e5-797a-4092-98de-8bb39fbca2cf[1m}[0m[2m:[0m [2mbraze_engine::hooks[0m[2m:[0m prompt budget breakdown (PromptBudgetAuditHook) [3msystem_tokens_est[0m[2m=[0m231 [3mtools_tokens_est[0m[2m=[0m850 [3mhistory_tokens_est[0m[2m=[0m96 [3mtotal_tokens_est[0m[2m=[0m1178 [3mmessage_count[0m[2m=[0m4
[2m2026-07-12T22:53:26.353801Z[0m [32m INFO[0m [1mturn[0m[1m{[0m[3msession[0m[2m=[0m4bee57e5-797a-4092-98de-8bb39fbca2cf[1m}[0m[2m:[0m [2mbraze_engine::engine[0m[2m:[0m parsed a prompt-tools envelope final answer
-> ollama:llama3.2:1b+ablate:constrained-tools :: multi_step_multiply_and_write (rep 1/5)
[2m2026-07-12T22:53:26.361047Z[0m [32m INFO[0m [1mturn[0m[1m{[0m[3msession[0m[2m=[0mbbafdbaa-f7c6-4786-8ef7-3db7eae0b191[1m}[0m[2m:[0m [2mbraze_engine::hooks[0m[2m:[0m prompt budget breakdown (PromptBudgetAuditHook) [3msystem_tokens_est[0m[2m=[0m232 [3mtools_tokens_est[0m[2m=[0m850 [3mhistory_tokens_est[0m[2m=[0m53 [3mtotal_tokens_est[0m[2m=[0m1136 [3mmessage_count[0m[2m=[0m1
[2m2026-07-12T22:53:27.387959Z[0m [32m INFO[0m [1mturn[0m[1m{[0m[3msession[0m[2m=[0mbbafdbaa-f7c6-4786-8ef7-3db7eae0b191[1m}[0m[2m:[0m [2mbraze_engine::engine[0m[2m:[0m parsed a prompt-tools envelope tool call [3mtool[0m[2m=[0mread_file
[2m2026-07-12T22:53:27.396581Z[0m [32m INFO[0m [1mturn[0m[1m{[0m[3msession[0m[2m=[0mbbafdbaa-f7c6-4786-8ef7-3db7eae0b191[1m}[0m[2m:[0m [2mbraze_engine::hooks[0m[2m:[0m prompt budget breakdown (PromptBudgetAuditHook) [3msystem_tokens_est[0m[2m=[0m232 [3mtools_tokens_est[0m[2m=[0m850 [3mhistory_tokens_est[0m[2m=[0m82 [3mtotal_tokens_est[0m[2m=[0m1166 [3mmessage_count[0m[2m=[0m4
[2m2026-07-12T22:53:28.281492Z[0m [32m INFO[0m [1mturn[0m[1m{[0m[3msession[0m[2m=[0mbbafdbaa-f7c6-4786-8ef7-3db7eae0b191[1m}[0m[2m:[0m [2mbraze_engine::engine[0m[2m:[0m parsed a prompt-tools envelope final answer
-> ollama:llama3.2:1b+ablate:constrained-tools :: multi_step_multiply_and_write (rep 2/5)
[2m2026-07-12T22:53:28.293199Z[0m [32m INFO[0m [1mturn[0m[1m{[0m[3msession[0m[2m=[0m2f7a6d09-cea2-47ef-8698-3869d5bca7dc[1m}[0m[2m:[0m [2mbraze_engine::hooks[0m[2m:[0m prompt budget breakdown (PromptBudgetAuditHook) [3msystem_tokens_est[0m[2m=[0m232 [3mtools_tokens_est[0m[2m=[0m850 [3mhistory_tokens_est[0m[2m=[0m53 [3mtotal_tokens_est[0m[2m=[0m1136 [3mmessage_count[0m[2m=[0m1
[2m2026-07-12T22:53:29.736319Z[0m [32m INFO[0m [1mturn[0m[1m{[0m[3msession[0m[2m=[0m2f7a6d09-cea2-47ef-8698-3869d5bca7dc[1m}[0m[2m:[0m [2mbraze_engine::engine[0m[2m:[0m parsed a prompt-tools envelope tool call [3mtool[0m[2m=[0mread_file
[2m2026-07-12T22:53:29.751907Z[0m [32m INFO[0m [1mturn[0m[1m{[0m[3msession[0m[2m=[0m2f7a6d09-cea2-47ef-8698-3869d5bca7dc[1m}[0m[2m:[0m [2mbraze_engine::hooks[0m[2m:[0m prompt budget breakdown (PromptBudgetAuditHook) [3msystem_tokens_est[0m[2m=[0m232 [3mtools_tokens_est[0m[2m=[0m850 [3mhistory_tokens_est[0m[2m=[0m121 [3mtotal_tokens_est[0m[2m=[0m1204 [3mmessage_count[0m[2m=[0m4
[2m2026-07-12T22:53:30.269360Z[0m [32m INFO[0m [1mturn[0m[1m{[0m[3msession[0m[2m=[0m2f7a6d09-cea2-47ef-8698-3869d5bca7dc[1m}[0m[2m:[0m [2mbraze_engine::engine[0m[2m:[0m parsed a prompt-tools envelope final answer
-> ollama:llama3.2:1b+ablate:constrained-tools :: multi_step_multiply_and_write (rep 3/5)
[2m2026-07-12T22:53:30.278355Z[0m [32m INFO[0m [1mturn[0m[1m{[0m[3msession[0m[2m=[0m39cb173d-aec5-4a0a-8dbd-81f5b13a9621[1m}[0m[2m:[0m [2mbraze_engine::hooks[0m[2m:[0m prompt budget breakdown (PromptBudgetAuditHook) [3msystem_tokens_est[0m[2m=[0m232 [3mtools_tokens_est[0m[2m=[0m850 [3mhistory_tokens_est[0m[2m=[0m53 [3mtotal_tokens_est[0m[2m=[0m1136 [3mmessage_count[0m[2m=[0m1
[2m2026-07-12T22:53:31.345709Z[0m [32m INFO[0m [1mturn[0m[1m{[0m[3msession[0m[2m=[0m39cb173d-aec5-4a0a-8dbd-81f5b13a9621[1m}[0m[2m:[0m [2mbraze_engine::engine[0m[2m:[0m parsed a prompt-tools envelope tool call [3mtool[0m[2m=[0mread_file
[2m2026-07-12T22:53:31.353071Z[0m [32m INFO[0m [1mturn[0m[1m{[0m[3msession[0m[2m=[0m39cb173d-aec5-4a0a-8dbd-81f5b13a9621[1m}[0m[2m:[0m [2mbraze_engine::hooks[0m[2m:[0m prompt budget breakdown (PromptBudgetAuditHook) [3msystem_tokens_est[0m[2m=[0m232 [3mtools_tokens_est[0m[2m=[0m850 [3mhistory_tokens_est[0m[2m=[0m85 [3mtotal_tokens_est[0m[2m=[0m1169 [3mmessage_count[0m[2m=[0m4
[2m2026-07-12T22:53:32.442207Z[0m [32m INFO[0m [1mturn[0m[1m{[0m[3msession[0m[2m=[0m39cb173d-aec5-4a0a-8dbd-81f5b13a9621[1m}[0m[2m:[0m [2mbraze_engine::engine[0m[2m:[0m parsed a prompt-tools envelope tool call [3mtool[0m[2m=[0mshell_exec
[2m2026-07-12T22:53:32.457578Z[0m [32m INFO[0m [1mturn[0m[1m{[0m[3msession[0m[2m=[0m39cb173d-aec5-4a0a-8dbd-81f5b13a9621[1m}[0m[2m:[0m [2mbraze_engine::hooks[0m[2m:[0m prompt budget breakdown (PromptBudgetAuditHook) [3msystem_tokens_est[0m[2m=[0m232 [3mtools_tokens_est[0m[2m=[0m850 [3mhistory_tokens_est[0m[2m=[0m123 [3mtotal_tokens_est[0m[2m=[0m1206 [3mmessage_count[0m[2m=[0m7
[2m2026-07-12T22:53:32.896995Z[0m [32m INFO[0m [1mturn[0m[1m{[0m[3msession[0m[2m=[0m39cb173d-aec5-4a0a-8dbd-81f5b13a9621[1m}[0m[2m:[0m [2mbraze_engine::engine[0m[2m:[0m parsed a prompt-tools envelope final answer
-> ollama:llama3.2:1b+ablate:constrained-tools :: multi_step_multiply_and_write (rep 4/5)
[2m2026-07-12T22:53:32.903487Z[0m [32m INFO[0m [1mturn[0m[1m{[0m[3msession[0m[2m=[0m5d297a10-c5bc-4378-99ab-dcd7b9b17817[1m}[0m[2m:[0m [2mbraze_engine::hooks[0m[2m:[0m prompt budget breakdown (PromptBudgetAuditHook) [3msystem_tokens_est[0m[2m=[0m232 [3mtools_tokens_est[0m[2m=[0m850 [3mhistory_tokens_est[0m[2m=[0m53 [3mtotal_tokens_est[0m[2m=[0m1136 [3mmessage_count[0m[2m=[0m1
[2m2026-07-12T22:53:34.242988Z[0m [32m INFO[0m [1mturn[0m[1m{[0m[3msession[0m[2m=[0m5d297a10-c5bc-4378-99ab-dcd7b9b17817[1m}[0m[2m:[0m [2mbraze_engine::engine[0m[2m:[0m parsed a prompt-tools envelope tool call [3mtool[0m[2m=[0mread_file
[2m2026-07-12T22:53:34.251840Z[0m [32m INFO[0m [1mturn[0m[1m{[0m[3msession[0m[2m=[0m5d297a10-c5bc-4378-99ab-dcd7b9b17817[1m}[0m[2m:[0m [2mbraze_engine::hooks[0m[2m:[0m prompt budget breakdown (PromptBudgetAuditHook) [3msystem_tokens_est[0m[2m=[0m232 [3mtools_tokens_est[0m[2m=[0m850 [3mhistory_tokens_est[0m[2m=[0m110 [3mtotal_tokens_est[0m[2m=[0m1194 [3mmessage_count[0m[2m=[0m4
[2m2026-07-12T22:53:35.024498Z[0m [32m INFO[0m [1mturn[0m[1m{[0m[3msession[0m[2m=[0m5d297a10-c5bc-4378-99ab-dcd7b9b17817[1m}[0m[2m:[0m [2mbraze_engine::engine[0m[2m:[0m parsed a prompt-tools envelope final answer
-> ollama:llama3.2:1b+ablate:constrained-tools :: multi_step_multiply_and_write (rep 5/5)
[2m2026-07-12T22:53:35.030971Z[0m [32m INFO[0m [1mturn[0m[1m{[0m[3msession[0m[2m=[0m2a7ead1a-d1e2-4c1e-9275-f308da2d190c[1m}[0m[2m:[0m [2mbraze_engine::hooks[0m[2m:[0m prompt budget breakdown (PromptBudgetAuditHook) [3msystem_tokens_est[0m[2m=[0m232 [3mtools_tokens_est[0m[2m=[0m850 [3mhistory_tokens_est[0m[2m=[0m53 [3mtotal_tokens_est[0m[2m=[0m1136 [3mmessage_count[0m[2m=[0m1
[2m2026-07-12T22:53:36.439350Z[0m [32m INFO[0m [1mturn[0m[1m{[0m[3msession[0m[2m=[0m2a7ead1a-d1e2-4c1e-9275-f308da2d190c[1m}[0m[2m:[0m [2mbraze_engine::engine[0m[2m:[0m parsed a prompt-tools envelope tool call [3mtool[0m[2m=[0mread_file
[2m2026-07-12T22:53:36.447951Z[0m [32m INFO[0m [1mturn[0m[1m{[0m[3msession[0m[2m=[0m2a7ead1a-d1e2-4c1e-9275-f308da2d190c[1m}[0m[2m:[0m [2mbraze_engine::hooks[0m[2m:[0m prompt budget breakdown (PromptBudgetAuditHook) [3msystem_tokens_est[0m[2m=[0m232 [3mtools_tokens_est[0m[2m=[0m850 [3mhistory_tokens_est[0m[2m=[0m120 [3mtotal_tokens_est[0m[2m=[0m1204 [3mmessage_count[0m[2m=[0m4
[2m2026-07-12T22:53:36.903252Z[0m [32m INFO[0m [1mturn[0m[1m{[0m[3msession[0m[2m=[0m2a7ead1a-d1e2-4c1e-9275-f308da2d190c[1m}[0m[2m:[0m [2mbraze_engine::engine[0m[2m:[0m parsed a prompt-tools envelope final answer
-> ollama:llama3.2:1b+ablate:constrained-tools :: error_recovery_wrong_config_extension (rep 1/5)
[2m2026-07-12T22:53:36.909596Z[0m [32m INFO[0m [1mturn[0m[1m{[0m[3msession[0m[2m=[0mab64ae63-73f5-4df5-bfde-4f8e6e0c7466[1m}[0m[2m:[0m [2mbraze_engine::hooks[0m[2m:[0m prompt budget breakdown (PromptBudgetAuditHook) [3msystem_tokens_est[0m[2m=[0m234 [3mtools_tokens_est[0m[2m=[0m850 [3mhistory_tokens_est[0m[2m=[0m39 [3mtotal_tokens_est[0m[2m=[0m1125 [3mmessage_count[0m[2m=[0m1
[2m2026-07-12T22:53:38.419496Z[0m [32m INFO[0m [1mturn[0m[1m{[0m[3msession[0m[2m=[0mab64ae63-73f5-4df5-bfde-4f8e6e0c7466[1m}[0m[2m:[0m [2mbraze_engine::engine[0m[2m:[0m parsed a prompt-tools envelope tool call [3mtool[0m[2m=[0mshell_exec
[2m2026-07-12T22:53:38.433689Z[0m [32m INFO[0m [1mturn[0m[1m{[0m[3msession[0m[2m=[0mab64ae63-73f5-4df5-bfde-4f8e6e0c7466[1m}[0m[2m:[0m [2mbraze_engine::hooks[0m[2m:[0m prompt budget breakdown (PromptBudgetAuditHook) [3msystem_tokens_est[0m[2m=[0m234 [3mtools_tokens_est[0m[2m=[0m850 [3mhistory_tokens_est[0m[2m=[0m129 [3mtotal_tokens_est[0m[2m=[0m1215 [3mmessage_count[0m[2m=[0m4
[2m2026-07-12T22:53:39.351891Z[0m [32m INFO[0m [1mturn[0m[1m{[0m[3msession[0m[2m=[0mab64ae63-73f5-4df5-bfde-4f8e6e0c7466[1m}[0m[2m:[0m [2mbraze_engine::engine[0m[2m:[0m parsed a prompt-tools envelope final answer
-> ollama:llama3.2:1b+ablate:constrained-tools :: error_recovery_wrong_config_extension (rep 2/5)
[2m2026-07-12T22:53:39.363093Z[0m [32m INFO[0m [1mturn[0m[1m{[0m[3msession[0m[2m=[0m6b8489e2-d581-49ef-84aa-8fb9800506d0[1m}[0m[2m:[0m [2mbraze_engine::hooks[0m[2m:[0m prompt budget breakdown (PromptBudgetAuditHook) [3msystem_tokens_est[0m[2m=[0m234 [3mtools_tokens_est[0m[2m=[0m850 [3mhistory_tokens_est[0m[2m=[0m39 [3mtotal_tokens_est[0m[2m=[0m1125 [3mmessage_count[0m[2m=[0m1
[2m2026-07-12T22:53:41.025877Z[0m [32m INFO[0m [1mturn[0m[1m{[0m[3msession[0m[2m=[0m6b8489e2-d581-49ef-84aa-8fb9800506d0[1m}[0m[2m:[0m [2mbraze_engine::engine[0m[2m:[0m parsed a prompt-tools envelope tool call [3mtool[0m[2m=[0mshell_exec
[2m2026-07-12T22:53:41.039674Z[0m [32m INFO[0m [1mturn[0m[1m{[0m[3msession[0m[2m=[0m6b8489e2-d581-49ef-84aa-8fb9800506d0[1m}[0m[2m:[0m [2mbraze_engine::hooks[0m[2m:[0m prompt budget breakdown (PromptBudgetAuditHook) [3msystem_tokens_est[0m[2m=[0m234 [3mtools_tokens_est[0m[2m=[0m850 [3mhistory_tokens_est[0m[2m=[0m130 [3mtotal_tokens_est[0m[2m=[0m1216 [3mmessage_count[0m[2m=[0m4
[2m2026-07-12T22:53:42.016486Z[0m [32m INFO[0m [1mturn[0m[1m{[0m[3msession[0m[2m=[0m6b8489e2-d581-49ef-84aa-8fb9800506d0[1m}[0m[2m:[0m [2mbraze_engine::engine[0m[2m:[0m parsed a prompt-tools envelope final answer
-> ollama:llama3.2:1b+ablate:constrained-tools :: error_recovery_wrong_config_extension (rep 3/5)
[2m2026-07-12T22:53:42.021108Z[0m [32m INFO[0m [1mturn[0m[1m{[0m[3msession[0m[2m=[0ma28d6832-d3b4-4238-82f7-fc16538948df[1m}[0m[2m:[0m [2mbraze_engine::hooks[0m[2m:[0m prompt budget breakdown (PromptBudgetAuditHook) [3msystem_tokens_est[0m[2m=[0m234 [3mtools_tokens_est[0m[2m=[0m850 [3mhistory_tokens_est[0m[2m=[0m39 [3mtotal_tokens_est[0m[2m=[0m1125 [3mmessage_count[0m[2m=[0m1
[2m2026-07-12T22:53:43.191939Z[0m [32m INFO[0m [1mturn[0m[1m{[0m[3msession[0m[2m=[0ma28d6832-d3b4-4238-82f7-fc16538948df[1m}[0m[2m:[0m [2mbraze_engine::engine[0m[2m:[0m parsed a prompt-tools envelope tool call [3mtool[0m[2m=[0mshell_exec
[2m2026-07-12T22:53:43.205005Z[0m [32m INFO[0m [1mturn[0m[1m{[0m[3msession[0m[2m=[0ma28d6832-d3b4-4238-82f7-fc16538948df[1m}[0m[2m:[0m [2mbraze_engine::hooks[0m[2m:[0m prompt budget breakdown (PromptBudgetAuditHook) [3msystem_tokens_est[0m[2m=[0m234 [3mtools_tokens_est[0m[2m=[0m850 [3mhistory_tokens_est[0m[2m=[0m94 [3mtotal_tokens_est[0m[2m=[0m1180 [3mmessage_count[0m[2m=[0m4
[2m2026-07-12T22:53:44.668587Z[0m [32m INFO[0m [1mturn[0m[1m{[0m[3msession[0m[2m=[0ma28d6832-d3b4-4238-82f7-fc16538948df[1m}[0m[2m:[0m [2mbraze_engine::engine[0m[2m:[0m parsed a prompt-tools envelope final answer
-> ollama:llama3.2:1b+ablate:constrained-tools :: error_recovery_wrong_config_extension (rep 4/5)
[2m2026-07-12T22:53:44.675170Z[0m [32m INFO[0m [1mturn[0m[1m{[0m[3msession[0m[2m=[0m5baabeb5-824c-4b72-a207-8bfe72c82a13[1m}[0m[2m:[0m [2mbraze_engine::hooks[0m[2m:[0m prompt budget breakdown (PromptBudgetAuditHook) [3msystem_tokens_est[0m[2m=[0m234 [3mtools_tokens_est[0m[2m=[0m850 [3mhistory_tokens_est[0m[2m=[0m39 [3mtotal_tokens_est[0m[2m=[0m1125 [3mmessage_count[0m[2m=[0m1
[2m2026-07-12T22:53:45.980346Z[0m [32m INFO[0m [1mturn[0m[1m{[0m[3msession[0m[2m=[0m5baabeb5-824c-4b72-a207-8bfe72c82a13[1m}[0m[2m:[0m [2mbraze_engine::engine[0m[2m:[0m parsed a prompt-tools envelope tool call [3mtool[0m[2m=[0mshell_exec
[2m2026-07-12T22:53:45.994949Z[0m [32m INFO[0m [1mturn[0m[1m{[0m[3msession[0m[2m=[0m5baabeb5-824c-4b72-a207-8bfe72c82a13[1m}[0m[2m:[0m [2mbraze_engine::hooks[0m[2m:[0m prompt budget breakdown (PromptBudgetAuditHook) [3msystem_tokens_est[0m[2m=[0m234 [3mtools_tokens_est[0m[2m=[0m850 [3mhistory_tokens_est[0m[2m=[0m98 [3mtotal_tokens_est[0m[2m=[0m1184 [3mmessage_count[0m[2m=[0m4
[2m2026-07-12T22:53:47.071244Z[0m [32m INFO[0m [1mturn[0m[1m{[0m[3msession[0m[2m=[0m5baabeb5-824c-4b72-a207-8bfe72c82a13[1m}[0m[2m:[0m [2mbraze_engine::engine[0m[2m:[0m parsed a prompt-tools envelope final answer
-> ollama:llama3.2:1b+ablate:constrained-tools :: error_recovery_wrong_config_extension (rep 5/5)
[2m2026-07-12T22:53:47.081657Z[0m [32m INFO[0m [1mturn[0m[1m{[0m[3msession[0m[2m=[0m79a1978d-ea8e-4e67-8927-a5270a5b9f70[1m}[0m[2m:[0m [2mbraze_engine::hooks[0m[2m:[0m prompt budget breakdown (PromptBudgetAuditHook) [3msystem_tokens_est[0m[2m=[0m234 [3mtools_tokens_est[0m[2m=[0m850 [3mhistory_tokens_est[0m[2m=[0m39 [3mtotal_tokens_est[0m[2m=[0m1125 [3mmessage_count[0m[2m=[0m1
[2m2026-07-12T22:53:48.241816Z[0m [32m INFO[0m [1mturn[0m[1m{[0m[3msession[0m[2m=[0m79a1978d-ea8e-4e67-8927-a5270a5b9f70[1m}[0m[2m:[0m [2mbraze_engine::engine[0m[2m:[0m parsed a prompt-tools envelope tool call [3mtool[0m[2m=[0mshell_exec
[2m2026-07-12T22:53:48.263557Z[0m [32m INFO[0m [1mturn[0m[1m{[0m[3msession[0m[2m=[0m79a1978d-ea8e-4e67-8927-a5270a5b9f70[1m}[0m[2m:[0m [2mbraze_engine::hooks[0m[2m:[0m prompt budget breakdown (PromptBudgetAuditHook) [3msystem_tokens_est[0m[2m=[0m234 [3mtools_tokens_est[0m[2m=[0m850 [3mhistory_tokens_est[0m[2m=[0m94 [3mtotal_tokens_est[0m[2m=[0m1180 [3mmessage_count[0m[2m=[0m4
[2m2026-07-12T22:53:49.310027Z[0m [32m INFO[0m [1mturn[0m[1m{[0m[3msession[0m[2m=[0m79a1978d-ea8e-4e67-8927-a5270a5b9f70[1m}[0m[2m:[0m [2mbraze_engine::engine[0m[2m:[0m parsed a prompt-tools envelope final answer
-> ollama:llama3.2:1b+ablate:constrained-tools :: error_recovery_edit_wrong_filename (rep 1/5)
[2m2026-07-12T22:53:49.321312Z[0m [32m INFO[0m [1mturn[0m[1m{[0m[3msession[0m[2m=[0m78ba44ae-3ba8-4b88-b2f5-3e54f5889d67[1m}[0m[2m:[0m [2mbraze_engine::hooks[0m[2m:[0m prompt budget breakdown (PromptBudgetAuditHook) [3msystem_tokens_est[0m[2m=[0m234 [3mtools_tokens_est[0m[2m=[0m850 [3mhistory_tokens_est[0m[2m=[0m40 [3mtotal_tokens_est[0m[2m=[0m1125 [3mmessage_count[0m[2m=[0m1
[2m2026-07-12T22:53:50.658859Z[0m [32m INFO[0m [1mturn[0m[1m{[0m[3msession[0m[2m=[0m78ba44ae-3ba8-4b88-b2f5-3e54f5889d67[1m}[0m[2m:[0m [2mbraze_engine::engine[0m[2m:[0m parsed a prompt-tools envelope tool call [3mtool[0m[2m=[0mshell_exec
[2m2026-07-12T22:53:50.670214Z[0m [32m INFO[0m [1mturn[0m[1m{[0m[3msession[0m[2m=[0m78ba44ae-3ba8-4b88-b2f5-3e54f5889d67[1m}[0m[2m:[0m [2mbraze_engine::hooks[0m[2m:[0m prompt budget breakdown (PromptBudgetAuditHook) [3msystem_tokens_est[0m[2m=[0m234 [3mtools_tokens_est[0m[2m=[0m850 [3mhistory_tokens_est[0m[2m=[0m122 [3mtotal_tokens_est[0m[2m=[0m1206 [3mmessage_count[0m[2m=[0m4
[2m2026-07-12T22:53:51.600715Z[0m [32m INFO[0m [1mturn[0m[1m{[0m[3msession[0m[2m=[0m78ba44ae-3ba8-4b88-b2f5-3e54f5889d67[1m}[0m[2m:[0m [2mbraze_engine::engine[0m[2m:[0m parsed a prompt-tools envelope final answer
-> ollama:llama3.2:1b+ablate:constrained-tools :: error_recovery_edit_wrong_filename (rep 2/5)
[2m2026-07-12T22:53:51.614681Z[0m [32m INFO[0m [1mturn[0m[1m{[0m[3msession[0m[2m=[0m9d5cfcc3-4f38-4b7a-9f93-c233b23ecc6b[1m}[0m[2m:[0m [2mbraze_engine::hooks[0m[2m:[0m prompt budget breakdown (PromptBudgetAuditHook) [3msystem_tokens_est[0m[2m=[0m234 [3mtools_tokens_est[0m[2m=[0m850 [3mhistory_tokens_est[0m[2m=[0m40 [3mtotal_tokens_est[0m[2m=[0m1125 [3mmessage_count[0m[2m=[0m1
[2m2026-07-12T22:53:53.172951Z[0m [32m INFO[0m [1mturn[0m[1m{[0m[3msession[0m[2m=[0m9d5cfcc3-4f38-4b7a-9f93-c233b23ecc6b[1m}[0m[2m:[0m [2mbraze_engine::engine[0m[2m:[0m parsed a prompt-tools envelope tool call [3mtool[0m[2m=[0mshell_exec
[2m2026-07-12T22:53:53.182981Z[0m [32m INFO[0m [1mturn[0m[1m{[0m[3msession[0m[2m=[0m9d5cfcc3-4f38-4b7a-9f93-c233b23ecc6b[1m}[0m[2m:[0m [2mbraze_engine::hooks[0m[2m:[0m prompt budget breakdown (PromptBudgetAuditHook) [3msystem_tokens_est[0m[2m=[0m234 [3mtools_tokens_est[0m[2m=[0m850 [3mhistory_tokens_est[0m[2m=[0m126 [3mtotal_tokens_est[0m[2m=[0m1210 [3mmessage_count[0m[2m=[0m4
[2m2026-07-12T22:53:54.208443Z[0m [32m INFO[0m [1mturn[0m[1m{[0m[3msession[0m[2m=[0m9d5cfcc3-4f38-4b7a-9f93-c233b23ecc6b[1m}[0m[2m:[0m [2mbraze_engine::engine[0m[2m:[0m parsed a prompt-tools envelope final answer
-> ollama:llama3.2:1b+ablate:constrained-tools :: error_recovery_edit_wrong_filename (rep 3/5)
[2m2026-07-12T22:53:54.213745Z[0m [32m INFO[0m [1mturn[0m[1m{[0m[3msession[0m[2m=[0m57b9e064-7cb7-459e-a304-d2949e3430d4[1m}[0m[2m:[0m [2mbraze_engine::hooks[0m[2m:[0m prompt budget breakdown (PromptBudgetAuditHook) [3msystem_tokens_est[0m[2m=[0m234 [3mtools_tokens_est[0m[2m=[0m850 [3mhistory_tokens_est[0m[2m=[0m40 [3mtotal_tokens_est[0m[2m=[0m1125 [3mmessage_count[0m[2m=[0m1
[2m2026-07-12T22:53:55.568970Z[0m [32m INFO[0m [1mturn[0m[1m{[0m[3msession[0m[2m=[0m57b9e064-7cb7-459e-a304-d2949e3430d4[1m}[0m[2m:[0m [2mbraze_engine::engine[0m[2m:[0m parsed a prompt-tools envelope tool call [3mtool[0m[2m=[0mshell_exec
[2m2026-07-12T22:53:55.576949Z[0m [32m INFO[0m [1mturn[0m[1m{[0m[3msession[0m[2m=[0m57b9e064-7cb7-459e-a304-d2949e3430d4[1m}[0m[2m:[0m [2mbraze_engine::hooks[0m[2m:[0m prompt budget breakdown (PromptBudgetAuditHook) [3msystem_tokens_est[0m[2m=[0m234 [3mtools_tokens_est[0m[2m=[0m850 [3mhistory_tokens_est[0m[2m=[0m106 [3mtotal_tokens_est[0m[2m=[0m1191 [3mmessage_count[0m[2m=[0m4
[2m2026-07-12T22:53:56.274698Z[0m [32m INFO[0m [1mturn[0m[1m{[0m[3msession[0m[2m=[0m57b9e064-7cb7-459e-a304-d2949e3430d4[1m}[0m[2m:[0m [2mbraze_engine::engine[0m[2m:[0m parsed a prompt-tools envelope final answer
-> ollama:llama3.2:1b+ablate:constrained-tools :: error_recovery_edit_wrong_filename (rep 4/5)
[2m2026-07-12T22:53:56.283418Z[0m [32m INFO[0m [1mturn[0m[1m{[0m[3msession[0m[2m=[0mb9bda890-a192-451d-957c-ff22356d58f6[1m}[0m[2m:[0m [2mbraze_engine::hooks[0m[2m:[0m prompt budget breakdown (PromptBudgetAuditHook) [3msystem_tokens_est[0m[2m=[0m234 [3mtools_tokens_est[0m[2m=[0m850 [3mhistory_tokens_est[0m[2m=[0m40 [3mtotal_tokens_est[0m[2m=[0m1125 [3mmessage_count[0m[2m=[0m1
[2m2026-07-12T22:53:57.721075Z[0m [32m INFO[0m [1mturn[0m[1m{[0m[3msession[0m[2m=[0mb9bda890-a192-451d-957c-ff22356d58f6[1m}[0m[2m:[0m [2mbraze_engine::engine[0m[2m:[0m parsed a prompt-tools envelope tool call [3mtool[0m[2m=[0mshell_exec
[2m2026-07-12T22:53:57.729222Z[0m [32m INFO[0m [1mturn[0m[1m{[0m[3msession[0m[2m=[0mb9bda890-a192-451d-957c-ff22356d58f6[1m}[0m[2m:[0m [2mbraze_engine::hooks[0m[2m:[0m prompt budget breakdown (PromptBudgetAuditHook) [3msystem_tokens_est[0m[2m=[0m234 [3mtools_tokens_est[0m[2m=[0m850 [3mhistory_tokens_est[0m[2m=[0m112 [3mtotal_tokens_est[0m[2m=[0m1197 [3mmessage_count[0m[2m=[0m4
[2m2026-07-12T22:53:58.446299Z[0m [32m INFO[0m [1mturn[0m[1m{[0m[3msession[0m[2m=[0mb9bda890-a192-451d-957c-ff22356d58f6[1m}[0m[2m:[0m [2mbraze_engine::engine[0m[2m:[0m parsed a prompt-tools envelope final answer
-> ollama:llama3.2:1b+ablate:constrained-tools :: error_recovery_edit_wrong_filename (rep 5/5)
[2m2026-07-12T22:53:58.454555Z[0m [32m INFO[0m [1mturn[0m[1m{[0m[3msession[0m[2m=[0m65667c7f-ff33-4ca0-a0a1-7678ed673e80[1m}[0m[2m:[0m [2mbraze_engine::hooks[0m[2m:[0m prompt budget breakdown (PromptBudgetAuditHook) [3msystem_tokens_est[0m[2m=[0m234 [3mtools_tokens_est[0m[2m=[0m850 [3mhistory_tokens_est[0m[2m=[0m40 [3mtotal_tokens_est[0m[2m=[0m1125 [3mmessage_count[0m[2m=[0m1
[2m2026-07-12T22:53:59.900988Z[0m [32m INFO[0m [1mturn[0m[1m{[0m[3msession[0m[2m=[0m65667c7f-ff33-4ca0-a0a1-7678ed673e80[1m}[0m[2m:[0m [2mbraze_engine::engine[0m[2m:[0m parsed a prompt-tools envelope tool call [3mtool[0m[2m=[0mshell_exec
[2m2026-07-12T22:53:59.909242Z[0m [32m INFO[0m [1mturn[0m[1m{[0m[3msession[0m[2m=[0m65667c7f-ff33-4ca0-a0a1-7678ed673e80[1m}[0m[2m:[0m [2mbraze_engine::hooks[0m[2m:[0m prompt budget breakdown (PromptBudgetAuditHook) [3msystem_tokens_est[0m[2m=[0m234 [3mtools_tokens_est[0m[2m=[0m850 [3mhistory_tokens_est[0m[2m=[0m115 [3mtotal_tokens_est[0m[2m=[0m1199 [3mmessage_count[0m[2m=[0m4
[2m2026-07-12T22:54:00.647030Z[0m [32m INFO[0m [1mturn[0m[1m{[0m[3msession[0m[2m=[0m65667c7f-ff33-4ca0-a0a1-7678ed673e80[1m}[0m[2m:[0m [2mbraze_engine::engine[0m[2m:[0m parsed a prompt-tools envelope final answer
-> ollama:llama3.2:1b+ablate:constrained-tools :: distractor_selection_log_with_error (rep 1/5)
[2m2026-07-12T22:54:00.659196Z[0m [32m INFO[0m [1mturn[0m[1m{[0m[3msession[0m[2m=[0m363640ab-618f-4f45-ab75-30c8b9f446c7[1m}[0m[2m:[0m [2mbraze_engine::hooks[0m[2m:[0m prompt budget breakdown (PromptBudgetAuditHook) [3msystem_tokens_est[0m[2m=[0m234 [3mtools_tokens_est[0m[2m=[0m850 [3mhistory_tokens_est[0m[2m=[0m32 [3mtotal_tokens_est[0m[2m=[0m1117 [3mmessage_count[0m[2m=[0m1
[2m2026-07-12T22:54:01.844002Z[0m [32m INFO[0m [1mturn[0m[1m{[0m[3msession[0m[2m=[0m363640ab-618f-4f45-ab75-30c8b9f446c7[1m}[0m[2m:[0m [2mbraze_engine::engine[0m[2m:[0m parsed a prompt-tools envelope tool call [3mtool[0m[2m=[0mshell_exec
[2m2026-07-12T22:54:01.860446Z[0m [32m INFO[0m [1mturn[0m[1m{[0m[3msession[0m[2m=[0m363640ab-618f-4f45-ab75-30c8b9f446c7[1m}[0m[2m:[0m [2mbraze_engine::hooks[0m[2m:[0m prompt budget breakdown (PromptBudgetAuditHook) [3msystem_tokens_est[0m[2m=[0m234 [3mtools_tokens_est[0m[2m=[0m850 [3mhistory_tokens_est[0m[2m=[0m81 [3mtotal_tokens_est[0m[2m=[0m1166 [3mmessage_count[0m[2m=[0m4
[2m2026-07-12T22:54:02.531602Z[0m [32m INFO[0m [1mturn[0m[1m{[0m[3msession[0m[2m=[0m363640ab-618f-4f45-ab75-30c8b9f446c7[1m}[0m[2m:[0m [2mbraze_engine::engine[0m[2m:[0m parsed a prompt-tools envelope final answer
-> ollama:llama3.2:1b+ablate:constrained-tools :: distractor_selection_log_with_error (rep 2/5)
[2m2026-07-12T22:54:02.542951Z[0m [32m INFO[0m [1mturn[0m[1m{[0m[3msession[0m[2m=[0m8a12d160-8640-4acc-834c-3c3582646c04[1m}[0m[2m:[0m [2mbraze_engine::hooks[0m[2m:[0m prompt budget breakdown (PromptBudgetAuditHook) [3msystem_tokens_est[0m[2m=[0m234 [3mtools_tokens_est[0m[2m=[0m850 [3mhistory_tokens_est[0m[2m=[0m32 [3mtotal_tokens_est[0m[2m=[0m1117 [3mmessage_count[0m[2m=[0m1
[2m2026-07-12T22:54:03.779356Z[0m [32m INFO[0m [1mturn[0m[1m{[0m[3msession[0m[2m=[0m8a12d160-8640-4acc-834c-3c3582646c04[1m}[0m[2m:[0m [2mbraze_engine::engine[0m[2m:[0m parsed a prompt-tools envelope tool call [3mtool[0m[2m=[0mread_file
[2m2026-07-12T22:54:03.785489Z[0m [32m INFO[0m [1mturn[0m[1m{[0m[3msession[0m[2m=[0m8a12d160-8640-4acc-834c-3c3582646c04[1m}[0m[2m:[0m [2mbraze_engine::hooks[0m[2m:[0m prompt budget breakdown (PromptBudgetAuditHook) [3msystem_tokens_est[0m[2m=[0m234 [3mtools_tokens_est[0m[2m=[0m850 [3mhistory_tokens_est[0m[2m=[0m94 [3mtotal_tokens_est[0m[2m=[0m1179 [3mmessage_count[0m[2m=[0m4
[2m2026-07-12T22:54:04.616933Z[0m [32m INFO[0m [1mturn[0m[1m{[0m[3msession[0m[2m=[0m8a12d160-8640-4acc-834c-3c3582646c04[1m}[0m[2m:[0m [2mbraze_engine::engine[0m[2m:[0m parsed a prompt-tools envelope final answer
-> ollama:llama3.2:1b+ablate:constrained-tools :: distractor_selection_log_with_error (rep 3/5)
[2m2026-07-12T22:54:04.628376Z[0m [32m INFO[0m [1mturn[0m[1m{[0m[3msession[0m[2m=[0m13591fe5-04f5-45dc-a16f-0fa916c583e7[1m}[0m[2m:[0m [2mbraze_engine::hooks[0m[2m:[0m prompt budget breakdown (PromptBudgetAuditHook) [3msystem_tokens_est[0m[2m=[0m234 [3mtools_tokens_est[0m[2m=[0m850 [3mhistory_tokens_est[0m[2m=[0m32 [3mtotal_tokens_est[0m[2m=[0m1117 [3mmessage_count[0m[2m=[0m1
[2m2026-07-12T22:54:06.074697Z[0m [32m INFO[0m [1mturn[0m[1m{[0m[3msession[0m[2m=[0m13591fe5-04f5-45dc-a16f-0fa916c583e7[1m}[0m[2m:[0m [2mbraze_engine::engine[0m[2m:[0m parsed a prompt-tools envelope tool call [3mtool[0m[2m=[0mshell_exec
[2m2026-07-12T22:54:06.088783Z[0m [32m INFO[0m [1mturn[0m[1m{[0m[3msession[0m[2m=[0m13591fe5-04f5-45dc-a16f-0fa916c583e7[1m}[0m[2m:[0m [2mbraze_engine::hooks[0m[2m:[0m prompt budget breakdown (PromptBudgetAuditHook) [3msystem_tokens_est[0m[2m=[0m234 [3mtools_tokens_est[0m[2m=[0m850 [3mhistory_tokens_est[0m[2m=[0m100 [3mtotal_tokens_est[0m[2m=[0m1185 [3mmessage_count[0m[2m=[0m4
[2m2026-07-12T22:54:06.896223Z[0m [32m INFO[0m [1mturn[0m[1m{[0m[3msession[0m[2m=[0m13591fe5-04f5-45dc-a16f-0fa916c583e7[1m}[0m[2m:[0m [2mbraze_engine::engine[0m[2m:[0m parsed a prompt-tools envelope final answer
-> ollama:llama3.2:1b+ablate:constrained-tools :: distractor_selection_log_with_error (rep 4/5)
[2m2026-07-12T22:54:06.903927Z[0m [32m INFO[0m [1mturn[0m[1m{[0m[3msession[0m[2m=[0maef98620-915f-444f-82cd-6504729087b1[1m}[0m[2m:[0m [2mbraze_engine::hooks[0m[2m:[0m prompt budget breakdown (PromptBudgetAuditHook) [3msystem_tokens_est[0m[2m=[0m234 [3mtools_tokens_est[0m[2m=[0m850 [3mhistory_tokens_est[0m[2m=[0m32 [3mtotal_tokens_est[0m[2m=[0m1117 [3mmessage_count[0m[2m=[0m1
[2m2026-07-12T22:54:08.265860Z[0m [32m INFO[0m [1mturn[0m[1m{[0m[3msession[0m[2m=[0maef98620-915f-444f-82cd-6504729087b1[1m}[0m[2m:[0m [2mbraze_engine::engine[0m[2m:[0m parsed a prompt-tools envelope tool call [3mtool[0m[2m=[0mread_file
[2m2026-07-12T22:54:08.271744Z[0m [32m INFO[0m [1mturn[0m[1m{[0m[3msession[0m[2m=[0maef98620-915f-444f-82cd-6504729087b1[1m}[0m[2m:[0m [2mbraze_engine::hooks[0m[2m:[0m prompt budget breakdown (PromptBudgetAuditHook) [3msystem_tokens_est[0m[2m=[0m234 [3mtools_tokens_est[0m[2m=[0m850 [3mhistory_tokens_est[0m[2m=[0m130 [3mtotal_tokens_est[0m[2m=[0m1215 [3mmessage_count[0m[2m=[0m4
[2m2026-07-12T22:54:09.083800Z[0m [32m INFO[0m [1mturn[0m[1m{[0m[3msession[0m[2m=[0maef98620-915f-444f-82cd-6504729087b1[1m}[0m[2m:[0m [2mbraze_engine::engine[0m[2m:[0m parsed a prompt-tools envelope final answer
-> ollama:llama3.2:1b+ablate:constrained-tools :: distractor_selection_log_with_error (rep 5/5)
[2m2026-07-12T22:54:09.092375Z[0m [32m INFO[0m [1mturn[0m[1m{[0m[3msession[0m[2m=[0me980e61c-3188-457c-b916-896b57d3fb04[1m}[0m[2m:[0m [2mbraze_engine::hooks[0m[2m:[0m prompt budget breakdown (PromptBudgetAuditHook) [3msystem_tokens_est[0m[2m=[0m234 [3mtools_tokens_est[0m[2m=[0m850 [3mhistory_tokens_est[0m[2m=[0m32 [3mtotal_tokens_est[0m[2m=[0m1117 [3mmessage_count[0m[2m=[0m1
[2m2026-07-12T22:54:10.308259Z[0m [32m INFO[0m [1mturn[0m[1m{[0m[3msession[0m[2m=[0me980e61c-3188-457c-b916-896b57d3fb04[1m}[0m[2m:[0m [2mbraze_engine::engine[0m[2m:[0m parsed a prompt-tools envelope tool call [3mtool[0m[2m=[0mread_file
[2m2026-07-12T22:54:10.447474Z[0m [32m INFO[0m [1mturn[0m[1m{[0m[3msession[0m[2m=[0me980e61c-3188-457c-b916-896b57d3fb04[1m}[0m[2m:[0m [2mbraze_engine::hooks[0m[2m:[0m prompt budget breakdown (PromptBudgetAuditHook) [3msystem_tokens_est[0m[2m=[0m234 [3mtools_tokens_est[0m[2m=[0m850 [3mhistory_tokens_est[0m[2m=[0m90 [3mtotal_tokens_est[0m[2m=[0m1175 [3mmessage_count[0m[2m=[0m4
[2m2026-07-12T22:54:11.283263Z[0m [32m INFO[0m [1mturn[0m[1m{[0m[3msession[0m[2m=[0me980e61c-3188-457c-b916-896b57d3fb04[1m}[0m[2m:[0m [2mbraze_engine::engine[0m[2m:[0m parsed a prompt-tools envelope final answer
-> ollama:llama3.2:1b+ablate:constrained-tools :: distractor_selection_debug_config (rep 1/5)
[2m2026-07-12T22:54:11.295762Z[0m [32m INFO[0m [1mturn[0m[1m{[0m[3msession[0m[2m=[0m1f565040-dec5-434e-a0e3-ba45b19b3a88[1m}[0m[2m:[0m [2mbraze_engine::hooks[0m[2m:[0m prompt budget breakdown (PromptBudgetAuditHook) [3msystem_tokens_est[0m[2m=[0m233 [3mtools_tokens_est[0m[2m=[0m850 [3mhistory_tokens_est[0m[2m=[0m28 [3mtotal_tokens_est[0m[2m=[0m1112 [3mmessage_count[0m[2m=[0m1
[2m2026-07-12T22:54:13.079314Z[0m [32m INFO[0m [1mturn[0m[1m{[0m[3msession[0m[2m=[0m1f565040-dec5-434e-a0e3-ba45b19b3a88[1m}[0m[2m:[0m [2mbraze_engine::engine[0m[2m:[0m parsed a prompt-tools envelope tool call [3mtool[0m[2m=[0mread_file
[2m2026-07-12T22:54:13.088926Z[0m [32m INFO[0m [1mturn[0m[1m{[0m[3msession[0m[2m=[0m1f565040-dec5-434e-a0e3-ba45b19b3a88[1m}[0m[2m:[0m [2mbraze_engine::hooks[0m[2m:[0m prompt budget breakdown (PromptBudgetAuditHook) [3msystem_tokens_est[0m[2m=[0m233 [3mtools_tokens_est[0m[2m=[0m850 [3mhistory_tokens_est[0m[2m=[0m123 [3mtotal_tokens_est[0m[2m=[0m1208 [3mmessage_count[0m[2m=[0m4
[2m2026-07-12T22:54:13.620211Z[0m [32m INFO[0m [1mturn[0m[1m{[0m[3msession[0m[2m=[0m1f565040-dec5-434e-a0e3-ba45b19b3a88[1m}[0m[2m:[0m [2mbraze_engine::engine[0m[2m:[0m parsed a prompt-tools envelope final answer
-> ollama:llama3.2:1b+ablate:constrained-tools :: distractor_selection_debug_config (rep 2/5)
[2m2026-07-12T22:54:13.626409Z[0m [32m INFO[0m [1mturn[0m[1m{[0m[3msession[0m[2m=[0md07f0f46-c144-429c-b13e-6f60b427c067[1m}[0m[2m:[0m [2mbraze_engine::hooks[0m[2m:[0m prompt budget breakdown (PromptBudgetAuditHook) [3msystem_tokens_est[0m[2m=[0m233 [3mtools_tokens_est[0m[2m=[0m850 [3mhistory_tokens_est[0m[2m=[0m28 [3mtotal_tokens_est[0m[2m=[0m1112 [3mmessage_count[0m[2m=[0m1
[2m2026-07-12T22:54:14.859078Z[0m [32m INFO[0m [1mturn[0m[1m{[0m[3msession[0m[2m=[0md07f0f46-c144-429c-b13e-6f60b427c067[1m}[0m[2m:[0m [2mbraze_engine::engine[0m[2m:[0m parsed a prompt-tools envelope tool call [3mtool[0m[2m=[0mread_file
[2m2026-07-12T22:54:14.866407Z[0m [32m INFO[0m [1mturn[0m[1m{[0m[3msession[0m[2m=[0md07f0f46-c144-429c-b13e-6f60b427c067[1m}[0m[2m:[0m [2mbraze_engine::hooks[0m[2m:[0m prompt budget breakdown (PromptBudgetAuditHook) [3msystem_tokens_est[0m[2m=[0m233 [3mtools_tokens_est[0m[2m=[0m850 [3mhistory_tokens_est[0m[2m=[0m101 [3mtotal_tokens_est[0m[2m=[0m1185 [3mmessage_count[0m[2m=[0m4
[2m2026-07-12T22:54:15.881732Z[0m [32m INFO[0m [1mturn[0m[1m{[0m[3msession[0m[2m=[0md07f0f46-c144-429c-b13e-6f60b427c067[1m}[0m[2m:[0m [2mbraze_engine::engine[0m[2m:[0m parsed a prompt-tools envelope final answer
-> ollama:llama3.2:1b+ablate:constrained-tools :: distractor_selection_debug_config (rep 3/5)
[2m2026-07-12T22:54:15.898358Z[0m [32m INFO[0m [1mturn[0m[1m{[0m[3msession[0m[2m=[0m3ce8cff8-cfc8-43fd-a84e-4c92d3c8d2bf[1m}[0m[2m:[0m [2mbraze_engine::hooks[0m[2m:[0m prompt budget breakdown (PromptBudgetAuditHook) [3msystem_tokens_est[0m[2m=[0m233 [3mtools_tokens_est[0m[2m=[0m850 [3mhistory_tokens_est[0m[2m=[0m28 [3mtotal_tokens_est[0m[2m=[0m1112 [3mmessage_count[0m[2m=[0m1
[2m2026-07-12T22:54:17.299303Z[0m [32m INFO[0m [1mturn[0m[1m{[0m[3msession[0m[2m=[0m3ce8cff8-cfc8-43fd-a84e-4c92d3c8d2bf[1m}[0m[2m:[0m [2mbraze_engine::engine[0m[2m:[0m parsed a prompt-tools envelope tool call [3mtool[0m[2m=[0mshell_exec
[2m2026-07-12T22:54:17.316910Z[0m [32m INFO[0m [1mturn[0m[1m{[0m[3msession[0m[2m=[0m3ce8cff8-cfc8-43fd-a84e-4c92d3c8d2bf[1m}[0m[2m:[0m [2mbraze_engine::hooks[0m[2m:[0m prompt budget breakdown (PromptBudgetAuditHook) [3msystem_tokens_est[0m[2m=[0m233 [3mtools_tokens_est[0m[2m=[0m850 [3mhistory_tokens_est[0m[2m=[0m101 [3mtotal_tokens_est[0m[2m=[0m1186 [3mmessage_count[0m[2m=[0m4
[2m2026-07-12T22:54:18.118332Z[0m [32m INFO[0m [1mturn[0m[1m{[0m[3msession[0m[2m=[0m3ce8cff8-cfc8-43fd-a84e-4c92d3c8d2bf[1m}[0m[2m:[0m [2mbraze_engine::engine[0m[2m:[0m parsed a prompt-tools envelope final answer
-> ollama:llama3.2:1b+ablate:constrained-tools :: distractor_selection_debug_config (rep 4/5)
[2m2026-07-12T22:54:18.126475Z[0m [32m INFO[0m [1mturn[0m[1m{[0m[3msession[0m[2m=[0m8b7e3f98-9cc3-48af-9783-8aa6ec8367c9[1m}[0m[2m:[0m [2mbraze_engine::hooks[0m[2m:[0m prompt budget breakdown (PromptBudgetAuditHook) [3msystem_tokens_est[0m[2m=[0m233 [3mtools_tokens_est[0m[2m=[0m850 [3mhistory_tokens_est[0m[2m=[0m28 [3mtotal_tokens_est[0m[2m=[0m1112 [3mmessage_count[0m[2m=[0m1
[2m2026-07-12T22:54:19.549004Z[0m [32m INFO[0m [1mturn[0m[1m{[0m[3msession[0m[2m=[0m8b7e3f98-9cc3-48af-9783-8aa6ec8367c9[1m}[0m[2m:[0m [2mbraze_engine::engine[0m[2m:[0m parsed a prompt-tools envelope tool call [3mtool[0m[2m=[0mread_file
[2m2026-07-12T22:54:19.556228Z[0m [32m INFO[0m [1mturn[0m[1m{[0m[3msession[0m[2m=[0m8b7e3f98-9cc3-48af-9783-8aa6ec8367c9[1m}[0m[2m:[0m [2mbraze_engine::hooks[0m[2m:[0m prompt budget breakdown (PromptBudgetAuditHook) [3msystem_tokens_est[0m[2m=[0m233 [3mtools_tokens_est[0m[2m=[0m850 [3mhistory_tokens_est[0m[2m=[0m117 [3mtotal_tokens_est[0m[2m=[0m1202 [3mmessage_count[0m[2m=[0m4
[2m2026-07-12T22:54:20.109841Z[0m [32m INFO[0m [1mturn[0m[1m{[0m[3msession[0m[2m=[0m8b7e3f98-9cc3-48af-9783-8aa6ec8367c9[1m}[0m[2m:[0m [2mbraze_engine::engine[0m[2m:[0m parsed a prompt-tools envelope final answer
-> ollama:llama3.2:1b+ablate:constrained-tools :: distractor_selection_debug_config (rep 5/5)
[2m2026-07-12T22:54:20.116636Z[0m [32m INFO[0m [1mturn[0m[1m{[0m[3msession[0m[2m=[0mcf36fd83-6440-4dde-97fa-a188ae613e19[1m}[0m[2m:[0m [2mbraze_engine::hooks[0m[2m:[0m prompt budget breakdown (PromptBudgetAuditHook) [3msystem_tokens_est[0m[2m=[0m233 [3mtools_tokens_est[0m[2m=[0m850 [3mhistory_tokens_est[0m[2m=[0m28 [3mtotal_tokens_est[0m[2m=[0m1112 [3mmessage_count[0m[2m=[0m1
[2m2026-07-12T22:54:21.631202Z[0m [32m INFO[0m [1mturn[0m[1m{[0m[3msession[0m[2m=[0mcf36fd83-6440-4dde-97fa-a188ae613e19[1m}[0m[2m:[0m [2mbraze_engine::engine[0m[2m:[0m parsed a prompt-tools envelope tool call [3mtool[0m[2m=[0mread_file
[2m2026-07-12T22:54:21.638068Z[0m [32m INFO[0m [1mturn[0m[1m{[0m[3msession[0m[2m=[0mcf36fd83-6440-4dde-97fa-a188ae613e19[1m}[0m[2m:[0m [2mbraze_engine::hooks[0m[2m:[0m prompt budget breakdown (PromptBudgetAuditHook) [3msystem_tokens_est[0m[2m=[0m233 [3mtools_tokens_est[0m[2m=[0m850 [3mhistory_tokens_est[0m[2m=[0m109 [3mtotal_tokens_est[0m[2m=[0m1194 [3mmessage_count[0m[2m=[0m4
[2m2026-07-12T22:54:22.181806Z[0m [32m INFO[0m [1mturn[0m[1m{[0m[3msession[0m[2m=[0mcf36fd83-6440-4dde-97fa-a188ae613e19[1m}[0m[2m:[0m [2mbraze_engine::engine[0m[2m:[0m parsed a prompt-tools envelope final answer
-> ollama:gemma4:e2b+ablate:constrained-tools :: read_file_basic (rep 1/5)
[2m2026-07-12T22:54:32.894916Z[0m [32m INFO[0m [1mturn[0m[1m{[0m[3msession[0m[2m=[0m20905b4e-7158-4e22-b013-d22abd8fc306[1m}[0m[2m:[0m [2mbraze_engine::hooks[0m[2m:[0m prompt budget breakdown (PromptBudgetAuditHook) [3msystem_tokens_est[0m[2m=[0m229 [3mtools_tokens_est[0m[2m=[0m850 [3mhistory_tokens_est[0m[2m=[0m19 [3mtotal_tokens_est[0m[2m=[0m1099 [3mmessage_count[0m[2m=[0m1
[2m2026-07-12T22:54:44.351541Z[0m [32m INFO[0m [1mturn[0m[1m{[0m[3msession[0m[2m=[0m20905b4e-7158-4e22-b013-d22abd8fc306[1m}[0m[2m:[0m [2mbraze_engine::engine[0m[2m:[0m parsed a prompt-tools envelope tool call [3mtool[0m[2m=[0mread_file
[2m2026-07-12T22:54:44.358390Z[0m [32m INFO[0m [1mturn[0m[1m{[0m[3msession[0m[2m=[0m20905b4e-7158-4e22-b013-d22abd8fc306[1m}[0m[2m:[0m [2mbraze_engine::hooks[0m[2m:[0m prompt budget breakdown (PromptBudgetAuditHook) [3msystem_tokens_est[0m[2m=[0m229 [3mtools_tokens_est[0m[2m=[0m850 [3mhistory_tokens_est[0m[2m=[0m47 [3mtotal_tokens_est[0m[2m=[0m1127 [3mmessage_count[0m[2m=[0m3
[2m2026-07-12T22:54:48.041272Z[0m [32m INFO[0m [1mturn[0m[1m{[0m[3msession[0m[2m=[0m20905b4e-7158-4e22-b013-d22abd8fc306[1m}[0m[2m:[0m [2mbraze_engine::engine[0m[2m:[0m parsed a prompt-tools envelope final answer
-> ollama:gemma4:e2b+ablate:constrained-tools :: read_file_basic (rep 2/5)
[2m2026-07-12T22:54:48.046571Z[0m [32m INFO[0m [1mturn[0m[1m{[0m[3msession[0m[2m=[0m092462d2-ff16-418c-8dae-6bc24bce36cb[1m}[0m[2m:[0m [2mbraze_engine::hooks[0m[2m:[0m prompt budget breakdown (PromptBudgetAuditHook) [3msystem_tokens_est[0m[2m=[0m229 [3mtools_tokens_est[0m[2m=[0m850 [3mhistory_tokens_est[0m[2m=[0m19 [3mtotal_tokens_est[0m[2m=[0m1099 [3mmessage_count[0m[2m=[0m1
-> ollama:gemma4:e2b+ablate:constrained-tools :: read_file_basic (rep 3/5)
[2m2026-07-12T22:54:55.212012Z[0m [32m INFO[0m [1mturn[0m[1m{[0m[3msession[0m[2m=[0mf59b7715-4446-4431-82d4-dbedf57f907b[1m}[0m[2m:[0m [2mbraze_engine::hooks[0m[2m:[0m prompt budget breakdown (PromptBudgetAuditHook) [3msystem_tokens_est[0m[2m=[0m229 [3mtools_tokens_est[0m[2m=[0m850 [3mhistory_tokens_est[0m[2m=[0m19 [3mtotal_tokens_est[0m[2m=[0m1099 [3mmessage_count[0m[2m=[0m1
[2m2026-07-12T22:54:58.638023Z[0m [32m INFO[0m [1mturn[0m[1m{[0m[3msession[0m[2m=[0mf59b7715-4446-4431-82d4-dbedf57f907b[1m}[0m[2m:[0m [2mbraze_engine::engine[0m[2m:[0m parsed a prompt-tools envelope tool call [3mtool[0m[2m=[0mread_file
[2m2026-07-12T22:54:58.651377Z[0m [32m INFO[0m [1mturn[0m[1m{[0m[3msession[0m[2m=[0mf59b7715-4446-4431-82d4-dbedf57f907b[1m}[0m[2m:[0m [2mbraze_engine::hooks[0m[2m:[0m prompt budget breakdown (PromptBudgetAuditHook) [3msystem_tokens_est[0m[2m=[0m229 [3mtools_tokens_est[0m[2m=[0m850 [3mhistory_tokens_est[0m[2m=[0m49 [3mtotal_tokens_est[0m[2m=[0m1129 [3mmessage_count[0m[2m=[0m3
[2m2026-07-12T22:55:01.742085Z[0m [32m INFO[0m [1mturn[0m[1m{[0m[3msession[0m[2m=[0mf59b7715-4446-4431-82d4-dbedf57f907b[1m}[0m[2m:[0m [2mbraze_engine::engine[0m[2m:[0m parsed a prompt-tools envelope final answer
-> ollama:gemma4:e2b+ablate:constrained-tools :: read_file_basic (rep 4/5)
[2m2026-07-12T22:55:01.749755Z[0m [32m INFO[0m [1mturn[0m[1m{[0m[3msession[0m[2m=[0m3f499380-ae6b-4335-8fc7-ea00bf722268[1m}[0m[2m:[0m [2mbraze_engine::hooks[0m[2m:[0m prompt budget breakdown (PromptBudgetAuditHook) [3msystem_tokens_est[0m[2m=[0m229 [3mtools_tokens_est[0m[2m=[0m850 [3mhistory_tokens_est[0m[2m=[0m19 [3mtotal_tokens_est[0m[2m=[0m1099 [3mmessage_count[0m[2m=[0m1
[2m2026-07-12T22:55:07.952653Z[0m [32m INFO[0m [1mturn[0m[1m{[0m[3msession[0m[2m=[0m3f499380-ae6b-4335-8fc7-ea00bf722268[1m}[0m[2m:[0m [2mbraze_engine::engine[0m[2m:[0m parsed a prompt-tools envelope tool call [3mtool[0m[2m=[0mread_file
[2m2026-07-12T22:55:07.958573Z[0m [32m INFO[0m [1mturn[0m[1m{[0m[3msession[0m[2m=[0m3f499380-ae6b-4335-8fc7-ea00bf722268[1m}[0m[2m:[0m [2mbraze_engine::hooks[0m[2m:[0m prompt budget breakdown (PromptBudgetAuditHook) [3msystem_tokens_est[0m[2m=[0m229 [3mtools_tokens_est[0m[2m=[0m850 [3mhistory_tokens_est[0m[2m=[0m194 [3mtotal_tokens_est[0m[2m=[0m1274 [3mmessage_count[0m[2m=[0m4
-> ollama:gemma4:e2b+ablate:constrained-tools :: read_file_basic (rep 5/5)
[2m2026-07-12T22:55:08.907467Z[0m [32m INFO[0m [1mturn[0m[1m{[0m[3msession[0m[2m=[0m806ff937-9094-48c3-b01e-a1fc226f210d[1m}[0m[2m:[0m [2mbraze_engine::hooks[0m[2m:[0m prompt budget breakdown (PromptBudgetAuditHook) [3msystem_tokens_est[0m[2m=[0m229 [3mtools_tokens_est[0m[2m=[0m850 [3mhistory_tokens_est[0m[2m=[0m19 [3mtotal_tokens_est[0m[2m=[0m1099 [3mmessage_count[0m[2m=[0m1
[2m2026-07-12T22:55:11.671437Z[0m [32m INFO[0m [1mturn[0m[1m{[0m[3msession[0m[2m=[0m806ff937-9094-48c3-b01e-a1fc226f210d[1m}[0m[2m:[0m [2mbraze_engine::engine[0m[2m:[0m parsed a prompt-tools envelope tool call [3mtool[0m[2m=[0mread_file
[2m2026-07-12T22:55:11.683447Z[0m [32m INFO[0m [1mturn[0m[1m{[0m[3msession[0m[2m=[0m806ff937-9094-48c3-b01e-a1fc226f210d[1m}[0m[2m:[0m [2mbraze_engine::hooks[0m[2m:[0m prompt budget breakdown (PromptBudgetAuditHook) [3msystem_tokens_est[0m[2m=[0m229 [3mtools_tokens_est[0m[2m=[0m850 [3mhistory_tokens_est[0m[2m=[0m34 [3mtotal_tokens_est[0m[2m=[0m1114 [3mmessage_count[0m[2m=[0m3
[2m2026-07-12T22:55:15.981103Z[0m [32m INFO[0m [1mturn[0m[1m{[0m[3msession[0m[2m=[0m806ff937-9094-48c3-b01e-a1fc226f210d[1m}[0m[2m:[0m [2mbraze_engine::engine[0m[2m:[0m parsed a prompt-tools envelope final answer
-> ollama:gemma4:e2b+ablate:constrained-tools :: grep_basic (rep 1/5)
[2m2026-07-12T22:55:15.990619Z[0m [32m INFO[0m [1mturn[0m[1m{[0m[3msession[0m[2m=[0med30db43-a265-41e1-970d-bd30c59331f6[1m}[0m[2m:[0m [2mbraze_engine::hooks[0m[2m:[0m prompt budget breakdown (PromptBudgetAuditHook) [3msystem_tokens_est[0m[2m=[0m228 [3mtools_tokens_est[0m[2m=[0m850 [3mhistory_tokens_est[0m[2m=[0m19 [3mtotal_tokens_est[0m[2m=[0m1098 [3mmessage_count[0m[2m=[0m1
[2m2026-07-12T22:55:20.373106Z[0m [32m INFO[0m [1mturn[0m[1m{[0m[3msession[0m[2m=[0med30db43-a265-41e1-970d-bd30c59331f6[1m}[0m[2m:[0m [2mbraze_engine::engine[0m[2m:[0m parsed a prompt-tools envelope tool call [3mtool[0m[2m=[0mread_file
[2m2026-07-12T22:55:20.378817Z[0m [32m INFO[0m [1mturn[0m[1m{[0m[3msession[0m[2m=[0med30db43-a265-41e1-970d-bd30c59331f6[1m}[0m[2m:[0m [2mbraze_engine::hooks[0m[2m:[0m prompt budget breakdown (PromptBudgetAuditHook) [3msystem_tokens_est[0m[2m=[0m228 [3mtools_tokens_est[0m[2m=[0m850 [3mhistory_tokens_est[0m[2m=[0m47 [3mtotal_tokens_est[0m[2m=[0m1126 [3mmessage_count[0m[2m=[0m3
[2m2026-07-12T22:55:28.211762Z[0m [33m WARN[0m [1mturn[0m[1m{[0m[3msession[0m[2m=[0med30db43-a265-41e1-970d-bd30c59331f6[1m}[0m[2m:[0m [2mbraze_engine::engine[0m[2m:[0m model repeated an identical tool call this turn; nudging instead of re-dispatching [3mtool[0m[2m=[0mread_file
[2m2026-07-12T22:55:28.214737Z[0m [32m INFO[0m [1mturn[0m[1m{[0m[3msession[0m[2m=[0med30db43-a265-41e1-970d-bd30c59331f6[1m}[0m[2m:[0m [2mbraze_engine::hooks[0m[2m:[0m prompt budget breakdown (PromptBudgetAuditHook) [3msystem_tokens_est[0m[2m=[0m228 [3mtools_tokens_est[0m[2m=[0m850 [3mhistory_tokens_est[0m[2m=[0m119 [3mtotal_tokens_est[0m[2m=[0m1198 [3mmessage_count[0m[2m=[0m5
-> ollama:gemma4:e2b+ablate:constrained-tools :: grep_basic (rep 2/5)
[2m2026-07-12T22:55:29.285038Z[0m [32m INFO[0m [1mturn[0m[1m{[0m[3msession[0m[2m=[0m6c2ce433-2248-4a64-b9c1-a49905b0ba40[1m}[0m[2m:[0m [2mbraze_engine::hooks[0m[2m:[0m prompt budget breakdown (PromptBudgetAuditHook) [3msystem_tokens_est[0m[2m=[0m228 [3mtools_tokens_est[0m[2m=[0m850 [3mhistory_tokens_est[0m[2m=[0m19 [3mtotal_tokens_est[0m[2m=[0m1098 [3mmessage_count[0m[2m=[0m1
[2m2026-07-12T22:55:33.366239Z[0m [32m INFO[0m [1mturn[0m[1m{[0m[3msession[0m[2m=[0m6c2ce433-2248-4a64-b9c1-a49905b0ba40[1m}[0m[2m:[0m [2mbraze_engine::engine[0m[2m:[0m parsed a prompt-tools envelope tool call [3mtool[0m[2m=[0mread_file
[2m2026-07-12T22:55:33.376595Z[0m [32m INFO[0m [1mturn[0m[1m{[0m[3msession[0m[2m=[0m6c2ce433-2248-4a64-b9c1-a49905b0ba40[1m}[0m[2m:[0m [2mbraze_engine::hooks[0m[2m:[0m prompt budget breakdown (PromptBudgetAuditHook) [3msystem_tokens_est[0m[2m=[0m228 [3mtools_tokens_est[0m[2m=[0m850 [3mhistory_tokens_est[0m[2m=[0m53 [3mtotal_tokens_est[0m[2m=[0m1132 [3mmessage_count[0m[2m=[0m3
[2m2026-07-12T22:55:37.029281Z[0m [32m INFO[0m [1mturn[0m[1m{[0m[3msession[0m[2m=[0m6c2ce433-2248-4a64-b9c1-a49905b0ba40[1m}[0m[2m:[0m [2mbraze_engine::engine[0m[2m:[0m parsed a prompt-tools envelope final answer
-> ollama:gemma4:e2b+ablate:constrained-tools :: grep_basic (rep 3/5)
[2m2026-07-12T22:55:37.035497Z[0m [32m INFO[0m [1mturn[0m[1m{[0m[3msession[0m[2m=[0ma49ab096-2c87-486c-8db3-b14a8b68b32b[1m}[0m[2m:[0m [2mbraze_engine::hooks[0m[2m:[0m prompt budget breakdown (PromptBudgetAuditHook) [3msystem_tokens_est[0m[2m=[0m228 [3mtools_tokens_est[0m[2m=[0m850 [3mhistory_tokens_est[0m[2m=[0m19 [3mtotal_tokens_est[0m[2m=[0m1098 [3mmessage_count[0m[2m=[0m1
[2m2026-07-12T22:55:41.687774Z[0m [32m INFO[0m [1mturn[0m[1m{[0m[3msession[0m[2m=[0ma49ab096-2c87-486c-8db3-b14a8b68b32b[1m}[0m[2m:[0m [2mbraze_engine::engine[0m[2m:[0m parsed a prompt-tools envelope tool call [3mtool[0m[2m=[0mread_file
[2m2026-07-12T22:55:41.692698Z[0m [32m INFO[0m [1mturn[0m[1m{[0m[3msession[0m[2m=[0ma49ab096-2c87-486c-8db3-b14a8b68b32b[1m}[0m[2m:[0m [2mbraze_engine::hooks[0m[2m:[0m prompt budget breakdown (PromptBudgetAuditHook) [3msystem_tokens_est[0m[2m=[0m228 [3mtools_tokens_est[0m[2m=[0m850 [3mhistory_tokens_est[0m[2m=[0m65 [3mtotal_tokens_est[0m[2m=[0m1144 [3mmessage_count[0m[2m=[0m3
[2m2026-07-12T22:55:48.730650Z[0m [32m INFO[0m [1mturn[0m[1m{[0m[3msession[0m[2m=[0ma49ab096-2c87-486c-8db3-b14a8b68b32b[1m}[0m[2m:[0m [2mbraze_engine::hooks[0m[2m:[0m prompt budget breakdown (PromptBudgetAuditHook) [3msystem_tokens_est[0m[2m=[0m228 [3mtools_tokens_est[0m[2m=[0m850 [3mhistory_tokens_est[0m[2m=[0m98 [3mtotal_tokens_est[0m[2m=[0m1177 [3mmessage_count[0m[2m=[0m5
[2m2026-07-12T22:55:49.586078Z[0m [32m INFO[0m [1mturn[0m[1m{[0m[3msession[0m[2m=[0ma49ab096-2c87-486c-8db3-b14a8b68b32b[1m}[0m[2m:[0m [2mbraze_engine::hooks[0m[2m:[0m prompt budget breakdown (PromptBudgetAuditHook) [3msystem_tokens_est[0m[2m=[0m228 [3mtools_tokens_est[0m[2m=[0m850 [3mhistory_tokens_est[0m[2m=[0m115 [3mtotal_tokens_est[0m[2m=[0m1194 [3mmessage_count[0m[2m=[0m7
-> ollama:gemma4:e2b+ablate:constrained-tools :: grep_basic (rep 4/5)
[2m2026-07-12T22:55:50.388667Z[0m [32m INFO[0m [1mturn[0m[1m{[0m[3msession[0m[2m=[0m9402c0f7-b2cf-4381-b0c4-8fb49c8a2d62[1m}[0m[2m:[0m [2mbraze_engine::hooks[0m[2m:[0m prompt budget breakdown (PromptBudgetAuditHook) [3msystem_tokens_est[0m[2m=[0m228 [3mtools_tokens_est[0m[2m=[0m850 [3mhistory_tokens_est[0m[2m=[0m19 [3mtotal_tokens_est[0m[2m=[0m1098 [3mmessage_count[0m[2m=[0m1
[2m2026-07-12T22:55:55.716030Z[0m [32m INFO[0m [1mturn[0m[1m{[0m[3msession[0m[2m=[0m9402c0f7-b2cf-4381-b0c4-8fb49c8a2d62[1m}[0m[2m:[0m [2mbraze_engine::engine[0m[2m:[0m parsed a prompt-tools envelope tool call [3mtool[0m[2m=[0mread_file
[2m2026-07-12T22:55:55.722796Z[0m [32m INFO[0m [1mturn[0m[1m{[0m[3msession[0m[2m=[0m9402c0f7-b2cf-4381-b0c4-8fb49c8a2d62[1m}[0m[2m:[0m [2mbraze_engine::hooks[0m[2m:[0m prompt budget breakdown (PromptBudgetAuditHook) [3msystem_tokens_est[0m[2m=[0m228 [3mtools_tokens_est[0m[2m=[0m850 [3mhistory_tokens_est[0m[2m=[0m53 [3mtotal_tokens_est[0m[2m=[0m1132 [3mmessage_count[0m[2m=[0m3
[2m2026-07-12T22:56:00.031346Z[0m [32m INFO[0m [1mturn[0m[1m{[0m[3msession[0m[2m=[0m9402c0f7-b2cf-4381-b0c4-8fb49c8a2d62[1m}[0m[2m:[0m [2mbraze_engine::engine[0m[2m:[0m parsed a prompt-tools envelope final answer
-> ollama:gemma4:e2b+ablate:constrained-tools :: grep_basic (rep 5/5)
[2m2026-07-12T22:56:00.039648Z[0m [32m INFO[0m [1mturn[0m[1m{[0m[3msession[0m[2m=[0m94bf0175-42db-4ec2-8632-8f0ff23f6539[1m}[0m[2m:[0m [2mbraze_engine::hooks[0m[2m:[0m prompt budget breakdown (PromptBudgetAuditHook) [3msystem_tokens_est[0m[2m=[0m228 [3mtools_tokens_est[0m[2m=[0m850 [3mhistory_tokens_est[0m[2m=[0m19 [3mtotal_tokens_est[0m[2m=[0m1098 [3mmessage_count[0m[2m=[0m1
[2m2026-07-12T22:56:10.583004Z[0m [32m INFO[0m [1mturn[0m[1m{[0m[3msession[0m[2m=[0m94bf0175-42db-4ec2-8632-8f0ff23f6539[1m}[0m[2m:[0m [2mbraze_engine::engine[0m[2m:[0m parsed a prompt-tools envelope tool call [3mtool[0m[2m=[0mread_file
[2m2026-07-12T22:56:10.599411Z[0m [32m INFO[0m [1mturn[0m[1m{[0m[3msession[0m[2m=[0m94bf0175-42db-4ec2-8632-8f0ff23f6539[1m}[0m[2m:[0m [2mbraze_engine::hooks[0m[2m:[0m prompt budget breakdown (PromptBudgetAuditHook) [3msystem_tokens_est[0m[2m=[0m228 [3mtools_tokens_est[0m[2m=[0m850 [3mhistory_tokens_est[0m[2m=[0m47 [3mtotal_tokens_est[0m[2m=[0m1126 [3mmessage_count[0m[2m=[0m3
[2m2026-07-12T22:56:16.783741Z[0m [32m INFO[0m [1mturn[0m[1m{[0m[3msession[0m[2m=[0m94bf0175-42db-4ec2-8632-8f0ff23f6539[1m}[0m[2m:[0m [2mbraze_engine::hooks[0m[2m:[0m prompt budget breakdown (PromptBudgetAuditHook) [3msystem_tokens_est[0m[2m=[0m228 [3mtools_tokens_est[0m[2m=[0m850 [3mhistory_tokens_est[0m[2m=[0m65 [3mtotal_tokens_est[0m[2m=[0m1144 [3mmessage_count[0m[2m=[0m5
-> ollama:gemma4:e2b+ablate:constrained-tools :: glob_basic (rep 1/5)
[2m2026-07-12T22:56:17.581724Z[0m [32m INFO[0m [1mturn[0m[1m{[0m[3msession[0m[2m=[0m84929f0a-bc34-4b20-87e8-f5c02c59954b[1m}[0m[2m:[0m [2mbraze_engine::hooks[0m[2m:[0m prompt budget breakdown (PromptBudgetAuditHook) [3msystem_tokens_est[0m[2m=[0m228 [3mtools_tokens_est[0m[2m=[0m850 [3mhistory_tokens_est[0m[2m=[0m17 [3mtotal_tokens_est[0m[2m=[0m1096 [3mmessage_count[0m[2m=[0m1
[2m2026-07-12T22:56:20.258264Z[0m [32m INFO[0m [1mturn[0m[1m{[0m[3msession[0m[2m=[0m84929f0a-bc34-4b20-87e8-f5c02c59954b[1m}[0m[2m:[0m [2mbraze_engine::engine[0m[2m:[0m parsed a prompt-tools envelope tool call [3mtool[0m[2m=[0mread_file
[2m2026-07-12T22:56:20.263226Z[0m [32m INFO[0m [1mturn[0m[1m{[0m[3msession[0m[2m=[0m84929f0a-bc34-4b20-87e8-f5c02c59954b[1m}[0m[2m:[0m [2mbraze_engine::hooks[0m[2m:[0m prompt budget breakdown (PromptBudgetAuditHook) [3msystem_tokens_est[0m[2m=[0m228 [3mtools_tokens_est[0m[2m=[0m850 [3mhistory_tokens_est[0m[2m=[0m53 [3mtotal_tokens_est[0m[2m=[0m1132 [3mmessage_count[0m[2m=[0m3
[2m2026-07-12T22:56:22.193459Z[0m [32m INFO[0m [1mturn[0m[1m{[0m[3msession[0m[2m=[0m84929f0a-bc34-4b20-87e8-f5c02c59954b[1m}[0m[2m:[0m [2mbraze_engine::engine[0m[2m:[0m parsed a prompt-tools envelope final answer
-> ollama:gemma4:e2b+ablate:constrained-tools :: glob_basic (rep 2/5)
[2m2026-07-12T22:56:22.203054Z[0m [32m INFO[0m [1mturn[0m[1m{[0m[3msession[0m[2m=[0mc1e7776f-c31b-4ad7-aff3-767498c8dbd5[1m}[0m[2m:[0m [2mbraze_engine::hooks[0m[2m:[0m prompt budget breakdown (PromptBudgetAuditHook) [3msystem_tokens_est[0m[2m=[0m228 [3mtools_tokens_est[0m[2m=[0m850 [3mhistory_tokens_est[0m[2m=[0m17 [3mtotal_tokens_est[0m[2m=[0m1096 [3mmessage_count[0m[2m=[0m1
[2m2026-07-12T22:56:26.789968Z[0m [32m INFO[0m [1mturn[0m[1m{[0m[3msession[0m[2m=[0mc1e7776f-c31b-4ad7-aff3-767498c8dbd5[1m}[0m[2m:[0m [2mbraze_engine::engine[0m[2m:[0m parsed a prompt-tools envelope tool call [3mtool[0m[2m=[0mread_file
[2m2026-07-12T22:56:26.797541Z[0m [32m INFO[0m [1mturn[0m[1m{[0m[3msession[0m[2m=[0mc1e7776f-c31b-4ad7-aff3-767498c8dbd5[1m}[0m[2m:[0m [2mbraze_engine::hooks[0m[2m:[0m prompt budget breakdown (PromptBudgetAuditHook) [3msystem_tokens_est[0m[2m=[0m228 [3mtools_tokens_est[0m[2m=[0m850 [3mhistory_tokens_est[0m[2m=[0m53 [3mtotal_tokens_est[0m[2m=[0m1132 [3mmessage_count[0m[2m=[0m3
[2m2026-07-12T22:56:29.380642Z[0m [32m INFO[0m [1mturn[0m[1m{[0m[3msession[0m[2m=[0mc1e7776f-c31b-4ad7-aff3-767498c8dbd5[1m}[0m[2m:[0m [2mbraze_engine::engine[0m[2m:[0m parsed a prompt-tools envelope final answer
-> ollama:gemma4:e2b+ablate:constrained-tools :: glob_basic (rep 3/5)
[2m2026-07-12T22:56:29.389830Z[0m [32m INFO[0m [1mturn[0m[1m{[0m[3msession[0m[2m=[0mb6eb472a-37dc-4489-aa1a-9cc49657cbd9[1m}[0m[2m:[0m [2mbraze_engine::hooks[0m[2m:[0m prompt budget breakdown (PromptBudgetAuditHook) [3msystem_tokens_est[0m[2m=[0m228 [3mtools_tokens_est[0m[2m=[0m850 [3mhistory_tokens_est[0m[2m=[0m17 [3mtotal_tokens_est[0m[2m=[0m1096 [3mmessage_count[0m[2m=[0m1
[2m2026-07-12T22:56:32.110961Z[0m [32m INFO[0m [1mturn[0m[1m{[0m[3msession[0m[2m=[0mb6eb472a-37dc-4489-aa1a-9cc49657cbd9[1m}[0m[2m:[0m [2mbraze_engine::engine[0m[2m:[0m parsed a prompt-tools envelope tool call [3mtool[0m[2m=[0mglob
[2m2026-07-12T22:56:32.128881Z[0m [32m INFO[0m [1mturn[0m[1m{[0m[3msession[0m[2m=[0mb6eb472a-37dc-4489-aa1a-9cc49657cbd9[1m}[0m[2m:[0m [2mbraze_engine::hooks[0m[2m:[0m prompt budget breakdown (PromptBudgetAuditHook) [3msystem_tokens_est[0m[2m=[0m228 [3mtools_tokens_est[0m[2m=[0m850 [3mhistory_tokens_est[0m[2m=[0m52 [3mtotal_tokens_est[0m[2m=[0m1131 [3mmessage_count[0m[2m=[0m3
-> ollama:gemma4:e2b+ablate:constrained-tools :: glob_basic (rep 4/5)
[2m2026-07-12T22:56:32.900744Z[0m [32m INFO[0m [1mturn[0m[1m{[0m[3msession[0m[2m=[0mf9746915-4d7f-46ce-a2ca-45f6cc6b926e[1m}[0m[2m:[0m [2mbraze_engine::hooks[0m[2m:[0m prompt budget breakdown (PromptBudgetAuditHook) [3msystem_tokens_est[0m[2m=[0m228 [3mtools_tokens_est[0m[2m=[0m850 [3mhistory_tokens_est[0m[2m=[0m17 [3mtotal_tokens_est[0m[2m=[0m1096 [3mmessage_count[0m[2m=[0m1
[2m2026-07-12T22:56:37.199929Z[0m [32m INFO[0m [1mturn[0m[1m{[0m[3msession[0m[2m=[0mf9746915-4d7f-46ce-a2ca-45f6cc6b926e[1m}[0m[2m:[0m [2mbraze_engine::engine[0m[2m:[0m parsed a prompt-tools envelope tool call [3mtool[0m[2m=[0mread_file
[2m2026-07-12T22:56:37.212151Z[0m [32m INFO[0m [1mturn[0m[1m{[0m[3msession[0m[2m=[0mf9746915-4d7f-46ce-a2ca-45f6cc6b926e[1m}[0m[2m:[0m [2mbraze_engine::hooks[0m[2m:[0m prompt budget breakdown (PromptBudgetAuditHook) [3msystem_tokens_est[0m[2m=[0m228 [3mtools_tokens_est[0m[2m=[0m850 [3mhistory_tokens_est[0m[2m=[0m53 [3mtotal_tokens_est[0m[2m=[0m1132 [3mmessage_count[0m[2m=[0m3
[2m2026-07-12T22:56:39.762539Z[0m [32m INFO[0m [1mturn[0m[1m{[0m[3msession[0m[2m=[0mf9746915-4d7f-46ce-a2ca-45f6cc6b926e[1m}[0m[2m:[0m [2mbraze_engine::engine[0m[2m:[0m parsed a prompt-tools envelope final answer
-> ollama:gemma4:e2b+ablate:constrained-tools :: glob_basic (rep 5/5)
[2m2026-07-12T22:56:39.768938Z[0m [32m INFO[0m [1mturn[0m[1m{[0m[3msession[0m[2m=[0mced7fa5e-37a4-483d-8cb3-40ce6d269b27[1m}[0m[2m:[0m [2mbraze_engine::hooks[0m[2m:[0m prompt budget breakdown (PromptBudgetAuditHook) [3msystem_tokens_est[0m[2m=[0m228 [3mtools_tokens_est[0m[2m=[0m850 [3mhistory_tokens_est[0m[2m=[0m17 [3mtotal_tokens_est[0m[2m=[0m1096 [3mmessage_count[0m[2m=[0m1
[2m2026-07-12T22:56:42.660724Z[0m [32m INFO[0m [1mturn[0m[1m{[0m[3msession[0m[2m=[0mced7fa5e-37a4-483d-8cb3-40ce6d269b27[1m}[0m[2m:[0m [2mbraze_engine::engine[0m[2m:[0m parsed a prompt-tools envelope tool call [3mtool[0m[2m=[0mglob
[2m2026-07-12T22:56:42.674764Z[0m [32m INFO[0m [1mturn[0m[1m{[0m[3msession[0m[2m=[0mced7fa5e-37a4-483d-8cb3-40ce6d269b27[1m}[0m[2m:[0m [2mbraze_engine::hooks[0m[2m:[0m prompt budget breakdown (PromptBudgetAuditHook) [3msystem_tokens_est[0m[2m=[0m228 [3mtools_tokens_est[0m[2m=[0m850 [3mhistory_tokens_est[0m[2m=[0m52 [3mtotal_tokens_est[0m[2m=[0m1131 [3mmessage_count[0m[2m=[0m3
-> ollama:gemma4:e2b+ablate:constrained-tools :: write_file_basic (rep 1/5)
[2m2026-07-12T22:56:43.598105Z[0m [32m INFO[0m [1mturn[0m[1m{[0m[3msession[0m[2m=[0m1a5ffd87-947e-4116-b1c2-79de10bae349[1m}[0m[2m:[0m [2mbraze_engine::hooks[0m[2m:[0m prompt budget breakdown (PromptBudgetAuditHook) [3msystem_tokens_est[0m[2m=[0m229 [3mtools_tokens_est[0m[2m=[0m850 [3mhistory_tokens_est[0m[2m=[0m22 [3mtotal_tokens_est[0m[2m=[0m1102 [3mmessage_count[0m[2m=[0m1
[2m2026-07-12T22:56:47.356401Z[0m [32m INFO[0m [1mturn[0m[1m{[0m[3msession[0m[2m=[0m1a5ffd87-947e-4116-b1c2-79de10bae349[1m}[0m[2m:[0m [2mbraze_engine::engine[0m[2m:[0m parsed a prompt-tools envelope tool call [3mtool[0m[2m=[0mread_file
[2m2026-07-12T22:56:47.363878Z[0m [32m INFO[0m [1mturn[0m[1m{[0m[3msession[0m[2m=[0m1a5ffd87-947e-4116-b1c2-79de10bae349[1m}[0m[2m:[0m [2mbraze_engine::hooks[0m[2m:[0m prompt budget breakdown (PromptBudgetAuditHook) [3msystem_tokens_est[0m[2m=[0m229 [3mtools_tokens_est[0m[2m=[0m850 [3mhistory_tokens_est[0m[2m=[0m68 [3mtotal_tokens_est[0m[2m=[0m1149 [3mmessage_count[0m[2m=[0m3
[2m2026-07-12T22:56:48.307144Z[0m [32m INFO[0m [1mturn[0m[1m{[0m[3msession[0m[2m=[0m1a5ffd87-947e-4116-b1c2-79de10bae349[1m}[0m[2m:[0m [2mbraze_engine::hooks[0m[2m:[0m prompt budget breakdown (PromptBudgetAuditHook) [3msystem_tokens_est[0m[2m=[0m229 [3mtools_tokens_est[0m[2m=[0m850 [3mhistory_tokens_est[0m[2m=[0m102 [3mtotal_tokens_est[0m[2m=[0m1183 [3mmessage_count[0m[2m=[0m5
-> ollama:gemma4:e2b+ablate:constrained-tools :: write_file_basic (rep 2/5)
[2m2026-07-12T22:56:49.338925Z[0m [32m INFO[0m [1mturn[0m[1m{[0m[3msession[0m[2m=[0m4ca4d29b-9ec7-433f-85d8-c008faf09e43[1m}[0m[2m:[0m [2mbraze_engine::hooks[0m[2m:[0m prompt budget breakdown (PromptBudgetAuditHook) [3msystem_tokens_est[0m[2m=[0m229 [3mtools_tokens_est[0m[2m=[0m850 [3mhistory_tokens_est[0m[2m=[0m22 [3mtotal_tokens_est[0m[2m=[0m1102 [3mmessage_count[0m[2m=[0m1
[2m2026-07-12T22:56:51.926746Z[0m [32m INFO[0m [1mturn[0m[1m{[0m[3msession[0m[2m=[0m4ca4d29b-9ec7-433f-85d8-c008faf09e43[1m}[0m[2m:[0m [2mbraze_engine::engine[0m[2m:[0m parsed a prompt-tools envelope tool call [3mtool[0m[2m=[0mread_file
[2m2026-07-12T22:56:51.936506Z[0m [32m INFO[0m [1mturn[0m[1m{[0m[3msession[0m[2m=[0m4ca4d29b-9ec7-433f-85d8-c008faf09e43[1m}[0m[2m:[0m [2mbraze_engine::hooks[0m[2m:[0m prompt budget breakdown (PromptBudgetAuditHook) [3msystem_tokens_est[0m[2m=[0m229 [3mtools_tokens_est[0m[2m=[0m850 [3mhistory_tokens_est[0m[2m=[0m65 [3mtotal_tokens_est[0m[2m=[0m1145 [3mmessage_count[0m[2m=[0m3
[2m2026-07-12T22:56:52.858573Z[0m [32m INFO[0m [1mturn[0m[1m{[0m[3msession[0m[2m=[0m4ca4d29b-9ec7-433f-85d8-c008faf09e43[1m}[0m[2m:[0m [2mbraze_engine::hooks[0m[2m:[0m prompt budget breakdown (PromptBudgetAuditHook) [3msystem_tokens_est[0m[2m=[0m229 [3mtools_tokens_est[0m[2m=[0m850 [3mhistory_tokens_est[0m[2m=[0m98 [3mtotal_tokens_est[0m[2m=[0m1179 [3mmessage_count[0m[2m=[0m5
[2m2026-07-12T22:56:54.242591Z[0m [32m INFO[0m [1mturn[0m[1m{[0m[3msession[0m[2m=[0m4ca4d29b-9ec7-433f-85d8-c008faf09e43[1m}[0m[2m:[0m [2mbraze_engine::engine[0m[2m:[0m parsed a prompt-tools envelope final answer
-> ollama:gemma4:e2b+ablate:constrained-tools :: write_file_basic (rep 3/5)
[2m2026-07-12T22:56:54.250082Z[0m [32m INFO[0m [1mturn[0m[1m{[0m[3msession[0m[2m=[0m08b39822-8015-4aa5-b419-e2cd9ac221fc[1m}[0m[2m:[0m [2mbraze_engine::hooks[0m[2m:[0m prompt budget breakdown (PromptBudgetAuditHook) [3msystem_tokens_est[0m[2m=[0m229 [3mtools_tokens_est[0m[2m=[0m850 [3mhistory_tokens_est[0m[2m=[0m22 [3mtotal_tokens_est[0m[2m=[0m1102 [3mmessage_count[0m[2m=[0m1
[2m2026-07-12T22:56:58.120547Z[0m [32m INFO[0m [1mturn[0m[1m{[0m[3msession[0m[2m=[0m08b39822-8015-4aa5-b419-e2cd9ac221fc[1m}[0m[2m:[0m [2mbraze_engine::engine[0m[2m:[0m parsed a prompt-tools envelope tool call [3mtool[0m[2m=[0mread_file
[2m2026-07-12T22:56:58.129220Z[0m [32m INFO[0m [1mturn[0m[1m{[0m[3msession[0m[2m=[0m08b39822-8015-4aa5-b419-e2cd9ac221fc[1m}[0m[2m:[0m [2mbraze_engine::hooks[0m[2m:[0m prompt budget breakdown (PromptBudgetAuditHook) [3msystem_tokens_est[0m[2m=[0m229 [3mtools_tokens_est[0m[2m=[0m850 [3mhistory_tokens_est[0m[2m=[0m68 [3mtotal_tokens_est[0m[2m=[0m1149 [3mmessage_count[0m[2m=[0m3
[2m2026-07-12T22:56:59.050250Z[0m [32m INFO[0m [1mturn[0m[1m{[0m[3msession[0m[2m=[0m08b39822-8015-4aa5-b419-e2cd9ac221fc[1m}[0m[2m:[0m [2mbraze_engine::hooks[0m[2m:[0m prompt budget breakdown (PromptBudgetAuditHook) [3msystem_tokens_est[0m[2m=[0m229 [3mtools_tokens_est[0m[2m=[0m850 [3mhistory_tokens_est[0m[2m=[0m102 [3mtotal_tokens_est[0m[2m=[0m1183 [3mmessage_count[0m[2m=[0m5
-> ollama:gemma4:e2b+ablate:constrained-tools :: write_file_basic (rep 4/5)
[2m2026-07-12T22:57:00.072187Z[0m [32m INFO[0m [1mturn[0m[1m{[0m[3msession[0m[2m=[0m15657618-07f8-4165-8f5b-f947ac06a40e[1m}[0m[2m:[0m [2mbraze_engine::hooks[0m[2m:[0m prompt budget breakdown (PromptBudgetAuditHook) [3msystem_tokens_est[0m[2m=[0m229 [3mtools_tokens_est[0m[2m=[0m850 [3mhistory_tokens_est[0m[2m=[0m22 [3mtotal_tokens_est[0m[2m=[0m1102 [3mmessage_count[0m[2m=[0m1
[2m2026-07-12T22:57:02.661540Z[0m [32m INFO[0m [1mturn[0m[1m{[0m[3msession[0m[2m=[0m15657618-07f8-4165-8f5b-f947ac06a40e[1m}[0m[2m:[0m [2mbraze_engine::engine[0m[2m:[0m parsed a prompt-tools envelope tool call [3mtool[0m[2m=[0mread_file
[2m2026-07-12T22:57:02.667337Z[0m [32m INFO[0m [1mturn[0m[1m{[0m[3msession[0m[2m=[0m15657618-07f8-4165-8f5b-f947ac06a40e[1m}[0m[2m:[0m [2mbraze_engine::hooks[0m[2m:[0m prompt budget breakdown (PromptBudgetAuditHook) [3msystem_tokens_est[0m[2m=[0m229 [3mtools_tokens_est[0m[2m=[0m850 [3mhistory_tokens_est[0m[2m=[0m65 [3mtotal_tokens_est[0m[2m=[0m1145 [3mmessage_count[0m[2m=[0m3
[2m2026-07-12T22:57:03.600482Z[0m [32m INFO[0m [1mturn[0m[1m{[0m[3msession[0m[2m=[0m15657618-07f8-4165-8f5b-f947ac06a40e[1m}[0m[2m:[0m [2mbraze_engine::hooks[0m[2m:[0m prompt budget breakdown (PromptBudgetAuditHook) [3msystem_tokens_est[0m[2m=[0m229 [3mtools_tokens_est[0m[2m=[0m850 [3mhistory_tokens_est[0m[2m=[0m98 [3mtotal_tokens_est[0m[2m=[0m1179 [3mmessage_count[0m[2m=[0m5
[2m2026-07-12T22:57:04.989313Z[0m [32m INFO[0m [1mturn[0m[1m{[0m[3msession[0m[2m=[0m15657618-07f8-4165-8f5b-f947ac06a40e[1m}[0m[2m:[0m [2mbraze_engine::engine[0m[2m:[0m parsed a prompt-tools envelope final answer
-> ollama:gemma4:e2b+ablate:constrained-tools :: write_file_basic (rep 5/5)
[2m2026-07-12T22:57:04.995777Z[0m [32m INFO[0m [1mturn[0m[1m{[0m[3msession[0m[2m=[0m1363edf2-7c72-44de-8948-e3d9c99b86fc[1m}[0m[2m:[0m [2mbraze_engine::hooks[0m[2m:[0m prompt budget breakdown (PromptBudgetAuditHook) [3msystem_tokens_est[0m[2m=[0m229 [3mtools_tokens_est[0m[2m=[0m850 [3mhistory_tokens_est[0m[2m=[0m22 [3mtotal_tokens_est[0m[2m=[0m1102 [3mmessage_count[0m[2m=[0m1
[2m2026-07-12T22:57:08.802538Z[0m [32m INFO[0m [1mturn[0m[1m{[0m[3msession[0m[2m=[0m1363edf2-7c72-44de-8948-e3d9c99b86fc[1m}[0m[2m:[0m [2mbraze_engine::engine[0m[2m:[0m parsed a prompt-tools envelope tool call [3mtool[0m[2m=[0mread_file
[2m2026-07-12T22:57:08.811706Z[0m [32m INFO[0m [1mturn[0m[1m{[0m[3msession[0m[2m=[0m1363edf2-7c72-44de-8948-e3d9c99b86fc[1m}[0m[2m:[0m [2mbraze_engine::hooks[0m[2m:[0m prompt budget breakdown (PromptBudgetAuditHook) [3msystem_tokens_est[0m[2m=[0m229 [3mtools_tokens_est[0m[2m=[0m850 [3mhistory_tokens_est[0m[2m=[0m68 [3mtotal_tokens_est[0m[2m=[0m1149 [3mmessage_count[0m[2m=[0m3
[2m2026-07-12T22:57:09.737229Z[0m [32m INFO[0m [1mturn[0m[1m{[0m[3msession[0m[2m=[0m1363edf2-7c72-44de-8948-e3d9c99b86fc[1m}[0m[2m:[0m [2mbraze_engine::hooks[0m[2m:[0m prompt budget breakdown (PromptBudgetAuditHook) [3msystem_tokens_est[0m[2m=[0m229 [3mtools_tokens_est[0m[2m=[0m850 [3mhistory_tokens_est[0m[2m=[0m102 [3mtotal_tokens_est[0m[2m=[0m1183 [3mmessage_count[0m[2m=[0m5
-> ollama:gemma4:e2b+ablate:constrained-tools :: edit_file_basic (rep 1/5)
[2m2026-07-12T22:57:10.760821Z[0m [32m INFO[0m [1mturn[0m[1m{[0m[3msession[0m[2m=[0m691d7d64-de69-476e-b452-737730a7725b[1m}[0m[2m:[0m [2mbraze_engine::hooks[0m[2m:[0m prompt budget breakdown (PromptBudgetAuditHook) [3msystem_tokens_est[0m[2m=[0m229 [3mtools_tokens_est[0m[2m=[0m850 [3mhistory_tokens_est[0m[2m=[0m21 [3mtotal_tokens_est[0m[2m=[0m1102 [3mmessage_count[0m[2m=[0m1
[2m2026-07-12T22:57:15.215908Z[0m [32m INFO[0m [1mturn[0m[1m{[0m[3msession[0m[2m=[0m691d7d64-de69-476e-b452-737730a7725b[1m}[0m[2m:[0m [2mbraze_engine::engine[0m[2m:[0m parsed a prompt-tools envelope tool call [3mtool[0m[2m=[0mread_file
[2m2026-07-12T22:57:15.221856Z[0m [32m INFO[0m [1mturn[0m[1m{[0m[3msession[0m[2m=[0m691d7d64-de69-476e-b452-737730a7725b[1m}[0m[2m:[0m [2mbraze_engine::hooks[0m[2m:[0m prompt budget breakdown (PromptBudgetAuditHook) [3msystem_tokens_est[0m[2m=[0m229 [3mtools_tokens_est[0m[2m=[0m850 [3mhistory_tokens_est[0m[2m=[0m66 [3mtotal_tokens_est[0m[2m=[0m1147 [3mmessage_count[0m[2m=[0m3
[2m2026-07-12T22:57:20.023290Z[0m [32m INFO[0m [1mturn[0m[1m{[0m[3msession[0m[2m=[0m691d7d64-de69-476e-b452-737730a7725b[1m}[0m[2m:[0m [2mbraze_engine::engine[0m[2m:[0m parsed a prompt-tools envelope final answer
-> ollama:gemma4:e2b+ablate:constrained-tools :: edit_file_basic (rep 2/5)
[2m2026-07-12T22:57:20.029922Z[0m [32m INFO[0m [1mturn[0m[1m{[0m[3msession[0m[2m=[0m4a235147-164e-4d5d-89f9-bc3c19d38146[1m}[0m[2m:[0m [2mbraze_engine::hooks[0m[2m:[0m prompt budget breakdown (PromptBudgetAuditHook) [3msystem_tokens_est[0m[2m=[0m229 [3mtools_tokens_est[0m[2m=[0m850 [3mhistory_tokens_est[0m[2m=[0m21 [3mtotal_tokens_est[0m[2m=[0m1102 [3mmessage_count[0m[2m=[0m1
[2m2026-07-12T22:57:23.929524Z[0m [32m INFO[0m [1mturn[0m[1m{[0m[3msession[0m[2m=[0m4a235147-164e-4d5d-89f9-bc3c19d38146[1m}[0m[2m:[0m [2mbraze_engine::engine[0m[2m:[0m parsed a prompt-tools envelope tool call [3mtool[0m[2m=[0mread_file
[2m2026-07-12T22:57:23.934600Z[0m [32m INFO[0m [1mturn[0m[1m{[0m[3msession[0m[2m=[0m4a235147-164e-4d5d-89f9-bc3c19d38146[1m}[0m[2m:[0m [2mbraze_engine::hooks[0m[2m:[0m prompt budget breakdown (PromptBudgetAuditHook) [3msystem_tokens_est[0m[2m=[0m229 [3mtools_tokens_est[0m[2m=[0m850 [3mhistory_tokens_est[0m[2m=[0m45 [3mtotal_tokens_est[0m[2m=[0m1126 [3mmessage_count[0m[2m=[0m3
[2m2026-07-12T22:57:28.656712Z[0m [32m INFO[0m [1mturn[0m[1m{[0m[3msession[0m[2m=[0m4a235147-164e-4d5d-89f9-bc3c19d38146[1m}[0m[2m:[0m [2mbraze_engine::hooks[0m[2m:[0m prompt budget breakdown (PromptBudgetAuditHook) [3msystem_tokens_est[0m[2m=[0m229 [3mtools_tokens_est[0m[2m=[0m850 [3mhistory_tokens_est[0m[2m=[0m66 [3mtotal_tokens_est[0m[2m=[0m1146 [3mmessage_count[0m[2m=[0m5
[2m2026-07-12T22:57:29.793481Z[0m [32m INFO[0m [1mturn[0m[1m{[0m[3msession[0m[2m=[0m4a235147-164e-4d5d-89f9-bc3c19d38146[1m}[0m[2m:[0m [2mbraze_engine::hooks[0m[2m:[0m prompt budget breakdown (PromptBudgetAuditHook) [3msystem_tokens_est[0m[2m=[0m229 [3mtools_tokens_est[0m[2m=[0m850 [3mhistory_tokens_est[0m[2m=[0m103 [3mtotal_tokens_est[0m[2m=[0m1183 [3mmessage_count[0m[2m=[0m7
[2m2026-07-12T22:57:33.369711Z[0m [32m INFO[0m [1mturn[0m[1m{[0m[3msession[0m[2m=[0m4a235147-164e-4d5d-89f9-bc3c19d38146[1m}[0m[2m:[0m [2mbraze_engine::engine[0m[2m:[0m parsed a prompt-tools envelope final answer
-> ollama:gemma4:e2b+ablate:constrained-tools :: edit_file_basic (rep 3/5)
[2m2026-07-12T22:57:33.377636Z[0m [32m INFO[0m [1mturn[0m[1m{[0m[3msession[0m[2m=[0m30e435ea-9966-4c29-8028-cc0e0085b5b6[1m}[0m[2m:[0m [2mbraze_engine::hooks[0m[2m:[0m prompt budget breakdown (PromptBudgetAuditHook) [3msystem_tokens_est[0m[2m=[0m229 [3mtools_tokens_est[0m[2m=[0m850 [3mhistory_tokens_est[0m[2m=[0m21 [3mtotal_tokens_est[0m[2m=[0m1102 [3mmessage_count[0m[2m=[0m1
[2m2026-07-12T22:57:38.556826Z[0m [32m INFO[0m [1mturn[0m[1m{[0m[3msession[0m[2m=[0m30e435ea-9966-4c29-8028-cc0e0085b5b6[1m}[0m[2m:[0m [2mbraze_engine::engine[0m[2m:[0m parsed a prompt-tools envelope tool call [3mtool[0m[2m=[0mread_file
[2m2026-07-12T22:57:38.561460Z[0m [32m INFO[0m [1mturn[0m[1m{[0m[3msession[0m[2m=[0m30e435ea-9966-4c29-8028-cc0e0085b5b6[1m}[0m[2m:[0m [2mbraze_engine::hooks[0m[2m:[0m prompt budget breakdown (PromptBudgetAuditHook) [3msystem_tokens_est[0m[2m=[0m229 [3mtools_tokens_est[0m[2m=[0m850 [3mhistory_tokens_est[0m[2m=[0m66 [3mtotal_tokens_est[0m[2m=[0m1147 [3mmessage_count[0m[2m=[0m3
[2m2026-07-12T22:57:41.551220Z[0m [32m INFO[0m [1mturn[0m[1m{[0m[3msession[0m[2m=[0m30e435ea-9966-4c29-8028-cc0e0085b5b6[1m}[0m[2m:[0m [2mbraze_engine::engine[0m[2m:[0m parsed a prompt-tools envelope final answer
-> ollama:gemma4:e2b+ablate:constrained-tools :: edit_file_basic (rep 4/5)
[2m2026-07-12T22:57:41.559584Z[0m [32m INFO[0m [1mturn[0m[1m{[0m[3msession[0m[2m=[0mbc41fb25-1767-45b9-8035-bcebf190b6bd[1m}[0m[2m:[0m [2mbraze_engine::hooks[0m[2m:[0m prompt budget breakdown (PromptBudgetAuditHook) [3msystem_tokens_est[0m[2m=[0m229 [3mtools_tokens_est[0m[2m=[0m850 [3mhistory_tokens_est[0m[2m=[0m21 [3mtotal_tokens_est[0m[2m=[0m1102 [3mmessage_count[0m[2m=[0m1
[2m2026-07-12T22:57:45.380994Z[0m [32m INFO[0m [1mturn[0m[1m{[0m[3msession[0m[2m=[0mbc41fb25-1767-45b9-8035-bcebf190b6bd[1m}[0m[2m:[0m [2mbraze_engine::engine[0m[2m:[0m parsed a prompt-tools envelope tool call [3mtool[0m[2m=[0mread_file
[2m2026-07-12T22:57:45.386569Z[0m [32m INFO[0m [1mturn[0m[1m{[0m[3msession[0m[2m=[0mbc41fb25-1767-45b9-8035-bcebf190b6bd[1m}[0m[2m:[0m [2mbraze_engine::hooks[0m[2m:[0m prompt budget breakdown (PromptBudgetAuditHook) [3msystem_tokens_est[0m[2m=[0m229 [3mtools_tokens_est[0m[2m=[0m850 [3mhistory_tokens_est[0m[2m=[0m45 [3mtotal_tokens_est[0m[2m=[0m1126 [3mmessage_count[0m[2m=[0m3
[2m2026-07-12T22:57:53.620802Z[0m [32m INFO[0m [1mturn[0m[1m{[0m[3msession[0m[2m=[0mbc41fb25-1767-45b9-8035-bcebf190b6bd[1m}[0m[2m:[0m [2mbraze_engine::hooks[0m[2m:[0m prompt budget breakdown (PromptBudgetAuditHook) [3msystem_tokens_est[0m[2m=[0m229 [3mtools_tokens_est[0m[2m=[0m850 [3mhistory_tokens_est[0m[2m=[0m55 [3mtotal_tokens_est[0m[2m=[0m1136 [3mmessage_count[0m[2m=[0m5
[2m2026-07-12T22:57:54.699565Z[0m [32m INFO[0m [1mturn[0m[1m{[0m[3msession[0m[2m=[0mbc41fb25-1767-45b9-8035-bcebf190b6bd[1m}[0m[2m:[0m [2mbraze_engine::hooks[0m[2m:[0m prompt budget breakdown (PromptBudgetAuditHook) [3msystem_tokens_est[0m[2m=[0m229 [3mtools_tokens_est[0m[2m=[0m850 [3mhistory_tokens_est[0m[2m=[0m93 [3mtotal_tokens_est[0m[2m=[0m1173 [3mmessage_count[0m[2m=[0m7
[2m2026-07-12T22:57:56.192882Z[0m [32m INFO[0m [1mturn[0m[1m{[0m[3msession[0m[2m=[0mbc41fb25-1767-45b9-8035-bcebf190b6bd[1m}[0m[2m:[0m [2mbraze_engine::engine[0m[2m:[0m parsed a prompt-tools envelope final answer
-> ollama:gemma4:e2b+ablate:constrained-tools :: edit_file_basic (rep 5/5)
[2m2026-07-12T22:57:56.220624Z[0m [32m INFO[0m [1mturn[0m[1m{[0m[3msession[0m[2m=[0m9fc04813-006a-43e7-bf34-fc72be4d484f[1m}[0m[2m:[0m [2mbraze_engine::hooks[0m[2m:[0m prompt budget breakdown (PromptBudgetAuditHook) [3msystem_tokens_est[0m[2m=[0m229 [3mtools_tokens_est[0m[2m=[0m850 [3mhistory_tokens_est[0m[2m=[0m21 [3mtotal_tokens_est[0m[2m=[0m1102 [3mmessage_count[0m[2m=[0m1
[2m2026-07-12T22:58:00.604150Z[0m [32m INFO[0m [1mturn[0m[1m{[0m[3msession[0m[2m=[0m9fc04813-006a-43e7-bf34-fc72be4d484f[1m}[0m[2m:[0m [2mbraze_engine::engine[0m[2m:[0m parsed a prompt-tools envelope tool call [3mtool[0m[2m=[0mread_file
[2m2026-07-12T22:58:00.610169Z[0m [32m INFO[0m [1mturn[0m[1m{[0m[3msession[0m[2m=[0m9fc04813-006a-43e7-bf34-fc72be4d484f[1m}[0m[2m:[0m [2mbraze_engine::hooks[0m[2m:[0m prompt budget breakdown (PromptBudgetAuditHook) [3msystem_tokens_est[0m[2m=[0m229 [3mtools_tokens_est[0m[2m=[0m850 [3mhistory_tokens_est[0m[2m=[0m66 [3mtotal_tokens_est[0m[2m=[0m1147 [3mmessage_count[0m[2m=[0m3
[2m2026-07-12T22:58:03.423813Z[0m [32m INFO[0m [1mturn[0m[1m{[0m[3msession[0m[2m=[0m9fc04813-006a-43e7-bf34-fc72be4d484f[1m}[0m[2m:[0m [2mbraze_engine::engine[0m[2m:[0m parsed a prompt-tools envelope final answer
-> ollama:gemma4:e2b+ablate:constrained-tools :: shell_exec_basic (rep 1/5)
[2m2026-07-12T22:58:03.441434Z[0m [32m INFO[0m [1mturn[0m[1m{[0m[3msession[0m[2m=[0mf4f05cf1-7fa1-4e18-a59a-cd70679227a7[1m}[0m[2m:[0m [2mbraze_engine::hooks[0m[2m:[0m prompt budget breakdown (PromptBudgetAuditHook) [3msystem_tokens_est[0m[2m=[0m229 [3mtools_tokens_est[0m[2m=[0m850 [3mhistory_tokens_est[0m[2m=[0m18 [3mtotal_tokens_est[0m[2m=[0m1098 [3mmessage_count[0m[2m=[0m1
[2m2026-07-12T22:58:07.504293Z[0m [32m INFO[0m [1mturn[0m[1m{[0m[3msession[0m[2m=[0mf4f05cf1-7fa1-4e18-a59a-cd70679227a7[1m}[0m[2m:[0m [2mbraze_engine::engine[0m[2m:[0m parsed a prompt-tools envelope tool call [3mtool[0m[2m=[0mshell_exec
[2m2026-07-12T22:58:07.517182Z[0m [32m INFO[0m [1mturn[0m[1m{[0m[3msession[0m[2m=[0mf4f05cf1-7fa1-4e18-a59a-cd70679227a7[1m}[0m[2m:[0m [2mbraze_engine::hooks[0m[2m:[0m prompt budget breakdown (PromptBudgetAuditHook) [3msystem_tokens_est[0m[2m=[0m229 [3mtools_tokens_est[0m[2m=[0m850 [3mhistory_tokens_est[0m[2m=[0m64 [3mtotal_tokens_est[0m[2m=[0m1145 [3mmessage_count[0m[2m=[0m4
[2m2026-07-12T22:58:09.058999Z[0m [32m INFO[0m [1mturn[0m[1m{[0m[3msession[0m[2m=[0mf4f05cf1-7fa1-4e18-a59a-cd70679227a7[1m}[0m[2m:[0m [2mbraze_engine::engine[0m[2m:[0m parsed a prompt-tools envelope final answer
-> ollama:gemma4:e2b+ablate:constrained-tools :: shell_exec_basic (rep 2/5)
[2m2026-07-12T22:58:09.068924Z[0m [32m INFO[0m [1mturn[0m[1m{[0m[3msession[0m[2m=[0ma5302ed4-fd11-4f93-b028-64c4de07902e[1m}[0m[2m:[0m [2mbraze_engine::hooks[0m[2m:[0m prompt budget breakdown (PromptBudgetAuditHook) [3msystem_tokens_est[0m[2m=[0m229 [3mtools_tokens_est[0m[2m=[0m850 [3mhistory_tokens_est[0m[2m=[0m18 [3mtotal_tokens_est[0m[2m=[0m1098 [3mmessage_count[0m[2m=[0m1
[2m2026-07-12T22:58:12.519211Z[0m [32m INFO[0m [1mturn[0m[1m{[0m[3msession[0m[2m=[0ma5302ed4-fd11-4f93-b028-64c4de07902e[1m}[0m[2m:[0m [2mbraze_engine::engine[0m[2m:[0m parsed a prompt-tools envelope tool call [3mtool[0m[2m=[0mshell_exec
[2m2026-07-12T22:58:12.532809Z[0m [32m INFO[0m [1mturn[0m[1m{[0m[3msession[0m[2m=[0ma5302ed4-fd11-4f93-b028-64c4de07902e[1m}[0m[2m:[0m [2mbraze_engine::hooks[0m[2m:[0m prompt budget breakdown (PromptBudgetAuditHook) [3msystem_tokens_est[0m[2m=[0m229 [3mtools_tokens_est[0m[2m=[0m850 [3mhistory_tokens_est[0m[2m=[0m71 [3mtotal_tokens_est[0m[2m=[0m1152 [3mmessage_count[0m[2m=[0m4
-> ollama:gemma4:e2b+ablate:constrained-tools :: shell_exec_basic (rep 3/5)
[2m2026-07-12T22:58:13.427222Z[0m [32m INFO[0m [1mturn[0m[1m{[0m[3msession[0m[2m=[0m2fed432f-351b-454c-bb6b-81703cdaa4a9[1m}[0m[2m:[0m [2mbraze_engine::hooks[0m[2m:[0m prompt budget breakdown (PromptBudgetAuditHook) [3msystem_tokens_est[0m[2m=[0m229 [3mtools_tokens_est[0m[2m=[0m850 [3mhistory_tokens_est[0m[2m=[0m18 [3mtotal_tokens_est[0m[2m=[0m1098 [3mmessage_count[0m[2m=[0m1
[2m2026-07-12T22:58:18.223976Z[0m [32m INFO[0m [1mturn[0m[1m{[0m[3msession[0m[2m=[0m2fed432f-351b-454c-bb6b-81703cdaa4a9[1m}[0m[2m:[0m [2mbraze_engine::engine[0m[2m:[0m parsed a prompt-tools envelope tool call [3mtool[0m[2m=[0mshell_exec
[2m2026-07-12T22:58:18.243380Z[0m [32m INFO[0m [1mturn[0m[1m{[0m[3msession[0m[2m=[0m2fed432f-351b-454c-bb6b-81703cdaa4a9[1m}[0m[2m:[0m [2mbraze_engine::hooks[0m[2m:[0m prompt budget breakdown (PromptBudgetAuditHook) [3msystem_tokens_est[0m[2m=[0m229 [3mtools_tokens_est[0m[2m=[0m850 [3mhistory_tokens_est[0m[2m=[0m72 [3mtotal_tokens_est[0m[2m=[0m1152 [3mmessage_count[0m[2m=[0m4
-> ollama:gemma4:e2b+ablate:constrained-tools :: shell_exec_basic (rep 4/5)
[2m2026-07-12T22:58:19.062780Z[0m [32m INFO[0m [1mturn[0m[1m{[0m[3msession[0m[2m=[0m101eae67-2611-4768-9d0d-cd9806b15463[1m}[0m[2m:[0m [2mbraze_engine::hooks[0m[2m:[0m prompt budget breakdown (PromptBudgetAuditHook) [3msystem_tokens_est[0m[2m=[0m229 [3mtools_tokens_est[0m[2m=[0m850 [3mhistory_tokens_est[0m[2m=[0m18 [3mtotal_tokens_est[0m[2m=[0m1098 [3mmessage_count[0m[2m=[0m1
[2m2026-07-12T22:58:21.733839Z[0m [32m INFO[0m [1mturn[0m[1m{[0m[3msession[0m[2m=[0m101eae67-2611-4768-9d0d-cd9806b15463[1m}[0m[2m:[0m [2mbraze_engine::engine[0m[2m:[0m parsed a prompt-tools envelope tool call [3mtool[0m[2m=[0mshell_exec
[2m2026-07-12T22:58:21.746624Z[0m [32m INFO[0m [1mturn[0m[1m{[0m[3msession[0m[2m=[0m101eae67-2611-4768-9d0d-cd9806b15463[1m}[0m[2m:[0m [2mbraze_engine::hooks[0m[2m:[0m prompt budget breakdown (PromptBudgetAuditHook) [3msystem_tokens_est[0m[2m=[0m229 [3mtools_tokens_est[0m[2m=[0m850 [3mhistory_tokens_est[0m[2m=[0m39 [3mtotal_tokens_est[0m[2m=[0m1120 [3mmessage_count[0m[2m=[0m3
-> ollama:gemma4:e2b+ablate:constrained-tools :: shell_exec_basic (rep 5/5)
[2m2026-07-12T22:58:22.567124Z[0m [32m INFO[0m [1mturn[0m[1m{[0m[3msession[0m[2m=[0m40fbf3cb-eae9-4709-9e81-75475e41ec21[1m}[0m[2m:[0m [2mbraze_engine::hooks[0m[2m:[0m prompt budget breakdown (PromptBudgetAuditHook) [3msystem_tokens_est[0m[2m=[0m229 [3mtools_tokens_est[0m[2m=[0m850 [3mhistory_tokens_est[0m[2m=[0m18 [3mtotal_tokens_est[0m[2m=[0m1098 [3mmessage_count[0m[2m=[0m1
[2m2026-07-12T22:58:26.289606Z[0m [32m INFO[0m [1mturn[0m[1m{[0m[3msession[0m[2m=[0m40fbf3cb-eae9-4709-9e81-75475e41ec21[1m}[0m[2m:[0m [2mbraze_engine::engine[0m[2m:[0m parsed a prompt-tools envelope tool call [3mtool[0m[2m=[0mshell_exec
[2m2026-07-12T22:58:26.305721Z[0m [32m INFO[0m [1mturn[0m[1m{[0m[3msession[0m[2m=[0m40fbf3cb-eae9-4709-9e81-75475e41ec21[1m}[0m[2m:[0m [2mbraze_engine::hooks[0m[2m:[0m prompt budget breakdown (PromptBudgetAuditHook) [3msystem_tokens_est[0m[2m=[0m229 [3mtools_tokens_est[0m[2m=[0m850 [3mhistory_tokens_est[0m[2m=[0m72 [3mtotal_tokens_est[0m[2m=[0m1152 [3mmessage_count[0m[2m=[0m4
-> ollama:gemma4:e2b+ablate:constrained-tools :: no_tool_qa (rep 1/5)
[2m2026-07-12T22:58:27.143257Z[0m [32m INFO[0m [1mturn[0m[1m{[0m[3msession[0m[2m=[0mde09a959-b8b8-4cb7-84a0-35b00ffdce7e[1m}[0m[2m:[0m [2mbraze_engine::hooks[0m[2m:[0m prompt budget breakdown (PromptBudgetAuditHook) [3msystem_tokens_est[0m[2m=[0m228 [3mtools_tokens_est[0m[2m=[0m850 [3mhistory_tokens_est[0m[2m=[0m19 [3mtotal_tokens_est[0m[2m=[0m1098 [3mmessage_count[0m[2m=[0m1
[2m2026-07-12T22:58:30.599505Z[0m [32m INFO[0m [1mturn[0m[1m{[0m[3msession[0m[2m=[0mde09a959-b8b8-4cb7-84a0-35b00ffdce7e[1m}[0m[2m:[0m [2mbraze_engine::engine[0m[2m:[0m parsed a prompt-tools envelope final answer
-> ollama:gemma4:e2b+ablate:constrained-tools :: no_tool_qa (rep 2/5)
[2m2026-07-12T22:58:30.617794Z[0m [32m INFO[0m [1mturn[0m[1m{[0m[3msession[0m[2m=[0md137574d-d41a-43cb-b8b6-e5a561c4ee78[1m}[0m[2m:[0m [2mbraze_engine::hooks[0m[2m:[0m prompt budget breakdown (PromptBudgetAuditHook) [3msystem_tokens_est[0m[2m=[0m228 [3mtools_tokens_est[0m[2m=[0m850 [3mhistory_tokens_est[0m[2m=[0m19 [3mtotal_tokens_est[0m[2m=[0m1098 [3mmessage_count[0m[2m=[0m1
[2m2026-07-12T22:58:32.797370Z[0m [32m INFO[0m [1mturn[0m[1m{[0m[3msession[0m[2m=[0md137574d-d41a-43cb-b8b6-e5a561c4ee78[1m}[0m[2m:[0m [2mbraze_engine::engine[0m[2m:[0m parsed a prompt-tools envelope final answer
-> ollama:gemma4:e2b+ablate:constrained-tools :: no_tool_qa (rep 3/5)
[2m2026-07-12T22:58:32.803952Z[0m [32m INFO[0m [1mturn[0m[1m{[0m[3msession[0m[2m=[0m7330a483-9806-49fc-8d68-46d9b15b0416[1m}[0m[2m:[0m [2mbraze_engine::hooks[0m[2m:[0m prompt budget breakdown (PromptBudgetAuditHook) [3msystem_tokens_est[0m[2m=[0m228 [3mtools_tokens_est[0m[2m=[0m850 [3mhistory_tokens_est[0m[2m=[0m19 [3mtotal_tokens_est[0m[2m=[0m1098 [3mmessage_count[0m[2m=[0m1
[2m2026-07-12T22:58:35.142934Z[0m [32m INFO[0m [1mturn[0m[1m{[0m[3msession[0m[2m=[0m7330a483-9806-49fc-8d68-46d9b15b0416[1m}[0m[2m:[0m [2mbraze_engine::engine[0m[2m:[0m parsed a prompt-tools envelope final answer
-> ollama:gemma4:e2b+ablate:constrained-tools :: no_tool_qa (rep 4/5)
[2m2026-07-12T22:58:35.154572Z[0m [32m INFO[0m [1mturn[0m[1m{[0m[3msession[0m[2m=[0m71f76cd8-c006-4a40-aea1-b788484fe1c9[1m}[0m[2m:[0m [2mbraze_engine::hooks[0m[2m:[0m prompt budget breakdown (PromptBudgetAuditHook) [3msystem_tokens_est[0m[2m=[0m228 [3mtools_tokens_est[0m[2m=[0m850 [3mhistory_tokens_est[0m[2m=[0m19 [3mtotal_tokens_est[0m[2m=[0m1098 [3mmessage_count[0m[2m=[0m1
[2m2026-07-12T22:58:37.336174Z[0m [32m INFO[0m [1mturn[0m[1m{[0m[3msession[0m[2m=[0m71f76cd8-c006-4a40-aea1-b788484fe1c9[1m}[0m[2m:[0m [2mbraze_engine::engine[0m[2m:[0m parsed a prompt-tools envelope final answer
-> ollama:gemma4:e2b+ablate:constrained-tools :: no_tool_qa (rep 5/5)
[2m2026-07-12T22:58:37.347908Z[0m [32m INFO[0m [1mturn[0m[1m{[0m[3msession[0m[2m=[0m9f53582e-70b5-45b8-8227-56c756fe649c[1m}[0m[2m:[0m [2mbraze_engine::hooks[0m[2m:[0m prompt budget breakdown (PromptBudgetAuditHook) [3msystem_tokens_est[0m[2m=[0m228 [3mtools_tokens_est[0m[2m=[0m850 [3mhistory_tokens_est[0m[2m=[0m19 [3mtotal_tokens_est[0m[2m=[0m1098 [3mmessage_count[0m[2m=[0m1
[2m2026-07-12T22:58:39.728512Z[0m [32m INFO[0m [1mturn[0m[1m{[0m[3msession[0m[2m=[0m9f53582e-70b5-45b8-8227-56c756fe649c[1m}[0m[2m:[0m [2mbraze_engine::engine[0m[2m:[0m parsed a prompt-tools envelope final answer
-> ollama:gemma4:e2b+ablate:constrained-tools :: multi_step_read_count_write (rep 1/5)
[2m2026-07-12T22:58:39.739031Z[0m [32m INFO[0m [1mturn[0m[1m{[0m[3msession[0m[2m=[0m85b919ab-a367-4005-904e-47753647cdb0[1m}[0m[2m:[0m [2mbraze_engine::hooks[0m[2m:[0m prompt budget breakdown (PromptBudgetAuditHook) [3msystem_tokens_est[0m[2m=[0m232 [3mtools_tokens_est[0m[2m=[0m850 [3mhistory_tokens_est[0m[2m=[0m45 [3mtotal_tokens_est[0m[2m=[0m1128 [3mmessage_count[0m[2m=[0m1
[2m2026-07-12T22:58:44.369742Z[0m [32m INFO[0m [1mturn[0m[1m{[0m[3msession[0m[2m=[0m85b919ab-a367-4005-904e-47753647cdb0[1m}[0m[2m:[0m [2mbraze_engine::engine[0m[2m:[0m parsed a prompt-tools envelope tool call [3mtool[0m[2m=[0mshell_exec
[2m2026-07-12T22:58:44.382360Z[0m [32m INFO[0m [1mturn[0m[1m{[0m[3msession[0m[2m=[0m85b919ab-a367-4005-904e-47753647cdb0[1m}[0m[2m:[0m [2mbraze_engine::hooks[0m[2m:[0m prompt budget breakdown (PromptBudgetAuditHook) [3msystem_tokens_est[0m[2m=[0m232 [3mtools_tokens_est[0m[2m=[0m850 [3mhistory_tokens_est[0m[2m=[0m70 [3mtotal_tokens_est[0m[2m=[0m1153 [3mmessage_count[0m[2m=[0m3
[2m2026-07-12T22:58:45.313167Z[0m [32m INFO[0m [1mturn[0m[1m{[0m[3msession[0m[2m=[0m85b919ab-a367-4005-904e-47753647cdb0[1m}[0m[2m:[0m [2mbraze_engine::hooks[0m[2m:[0m prompt budget breakdown (PromptBudgetAuditHook) [3msystem_tokens_est[0m[2m=[0m232 [3mtools_tokens_est[0m[2m=[0m850 [3mhistory_tokens_est[0m[2m=[0m104 [3mtotal_tokens_est[0m[2m=[0m1187 [3mmessage_count[0m[2m=[0m5
[2m2026-07-12T22:58:46.537314Z[0m [32m INFO[0m [1mturn[0m[1m{[0m[3msession[0m[2m=[0m85b919ab-a367-4005-904e-47753647cdb0[1m}[0m[2m:[0m [2mbraze_engine::engine[0m[2m:[0m parsed a prompt-tools envelope final answer
-> ollama:gemma4:e2b+ablate:constrained-tools :: multi_step_read_count_write (rep 2/5)
[2m2026-07-12T22:58:46.547949Z[0m [32m INFO[0m [1mturn[0m[1m{[0m[3msession[0m[2m=[0m694c48fc-34e9-477f-b35d-217e71ba75fb[1m}[0m[2m:[0m [2mbraze_engine::hooks[0m[2m:[0m prompt budget breakdown (PromptBudgetAuditHook) [3msystem_tokens_est[0m[2m=[0m232 [3mtools_tokens_est[0m[2m=[0m850 [3mhistory_tokens_est[0m[2m=[0m45 [3mtotal_tokens_est[0m[2m=[0m1128 [3mmessage_count[0m[2m=[0m1
[2m2026-07-12T22:58:50.663230Z[0m [32m INFO[0m [1mturn[0m[1m{[0m[3msession[0m[2m=[0m694c48fc-34e9-477f-b35d-217e71ba75fb[1m}[0m[2m:[0m [2mbraze_engine::engine[0m[2m:[0m parsed a prompt-tools envelope tool call [3mtool[0m[2m=[0mread_file
[2m2026-07-12T22:58:50.669290Z[0m [32m INFO[0m [1mturn[0m[1m{[0m[3msession[0m[2m=[0m694c48fc-34e9-477f-b35d-217e71ba75fb[1m}[0m[2m:[0m [2mbraze_engine::hooks[0m[2m:[0m prompt budget breakdown (PromptBudgetAuditHook) [3msystem_tokens_est[0m[2m=[0m232 [3mtools_tokens_est[0m[2m=[0m850 [3mhistory_tokens_est[0m[2m=[0m59 [3mtotal_tokens_est[0m[2m=[0m1142 [3mmessage_count[0m[2m=[0m3
[2m2026-07-12T22:58:51.575053Z[0m [32m INFO[0m [1mturn[0m[1m{[0m[3msession[0m[2m=[0m694c48fc-34e9-477f-b35d-217e71ba75fb[1m}[0m[2m:[0m [2mbraze_engine::hooks[0m[2m:[0m prompt budget breakdown (PromptBudgetAuditHook) [3msystem_tokens_est[0m[2m=[0m232 [3mtools_tokens_est[0m[2m=[0m850 [3mhistory_tokens_est[0m[2m=[0m93 [3mtotal_tokens_est[0m[2m=[0m1176 [3mmessage_count[0m[2m=[0m5
[2m2026-07-12T22:58:52.847336Z[0m [32m INFO[0m [1mturn[0m[1m{[0m[3msession[0m[2m=[0m694c48fc-34e9-477f-b35d-217e71ba75fb[1m}[0m[2m:[0m [2mbraze_engine::engine[0m[2m:[0m parsed a prompt-tools envelope final answer
-> ollama:gemma4:e2b+ablate:constrained-tools :: multi_step_read_count_write (rep 3/5)
[2m2026-07-12T22:58:52.870713Z[0m [32m INFO[0m [1mturn[0m[1m{[0m[3msession[0m[2m=[0m6d264401-d3a6-4838-aeed-57b2892b0756[1m}[0m[2m:[0m [2mbraze_engine::hooks[0m[2m:[0m prompt budget breakdown (PromptBudgetAuditHook) [3msystem_tokens_est[0m[2m=[0m232 [3mtools_tokens_est[0m[2m=[0m850 [3mhistory_tokens_est[0m[2m=[0m45 [3mtotal_tokens_est[0m[2m=[0m1128 [3mmessage_count[0m[2m=[0m1
[2m2026-07-12T22:58:58.329826Z[0m [32m INFO[0m [1mturn[0m[1m{[0m[3msession[0m[2m=[0m6d264401-d3a6-4838-aeed-57b2892b0756[1m}[0m[2m:[0m [2mbraze_engine::engine[0m[2m:[0m parsed a prompt-tools envelope tool call [3mtool[0m[2m=[0mread_file
[2m2026-07-12T22:58:58.335677Z[0m [32m INFO[0m [1mturn[0m[1m{[0m[3msession[0m[2m=[0m6d264401-d3a6-4838-aeed-57b2892b0756[1m}[0m[2m:[0m [2mbraze_engine::hooks[0m[2m:[0m prompt budget breakdown (PromptBudgetAuditHook) [3msystem_tokens_est[0m[2m=[0m232 [3mtools_tokens_est[0m[2m=[0m850 [3mhistory_tokens_est[0m[2m=[0m74 [3mtotal_tokens_est[0m[2m=[0m1157 [3mmessage_count[0m[2m=[0m3
[2m2026-07-12T22:59:07.282714Z[0m [33m WARN[0m [1mturn[0m[1m{[0m[3msession[0m[2m=[0m6d264401-d3a6-4838-aeed-57b2892b0756[1m}[0m[2m:[0m [2mbraze_engine::engine[0m[2m:[0m tool call arguments failed schema validation before dispatch [3mtool[0m[2m=[0mshell_exec [3mattempt[0m[2m=[0m1 [3merror[0m[2m=[0m"wc -l resumen.txt" is not of type "array"
[2m2026-07-12T22:59:07.283926Z[0m [32m INFO[0m [1mturn[0m[1m{[0m[3msession[0m[2m=[0m6d264401-d3a6-4838-aeed-57b2892b0756[1m}[0m[2m:[0m [2mbraze_engine::hooks[0m[2m:[0m prompt budget breakdown (PromptBudgetAuditHook) [3msystem_tokens_est[0m[2m=[0m232 [3mtools_tokens_est[0m[2m=[0m850 [3mhistory_tokens_est[0m[2m=[0m194 [3mtotal_tokens_est[0m[2m=[0m1277 [3mmessage_count[0m[2m=[0m5
[2m2026-07-12T22:59:08.409058Z[0m [33m WARN[0m [1mturn[0m[1m{[0m[3msession[0m[2m=[0m6d264401-d3a6-4838-aeed-57b2892b0756[1m}[0m[2m:[0m [2mbraze_engine::engine[0m[2m:[0m model repeated an identical tool call this turn; nudging instead of re-dispatching [3mtool[0m[2m=[0mread_file
[2m2026-07-12T22:59:08.412201Z[0m [32m INFO[0m [1mturn[0m[1m{[0m[3msession[0m[2m=[0m6d264401-d3a6-4838-aeed-57b2892b0756[1m}[0m[2m:[0m [2mbraze_engine::hooks[0m[2m:[0m prompt budget breakdown (PromptBudgetAuditHook) [3msystem_tokens_est[0m[2m=[0m232 [3mtools_tokens_est[0m[2m=[0m850 [3mhistory_tokens_est[0m[2m=[0m268 [3mtotal_tokens_est[0m[2m=[0m1351 [3mmessage_count[0m[2m=[0m7
[2m2026-07-12T22:59:09.242999Z[0m [33m WARN[0m [1mturn[0m[1m{[0m[3msession[0m[2m=[0m6d264401-d3a6-4838-aeed-57b2892b0756[1m}[0m[2m:[0m [2mbraze_engine::engine[0m[2m:[0m model repeated an identical tool call this turn; nudging instead of re-dispatching [3mtool[0m[2m=[0mshell_exec
[2m2026-07-12T22:59:09.244422Z[0m [32m INFO[0m [1mturn[0m[1m{[0m[3msession[0m[2m=[0m6d264401-d3a6-4838-aeed-57b2892b0756[1m}[0m[2m:[0m [2mbraze_engine::hooks[0m[2m:[0m prompt budget breakdown (PromptBudgetAuditHook) [3msystem_tokens_est[0m[2m=[0m232 [3mtools_tokens_est[0m[2m=[0m850 [3mhistory_tokens_est[0m[2m=[0m337 [3mtotal_tokens_est[0m[2m=[0m1421 [3mmessage_count[0m[2m=[0m9
[2m2026-07-12T22:59:13.625124Z[0m [33m WARN[0m [1mturn[0m[1m{[0m[3msession[0m[2m=[0m6d264401-d3a6-4838-aeed-57b2892b0756[1m}[0m[2m:[0m [2mbraze_engine::engine[0m[2m:[0m model repeated an identical tool call this turn; nudging instead of re-dispatching [3mtool[0m[2m=[0mshell_exec
[2m2026-07-12T22:59:13.626560Z[0m [32m INFO[0m [1mturn[0m[1m{[0m[3msession[0m[2m=[0m6d264401-d3a6-4838-aeed-57b2892b0756[1m}[0m[2m:[0m [2mbraze_engine::hooks[0m[2m:[0m prompt budget breakdown (PromptBudgetAuditHook) [3msystem_tokens_est[0m[2m=[0m232 [3mtools_tokens_est[0m[2m=[0m850 [3mhistory_tokens_est[0m[2m=[0m407 [3mtotal_tokens_est[0m[2m=[0m1490 [3mmessage_count[0m[2m=[0m11
[2m2026-07-12T22:59:17.970967Z[0m [33m WARN[0m [1mturn[0m[1m{[0m[3msession[0m[2m=[0m6d264401-d3a6-4838-aeed-57b2892b0756[1m}[0m[2m:[0m [2mbraze_engine::engine[0m[2m:[0m model repeated an identical tool call this turn; nudging instead of re-dispatching [3mtool[0m[2m=[0mshell_exec
[2m2026-07-12T22:59:17.972468Z[0m [32m INFO[0m [1mturn[0m[1m{[0m[3msession[0m[2m=[0m6d264401-d3a6-4838-aeed-57b2892b0756[1m}[0m[2m:[0m [2mbraze_engine::hooks[0m[2m:[0m prompt budget breakdown (PromptBudgetAuditHook) [3msystem_tokens_est[0m[2m=[0m232 [3mtools_tokens_est[0m[2m=[0m850 [3mhistory_tokens_est[0m[2m=[0m476 [3mtotal_tokens_est[0m[2m=[0m1559 [3mmessage_count[0m[2m=[0m13
[2m2026-07-12T22:59:22.919167Z[0m [32m INFO[0m [1mturn[0m[1m{[0m[3msession[0m[2m=[0m6d264401-d3a6-4838-aeed-57b2892b0756[1m}[0m[2m:[0m [2mbraze_engine::engine[0m[2m:[0m parsed a prompt-tools envelope final answer
-> ollama:gemma4:e2b+ablate:constrained-tools :: multi_step_read_count_write (rep 4/5)
[2m2026-07-12T22:59:22.927591Z[0m [32m INFO[0m [1mturn[0m[1m{[0m[3msession[0m[2m=[0m603ec5dd-7e24-44dd-b669-29865123fb25[1m}[0m[2m:[0m [2mbraze_engine::hooks[0m[2m:[0m prompt budget breakdown (PromptBudgetAuditHook) [3msystem_tokens_est[0m[2m=[0m232 [3mtools_tokens_est[0m[2m=[0m850 [3mhistory_tokens_est[0m[2m=[0m45 [3mtotal_tokens_est[0m[2m=[0m1128 [3mmessage_count[0m[2m=[0m1
[2m2026-07-12T22:59:27.814353Z[0m [32m INFO[0m [1mturn[0m[1m{[0m[3msession[0m[2m=[0m603ec5dd-7e24-44dd-b669-29865123fb25[1m}[0m[2m:[0m [2mbraze_engine::engine[0m[2m:[0m parsed a prompt-tools envelope tool call [3mtool[0m[2m=[0mread_file
[2m2026-07-12T22:59:27.832282Z[0m [32m INFO[0m [1mturn[0m[1m{[0m[3msession[0m[2m=[0m603ec5dd-7e24-44dd-b669-29865123fb25[1m}[0m[2m:[0m [2mbraze_engine::hooks[0m[2m:[0m prompt budget breakdown (PromptBudgetAuditHook) [3msystem_tokens_est[0m[2m=[0m232 [3mtools_tokens_est[0m[2m=[0m850 [3mhistory_tokens_est[0m[2m=[0m74 [3mtotal_tokens_est[0m[2m=[0m1157 [3mmessage_count[0m[2m=[0m3
[2m2026-07-12T22:59:30.933376Z[0m [32m INFO[0m [1mturn[0m[1m{[0m[3msession[0m[2m=[0m603ec5dd-7e24-44dd-b669-29865123fb25[1m}[0m[2m:[0m [2mbraze_engine::engine[0m[2m:[0m parsed a prompt-tools envelope final answer
-> ollama:gemma4:e2b+ablate:constrained-tools :: multi_step_read_count_write (rep 5/5)
[2m2026-07-12T22:59:30.956535Z[0m [32m INFO[0m [1mturn[0m[1m{[0m[3msession[0m[2m=[0m92044234-9f9f-4ebb-9d3d-ff57a2afcf54[1m}[0m[2m:[0m [2mbraze_engine::hooks[0m[2m:[0m prompt budget breakdown (PromptBudgetAuditHook) [3msystem_tokens_est[0m[2m=[0m232 [3mtools_tokens_est[0m[2m=[0m850 [3mhistory_tokens_est[0m[2m=[0m45 [3mtotal_tokens_est[0m[2m=[0m1128 [3mmessage_count[0m[2m=[0m1
[2m2026-07-12T22:59:36.520861Z[0m [32m INFO[0m [1mturn[0m[1m{[0m[3msession[0m[2m=[0m92044234-9f9f-4ebb-9d3d-ff57a2afcf54[1m}[0m[2m:[0m [2mbraze_engine::engine[0m[2m:[0m parsed a prompt-tools envelope tool call [3mtool[0m[2m=[0mread_file
[2m2026-07-12T22:59:36.528717Z[0m [32m INFO[0m [1mturn[0m[1m{[0m[3msession[0m[2m=[0m92044234-9f9f-4ebb-9d3d-ff57a2afcf54[1m}[0m[2m:[0m [2mbraze_engine::hooks[0m[2m:[0m prompt budget breakdown (PromptBudgetAuditHook) [3msystem_tokens_est[0m[2m=[0m232 [3mtools_tokens_est[0m[2m=[0m850 [3mhistory_tokens_est[0m[2m=[0m73 [3mtotal_tokens_est[0m[2m=[0m1156 [3mmessage_count[0m[2m=[0m3
[2m2026-07-12T22:59:42.477421Z[0m [32m INFO[0m [1mturn[0m[1m{[0m[3msession[0m[2m=[0m92044234-9f9f-4ebb-9d3d-ff57a2afcf54[1m}[0m[2m:[0m [2mbraze_engine::hooks[0m[2m:[0m prompt budget breakdown (PromptBudgetAuditHook) [3msystem_tokens_est[0m[2m=[0m232 [3mtools_tokens_est[0m[2m=[0m850 [3mhistory_tokens_est[0m[2m=[0m98 [3mtotal_tokens_est[0m[2m=[0m1181 [3mmessage_count[0m[2m=[0m5
[2m2026-07-12T22:59:43.514469Z[0m [32m INFO[0m [1mturn[0m[1m{[0m[3msession[0m[2m=[0m92044234-9f9f-4ebb-9d3d-ff57a2afcf54[1m}[0m[2m:[0m [2mbraze_engine::hooks[0m[2m:[0m prompt budget breakdown (PromptBudgetAuditHook) [3msystem_tokens_est[0m[2m=[0m232 [3mtools_tokens_est[0m[2m=[0m850 [3mhistory_tokens_est[0m[2m=[0m143 [3mtotal_tokens_est[0m[2m=[0m1226 [3mmessage_count[0m[2m=[0m7
[2m2026-07-12T22:59:44.335227Z[0m [33m WARN[0m [1mturn[0m[1m{[0m[3msession[0m[2m=[0m92044234-9f9f-4ebb-9d3d-ff57a2afcf54[1m}[0m[2m:[0m [2mbraze_engine::engine[0m[2m:[0m tool call arguments failed schema validation before dispatch [3mtool[0m[2m=[0mshell_exec [3mattempt[0m[2m=[0m1 [3merror[0m[2m=[0m"wc -l resumen.txt" is not of type "array"
[2m2026-07-12T22:59:44.336847Z[0m [32m INFO[0m [1mturn[0m[1m{[0m[3msession[0m[2m=[0m92044234-9f9f-4ebb-9d3d-ff57a2afcf54[1m}[0m[2m:[0m [2mbraze_engine::hooks[0m[2m:[0m prompt budget breakdown (PromptBudgetAuditHook) [3msystem_tokens_est[0m[2m=[0m232 [3mtools_tokens_est[0m[2m=[0m850 [3mhistory_tokens_est[0m[2m=[0m263 [3mtotal_tokens_est[0m[2m=[0m1346 [3mmessage_count[0m[2m=[0m9
[2m2026-07-12T22:59:50.570459Z[0m [33m WARN[0m [1mturn[0m[1m{[0m[3msession[0m[2m=[0m92044234-9f9f-4ebb-9d3d-ff57a2afcf54[1m}[0m[2m:[0m [2mbraze_engine::engine[0m[2m:[0m model repeated an identical tool call this turn; nudging instead of re-dispatching [3mtool[0m[2m=[0mread_file
[2m2026-07-12T22:59:50.572872Z[0m [32m INFO[0m [1mturn[0m[1m{[0m[3msession[0m[2m=[0m92044234-9f9f-4ebb-9d3d-ff57a2afcf54[1m}[0m[2m:[0m [2mbraze_engine::hooks[0m[2m:[0m prompt budget breakdown (PromptBudgetAuditHook) [3msystem_tokens_est[0m[2m=[0m232 [3mtools_tokens_est[0m[2m=[0m850 [3mhistory_tokens_est[0m[2m=[0m336 [3mtotal_tokens_est[0m[2m=[0m1420 [3mmessage_count[0m[2m=[0m11
[2m2026-07-12T23:00:01.453405Z[0m [32m INFO[0m [1mturn[0m[1m{[0m[3msession[0m[2m=[0m92044234-9f9f-4ebb-9d3d-ff57a2afcf54[1m}[0m[2m:[0m [2mbraze_engine::hooks[0m[2m:[0m prompt budget breakdown (PromptBudgetAuditHook) [3msystem_tokens_est[0m[2m=[0m232 [3mtools_tokens_est[0m[2m=[0m850 [3mhistory_tokens_est[0m[2m=[0m370 [3mtotal_tokens_est[0m[2m=[0m1454 [3mmessage_count[0m[2m=[0m13
[2m2026-07-12T23:00:03.746702Z[0m [33m WARN[0m [1mturn[0m[1m{[0m[3msession[0m[2m=[0m92044234-9f9f-4ebb-9d3d-ff57a2afcf54[1m}[0m[2m:[0m [2mbraze_engine::engine[0m[2m:[0m no provider advertises this tool; not dispatching [3mtool[0m[2m=[0mfinal_answer
[2m2026-07-12T23:00:03.749100Z[0m [32m INFO[0m [1mturn[0m[1m{[0m[3msession[0m[2m=[0m92044234-9f9f-4ebb-9d3d-ff57a2afcf54[1m}[0m[2m:[0m [2mbraze_engine::hooks[0m[2m:[0m prompt budget breakdown (PromptBudgetAuditHook) [3msystem_tokens_est[0m[2m=[0m232 [3mtools_tokens_est[0m[2m=[0m850 [3mhistory_tokens_est[0m[2m=[0m541 [3mtotal_tokens_est[0m[2m=[0m1625 [3mmessage_count[0m[2m=[0m16
-> ollama:gemma4:e2b+ablate:constrained-tools :: error_recovery_wrong_filename (rep 1/5)
[2m2026-07-12T23:00:05.091413Z[0m [32m INFO[0m [1mturn[0m[1m{[0m[3msession[0m[2m=[0m0b1abb33-7c35-45b7-918f-49414088f62b[1m}[0m[2m:[0m [2mbraze_engine::hooks[0m[2m:[0m prompt budget breakdown (PromptBudgetAuditHook) [3msystem_tokens_est[0m[2m=[0m233 [3mtools_tokens_est[0m[2m=[0m850 [3mhistory_tokens_est[0m[2m=[0m34 [3mtotal_tokens_est[0m[2m=[0m1118 [3mmessage_count[0m[2m=[0m1
[2m2026-07-12T23:00:08.895285Z[0m [32m INFO[0m [1mturn[0m[1m{[0m[3msession[0m[2m=[0m0b1abb33-7c35-45b7-918f-49414088f62b[1m}[0m[2m:[0m [2mbraze_engine::engine[0m[2m:[0m parsed a prompt-tools envelope tool call [3mtool[0m[2m=[0mread_file
[2m2026-07-12T23:00:08.918749Z[0m [32m INFO[0m [1mturn[0m[1m{[0m[3msession[0m[2m=[0m0b1abb33-7c35-45b7-918f-49414088f62b[1m}[0m[2m:[0m [2mbraze_engine::hooks[0m[2m:[0m prompt budget breakdown (PromptBudgetAuditHook) [3msystem_tokens_est[0m[2m=[0m233 [3mtools_tokens_est[0m[2m=[0m850 [3mhistory_tokens_est[0m[2m=[0m79 [3mtotal_tokens_est[0m[2m=[0m1162 [3mmessage_count[0m[2m=[0m3
[2m2026-07-12T23:00:11.856930Z[0m [32m INFO[0m [1mturn[0m[1m{[0m[3msession[0m[2m=[0m0b1abb33-7c35-45b7-918f-49414088f62b[1m}[0m[2m:[0m [2mbraze_engine::engine[0m[2m:[0m parsed a prompt-tools envelope final answer
-> ollama:gemma4:e2b+ablate:constrained-tools :: error_recovery_wrong_filename (rep 2/5)
[2m2026-07-12T23:00:11.867395Z[0m [32m INFO[0m [1mturn[0m[1m{[0m[3msession[0m[2m=[0m6b661fb7-555e-4fe1-b733-a5e3a33280f1[1m}[0m[2m:[0m [2mbraze_engine::hooks[0m[2m:[0m prompt budget breakdown (PromptBudgetAuditHook) [3msystem_tokens_est[0m[2m=[0m233 [3mtools_tokens_est[0m[2m=[0m850 [3mhistory_tokens_est[0m[2m=[0m34 [3mtotal_tokens_est[0m[2m=[0m1118 [3mmessage_count[0m[2m=[0m1
[2m2026-07-12T23:00:16.367786Z[0m [32m INFO[0m [1mturn[0m[1m{[0m[3msession[0m[2m=[0m6b661fb7-555e-4fe1-b733-a5e3a33280f1[1m}[0m[2m:[0m [2mbraze_engine::engine[0m[2m:[0m parsed a prompt-tools envelope tool call [3mtool[0m[2m=[0mread_file
[2m2026-07-12T23:00:16.374970Z[0m [32m INFO[0m [1mturn[0m[1m{[0m[3msession[0m[2m=[0m6b661fb7-555e-4fe1-b733-a5e3a33280f1[1m}[0m[2m:[0m [2mbraze_engine::hooks[0m[2m:[0m prompt budget breakdown (PromptBudgetAuditHook) [3msystem_tokens_est[0m[2m=[0m233 [3mtools_tokens_est[0m[2m=[0m850 [3mhistory_tokens_est[0m[2m=[0m79 [3mtotal_tokens_est[0m[2m=[0m1162 [3mmessage_count[0m[2m=[0m3
-> ollama:gemma4:e2b+ablate:constrained-tools :: error_recovery_wrong_filename (rep 3/5)
[2m2026-07-12T23:00:17.369681Z[0m [32m INFO[0m [1mturn[0m[1m{[0m[3msession[0m[2m=[0mba258fe9-ffe3-4224-81ff-451849e78d7f[1m}[0m[2m:[0m [2mbraze_engine::hooks[0m[2m:[0m prompt budget breakdown (PromptBudgetAuditHook) [3msystem_tokens_est[0m[2m=[0m233 [3mtools_tokens_est[0m[2m=[0m850 [3mhistory_tokens_est[0m[2m=[0m34 [3mtotal_tokens_est[0m[2m=[0m1118 [3mmessage_count[0m[2m=[0m1
[2m2026-07-12T23:00:21.162220Z[0m [32m INFO[0m [1mturn[0m[1m{[0m[3msession[0m[2m=[0mba258fe9-ffe3-4224-81ff-451849e78d7f[1m}[0m[2m:[0m [2mbraze_engine::engine[0m[2m:[0m parsed a prompt-tools envelope tool call [3mtool[0m[2m=[0mread_file
[2m2026-07-12T23:00:21.171022Z[0m [32m INFO[0m [1mturn[0m[1m{[0m[3msession[0m[2m=[0mba258fe9-ffe3-4224-81ff-451849e78d7f[1m}[0m[2m:[0m [2mbraze_engine::hooks[0m[2m:[0m prompt budget breakdown (PromptBudgetAuditHook) [3msystem_tokens_est[0m[2m=[0m233 [3mtools_tokens_est[0m[2m=[0m850 [3mhistory_tokens_est[0m[2m=[0m79 [3mtotal_tokens_est[0m[2m=[0m1162 [3mmessage_count[0m[2m=[0m3
[2m2026-07-12T23:00:24.030236Z[0m [32m INFO[0m [1mturn[0m[1m{[0m[3msession[0m[2m=[0mba258fe9-ffe3-4224-81ff-451849e78d7f[1m}[0m[2m:[0m [2mbraze_engine::engine[0m[2m:[0m parsed a prompt-tools envelope final answer
-> ollama:gemma4:e2b+ablate:constrained-tools :: error_recovery_wrong_filename (rep 4/5)
[2m2026-07-12T23:00:24.035424Z[0m [32m INFO[0m [1mturn[0m[1m{[0m[3msession[0m[2m=[0m690264df-ff21-470e-bb21-6f2d0b830e59[1m}[0m[2m:[0m [2mbraze_engine::hooks[0m[2m:[0m prompt budget breakdown (PromptBudgetAuditHook) [3msystem_tokens_est[0m[2m=[0m233 [3mtools_tokens_est[0m[2m=[0m850 [3mhistory_tokens_est[0m[2m=[0m34 [3mtotal_tokens_est[0m[2m=[0m1118 [3mmessage_count[0m[2m=[0m1
[2m2026-07-12T23:00:29.359246Z[0m [32m INFO[0m [1mturn[0m[1m{[0m[3msession[0m[2m=[0m690264df-ff21-470e-bb21-6f2d0b830e59[1m}[0m[2m:[0m [2mbraze_engine::engine[0m[2m:[0m parsed a prompt-tools envelope tool call [3mtool[0m[2m=[0mread_file
[2m2026-07-12T23:00:29.373975Z[0m [32m INFO[0m [1mturn[0m[1m{[0m[3msession[0m[2m=[0m690264df-ff21-470e-bb21-6f2d0b830e59[1m}[0m[2m:[0m [2mbraze_engine::hooks[0m[2m:[0m prompt budget breakdown (PromptBudgetAuditHook) [3msystem_tokens_est[0m[2m=[0m233 [3mtools_tokens_est[0m[2m=[0m850 [3mhistory_tokens_est[0m[2m=[0m79 [3mtotal_tokens_est[0m[2m=[0m1162 [3mmessage_count[0m[2m=[0m3
-> ollama:gemma4:e2b+ablate:constrained-tools :: error_recovery_wrong_filename (rep 5/5)
[2m2026-07-12T23:00:30.407562Z[0m [32m INFO[0m [1mturn[0m[1m{[0m[3msession[0m[2m=[0m2a8ebd2c-d0d1-495a-808f-037db7580254[1m}[0m[2m:[0m [2mbraze_engine::hooks[0m[2m:[0m prompt budget breakdown (PromptBudgetAuditHook) [3msystem_tokens_est[0m[2m=[0m233 [3mtools_tokens_est[0m[2m=[0m850 [3mhistory_tokens_est[0m[2m=[0m34 [3mtotal_tokens_est[0m[2m=[0m1118 [3mmessage_count[0m[2m=[0m1
[2m2026-07-12T23:00:34.284938Z[0m [32m INFO[0m [1mturn[0m[1m{[0m[3msession[0m[2m=[0m2a8ebd2c-d0d1-495a-808f-037db7580254[1m}[0m[2m:[0m [2mbraze_engine::engine[0m[2m:[0m parsed a prompt-tools envelope tool call [3mtool[0m[2m=[0mread_file
[2m2026-07-12T23:00:34.290950Z[0m [32m INFO[0m [1mturn[0m[1m{[0m[3msession[0m[2m=[0m2a8ebd2c-d0d1-495a-808f-037db7580254[1m}[0m[2m:[0m [2mbraze_engine::hooks[0m[2m:[0m prompt budget breakdown (PromptBudgetAuditHook) [3msystem_tokens_est[0m[2m=[0m233 [3mtools_tokens_est[0m[2m=[0m850 [3mhistory_tokens_est[0m[2m=[0m79 [3mtotal_tokens_est[0m[2m=[0m1162 [3mmessage_count[0m[2m=[0m3
[2m2026-07-12T23:00:37.134348Z[0m [32m INFO[0m [1mturn[0m[1m{[0m[3msession[0m[2m=[0m2a8ebd2c-d0d1-495a-808f-037db7580254[1m}[0m[2m:[0m [2mbraze_engine::engine[0m[2m:[0m parsed a prompt-tools envelope final answer
-> ollama:gemma4:e2b+ablate:constrained-tools :: distractor_selection_among_files (rep 1/5)
[2m2026-07-12T23:00:37.148797Z[0m [32m INFO[0m [1mturn[0m[1m{[0m[3msession[0m[2m=[0m6a1d60a0-0811-49dd-b3f2-f152cf8b0990[1m}[0m[2m:[0m [2mbraze_engine::hooks[0m[2m:[0m prompt budget breakdown (PromptBudgetAuditHook) [3msystem_tokens_est[0m[2m=[0m233 [3mtools_tokens_est[0m[2m=[0m850 [3mhistory_tokens_est[0m[2m=[0m34 [3mtotal_tokens_est[0m[2m=[0m1118 [3mmessage_count[0m[2m=[0m1
[2m2026-07-12T23:00:43.092010Z[0m [32m INFO[0m [1mturn[0m[1m{[0m[3msession[0m[2m=[0m6a1d60a0-0811-49dd-b3f2-f152cf8b0990[1m}[0m[2m:[0m [2mbraze_engine::engine[0m[2m:[0m parsed a prompt-tools envelope tool call [3mtool[0m[2m=[0mgrep
[2m2026-07-12T23:00:43.109023Z[0m [32m INFO[0m [1mturn[0m[1m{[0m[3msession[0m[2m=[0m6a1d60a0-0811-49dd-b3f2-f152cf8b0990[1m}[0m[2m:[0m [2mbraze_engine::hooks[0m[2m:[0m prompt budget breakdown (PromptBudgetAuditHook) [3msystem_tokens_est[0m[2m=[0m233 [3mtools_tokens_est[0m[2m=[0m850 [3mhistory_tokens_est[0m[2m=[0m219 [3mtotal_tokens_est[0m[2m=[0m1304 [3mmessage_count[0m[2m=[0m4
[2m2026-07-12T23:00:46.909734Z[0m [32m INFO[0m [1mturn[0m[1m{[0m[3msession[0m[2m=[0m6a1d60a0-0811-49dd-b3f2-f152cf8b0990[1m}[0m[2m:[0m [2mbraze_engine::engine[0m[2m:[0m parsed a prompt-tools envelope final answer
-> ollama:gemma4:e2b+ablate:constrained-tools :: distractor_selection_among_files (rep 2/5)
[2m2026-07-12T23:00:46.923439Z[0m [32m INFO[0m [1mturn[0m[1m{[0m[3msession[0m[2m=[0m72f333ba-c671-4ffa-af69-dcc43f351001[1m}[0m[2m:[0m [2mbraze_engine::hooks[0m[2m:[0m prompt budget breakdown (PromptBudgetAuditHook) [3msystem_tokens_est[0m[2m=[0m233 [3mtools_tokens_est[0m[2m=[0m850 [3mhistory_tokens_est[0m[2m=[0m34 [3mtotal_tokens_est[0m[2m=[0m1118 [3mmessage_count[0m[2m=[0m1
[2m2026-07-12T23:00:51.502030Z[0m [32m INFO[0m [1mturn[0m[1m{[0m[3msession[0m[2m=[0m72f333ba-c671-4ffa-af69-dcc43f351001[1m}[0m[2m:[0m [2mbraze_engine::engine[0m[2m:[0m parsed a prompt-tools envelope tool call [3mtool[0m[2m=[0mgrep
[2m2026-07-12T23:00:51.513695Z[0m [32m INFO[0m [1mturn[0m[1m{[0m[3msession[0m[2m=[0m72f333ba-c671-4ffa-af69-dcc43f351001[1m}[0m[2m:[0m [2mbraze_engine::hooks[0m[2m:[0m prompt budget breakdown (PromptBudgetAuditHook) [3msystem_tokens_est[0m[2m=[0m233 [3mtools_tokens_est[0m[2m=[0m850 [3mhistory_tokens_est[0m[2m=[0m80 [3mtotal_tokens_est[0m[2m=[0m1164 [3mmessage_count[0m[2m=[0m3
[2m2026-07-12T23:00:54.781123Z[0m [32m INFO[0m [1mturn[0m[1m{[0m[3msession[0m[2m=[0m72f333ba-c671-4ffa-af69-dcc43f351001[1m}[0m[2m:[0m [2mbraze_engine::engine[0m[2m:[0m parsed a prompt-tools envelope final answer
-> ollama:gemma4:e2b+ablate:constrained-tools :: distractor_selection_among_files (rep 3/5)
[2m2026-07-12T23:00:54.791106Z[0m [32m INFO[0m [1mturn[0m[1m{[0m[3msession[0m[2m=[0m0cf7fe1b-0d42-458a-9544-a4af3fcf3df2[1m}[0m[2m:[0m [2mbraze_engine::hooks[0m[2m:[0m prompt budget breakdown (PromptBudgetAuditHook) [3msystem_tokens_est[0m[2m=[0m233 [3mtools_tokens_est[0m[2m=[0m850 [3mhistory_tokens_est[0m[2m=[0m34 [3mtotal_tokens_est[0m[2m=[0m1118 [3mmessage_count[0m[2m=[0m1
[2m2026-07-12T23:00:59.383173Z[0m [32m INFO[0m [1mturn[0m[1m{[0m[3msession[0m[2m=[0m0cf7fe1b-0d42-458a-9544-a4af3fcf3df2[1m}[0m[2m:[0m [2mbraze_engine::engine[0m[2m:[0m parsed a prompt-tools envelope tool call [3mtool[0m[2m=[0mread_file
[2m2026-07-12T23:00:59.389748Z[0m [32m INFO[0m [1mturn[0m[1m{[0m[3msession[0m[2m=[0m0cf7fe1b-0d42-458a-9544-a4af3fcf3df2[1m}[0m[2m:[0m [2mbraze_engine::hooks[0m[2m:[0m prompt budget breakdown (PromptBudgetAuditHook) [3msystem_tokens_est[0m[2m=[0m233 [3mtools_tokens_est[0m[2m=[0m850 [3mhistory_tokens_est[0m[2m=[0m81 [3mtotal_tokens_est[0m[2m=[0m1166 [3mmessage_count[0m[2m=[0m3
-> ollama:gemma4:e2b+ablate:constrained-tools :: distractor_selection_among_files (rep 4/5)
[2m2026-07-12T23:01:00.417942Z[0m [32m INFO[0m [1mturn[0m[1m{[0m[3msession[0m[2m=[0m6ebb1abe-c7d5-45c6-9b57-80e7cf9445d6[1m}[0m[2m:[0m [2mbraze_engine::hooks[0m[2m:[0m prompt budget breakdown (PromptBudgetAuditHook) [3msystem_tokens_est[0m[2m=[0m233 [3mtools_tokens_est[0m[2m=[0m850 [3mhistory_tokens_est[0m[2m=[0m34 [3mtotal_tokens_est[0m[2m=[0m1118 [3mmessage_count[0m[2m=[0m1
[2m2026-07-12T23:01:04.480439Z[0m [32m INFO[0m [1mturn[0m[1m{[0m[3msession[0m[2m=[0m6ebb1abe-c7d5-45c6-9b57-80e7cf9445d6[1m}[0m[2m:[0m [2mbraze_engine::engine[0m[2m:[0m parsed a prompt-tools envelope tool call [3mtool[0m[2m=[0mgrep
[2m2026-07-12T23:01:04.497222Z[0m [32m INFO[0m [1mturn[0m[1m{[0m[3msession[0m[2m=[0m6ebb1abe-c7d5-45c6-9b57-80e7cf9445d6[1m}[0m[2m:[0m [2mbraze_engine::hooks[0m[2m:[0m prompt budget breakdown (PromptBudgetAuditHook) [3msystem_tokens_est[0m[2m=[0m233 [3mtools_tokens_est[0m[2m=[0m850 [3mhistory_tokens_est[0m[2m=[0m79 [3mtotal_tokens_est[0m[2m=[0m1163 [3mmessage_count[0m[2m=[0m3
-> ollama:gemma4:e2b+ablate:constrained-tools :: distractor_selection_among_files (rep 5/5)
[2m2026-07-12T23:01:05.370687Z[0m [32m INFO[0m [1mturn[0m[1m{[0m[3msession[0m[2m=[0m25401ebb-229d-45d6-a0b0-bdc30c9c8431[1m}[0m[2m:[0m [2mbraze_engine::hooks[0m[2m:[0m prompt budget breakdown (PromptBudgetAuditHook) [3msystem_tokens_est[0m[2m=[0m233 [3mtools_tokens_est[0m[2m=[0m850 [3mhistory_tokens_est[0m[2m=[0m34 [3mtotal_tokens_est[0m[2m=[0m1118 [3mmessage_count[0m[2m=[0m1
[2m2026-07-12T23:01:10.249200Z[0m [32m INFO[0m [1mturn[0m[1m{[0m[3msession[0m[2m=[0m25401ebb-229d-45d6-a0b0-bdc30c9c8431[1m}[0m[2m:[0m [2mbraze_engine::engine[0m[2m:[0m parsed a prompt-tools envelope tool call [3mtool[0m[2m=[0mgrep
[2m2026-07-12T23:01:10.270966Z[0m [32m INFO[0m [1mturn[0m[1m{[0m[3msession[0m[2m=[0m25401ebb-229d-45d6-a0b0-bdc30c9c8431[1m}[0m[2m:[0m [2mbraze_engine::hooks[0m[2m:[0m prompt budget breakdown (PromptBudgetAuditHook) [3msystem_tokens_est[0m[2m=[0m233 [3mtools_tokens_est[0m[2m=[0m850 [3mhistory_tokens_est[0m[2m=[0m79 [3mtotal_tokens_est[0m[2m=[0m1163 [3mmessage_count[0m[2m=[0m3
[2m2026-07-12T23:01:13.193526Z[0m [32m INFO[0m [1mturn[0m[1m{[0m[3msession[0m[2m=[0m25401ebb-229d-45d6-a0b0-bdc30c9c8431[1m}[0m[2m:[0m [2mbraze_engine::engine[0m[2m:[0m parsed a prompt-tools envelope final answer
-> ollama:gemma4:e2b+ablate:constrained-tools :: edit_file_function_body (rep 1/5)
[2m2026-07-12T23:01:13.200717Z[0m [32m INFO[0m [1mturn[0m[1m{[0m[3msession[0m[2m=[0m6176cfc1-330f-4d39-a83b-358c11937c34[1m}[0m[2m:[0m [2mbraze_engine::hooks[0m[2m:[0m prompt budget breakdown (PromptBudgetAuditHook) [3msystem_tokens_est[0m[2m=[0m231 [3mtools_tokens_est[0m[2m=[0m850 [3mhistory_tokens_est[0m[2m=[0m28 [3mtotal_tokens_est[0m[2m=[0m1110 [3mmessage_count[0m[2m=[0m1
[2m2026-07-12T23:01:16.852627Z[0m [32m INFO[0m [1mturn[0m[1m{[0m[3msession[0m[2m=[0m6176cfc1-330f-4d39-a83b-358c11937c34[1m}[0m[2m:[0m [2mbraze_engine::engine[0m[2m:[0m parsed a prompt-tools envelope tool call [3mtool[0m[2m=[0mread_file
[2m2026-07-12T23:01:16.869094Z[0m [32m INFO[0m [1mturn[0m[1m{[0m[3msession[0m[2m=[0m6176cfc1-330f-4d39-a83b-358c11937c34[1m}[0m[2m:[0m [2mbraze_engine::hooks[0m[2m:[0m prompt budget breakdown (PromptBudgetAuditHook) [3msystem_tokens_est[0m[2m=[0m231 [3mtools_tokens_est[0m[2m=[0m850 [3mhistory_tokens_est[0m[2m=[0m74 [3mtotal_tokens_est[0m[2m=[0m1156 [3mmessage_count[0m[2m=[0m3
[2m2026-07-12T23:01:19.975456Z[0m [32m INFO[0m [1mturn[0m[1m{[0m[3msession[0m[2m=[0m6176cfc1-330f-4d39-a83b-358c11937c34[1m}[0m[2m:[0m [2mbraze_engine::engine[0m[2m:[0m parsed a prompt-tools envelope final answer
-> ollama:gemma4:e2b+ablate:constrained-tools :: edit_file_function_body (rep 2/5)
[2m2026-07-12T23:01:20.002978Z[0m [32m INFO[0m [1mturn[0m[1m{[0m[3msession[0m[2m=[0mac8dfb25-1cb7-480c-8ab8-29ac90cc2309[1m}[0m[2m:[0m [2mbraze_engine::hooks[0m[2m:[0m prompt budget breakdown (PromptBudgetAuditHook) [3msystem_tokens_est[0m[2m=[0m231 [3mtools_tokens_est[0m[2m=[0m850 [3mhistory_tokens_est[0m[2m=[0m28 [3mtotal_tokens_est[0m[2m=[0m1110 [3mmessage_count[0m[2m=[0m1
[2m2026-07-12T23:01:24.475096Z[0m [32m INFO[0m [1mturn[0m[1m{[0m[3msession[0m[2m=[0mac8dfb25-1cb7-480c-8ab8-29ac90cc2309[1m}[0m[2m:[0m [2mbraze_engine::engine[0m[2m:[0m parsed a prompt-tools envelope tool call [3mtool[0m[2m=[0mread_file
[2m2026-07-12T23:01:24.499290Z[0m [32m INFO[0m [1mturn[0m[1m{[0m[3msession[0m[2m=[0mac8dfb25-1cb7-480c-8ab8-29ac90cc2309[1m}[0m[2m:[0m [2mbraze_engine::hooks[0m[2m:[0m prompt budget breakdown (PromptBudgetAuditHook) [3msystem_tokens_est[0m[2m=[0m231 [3mtools_tokens_est[0m[2m=[0m850 [3mhistory_tokens_est[0m[2m=[0m74 [3mtotal_tokens_est[0m[2m=[0m1156 [3mmessage_count[0m[2m=[0m3
[2m2026-07-12T23:01:27.309577Z[0m [32m INFO[0m [1mturn[0m[1m{[0m[3msession[0m[2m=[0mac8dfb25-1cb7-480c-8ab8-29ac90cc2309[1m}[0m[2m:[0m [2mbraze_engine::hooks[0m[2m:[0m prompt budget breakdown (PromptBudgetAuditHook) [3msystem_tokens_est[0m[2m=[0m231 [3mtools_tokens_est[0m[2m=[0m850 [3mhistory_tokens_est[0m[2m=[0m98 [3mtotal_tokens_est[0m[2m=[0m1180 [3mmessage_count[0m[2m=[0m5
[2m2026-07-12T23:01:28.415914Z[0m [32m INFO[0m [1mturn[0m[1m{[0m[3msession[0m[2m=[0mac8dfb25-1cb7-480c-8ab8-29ac90cc2309[1m}[0m[2m:[0m [2mbraze_engine::hooks[0m[2m:[0m prompt budget breakdown (PromptBudgetAuditHook) [3msystem_tokens_est[0m[2m=[0m231 [3mtools_tokens_est[0m[2m=[0m850 [3mhistory_tokens_est[0m[2m=[0m135 [3mtotal_tokens_est[0m[2m=[0m1217 [3mmessage_count[0m[2m=[0m7
-> ollama:gemma4:e2b+ablate:constrained-tools :: edit_file_function_body (rep 3/5)
[2m2026-07-12T23:01:29.640451Z[0m [32m INFO[0m [1mturn[0m[1m{[0m[3msession[0m[2m=[0mb2a292ab-3727-4da3-8e57-0e23775c50f2[1m}[0m[2m:[0m [2mbraze_engine::hooks[0m[2m:[0m prompt budget breakdown (PromptBudgetAuditHook) [3msystem_tokens_est[0m[2m=[0m231 [3mtools_tokens_est[0m[2m=[0m850 [3mhistory_tokens_est[0m[2m=[0m28 [3mtotal_tokens_est[0m[2m=[0m1110 [3mmessage_count[0m[2m=[0m1
[2m2026-07-12T23:01:33.319562Z[0m [32m INFO[0m [1mturn[0m[1m{[0m[3msession[0m[2m=[0mb2a292ab-3727-4da3-8e57-0e23775c50f2[1m}[0m[2m:[0m [2mbraze_engine::engine[0m[2m:[0m parsed a prompt-tools envelope tool call [3mtool[0m[2m=[0mread_file
[2m2026-07-12T23:01:33.355241Z[0m [32m INFO[0m [1mturn[0m[1m{[0m[3msession[0m[2m=[0mb2a292ab-3727-4da3-8e57-0e23775c50f2[1m}[0m[2m:[0m [2mbraze_engine::hooks[0m[2m:[0m prompt budget breakdown (PromptBudgetAuditHook) [3msystem_tokens_est[0m[2m=[0m231 [3mtools_tokens_est[0m[2m=[0m850 [3mhistory_tokens_est[0m[2m=[0m74 [3mtotal_tokens_est[0m[2m=[0m1156 [3mmessage_count[0m[2m=[0m3
[2m2026-07-12T23:01:36.565623Z[0m [32m INFO[0m [1mturn[0m[1m{[0m[3msession[0m[2m=[0mb2a292ab-3727-4da3-8e57-0e23775c50f2[1m}[0m[2m:[0m [2mbraze_engine::engine[0m[2m:[0m parsed a prompt-tools envelope final answer
-> ollama:gemma4:e2b+ablate:constrained-tools :: edit_file_function_body (rep 4/5)
[2m2026-07-12T23:01:36.586324Z[0m [32m INFO[0m [1mturn[0m[1m{[0m[3msession[0m[2m=[0m795d7e46-7c0b-42a3-bb2c-1922e9d2738f[1m}[0m[2m:[0m [2mbraze_engine::hooks[0m[2m:[0m prompt budget breakdown (PromptBudgetAuditHook) [3msystem_tokens_est[0m[2m=[0m231 [3mtools_tokens_est[0m[2m=[0m850 [3mhistory_tokens_est[0m[2m=[0m28 [3mtotal_tokens_est[0m[2m=[0m1110 [3mmessage_count[0m[2m=[0m1
[2m2026-07-12T23:01:40.680814Z[0m [32m INFO[0m [1mturn[0m[1m{[0m[3msession[0m[2m=[0m795d7e46-7c0b-42a3-bb2c-1922e9d2738f[1m}[0m[2m:[0m [2mbraze_engine::engine[0m[2m:[0m parsed a prompt-tools envelope tool call [3mtool[0m[2m=[0mread_file
[2m2026-07-12T23:01:40.691453Z[0m [32m INFO[0m [1mturn[0m[1m{[0m[3msession[0m[2m=[0m795d7e46-7c0b-42a3-bb2c-1922e9d2738f[1m}[0m[2m:[0m [2mbraze_engine::hooks[0m[2m:[0m prompt budget breakdown (PromptBudgetAuditHook) [3msystem_tokens_est[0m[2m=[0m231 [3mtools_tokens_est[0m[2m=[0m850 [3mhistory_tokens_est[0m[2m=[0m74 [3mtotal_tokens_est[0m[2m=[0m1156 [3mmessage_count[0m[2m=[0m3
[2m2026-07-12T23:01:44.259990Z[0m [32m INFO[0m [1mturn[0m[1m{[0m[3msession[0m[2m=[0m795d7e46-7c0b-42a3-bb2c-1922e9d2738f[1m}[0m[2m:[0m [2mbraze_engine::engine[0m[2m:[0m parsed a prompt-tools envelope final answer
-> ollama:gemma4:e2b+ablate:constrained-tools :: edit_file_function_body (rep 5/5)
[2m2026-07-12T23:01:44.272374Z[0m [32m INFO[0m [1mturn[0m[1m{[0m[3msession[0m[2m=[0m79b89e52-d48e-464b-a439-036d65df840c[1m}[0m[2m:[0m [2mbraze_engine::hooks[0m[2m:[0m prompt budget breakdown (PromptBudgetAuditHook) [3msystem_tokens_est[0m[2m=[0m231 [3mtools_tokens_est[0m[2m=[0m850 [3mhistory_tokens_est[0m[2m=[0m28 [3mtotal_tokens_est[0m[2m=[0m1110 [3mmessage_count[0m[2m=[0m1
[2m2026-07-12T23:01:47.886681Z[0m [32m INFO[0m [1mturn[0m[1m{[0m[3msession[0m[2m=[0m79b89e52-d48e-464b-a439-036d65df840c[1m}[0m[2m:[0m [2mbraze_engine::engine[0m[2m:[0m parsed a prompt-tools envelope tool call [3mtool[0m[2m=[0mread_file
[2m2026-07-12T23:01:47.895193Z[0m [32m INFO[0m [1mturn[0m[1m{[0m[3msession[0m[2m=[0m79b89e52-d48e-464b-a439-036d65df840c[1m}[0m[2m:[0m [2mbraze_engine::hooks[0m[2m:[0m prompt budget breakdown (PromptBudgetAuditHook) [3msystem_tokens_est[0m[2m=[0m231 [3mtools_tokens_est[0m[2m=[0m850 [3mhistory_tokens_est[0m[2m=[0m74 [3mtotal_tokens_est[0m[2m=[0m1156 [3mmessage_count[0m[2m=[0m3
[2m2026-07-12T23:01:50.803732Z[0m [32m INFO[0m [1mturn[0m[1m{[0m[3msession[0m[2m=[0m79b89e52-d48e-464b-a439-036d65df840c[1m}[0m[2m:[0m [2mbraze_engine::engine[0m[2m:[0m parsed a prompt-tools envelope final answer
-> ollama:gemma4:e2b+ablate:constrained-tools :: no_tool_capital_question (rep 1/5)
[2m2026-07-12T23:01:50.825557Z[0m [32m INFO[0m [1mturn[0m[1m{[0m[3msession[0m[2m=[0m04193a2a-98f6-4676-b14c-df6986f6fbc5[1m}[0m[2m:[0m [2mbraze_engine::hooks[0m[2m:[0m prompt budget breakdown (PromptBudgetAuditHook) [3msystem_tokens_est[0m[2m=[0m231 [3mtools_tokens_est[0m[2m=[0m850 [3mhistory_tokens_est[0m[2m=[0m25 [3mtotal_tokens_est[0m[2m=[0m1108 [3mmessage_count[0m[2m=[0m1
[2m2026-07-12T23:01:54.803026Z[0m [32m INFO[0m [1mturn[0m[1m{[0m[3msession[0m[2m=[0m04193a2a-98f6-4676-b14c-df6986f6fbc5[1m}[0m[2m:[0m [2mbraze_engine::engine[0m[2m:[0m parsed a prompt-tools envelope final answer
-> ollama:gemma4:e2b+ablate:constrained-tools :: no_tool_capital_question (rep 2/5)
[2m2026-07-12T23:01:54.810754Z[0m [32m INFO[0m [1mturn[0m[1m{[0m[3msession[0m[2m=[0m870e3e3f-649d-49d9-b357-d5f92ed9221c[1m}[0m[2m:[0m [2mbraze_engine::hooks[0m[2m:[0m prompt budget breakdown (PromptBudgetAuditHook) [3msystem_tokens_est[0m[2m=[0m231 [3mtools_tokens_est[0m[2m=[0m850 [3mhistory_tokens_est[0m[2m=[0m25 [3mtotal_tokens_est[0m[2m=[0m1108 [3mmessage_count[0m[2m=[0m1
[2m2026-07-12T23:01:57.037814Z[0m [32m INFO[0m [1mturn[0m[1m{[0m[3msession[0m[2m=[0m870e3e3f-649d-49d9-b357-d5f92ed9221c[1m}[0m[2m:[0m [2mbraze_engine::engine[0m[2m:[0m parsed a prompt-tools envelope final answer
-> ollama:gemma4:e2b+ablate:constrained-tools :: no_tool_capital_question (rep 3/5)
[2m2026-07-12T23:01:57.047183Z[0m [32m INFO[0m [1mturn[0m[1m{[0m[3msession[0m[2m=[0m0f22e633-96de-4b3b-bd15-662818d5e4fa[1m}[0m[2m:[0m [2mbraze_engine::hooks[0m[2m:[0m prompt budget breakdown (PromptBudgetAuditHook) [3msystem_tokens_est[0m[2m=[0m231 [3mtools_tokens_est[0m[2m=[0m850 [3mhistory_tokens_est[0m[2m=[0m25 [3mtotal_tokens_est[0m[2m=[0m1108 [3mmessage_count[0m[2m=[0m1
[2m2026-07-12T23:02:00.624425Z[0m [32m INFO[0m [1mturn[0m[1m{[0m[3msession[0m[2m=[0m0f22e633-96de-4b3b-bd15-662818d5e4fa[1m}[0m[2m:[0m [2mbraze_engine::engine[0m[2m:[0m parsed a prompt-tools envelope final answer
-> ollama:gemma4:e2b+ablate:constrained-tools :: no_tool_capital_question (rep 4/5)
[2m2026-07-12T23:02:00.632163Z[0m [32m INFO[0m [1mturn[0m[1m{[0m[3msession[0m[2m=[0m59e859ec-e2ac-4335-8cfb-5e77588729be[1m}[0m[2m:[0m [2mbraze_engine::hooks[0m[2m:[0m prompt budget breakdown (PromptBudgetAuditHook) [3msystem_tokens_est[0m[2m=[0m231 [3mtools_tokens_est[0m[2m=[0m850 [3mhistory_tokens_est[0m[2m=[0m25 [3mtotal_tokens_est[0m[2m=[0m1108 [3mmessage_count[0m[2m=[0m1
[2m2026-07-12T23:02:02.762782Z[0m [32m INFO[0m [1mturn[0m[1m{[0m[3msession[0m[2m=[0m59e859ec-e2ac-4335-8cfb-5e77588729be[1m}[0m[2m:[0m [2mbraze_engine::engine[0m[2m:[0m parsed a prompt-tools envelope final answer
-> ollama:gemma4:e2b+ablate:constrained-tools :: no_tool_capital_question (rep 5/5)
[2m2026-07-12T23:02:02.774929Z[0m [32m INFO[0m [1mturn[0m[1m{[0m[3msession[0m[2m=[0m1cf0470d-f0f7-40c3-ab5b-c343ffbca262[1m}[0m[2m:[0m [2mbraze_engine::hooks[0m[2m:[0m prompt budget breakdown (PromptBudgetAuditHook) [3msystem_tokens_est[0m[2m=[0m231 [3mtools_tokens_est[0m[2m=[0m850 [3mhistory_tokens_est[0m[2m=[0m25 [3mtotal_tokens_est[0m[2m=[0m1108 [3mmessage_count[0m[2m=[0m1
[2m2026-07-12T23:02:06.893972Z[0m [32m INFO[0m [1mturn[0m[1m{[0m[3msession[0m[2m=[0m1cf0470d-f0f7-40c3-ab5b-c343ffbca262[1m}[0m[2m:[0m [2mbraze_engine::engine[0m[2m:[0m parsed a prompt-tools envelope final answer
-> ollama:gemma4:e2b+ablate:constrained-tools :: no_tool_subtraction (rep 1/5)
[2m2026-07-12T23:02:06.908485Z[0m [32m INFO[0m [1mturn[0m[1m{[0m[3msession[0m[2m=[0m47b0ffa9-4463-4be0-9913-225dfd823c1f[1m}[0m[2m:[0m [2mbraze_engine::hooks[0m[2m:[0m prompt budget breakdown (PromptBudgetAuditHook) [3msystem_tokens_est[0m[2m=[0m230 [3mtools_tokens_est[0m[2m=[0m850 [3mhistory_tokens_est[0m[2m=[0m21 [3mtotal_tokens_est[0m[2m=[0m1102 [3mmessage_count[0m[2m=[0m1
[2m2026-07-12T23:02:09.558356Z[0m [32m INFO[0m [1mturn[0m[1m{[0m[3msession[0m[2m=[0m47b0ffa9-4463-4be0-9913-225dfd823c1f[1m}[0m[2m:[0m [2mbraze_engine::engine[0m[2m:[0m parsed a prompt-tools envelope final answer
-> ollama:gemma4:e2b+ablate:constrained-tools :: no_tool_subtraction (rep 2/5)
[2m2026-07-12T23:02:09.566908Z[0m [32m INFO[0m [1mturn[0m[1m{[0m[3msession[0m[2m=[0mde5fb32a-c66b-4ff8-a324-67bf0f832f6b[1m}[0m[2m:[0m [2mbraze_engine::hooks[0m[2m:[0m prompt budget breakdown (PromptBudgetAuditHook) [3msystem_tokens_est[0m[2m=[0m230 [3mtools_tokens_est[0m[2m=[0m850 [3mhistory_tokens_est[0m[2m=[0m21 [3mtotal_tokens_est[0m[2m=[0m1102 [3mmessage_count[0m[2m=[0m1
[2m2026-07-12T23:02:12.065036Z[0m [32m INFO[0m [1mturn[0m[1m{[0m[3msession[0m[2m=[0mde5fb32a-c66b-4ff8-a324-67bf0f832f6b[1m}[0m[2m:[0m [2mbraze_engine::engine[0m[2m:[0m parsed a prompt-tools envelope final answer
-> ollama:gemma4:e2b+ablate:constrained-tools :: no_tool_subtraction (rep 3/5)
[2m2026-07-12T23:02:12.072127Z[0m [32m INFO[0m [1mturn[0m[1m{[0m[3msession[0m[2m=[0m11ffbfb3-7d18-4cb9-b74c-1f4e9b4ff8c6[1m}[0m[2m:[0m [2mbraze_engine::hooks[0m[2m:[0m prompt budget breakdown (PromptBudgetAuditHook) [3msystem_tokens_est[0m[2m=[0m230 [3mtools_tokens_est[0m[2m=[0m850 [3mhistory_tokens_est[0m[2m=[0m21 [3mtotal_tokens_est[0m[2m=[0m1102 [3mmessage_count[0m[2m=[0m1
[2m2026-07-12T23:02:14.705064Z[0m [32m INFO[0m [1mturn[0m[1m{[0m[3msession[0m[2m=[0m11ffbfb3-7d18-4cb9-b74c-1f4e9b4ff8c6[1m}[0m[2m:[0m [2mbraze_engine::engine[0m[2m:[0m parsed a prompt-tools envelope final answer
-> ollama:gemma4:e2b+ablate:constrained-tools :: no_tool_subtraction (rep 4/5)
[2m2026-07-12T23:02:14.719224Z[0m [32m INFO[0m [1mturn[0m[1m{[0m[3msession[0m[2m=[0me5451758-47d2-4888-84f5-410b2626d5bb[1m}[0m[2m:[0m [2mbraze_engine::hooks[0m[2m:[0m prompt budget breakdown (PromptBudgetAuditHook) [3msystem_tokens_est[0m[2m=[0m230 [3mtools_tokens_est[0m[2m=[0m850 [3mhistory_tokens_est[0m[2m=[0m21 [3mtotal_tokens_est[0m[2m=[0m1102 [3mmessage_count[0m[2m=[0m1
[2m2026-07-12T23:02:17.966207Z[0m [32m INFO[0m [1mturn[0m[1m{[0m[3msession[0m[2m=[0me5451758-47d2-4888-84f5-410b2626d5bb[1m}[0m[2m:[0m [2mbraze_engine::engine[0m[2m:[0m parsed a prompt-tools envelope final answer
-> ollama:gemma4:e2b+ablate:constrained-tools :: no_tool_subtraction (rep 5/5)
[2m2026-07-12T23:02:17.987879Z[0m [32m INFO[0m [1mturn[0m[1m{[0m[3msession[0m[2m=[0mb3eb8bc2-a639-42a9-9633-1174f401ff95[1m}[0m[2m:[0m [2mbraze_engine::hooks[0m[2m:[0m prompt budget breakdown (PromptBudgetAuditHook) [3msystem_tokens_est[0m[2m=[0m230 [3mtools_tokens_est[0m[2m=[0m850 [3mhistory_tokens_est[0m[2m=[0m21 [3mtotal_tokens_est[0m[2m=[0m1102 [3mmessage_count[0m[2m=[0m1
[2m2026-07-12T23:02:20.615177Z[0m [32m INFO[0m [1mturn[0m[1m{[0m[3msession[0m[2m=[0mb3eb8bc2-a639-42a9-9633-1174f401ff95[1m}[0m[2m:[0m [2mbraze_engine::engine[0m[2m:[0m parsed a prompt-tools envelope final answer
-> ollama:gemma4:e2b+ablate:constrained-tools :: multi_step_sum_two_files (rep 1/5)
[2m2026-07-12T23:02:20.626723Z[0m [32m INFO[0m [1mturn[0m[1m{[0m[3msession[0m[2m=[0m9db86600-338c-4def-960c-0e6949f73ea5[1m}[0m[2m:[0m [2mbraze_engine::hooks[0m[2m:[0m prompt budget breakdown (PromptBudgetAuditHook) [3msystem_tokens_est[0m[2m=[0m231 [3mtools_tokens_est[0m[2m=[0m850 [3mhistory_tokens_est[0m[2m=[0m49 [3mtotal_tokens_est[0m[2m=[0m1132 [3mmessage_count[0m[2m=[0m1
[2m2026-07-12T23:02:26.112595Z[0m [32m INFO[0m [1mturn[0m[1m{[0m[3msession[0m[2m=[0m9db86600-338c-4def-960c-0e6949f73ea5[1m}[0m[2m:[0m [2mbraze_engine::engine[0m[2m:[0m parsed a prompt-tools envelope tool call [3mtool[0m[2m=[0mread_file
[2m2026-07-12T23:02:26.125000Z[0m [32m INFO[0m [1mturn[0m[1m{[0m[3msession[0m[2m=[0m9db86600-338c-4def-960c-0e6949f73ea5[1m}[0m[2m:[0m [2mbraze_engine::hooks[0m[2m:[0m prompt budget breakdown (PromptBudgetAuditHook) [3msystem_tokens_est[0m[2m=[0m231 [3mtools_tokens_est[0m[2m=[0m850 [3mhistory_tokens_est[0m[2m=[0m59 [3mtotal_tokens_est[0m[2m=[0m1142 [3mmessage_count[0m[2m=[0m3
[2m2026-07-12T23:02:26.880702Z[0m [32m INFO[0m [1mturn[0m[1m{[0m[3msession[0m[2m=[0m9db86600-338c-4def-960c-0e6949f73ea5[1m}[0m[2m:[0m [2mbraze_engine::hooks[0m[2m:[0m prompt budget breakdown (PromptBudgetAuditHook) [3msystem_tokens_est[0m[2m=[0m231 [3mtools_tokens_est[0m[2m=[0m850 [3mhistory_tokens_est[0m[2m=[0m72 [3mtotal_tokens_est[0m[2m=[0m1154 [3mmessage_count[0m[2m=[0m5
[2m2026-07-12T23:02:27.758539Z[0m [32m INFO[0m [1mturn[0m[1m{[0m[3msession[0m[2m=[0m9db86600-338c-4def-960c-0e6949f73ea5[1m}[0m[2m:[0m [2mbraze_engine::hooks[0m[2m:[0m prompt budget breakdown (PromptBudgetAuditHook) [3msystem_tokens_est[0m[2m=[0m231 [3mtools_tokens_est[0m[2m=[0m850 [3mhistory_tokens_est[0m[2m=[0m104 [3mtotal_tokens_est[0m[2m=[0m1187 [3mmessage_count[0m[2m=[0m7
[2m2026-07-12T23:02:28.290762Z[0m [33m WARN[0m [1mturn[0m[1m{[0m[3msession[0m[2m=[0m9db86600-338c-4def-960c-0e6949f73ea5[1m}[0m[2m:[0m [2mbraze_engine::engine[0m[2m:[0m round produced neither text nor a tool call after this turn already dispatched at least one; attempting a tools-free summary round instead of discarding that progress [3mround[0m[2m=[0m3
-> ollama:gemma4:e2b+ablate:constrained-tools :: multi_step_sum_two_files (rep 2/5)
[2m2026-07-12T23:02:29.318159Z[0m [32m INFO[0m [1mturn[0m[1m{[0m[3msession[0m[2m=[0m17dafc47-4634-499c-9bea-bbf0b89471ec[1m}[0m[2m:[0m [2mbraze_engine::hooks[0m[2m:[0m prompt budget breakdown (PromptBudgetAuditHook) [3msystem_tokens_est[0m[2m=[0m231 [3mtools_tokens_est[0m[2m=[0m850 [3mhistory_tokens_est[0m[2m=[0m49 [3mtotal_tokens_est[0m[2m=[0m1132 [3mmessage_count[0m[2m=[0m1
[2m2026-07-12T23:02:34.979609Z[0m [32m INFO[0m [1mturn[0m[1m{[0m[3msession[0m[2m=[0m17dafc47-4634-499c-9bea-bbf0b89471ec[1m}[0m[2m:[0m [2mbraze_engine::engine[0m[2m:[0m parsed a prompt-tools envelope tool call [3mtool[0m[2m=[0mread_file
[2m2026-07-12T23:02:34.991798Z[0m [32m INFO[0m [1mturn[0m[1m{[0m[3msession[0m[2m=[0m17dafc47-4634-499c-9bea-bbf0b89471ec[1m}[0m[2m:[0m [2mbraze_engine::hooks[0m[2m:[0m prompt budget breakdown (PromptBudgetAuditHook) [3msystem_tokens_est[0m[2m=[0m231 [3mtools_tokens_est[0m[2m=[0m850 [3mhistory_tokens_est[0m[2m=[0m59 [3mtotal_tokens_est[0m[2m=[0m1142 [3mmessage_count[0m[2m=[0m3
[2m2026-07-12T23:02:35.801011Z[0m [32m INFO[0m [1mturn[0m[1m{[0m[3msession[0m[2m=[0m17dafc47-4634-499c-9bea-bbf0b89471ec[1m}[0m[2m:[0m [2mbraze_engine::hooks[0m[2m:[0m prompt budget breakdown (PromptBudgetAuditHook) [3msystem_tokens_est[0m[2m=[0m231 [3mtools_tokens_est[0m[2m=[0m850 [3mhistory_tokens_est[0m[2m=[0m72 [3mtotal_tokens_est[0m[2m=[0m1154 [3mmessage_count[0m[2m=[0m5
[2m2026-07-12T23:02:36.657873Z[0m [32m INFO[0m [1mturn[0m[1m{[0m[3msession[0m[2m=[0m17dafc47-4634-499c-9bea-bbf0b89471ec[1m}[0m[2m:[0m [2mbraze_engine::hooks[0m[2m:[0m prompt budget breakdown (PromptBudgetAuditHook) [3msystem_tokens_est[0m[2m=[0m231 [3mtools_tokens_est[0m[2m=[0m850 [3mhistory_tokens_est[0m[2m=[0m104 [3mtotal_tokens_est[0m[2m=[0m1187 [3mmessage_count[0m[2m=[0m7
[2m2026-07-12T23:02:37.198539Z[0m [33m WARN[0m [1mturn[0m[1m{[0m[3msession[0m[2m=[0m17dafc47-4634-499c-9bea-bbf0b89471ec[1m}[0m[2m:[0m [2mbraze_engine::engine[0m[2m:[0m round produced neither text nor a tool call after this turn already dispatched at least one; attempting a tools-free summary round instead of discarding that progress [3mround[0m[2m=[0m3
-> ollama:gemma4:e2b+ablate:constrained-tools :: multi_step_sum_two_files (rep 3/5)
[2m2026-07-12T23:02:38.465619Z[0m [32m INFO[0m [1mturn[0m[1m{[0m[3msession[0m[2m=[0m642aab69-bc8c-4d96-a6d5-3fa97f74bcbe[1m}[0m[2m:[0m [2mbraze_engine::hooks[0m[2m:[0m prompt budget breakdown (PromptBudgetAuditHook) [3msystem_tokens_est[0m[2m=[0m231 [3mtools_tokens_est[0m[2m=[0m850 [3mhistory_tokens_est[0m[2m=[0m49 [3mtotal_tokens_est[0m[2m=[0m1132 [3mmessage_count[0m[2m=[0m1
[2m2026-07-12T23:02:44.132616Z[0m [32m INFO[0m [1mturn[0m[1m{[0m[3msession[0m[2m=[0m642aab69-bc8c-4d96-a6d5-3fa97f74bcbe[1m}[0m[2m:[0m [2mbraze_engine::engine[0m[2m:[0m parsed a prompt-tools envelope tool call [3mtool[0m[2m=[0mread_file
[2m2026-07-12T23:02:44.154497Z[0m [32m INFO[0m [1mturn[0m[1m{[0m[3msession[0m[2m=[0m642aab69-bc8c-4d96-a6d5-3fa97f74bcbe[1m}[0m[2m:[0m [2mbraze_engine::hooks[0m[2m:[0m prompt budget breakdown (PromptBudgetAuditHook) [3msystem_tokens_est[0m[2m=[0m231 [3mtools_tokens_est[0m[2m=[0m850 [3mhistory_tokens_est[0m[2m=[0m59 [3mtotal_tokens_est[0m[2m=[0m1142 [3mmessage_count[0m[2m=[0m3
[2m2026-07-12T23:02:47.009706Z[0m [32m INFO[0m [1mturn[0m[1m{[0m[3msession[0m[2m=[0m642aab69-bc8c-4d96-a6d5-3fa97f74bcbe[1m}[0m[2m:[0m [2mbraze_engine::hooks[0m[2m:[0m prompt budget breakdown (PromptBudgetAuditHook) [3msystem_tokens_est[0m[2m=[0m231 [3mtools_tokens_est[0m[2m=[0m850 [3mhistory_tokens_est[0m[2m=[0m72 [3mtotal_tokens_est[0m[2m=[0m1154 [3mmessage_count[0m[2m=[0m5
[2m2026-07-12T23:02:47.902469Z[0m [32m INFO[0m [1mturn[0m[1m{[0m[3msession[0m[2m=[0m642aab69-bc8c-4d96-a6d5-3fa97f74bcbe[1m}[0m[2m:[0m [2mbraze_engine::hooks[0m[2m:[0m prompt budget breakdown (PromptBudgetAuditHook) [3msystem_tokens_est[0m[2m=[0m231 [3mtools_tokens_est[0m[2m=[0m850 [3mhistory_tokens_est[0m[2m=[0m104 [3mtotal_tokens_est[0m[2m=[0m1187 [3mmessage_count[0m[2m=[0m7
[2m2026-07-12T23:02:48.418475Z[0m [33m WARN[0m [1mturn[0m[1m{[0m[3msession[0m[2m=[0m642aab69-bc8c-4d96-a6d5-3fa97f74bcbe[1m}[0m[2m:[0m [2mbraze_engine::engine[0m[2m:[0m round produced neither text nor a tool call after this turn already dispatched at least one; attempting a tools-free summary round instead of discarding that progress [3mround[0m[2m=[0m3
-> ollama:gemma4:e2b+ablate:constrained-tools :: multi_step_sum_two_files (rep 4/5)
[2m2026-07-12T23:02:49.435725Z[0m [32m INFO[0m [1mturn[0m[1m{[0m[3msession[0m[2m=[0m01b03fd3-4a0c-4142-a61d-66458761579f[1m}[0m[2m:[0m [2mbraze_engine::hooks[0m[2m:[0m prompt budget breakdown (PromptBudgetAuditHook) [3msystem_tokens_est[0m[2m=[0m231 [3mtools_tokens_est[0m[2m=[0m850 [3mhistory_tokens_est[0m[2m=[0m49 [3mtotal_tokens_est[0m[2m=[0m1132 [3mmessage_count[0m[2m=[0m1
[2m2026-07-12T23:02:55.209106Z[0m [32m INFO[0m [1mturn[0m[1m{[0m[3msession[0m[2m=[0m01b03fd3-4a0c-4142-a61d-66458761579f[1m}[0m[2m:[0m [2mbraze_engine::engine[0m[2m:[0m parsed a prompt-tools envelope tool call [3mtool[0m[2m=[0mread_file
[2m2026-07-12T23:02:55.231482Z[0m [32m INFO[0m [1mturn[0m[1m{[0m[3msession[0m[2m=[0m01b03fd3-4a0c-4142-a61d-66458761579f[1m}[0m[2m:[0m [2mbraze_engine::hooks[0m[2m:[0m prompt budget breakdown (PromptBudgetAuditHook) [3msystem_tokens_est[0m[2m=[0m231 [3mtools_tokens_est[0m[2m=[0m850 [3mhistory_tokens_est[0m[2m=[0m59 [3mtotal_tokens_est[0m[2m=[0m1142 [3mmessage_count[0m[2m=[0m3
[2m2026-07-12T23:02:57.617120Z[0m [32m INFO[0m [1mturn[0m[1m{[0m[3msession[0m[2m=[0m01b03fd3-4a0c-4142-a61d-66458761579f[1m}[0m[2m:[0m [2mbraze_engine::hooks[0m[2m:[0m prompt budget breakdown (PromptBudgetAuditHook) [3msystem_tokens_est[0m[2m=[0m231 [3mtools_tokens_est[0m[2m=[0m850 [3mhistory_tokens_est[0m[2m=[0m72 [3mtotal_tokens_est[0m[2m=[0m1154 [3mmessage_count[0m[2m=[0m5
[2m2026-07-12T23:02:58.494077Z[0m [32m INFO[0m [1mturn[0m[1m{[0m[3msession[0m[2m=[0m01b03fd3-4a0c-4142-a61d-66458761579f[1m}[0m[2m:[0m [2mbraze_engine::hooks[0m[2m:[0m prompt budget breakdown (PromptBudgetAuditHook) [3msystem_tokens_est[0m[2m=[0m231 [3mtools_tokens_est[0m[2m=[0m850 [3mhistory_tokens_est[0m[2m=[0m104 [3mtotal_tokens_est[0m[2m=[0m1187 [3mmessage_count[0m[2m=[0m7
[2m2026-07-12T23:02:59.069567Z[0m [33m WARN[0m [1mturn[0m[1m{[0m[3msession[0m[2m=[0m01b03fd3-4a0c-4142-a61d-66458761579f[1m}[0m[2m:[0m [2mbraze_engine::engine[0m[2m:[0m round produced neither text nor a tool call after this turn already dispatched at least one; attempting a tools-free summary round instead of discarding that progress [3mround[0m[2m=[0m3
-> ollama:gemma4:e2b+ablate:constrained-tools :: multi_step_sum_two_files (rep 5/5)
[2m2026-07-12T23:03:00.135630Z[0m [32m INFO[0m [1mturn[0m[1m{[0m[3msession[0m[2m=[0m670cb82d-fdc5-40ba-9958-2770ea0523af[1m}[0m[2m:[0m [2mbraze_engine::hooks[0m[2m:[0m prompt budget breakdown (PromptBudgetAuditHook) [3msystem_tokens_est[0m[2m=[0m231 [3mtools_tokens_est[0m[2m=[0m850 [3mhistory_tokens_est[0m[2m=[0m49 [3mtotal_tokens_est[0m[2m=[0m1132 [3mmessage_count[0m[2m=[0m1
[2m2026-07-12T23:03:05.387458Z[0m [32m INFO[0m [1mturn[0m[1m{[0m[3msession[0m[2m=[0m670cb82d-fdc5-40ba-9958-2770ea0523af[1m}[0m[2m:[0m [2mbraze_engine::engine[0m[2m:[0m parsed a prompt-tools envelope tool call [3mtool[0m[2m=[0mread_file
[2m2026-07-12T23:03:05.397090Z[0m [32m INFO[0m [1mturn[0m[1m{[0m[3msession[0m[2m=[0m670cb82d-fdc5-40ba-9958-2770ea0523af[1m}[0m[2m:[0m [2mbraze_engine::hooks[0m[2m:[0m prompt budget breakdown (PromptBudgetAuditHook) [3msystem_tokens_est[0m[2m=[0m231 [3mtools_tokens_est[0m[2m=[0m850 [3mhistory_tokens_est[0m[2m=[0m59 [3mtotal_tokens_est[0m[2m=[0m1142 [3mmessage_count[0m[2m=[0m3
[2m2026-07-12T23:03:08.325418Z[0m [32m INFO[0m [1mturn[0m[1m{[0m[3msession[0m[2m=[0m670cb82d-fdc5-40ba-9958-2770ea0523af[1m}[0m[2m:[0m [2mbraze_engine::hooks[0m[2m:[0m prompt budget breakdown (PromptBudgetAuditHook) [3msystem_tokens_est[0m[2m=[0m231 [3mtools_tokens_est[0m[2m=[0m850 [3mhistory_tokens_est[0m[2m=[0m72 [3mtotal_tokens_est[0m[2m=[0m1154 [3mmessage_count[0m[2m=[0m5
[2m2026-07-12T23:03:09.201201Z[0m [32m INFO[0m [1mturn[0m[1m{[0m[3msession[0m[2m=[0m670cb82d-fdc5-40ba-9958-2770ea0523af[1m}[0m[2m:[0m [2mbraze_engine::hooks[0m[2m:[0m prompt budget breakdown (PromptBudgetAuditHook) [3msystem_tokens_est[0m[2m=[0m231 [3mtools_tokens_est[0m[2m=[0m850 [3mhistory_tokens_est[0m[2m=[0m104 [3mtotal_tokens_est[0m[2m=[0m1187 [3mmessage_count[0m[2m=[0m7
[2m2026-07-12T23:03:09.751613Z[0m [33m WARN[0m [1mturn[0m[1m{[0m[3msession[0m[2m=[0m670cb82d-fdc5-40ba-9958-2770ea0523af[1m}[0m[2m:[0m [2mbraze_engine::engine[0m[2m:[0m round produced neither text nor a tool call after this turn already dispatched at least one; attempting a tools-free summary round instead of discarding that progress [3mround[0m[2m=[0m3
-> ollama:gemma4:e2b+ablate:constrained-tools :: multi_step_multiply_and_write (rep 1/5)
[2m2026-07-12T23:03:10.781628Z[0m [32m INFO[0m [1mturn[0m[1m{[0m[3msession[0m[2m=[0m57235925-0eb3-4353-9a2d-afe73d2e7702[1m}[0m[2m:[0m [2mbraze_engine::hooks[0m[2m:[0m prompt budget breakdown (PromptBudgetAuditHook) [3msystem_tokens_est[0m[2m=[0m233 [3mtools_tokens_est[0m[2m=[0m850 [3mhistory_tokens_est[0m[2m=[0m53 [3mtotal_tokens_est[0m[2m=[0m1136 [3mmessage_count[0m[2m=[0m1
[2m2026-07-12T23:03:18.692724Z[0m [32m INFO[0m [1mturn[0m[1m{[0m[3msession[0m[2m=[0m57235925-0eb3-4353-9a2d-afe73d2e7702[1m}[0m[2m:[0m [2mbraze_engine::engine[0m[2m:[0m parsed a prompt-tools envelope tool call [3mtool[0m[2m=[0mread_file
[2m2026-07-12T23:03:18.702447Z[0m [32m INFO[0m [1mturn[0m[1m{[0m[3msession[0m[2m=[0m57235925-0eb3-4353-9a2d-afe73d2e7702[1m}[0m[2m:[0m [2mbraze_engine::hooks[0m[2m:[0m prompt budget breakdown (PromptBudgetAuditHook) [3msystem_tokens_est[0m[2m=[0m233 [3mtools_tokens_est[0m[2m=[0m850 [3mhistory_tokens_est[0m[2m=[0m131 [3mtotal_tokens_est[0m[2m=[0m1214 [3mmessage_count[0m[2m=[0m4
[2m2026-07-12T23:03:31.231071Z[0m [32m INFO[0m [1mturn[0m[1m{[0m[3msession[0m[2m=[0m57235925-0eb3-4353-9a2d-afe73d2e7702[1m}[0m[2m:[0m [2mbraze_engine::engine[0m[2m:[0m parsed a prompt-tools envelope final answer
-> ollama:gemma4:e2b+ablate:constrained-tools :: multi_step_multiply_and_write (rep 2/5)
[2m2026-07-12T23:03:31.242282Z[0m [32m INFO[0m [1mturn[0m[1m{[0m[3msession[0m[2m=[0m42a685dc-7923-4a2a-8ee8-a428b38c3558[1m}[0m[2m:[0m [2mbraze_engine::hooks[0m[2m:[0m prompt budget breakdown (PromptBudgetAuditHook) [3msystem_tokens_est[0m[2m=[0m233 [3mtools_tokens_est[0m[2m=[0m850 [3mhistory_tokens_est[0m[2m=[0m53 [3mtotal_tokens_est[0m[2m=[0m1136 [3mmessage_count[0m[2m=[0m1
[2m2026-07-12T23:03:35.383753Z[0m [32m INFO[0m [1mturn[0m[1m{[0m[3msession[0m[2m=[0m42a685dc-7923-4a2a-8ee8-a428b38c3558[1m}[0m[2m:[0m [2mbraze_engine::engine[0m[2m:[0m parsed a prompt-tools envelope tool call [3mtool[0m[2m=[0mread_file
[2m2026-07-12T23:03:35.394205Z[0m [32m INFO[0m [1mturn[0m[1m{[0m[3msession[0m[2m=[0m42a685dc-7923-4a2a-8ee8-a428b38c3558[1m}[0m[2m:[0m [2mbraze_engine::hooks[0m[2m:[0m prompt budget breakdown (PromptBudgetAuditHook) [3msystem_tokens_est[0m[2m=[0m233 [3mtools_tokens_est[0m[2m=[0m850 [3mhistory_tokens_est[0m[2m=[0m61 [3mtotal_tokens_est[0m[2m=[0m1144 [3mmessage_count[0m[2m=[0m3
[2m2026-07-12T23:03:38.369026Z[0m [32m INFO[0m [1mturn[0m[1m{[0m[3msession[0m[2m=[0m42a685dc-7923-4a2a-8ee8-a428b38c3558[1m}[0m[2m:[0m [2mbraze_engine::engine[0m[2m:[0m parsed a prompt-tools envelope tool call [3mtool[0m[2m=[0mread_file
[2m2026-07-12T23:03:38.374077Z[0m [32m INFO[0m [1mturn[0m[1m{[0m[3msession[0m[2m=[0m42a685dc-7923-4a2a-8ee8-a428b38c3558[1m}[0m[2m:[0m [2mbraze_engine::hooks[0m[2m:[0m prompt budget breakdown (PromptBudgetAuditHook) [3msystem_tokens_est[0m[2m=[0m233 [3mtools_tokens_est[0m[2m=[0m850 [3mhistory_tokens_est[0m[2m=[0m109 [3mtotal_tokens_est[0m[2m=[0m1193 [3mmessage_count[0m[2m=[0m5
[2m2026-07-12T23:03:39.331897Z[0m [32m INFO[0m [1mturn[0m[1m{[0m[3msession[0m[2m=[0m42a685dc-7923-4a2a-8ee8-a428b38c3558[1m}[0m[2m:[0m [2mbraze_engine::hooks[0m[2m:[0m prompt budget breakdown (PromptBudgetAuditHook) [3msystem_tokens_est[0m[2m=[0m233 [3mtools_tokens_est[0m[2m=[0m850 [3mhistory_tokens_est[0m[2m=[0m146 [3mtotal_tokens_est[0m[2m=[0m1230 [3mmessage_count[0m[2m=[0m7
[2m2026-07-12T23:03:40.788861Z[0m [32m INFO[0m [1mturn[0m[1m{[0m[3msession[0m[2m=[0m42a685dc-7923-4a2a-8ee8-a428b38c3558[1m}[0m[2m:[0m [2mbraze_engine::engine[0m[2m:[0m parsed a prompt-tools envelope final answer
-> ollama:gemma4:e2b+ablate:constrained-tools :: multi_step_multiply_and_write (rep 3/5)
[2m2026-07-12T23:03:40.795497Z[0m [32m INFO[0m [1mturn[0m[1m{[0m[3msession[0m[2m=[0m1f531c8a-8895-458e-a780-c18d915b2c0f[1m}[0m[2m:[0m [2mbraze_engine::hooks[0m[2m:[0m prompt budget breakdown (PromptBudgetAuditHook) [3msystem_tokens_est[0m[2m=[0m233 [3mtools_tokens_est[0m[2m=[0m850 [3mhistory_tokens_est[0m[2m=[0m53 [3mtotal_tokens_est[0m[2m=[0m1136 [3mmessage_count[0m[2m=[0m1
[2m2026-07-12T23:03:49.148855Z[0m [32m INFO[0m [1mturn[0m[1m{[0m[3msession[0m[2m=[0m1f531c8a-8895-458e-a780-c18d915b2c0f[1m}[0m[2m:[0m [2mbraze_engine::engine[0m[2m:[0m parsed a prompt-tools envelope tool call [3mtool[0m[2m=[0mread_file
[2m2026-07-12T23:03:49.155562Z[0m [32m INFO[0m [1mturn[0m[1m{[0m[3msession[0m[2m=[0m1f531c8a-8895-458e-a780-c18d915b2c0f[1m}[0m[2m:[0m [2mbraze_engine::hooks[0m[2m:[0m prompt budget breakdown (PromptBudgetAuditHook) [3msystem_tokens_est[0m[2m=[0m233 [3mtools_tokens_est[0m[2m=[0m850 [3mhistory_tokens_est[0m[2m=[0m146 [3mtotal_tokens_est[0m[2m=[0m1229 [3mmessage_count[0m[2m=[0m4
[2m2026-07-12T23:03:59.983149Z[0m [32m INFO[0m [1mturn[0m[1m{[0m[3msession[0m[2m=[0m1f531c8a-8895-458e-a780-c18d915b2c0f[1m}[0m[2m:[0m [2mbraze_engine::engine[0m[2m:[0m parsed a prompt-tools envelope final answer
-> ollama:gemma4:e2b+ablate:constrained-tools :: multi_step_multiply_and_write (rep 4/5)
[2m2026-07-12T23:03:59.991631Z[0m [32m INFO[0m [1mturn[0m[1m{[0m[3msession[0m[2m=[0ma9ee6c6a-4233-4644-bd17-7e4edce343ae[1m}[0m[2m:[0m [2mbraze_engine::hooks[0m[2m:[0m prompt budget breakdown (PromptBudgetAuditHook) [3msystem_tokens_est[0m[2m=[0m233 [3mtools_tokens_est[0m[2m=[0m850 [3mhistory_tokens_est[0m[2m=[0m53 [3mtotal_tokens_est[0m[2m=[0m1136 [3mmessage_count[0m[2m=[0m1
[2m2026-07-12T23:04:04.100805Z[0m [32m INFO[0m [1mturn[0m[1m{[0m[3msession[0m[2m=[0ma9ee6c6a-4233-4644-bd17-7e4edce343ae[1m}[0m[2m:[0m [2mbraze_engine::engine[0m[2m:[0m parsed a prompt-tools envelope tool call [3mtool[0m[2m=[0mread_file
[2m2026-07-12T23:04:04.110229Z[0m [32m INFO[0m [1mturn[0m[1m{[0m[3msession[0m[2m=[0ma9ee6c6a-4233-4644-bd17-7e4edce343ae[1m}[0m[2m:[0m [2mbraze_engine::hooks[0m[2m:[0m prompt budget breakdown (PromptBudgetAuditHook) [3msystem_tokens_est[0m[2m=[0m233 [3mtools_tokens_est[0m[2m=[0m850 [3mhistory_tokens_est[0m[2m=[0m61 [3mtotal_tokens_est[0m[2m=[0m1144 [3mmessage_count[0m[2m=[0m3
[2m2026-07-12T23:04:06.912263Z[0m [32m INFO[0m [1mturn[0m[1m{[0m[3msession[0m[2m=[0ma9ee6c6a-4233-4644-bd17-7e4edce343ae[1m}[0m[2m:[0m [2mbraze_engine::engine[0m[2m:[0m parsed a prompt-tools envelope tool call [3mtool[0m[2m=[0mread_file
[2m2026-07-12T23:04:06.917310Z[0m [32m INFO[0m [1mturn[0m[1m{[0m[3msession[0m[2m=[0ma9ee6c6a-4233-4644-bd17-7e4edce343ae[1m}[0m[2m:[0m [2mbraze_engine::hooks[0m[2m:[0m prompt budget breakdown (PromptBudgetAuditHook) [3msystem_tokens_est[0m[2m=[0m233 [3mtools_tokens_est[0m[2m=[0m850 [3mhistory_tokens_est[0m[2m=[0m109 [3mtotal_tokens_est[0m[2m=[0m1193 [3mmessage_count[0m[2m=[0m5
[2m2026-07-12T23:04:07.843438Z[0m [32m INFO[0m [1mturn[0m[1m{[0m[3msession[0m[2m=[0ma9ee6c6a-4233-4644-bd17-7e4edce343ae[1m}[0m[2m:[0m [2mbraze_engine::hooks[0m[2m:[0m prompt budget breakdown (PromptBudgetAuditHook) [3msystem_tokens_est[0m[2m=[0m233 [3mtools_tokens_est[0m[2m=[0m850 [3mhistory_tokens_est[0m[2m=[0m146 [3mtotal_tokens_est[0m[2m=[0m1230 [3mmessage_count[0m[2m=[0m7
[2m2026-07-12T23:04:09.290837Z[0m [32m INFO[0m [1mturn[0m[1m{[0m[3msession[0m[2m=[0ma9ee6c6a-4233-4644-bd17-7e4edce343ae[1m}[0m[2m:[0m [2mbraze_engine::engine[0m[2m:[0m parsed a prompt-tools envelope final answer
-> ollama:gemma4:e2b+ablate:constrained-tools :: multi_step_multiply_and_write (rep 5/5)
[2m2026-07-12T23:04:09.300193Z[0m [32m INFO[0m [1mturn[0m[1m{[0m[3msession[0m[2m=[0ma4d37eb7-3268-48ad-9c26-db12dc952fad[1m}[0m[2m:[0m [2mbraze_engine::hooks[0m[2m:[0m prompt budget breakdown (PromptBudgetAuditHook) [3msystem_tokens_est[0m[2m=[0m233 [3mtools_tokens_est[0m[2m=[0m850 [3mhistory_tokens_est[0m[2m=[0m53 [3mtotal_tokens_est[0m[2m=[0m1136 [3mmessage_count[0m[2m=[0m1
[2m2026-07-12T23:04:16.677862Z[0m [32m INFO[0m [1mturn[0m[1m{[0m[3msession[0m[2m=[0ma4d37eb7-3268-48ad-9c26-db12dc952fad[1m}[0m[2m:[0m [2mbraze_engine::engine[0m[2m:[0m parsed a prompt-tools envelope tool call [3mtool[0m[2m=[0mread_file
[2m2026-07-12T23:04:16.684185Z[0m [32m INFO[0m [1mturn[0m[1m{[0m[3msession[0m[2m=[0ma4d37eb7-3268-48ad-9c26-db12dc952fad[1m}[0m[2m:[0m [2mbraze_engine::hooks[0m[2m:[0m prompt budget breakdown (PromptBudgetAuditHook) [3msystem_tokens_est[0m[2m=[0m233 [3mtools_tokens_est[0m[2m=[0m850 [3mhistory_tokens_est[0m[2m=[0m122 [3mtotal_tokens_est[0m[2m=[0m1205 [3mmessage_count[0m[2m=[0m4
[2m2026-07-12T23:04:31.515322Z[0m [32m INFO[0m [1mturn[0m[1m{[0m[3msession[0m[2m=[0ma4d37eb7-3268-48ad-9c26-db12dc952fad[1m}[0m[2m:[0m [2mbraze_engine::engine[0m[2m:[0m parsed a prompt-tools envelope final answer
-> ollama:gemma4:e2b+ablate:constrained-tools :: error_recovery_wrong_config_extension (rep 1/5)
[2m2026-07-12T23:04:31.531209Z[0m [32m INFO[0m [1mturn[0m[1m{[0m[3msession[0m[2m=[0md02ce256-0556-41af-8585-23b1e0e7ac88[1m}[0m[2m:[0m [2mbraze_engine::hooks[0m[2m:[0m prompt budget breakdown (PromptBudgetAuditHook) [3msystem_tokens_est[0m[2m=[0m235 [3mtools_tokens_est[0m[2m=[0m850 [3mhistory_tokens_est[0m[2m=[0m39 [3mtotal_tokens_est[0m[2m=[0m1125 [3mmessage_count[0m[2m=[0m1
[2m2026-07-12T23:04:35.358225Z[0m [32m INFO[0m [1mturn[0m[1m{[0m[3msession[0m[2m=[0md02ce256-0556-41af-8585-23b1e0e7ac88[1m}[0m[2m:[0m [2mbraze_engine::engine[0m[2m:[0m parsed a prompt-tools envelope tool call [3mtool[0m[2m=[0mread_file
[2m2026-07-12T23:04:35.370378Z[0m [32m INFO[0m [1mturn[0m[1m{[0m[3msession[0m[2m=[0md02ce256-0556-41af-8585-23b1e0e7ac88[1m}[0m[2m:[0m [2mbraze_engine::hooks[0m[2m:[0m prompt budget breakdown (PromptBudgetAuditHook) [3msystem_tokens_est[0m[2m=[0m235 [3mtools_tokens_est[0m[2m=[0m850 [3mhistory_tokens_est[0m[2m=[0m124 [3mtotal_tokens_est[0m[2m=[0m1210 [3mmessage_count[0m[2m=[0m4
[2m2026-07-12T23:04:38.159332Z[0m [32m INFO[0m [1mturn[0m[1m{[0m[3msession[0m[2m=[0md02ce256-0556-41af-8585-23b1e0e7ac88[1m}[0m[2m:[0m [2mbraze_engine::engine[0m[2m:[0m parsed a prompt-tools envelope final answer
-> ollama:gemma4:e2b+ablate:constrained-tools :: error_recovery_wrong_config_extension (rep 2/5)
[2m2026-07-12T23:04:38.174992Z[0m [32m INFO[0m [1mturn[0m[1m{[0m[3msession[0m[2m=[0m48d8c910-c1b9-4912-a879-b5e90ab87d65[1m}[0m[2m:[0m [2mbraze_engine::hooks[0m[2m:[0m prompt budget breakdown (PromptBudgetAuditHook) [3msystem_tokens_est[0m[2m=[0m235 [3mtools_tokens_est[0m[2m=[0m850 [3mhistory_tokens_est[0m[2m=[0m39 [3mtotal_tokens_est[0m[2m=[0m1125 [3mmessage_count[0m[2m=[0m1
[2m2026-07-12T23:04:44.549437Z[0m [32m INFO[0m [1mturn[0m[1m{[0m[3msession[0m[2m=[0m48d8c910-c1b9-4912-a879-b5e90ab87d65[1m}[0m[2m:[0m [2mbraze_engine::engine[0m[2m:[0m parsed a prompt-tools envelope tool call [3mtool[0m[2m=[0mread_file
[2m2026-07-12T23:04:44.554713Z[0m [32m INFO[0m [1mturn[0m[1m{[0m[3msession[0m[2m=[0m48d8c910-c1b9-4912-a879-b5e90ab87d65[1m}[0m[2m:[0m [2mbraze_engine::hooks[0m[2m:[0m prompt budget breakdown (PromptBudgetAuditHook) [3msystem_tokens_est[0m[2m=[0m235 [3mtools_tokens_est[0m[2m=[0m850 [3mhistory_tokens_est[0m[2m=[0m178 [3mtotal_tokens_est[0m[2m=[0m1263 [3mmessage_count[0m[2m=[0m4
[2m2026-07-12T23:04:49.290100Z[0m [32m INFO[0m [1mturn[0m[1m{[0m[3msession[0m[2m=[0m48d8c910-c1b9-4912-a879-b5e90ab87d65[1m}[0m[2m:[0m [2mbraze_engine::engine[0m[2m:[0m parsed a prompt-tools envelope final answer
-> ollama:gemma4:e2b+ablate:constrained-tools :: error_recovery_wrong_config_extension (rep 3/5)
[2m2026-07-12T23:04:49.295287Z[0m [32m INFO[0m [1mturn[0m[1m{[0m[3msession[0m[2m=[0m9969d55f-5a39-40e1-b879-eb63f10e1932[1m}[0m[2m:[0m [2mbraze_engine::hooks[0m[2m:[0m prompt budget breakdown (PromptBudgetAuditHook) [3msystem_tokens_est[0m[2m=[0m235 [3mtools_tokens_est[0m[2m=[0m850 [3mhistory_tokens_est[0m[2m=[0m39 [3mtotal_tokens_est[0m[2m=[0m1125 [3mmessage_count[0m[2m=[0m1
[2m2026-07-12T23:04:53.179979Z[0m [32m INFO[0m [1mturn[0m[1m{[0m[3msession[0m[2m=[0m9969d55f-5a39-40e1-b879-eb63f10e1932[1m}[0m[2m:[0m [2mbraze_engine::engine[0m[2m:[0m parsed a prompt-tools envelope tool call [3mtool[0m[2m=[0mread_file
[2m2026-07-12T23:04:53.187114Z[0m [32m INFO[0m [1mturn[0m[1m{[0m[3msession[0m[2m=[0m9969d55f-5a39-40e1-b879-eb63f10e1932[1m}[0m[2m:[0m [2mbraze_engine::hooks[0m[2m:[0m prompt budget breakdown (PromptBudgetAuditHook) [3msystem_tokens_est[0m[2m=[0m235 [3mtools_tokens_est[0m[2m=[0m850 [3mhistory_tokens_est[0m[2m=[0m108 [3mtotal_tokens_est[0m[2m=[0m1194 [3mmessage_count[0m[2m=[0m4
[2m2026-07-12T23:04:55.741553Z[0m [32m INFO[0m [1mturn[0m[1m{[0m[3msession[0m[2m=[0m9969d55f-5a39-40e1-b879-eb63f10e1932[1m}[0m[2m:[0m [2mbraze_engine::engine[0m[2m:[0m parsed a prompt-tools envelope final answer
-> ollama:gemma4:e2b+ablate:constrained-tools :: error_recovery_wrong_config_extension (rep 4/5)
[2m2026-07-12T23:04:55.750503Z[0m [32m INFO[0m [1mturn[0m[1m{[0m[3msession[0m[2m=[0m9ee248db-9f61-4fd5-876f-dff095376ba9[1m}[0m[2m:[0m [2mbraze_engine::hooks[0m[2m:[0m prompt budget breakdown (PromptBudgetAuditHook) [3msystem_tokens_est[0m[2m=[0m235 [3mtools_tokens_est[0m[2m=[0m850 [3mhistory_tokens_est[0m[2m=[0m39 [3mtotal_tokens_est[0m[2m=[0m1125 [3mmessage_count[0m[2m=[0m1
[2m2026-07-12T23:06:05.402368Z[0m [33m WARN[0m [1mturn[0m[1m{[0m[3msession[0m[2m=[0m9ee248db-9f61-4fd5-876f-dff095376ba9[1m}[0m[2m:[0m [2mbraze_engine::engine[0m[2m:[0m model output was truncated by max_tokens this round; a tool call's arguments may have been cut off mid-construction [3moutput_tokens[0m[2m=[0m4096 [3mmax_tokens[0m[2m=[0m4096
-> ollama:gemma4:e2b+ablate:constrained-tools :: error_recovery_wrong_config_extension (rep 5/5)
[2m2026-07-12T23:06:05.410243Z[0m [32m INFO[0m [1mturn[0m[1m{[0m[3msession[0m[2m=[0m0a64ae01-e615-4770-b7c8-ae545a2d1daa[1m}[0m[2m:[0m [2mbraze_engine::hooks[0m[2m:[0m prompt budget breakdown (PromptBudgetAuditHook) [3msystem_tokens_est[0m[2m=[0m235 [3mtools_tokens_est[0m[2m=[0m850 [3mhistory_tokens_est[0m[2m=[0m39 [3mtotal_tokens_est[0m[2m=[0m1125 [3mmessage_count[0m[2m=[0m1
[2m2026-07-12T23:06:09.087929Z[0m [32m INFO[0m [1mturn[0m[1m{[0m[3msession[0m[2m=[0m0a64ae01-e615-4770-b7c8-ae545a2d1daa[1m}[0m[2m:[0m [2mbraze_engine::engine[0m[2m:[0m parsed a prompt-tools envelope tool call [3mtool[0m[2m=[0mread_file
[2m2026-07-12T23:06:09.093375Z[0m [32m INFO[0m [1mturn[0m[1m{[0m[3msession[0m[2m=[0m0a64ae01-e615-4770-b7c8-ae545a2d1daa[1m}[0m[2m:[0m [2mbraze_engine::hooks[0m[2m:[0m prompt budget breakdown (PromptBudgetAuditHook) [3msystem_tokens_est[0m[2m=[0m235 [3mtools_tokens_est[0m[2m=[0m850 [3mhistory_tokens_est[0m[2m=[0m120 [3mtotal_tokens_est[0m[2m=[0m1206 [3mmessage_count[0m[2m=[0m4
[2m2026-07-12T23:06:11.632221Z[0m [32m INFO[0m [1mturn[0m[1m{[0m[3msession[0m[2m=[0m0a64ae01-e615-4770-b7c8-ae545a2d1daa[1m}[0m[2m:[0m [2mbraze_engine::engine[0m[2m:[0m parsed a prompt-tools envelope final answer
-> ollama:gemma4:e2b+ablate:constrained-tools :: error_recovery_edit_wrong_filename (rep 1/5)
[2m2026-07-12T23:06:11.639703Z[0m [32m INFO[0m [1mturn[0m[1m{[0m[3msession[0m[2m=[0m405cad51-d5bc-4ab3-8363-9c7dfca451d8[1m}[0m[2m:[0m [2mbraze_engine::hooks[0m[2m:[0m prompt budget breakdown (PromptBudgetAuditHook) [3msystem_tokens_est[0m[2m=[0m234 [3mtools_tokens_est[0m[2m=[0m850 [3mhistory_tokens_est[0m[2m=[0m40 [3mtotal_tokens_est[0m[2m=[0m1125 [3mmessage_count[0m[2m=[0m1
[2m2026-07-12T23:06:18.060273Z[0m [32m INFO[0m [1mturn[0m[1m{[0m[3msession[0m[2m=[0m405cad51-d5bc-4ab3-8363-9c7dfca451d8[1m}[0m[2m:[0m [2mbraze_engine::engine[0m[2m:[0m parsed a prompt-tools envelope tool call [3mtool[0m[2m=[0mread_file
[2m2026-07-12T23:06:18.068708Z[0m [32m INFO[0m [1mturn[0m[1m{[0m[3msession[0m[2m=[0m405cad51-d5bc-4ab3-8363-9c7dfca451d8[1m}[0m[2m:[0m [2mbraze_engine::hooks[0m[2m:[0m prompt budget breakdown (PromptBudgetAuditHook) [3msystem_tokens_est[0m[2m=[0m234 [3mtools_tokens_est[0m[2m=[0m850 [3mhistory_tokens_est[0m[2m=[0m89 [3mtotal_tokens_est[0m[2m=[0m1174 [3mmessage_count[0m[2m=[0m3
[2m2026-07-12T23:06:23.343619Z[0m [32m INFO[0m [1mturn[0m[1m{[0m[3msession[0m[2m=[0m405cad51-d5bc-4ab3-8363-9c7dfca451d8[1m}[0m[2m:[0m [2mbraze_engine::engine[0m[2m:[0m parsed a prompt-tools envelope final answer
-> ollama:gemma4:e2b+ablate:constrained-tools :: error_recovery_edit_wrong_filename (rep 2/5)
[2m2026-07-12T23:06:23.352018Z[0m [32m INFO[0m [1mturn[0m[1m{[0m[3msession[0m[2m=[0mfbd06df6-c79d-47ba-9369-14ed39762393[1m}[0m[2m:[0m [2mbraze_engine::hooks[0m[2m:[0m prompt budget breakdown (PromptBudgetAuditHook) [3msystem_tokens_est[0m[2m=[0m234 [3mtools_tokens_est[0m[2m=[0m850 [3mhistory_tokens_est[0m[2m=[0m40 [3mtotal_tokens_est[0m[2m=[0m1125 [3mmessage_count[0m[2m=[0m1
[2m2026-07-12T23:06:28.331541Z[0m [32m INFO[0m [1mturn[0m[1m{[0m[3msession[0m[2m=[0mfbd06df6-c79d-47ba-9369-14ed39762393[1m}[0m[2m:[0m [2mbraze_engine::engine[0m[2m:[0m parsed a prompt-tools envelope tool call [3mtool[0m[2m=[0mread_file
[2m2026-07-12T23:06:28.339857Z[0m [32m INFO[0m [1mturn[0m[1m{[0m[3msession[0m[2m=[0mfbd06df6-c79d-47ba-9369-14ed39762393[1m}[0m[2m:[0m [2mbraze_engine::hooks[0m[2m:[0m prompt budget breakdown (PromptBudgetAuditHook) [3msystem_tokens_est[0m[2m=[0m234 [3mtools_tokens_est[0m[2m=[0m850 [3mhistory_tokens_est[0m[2m=[0m99 [3mtotal_tokens_est[0m[2m=[0m1184 [3mmessage_count[0m[2m=[0m3
[2m2026-07-12T23:06:31.718588Z[0m [32m INFO[0m [1mturn[0m[1m{[0m[3msession[0m[2m=[0mfbd06df6-c79d-47ba-9369-14ed39762393[1m}[0m[2m:[0m [2mbraze_engine::engine[0m[2m:[0m parsed a prompt-tools envelope final answer
-> ollama:gemma4:e2b+ablate:constrained-tools :: error_recovery_edit_wrong_filename (rep 3/5)
[2m2026-07-12T23:06:31.724650Z[0m [32m INFO[0m [1mturn[0m[1m{[0m[3msession[0m[2m=[0mb0f79828-1765-4f94-919e-c2268446407c[1m}[0m[2m:[0m [2mbraze_engine::hooks[0m[2m:[0m prompt budget breakdown (PromptBudgetAuditHook) [3msystem_tokens_est[0m[2m=[0m234 [3mtools_tokens_est[0m[2m=[0m850 [3mhistory_tokens_est[0m[2m=[0m40 [3mtotal_tokens_est[0m[2m=[0m1125 [3mmessage_count[0m[2m=[0m1
[2m2026-07-12T23:06:44.466843Z[0m [32m INFO[0m [1mturn[0m[1m{[0m[3msession[0m[2m=[0mb0f79828-1765-4f94-919e-c2268446407c[1m}[0m[2m:[0m [2mbraze_engine::engine[0m[2m:[0m parsed a prompt-tools envelope tool call [3mtool[0m[2m=[0mread_file
[2m2026-07-12T23:06:44.479697Z[0m [32m INFO[0m [1mturn[0m[1m{[0m[3msession[0m[2m=[0mb0f79828-1765-4f94-919e-c2268446407c[1m}[0m[2m:[0m [2mbraze_engine::hooks[0m[2m:[0m prompt budget breakdown (PromptBudgetAuditHook) [3msystem_tokens_est[0m[2m=[0m234 [3mtools_tokens_est[0m[2m=[0m850 [3mhistory_tokens_est[0m[2m=[0m89 [3mtotal_tokens_est[0m[2m=[0m1174 [3mmessage_count[0m[2m=[0m3
[2m2026-07-12T23:06:47.483205Z[0m [32m INFO[0m [1mturn[0m[1m{[0m[3msession[0m[2m=[0mb0f79828-1765-4f94-919e-c2268446407c[1m}[0m[2m:[0m [2mbraze_engine::engine[0m[2m:[0m parsed a prompt-tools envelope final answer
-> ollama:gemma4:e2b+ablate:constrained-tools :: error_recovery_edit_wrong_filename (rep 4/5)
[2m2026-07-12T23:06:47.490215Z[0m [32m INFO[0m [1mturn[0m[1m{[0m[3msession[0m[2m=[0mb08f9d69-5289-477c-b722-8cc31e641663[1m}[0m[2m:[0m [2mbraze_engine::hooks[0m[2m:[0m prompt budget breakdown (PromptBudgetAuditHook) [3msystem_tokens_est[0m[2m=[0m234 [3mtools_tokens_est[0m[2m=[0m850 [3mhistory_tokens_est[0m[2m=[0m40 [3mtotal_tokens_est[0m[2m=[0m1125 [3mmessage_count[0m[2m=[0m1
[2m2026-07-12T23:06:52.464184Z[0m [32m INFO[0m [1mturn[0m[1m{[0m[3msession[0m[2m=[0mb08f9d69-5289-477c-b722-8cc31e641663[1m}[0m[2m:[0m [2mbraze_engine::engine[0m[2m:[0m parsed a prompt-tools envelope tool call [3mtool[0m[2m=[0mread_file
[2m2026-07-12T23:06:52.468782Z[0m [32m INFO[0m [1mturn[0m[1m{[0m[3msession[0m[2m=[0mb08f9d69-5289-477c-b722-8cc31e641663[1m}[0m[2m:[0m [2mbraze_engine::hooks[0m[2m:[0m prompt budget breakdown (PromptBudgetAuditHook) [3msystem_tokens_est[0m[2m=[0m234 [3mtools_tokens_est[0m[2m=[0m850 [3mhistory_tokens_est[0m[2m=[0m89 [3mtotal_tokens_est[0m[2m=[0m1174 [3mmessage_count[0m[2m=[0m3
[2m2026-07-12T23:06:55.549358Z[0m [32m INFO[0m [1mturn[0m[1m{[0m[3msession[0m[2m=[0mb08f9d69-5289-477c-b722-8cc31e641663[1m}[0m[2m:[0m [2mbraze_engine::engine[0m[2m:[0m parsed a prompt-tools envelope final answer
-> ollama:gemma4:e2b+ablate:constrained-tools :: error_recovery_edit_wrong_filename (rep 5/5)
[2m2026-07-12T23:06:55.557570Z[0m [32m INFO[0m [1mturn[0m[1m{[0m[3msession[0m[2m=[0m5a479bd9-2e7b-4adc-ba29-c872743ae8ec[1m}[0m[2m:[0m [2mbraze_engine::hooks[0m[2m:[0m prompt budget breakdown (PromptBudgetAuditHook) [3msystem_tokens_est[0m[2m=[0m234 [3mtools_tokens_est[0m[2m=[0m850 [3mhistory_tokens_est[0m[2m=[0m40 [3mtotal_tokens_est[0m[2m=[0m1125 [3mmessage_count[0m[2m=[0m1
[2m2026-07-12T23:07:06.981368Z[0m [32m INFO[0m [1mturn[0m[1m{[0m[3msession[0m[2m=[0m5a479bd9-2e7b-4adc-ba29-c872743ae8ec[1m}[0m[2m:[0m [2mbraze_engine::engine[0m[2m:[0m parsed a prompt-tools envelope tool call [3mtool[0m[2m=[0mread_file
[2m2026-07-12T23:07:06.988194Z[0m [32m INFO[0m [1mturn[0m[1m{[0m[3msession[0m[2m=[0m5a479bd9-2e7b-4adc-ba29-c872743ae8ec[1m}[0m[2m:[0m [2mbraze_engine::hooks[0m[2m:[0m prompt budget breakdown (PromptBudgetAuditHook) [3msystem_tokens_est[0m[2m=[0m234 [3mtools_tokens_est[0m[2m=[0m850 [3mhistory_tokens_est[0m[2m=[0m89 [3mtotal_tokens_est[0m[2m=[0m1174 [3mmessage_count[0m[2m=[0m3
[2m2026-07-12T23:07:09.933362Z[0m [32m INFO[0m [1mturn[0m[1m{[0m[3msession[0m[2m=[0m5a479bd9-2e7b-4adc-ba29-c872743ae8ec[1m}[0m[2m:[0m [2mbraze_engine::engine[0m[2m:[0m parsed a prompt-tools envelope final answer
-> ollama:gemma4:e2b+ablate:constrained-tools :: distractor_selection_log_with_error (rep 1/5)
[2m2026-07-12T23:07:09.947506Z[0m [32m INFO[0m [1mturn[0m[1m{[0m[3msession[0m[2m=[0mdceeabbc-574e-4209-b949-a0bcf25cd78b[1m}[0m[2m:[0m [2mbraze_engine::hooks[0m[2m:[0m prompt budget breakdown (PromptBudgetAuditHook) [3msystem_tokens_est[0m[2m=[0m234 [3mtools_tokens_est[0m[2m=[0m850 [3mhistory_tokens_est[0m[2m=[0m32 [3mtotal_tokens_est[0m[2m=[0m1118 [3mmessage_count[0m[2m=[0m1
[2m2026-07-12T23:07:13.421885Z[0m [32m INFO[0m [1mturn[0m[1m{[0m[3msession[0m[2m=[0mdceeabbc-574e-4209-b949-a0bcf25cd78b[1m}[0m[2m:[0m [2mbraze_engine::engine[0m[2m:[0m parsed a prompt-tools envelope tool call [3mtool[0m[2m=[0mgrep
[2m2026-07-12T23:07:13.437490Z[0m [32m INFO[0m [1mturn[0m[1m{[0m[3msession[0m[2m=[0mdceeabbc-574e-4209-b949-a0bcf25cd78b[1m}[0m[2m:[0m [2mbraze_engine::hooks[0m[2m:[0m prompt budget breakdown (PromptBudgetAuditHook) [3msystem_tokens_est[0m[2m=[0m234 [3mtools_tokens_est[0m[2m=[0m850 [3mhistory_tokens_est[0m[2m=[0m74 [3mtotal_tokens_est[0m[2m=[0m1160 [3mmessage_count[0m[2m=[0m3
[2m2026-07-12T23:07:16.468039Z[0m [32m INFO[0m [1mturn[0m[1m{[0m[3msession[0m[2m=[0mdceeabbc-574e-4209-b949-a0bcf25cd78b[1m}[0m[2m:[0m [2mbraze_engine::engine[0m[2m:[0m parsed a prompt-tools envelope final answer
-> ollama:gemma4:e2b+ablate:constrained-tools :: distractor_selection_log_with_error (rep 2/5)
[2m2026-07-12T23:07:16.477323Z[0m [32m INFO[0m [1mturn[0m[1m{[0m[3msession[0m[2m=[0m96171ebc-0f01-4f7a-a25a-243723ef9b06[1m}[0m[2m:[0m [2mbraze_engine::hooks[0m[2m:[0m prompt budget breakdown (PromptBudgetAuditHook) [3msystem_tokens_est[0m[2m=[0m234 [3mtools_tokens_est[0m[2m=[0m850 [3mhistory_tokens_est[0m[2m=[0m32 [3mtotal_tokens_est[0m[2m=[0m1118 [3mmessage_count[0m[2m=[0m1
[2m2026-07-12T23:07:24.866146Z[0m [32m INFO[0m [1mturn[0m[1m{[0m[3msession[0m[2m=[0m96171ebc-0f01-4f7a-a25a-243723ef9b06[1m}[0m[2m:[0m [2mbraze_engine::engine[0m[2m:[0m parsed a prompt-tools envelope tool call [3mtool[0m[2m=[0mgrep
[2m2026-07-12T23:07:24.884754Z[0m [32m INFO[0m [1mturn[0m[1m{[0m[3msession[0m[2m=[0m96171ebc-0f01-4f7a-a25a-243723ef9b06[1m}[0m[2m:[0m [2mbraze_engine::hooks[0m[2m:[0m prompt budget breakdown (PromptBudgetAuditHook) [3msystem_tokens_est[0m[2m=[0m234 [3mtools_tokens_est[0m[2m=[0m850 [3mhistory_tokens_est[0m[2m=[0m238 [3mtotal_tokens_est[0m[2m=[0m1324 [3mmessage_count[0m[2m=[0m4
-> ollama:gemma4:e2b+ablate:constrained-tools :: distractor_selection_log_with_error (rep 3/5)
[2m2026-07-12T23:07:25.737150Z[0m [32m INFO[0m [1mturn[0m[1m{[0m[3msession[0m[2m=[0m459809a8-b50e-4ece-9ebf-7d6006e78204[1m}[0m[2m:[0m [2mbraze_engine::hooks[0m[2m:[0m prompt budget breakdown (PromptBudgetAuditHook) [3msystem_tokens_est[0m[2m=[0m234 [3mtools_tokens_est[0m[2m=[0m850 [3mhistory_tokens_est[0m[2m=[0m32 [3mtotal_tokens_est[0m[2m=[0m1118 [3mmessage_count[0m[2m=[0m1
[2m2026-07-12T23:07:30.028514Z[0m [32m INFO[0m [1mturn[0m[1m{[0m[3msession[0m[2m=[0m459809a8-b50e-4ece-9ebf-7d6006e78204[1m}[0m[2m:[0m [2mbraze_engine::engine[0m[2m:[0m parsed a prompt-tools envelope tool call [3mtool[0m[2m=[0mgrep
[2m2026-07-12T23:07:30.041952Z[0m [32m INFO[0m [1mturn[0m[1m{[0m[3msession[0m[2m=[0m459809a8-b50e-4ece-9ebf-7d6006e78204[1m}[0m[2m:[0m [2mbraze_engine::hooks[0m[2m:[0m prompt budget breakdown (PromptBudgetAuditHook) [3msystem_tokens_est[0m[2m=[0m234 [3mtools_tokens_est[0m[2m=[0m850 [3mhistory_tokens_est[0m[2m=[0m74 [3mtotal_tokens_est[0m[2m=[0m1160 [3mmessage_count[0m[2m=[0m3
[2m2026-07-12T23:07:33.124201Z[0m [32m INFO[0m [1mturn[0m[1m{[0m[3msession[0m[2m=[0m459809a8-b50e-4ece-9ebf-7d6006e78204[1m}[0m[2m:[0m [2mbraze_engine::engine[0m[2m:[0m parsed a prompt-tools envelope final answer
-> ollama:gemma4:e2b+ablate:constrained-tools :: distractor_selection_log_with_error (rep 4/5)
[2m2026-07-12T23:07:33.130727Z[0m [32m INFO[0m [1mturn[0m[1m{[0m[3msession[0m[2m=[0m8b6034f5-6e0d-4753-84d3-a0bd3f80648b[1m}[0m[2m:[0m [2mbraze_engine::hooks[0m[2m:[0m prompt budget breakdown (PromptBudgetAuditHook) [3msystem_tokens_est[0m[2m=[0m234 [3mtools_tokens_est[0m[2m=[0m850 [3mhistory_tokens_est[0m[2m=[0m32 [3mtotal_tokens_est[0m[2m=[0m1118 [3mmessage_count[0m[2m=[0m1
[2m2026-07-12T23:07:37.204979Z[0m [32m INFO[0m [1mturn[0m[1m{[0m[3msession[0m[2m=[0m8b6034f5-6e0d-4753-84d3-a0bd3f80648b[1m}[0m[2m:[0m [2mbraze_engine::engine[0m[2m:[0m parsed a prompt-tools envelope tool call [3mtool[0m[2m=[0mgrep
[2m2026-07-12T23:07:37.215276Z[0m [32m INFO[0m [1mturn[0m[1m{[0m[3msession[0m[2m=[0m8b6034f5-6e0d-4753-84d3-a0bd3f80648b[1m}[0m[2m:[0m [2mbraze_engine::hooks[0m[2m:[0m prompt budget breakdown (PromptBudgetAuditHook) [3msystem_tokens_est[0m[2m=[0m234 [3mtools_tokens_est[0m[2m=[0m850 [3mhistory_tokens_est[0m[2m=[0m74 [3mtotal_tokens_est[0m[2m=[0m1160 [3mmessage_count[0m[2m=[0m3
[2m2026-07-12T23:07:42.829563Z[0m [32m INFO[0m [1mturn[0m[1m{[0m[3msession[0m[2m=[0m8b6034f5-6e0d-4753-84d3-a0bd3f80648b[1m}[0m[2m:[0m [2mbraze_engine::engine[0m[2m:[0m parsed a prompt-tools envelope final answer
-> ollama:gemma4:e2b+ablate:constrained-tools :: distractor_selection_log_with_error (rep 5/5)
[2m2026-07-12T23:07:42.839640Z[0m [32m INFO[0m [1mturn[0m[1m{[0m[3msession[0m[2m=[0me67e2d07-ea20-44eb-8838-c381871ee622[1m}[0m[2m:[0m [2mbraze_engine::hooks[0m[2m:[0m prompt budget breakdown (PromptBudgetAuditHook) [3msystem_tokens_est[0m[2m=[0m234 [3mtools_tokens_est[0m[2m=[0m850 [3mhistory_tokens_est[0m[2m=[0m32 [3mtotal_tokens_est[0m[2m=[0m1118 [3mmessage_count[0m[2m=[0m1
[2m2026-07-12T23:07:47.823014Z[0m [32m INFO[0m [1mturn[0m[1m{[0m[3msession[0m[2m=[0me67e2d07-ea20-44eb-8838-c381871ee622[1m}[0m[2m:[0m [2mbraze_engine::engine[0m[2m:[0m parsed a prompt-tools envelope tool call [3mtool[0m[2m=[0mgrep
[2m2026-07-12T23:07:47.836203Z[0m [32m INFO[0m [1mturn[0m[1m{[0m[3msession[0m[2m=[0me67e2d07-ea20-44eb-8838-c381871ee622[1m}[0m[2m:[0m [2mbraze_engine::hooks[0m[2m:[0m prompt budget breakdown (PromptBudgetAuditHook) [3msystem_tokens_est[0m[2m=[0m234 [3mtools_tokens_est[0m[2m=[0m850 [3mhistory_tokens_est[0m[2m=[0m74 [3mtotal_tokens_est[0m[2m=[0m1160 [3mmessage_count[0m[2m=[0m3
[2m2026-07-12T23:07:50.910093Z[0m [32m INFO[0m [1mturn[0m[1m{[0m[3msession[0m[2m=[0me67e2d07-ea20-44eb-8838-c381871ee622[1m}[0m[2m:[0m [2mbraze_engine::engine[0m[2m:[0m parsed a prompt-tools envelope final answer
-> ollama:gemma4:e2b+ablate:constrained-tools :: distractor_selection_debug_config (rep 1/5)
[2m2026-07-12T23:07:50.917824Z[0m [32m INFO[0m [1mturn[0m[1m{[0m[3msession[0m[2m=[0mc76c05d1-59c1-430c-ad14-c69d842e42a3[1m}[0m[2m:[0m [2mbraze_engine::hooks[0m[2m:[0m prompt budget breakdown (PromptBudgetAuditHook) [3msystem_tokens_est[0m[2m=[0m234 [3mtools_tokens_est[0m[2m=[0m850 [3mhistory_tokens_est[0m[2m=[0m28 [3mtotal_tokens_est[0m[2m=[0m1113 [3mmessage_count[0m[2m=[0m1
[2m2026-07-12T23:07:55.164304Z[0m [32m INFO[0m [1mturn[0m[1m{[0m[3msession[0m[2m=[0mc76c05d1-59c1-430c-ad14-c69d842e42a3[1m}[0m[2m:[0m [2mbraze_engine::engine[0m[2m:[0m parsed a prompt-tools envelope tool call [3mtool[0m[2m=[0mread_file
[2m2026-07-12T23:07:55.169091Z[0m [32m INFO[0m [1mturn[0m[1m{[0m[3msession[0m[2m=[0mc76c05d1-59c1-430c-ad14-c69d842e42a3[1m}[0m[2m:[0m [2mbraze_engine::hooks[0m[2m:[0m prompt budget breakdown (PromptBudgetAuditHook) [3msystem_tokens_est[0m[2m=[0m234 [3mtools_tokens_est[0m[2m=[0m850 [3mhistory_tokens_est[0m[2m=[0m75 [3mtotal_tokens_est[0m[2m=[0m1159 [3mmessage_count[0m[2m=[0m3
-> ollama:gemma4:e2b+ablate:constrained-tools :: distractor_selection_debug_config (rep 2/5)
[2m2026-07-12T23:07:55.900629Z[0m [32m INFO[0m [1mturn[0m[1m{[0m[3msession[0m[2m=[0m8cdb82ee-c21e-406b-b18b-1aa8aa98c809[1m}[0m[2m:[0m [2mbraze_engine::hooks[0m[2m:[0m prompt budget breakdown (PromptBudgetAuditHook) [3msystem_tokens_est[0m[2m=[0m234 [3mtools_tokens_est[0m[2m=[0m850 [3mhistory_tokens_est[0m[2m=[0m28 [3mtotal_tokens_est[0m[2m=[0m1113 [3mmessage_count[0m[2m=[0m1
[2m2026-07-12T23:08:01.192787Z[0m [32m INFO[0m [1mturn[0m[1m{[0m[3msession[0m[2m=[0m8cdb82ee-c21e-406b-b18b-1aa8aa98c809[1m}[0m[2m:[0m [2mbraze_engine::engine[0m[2m:[0m parsed a prompt-tools envelope tool call [3mtool[0m[2m=[0mread_file
[2m2026-07-12T23:08:01.197407Z[0m [32m INFO[0m [1mturn[0m[1m{[0m[3msession[0m[2m=[0m8cdb82ee-c21e-406b-b18b-1aa8aa98c809[1m}[0m[2m:[0m [2mbraze_engine::hooks[0m[2m:[0m prompt budget breakdown (PromptBudgetAuditHook) [3msystem_tokens_est[0m[2m=[0m234 [3mtools_tokens_est[0m[2m=[0m850 [3mhistory_tokens_est[0m[2m=[0m87 [3mtotal_tokens_est[0m[2m=[0m1171 [3mmessage_count[0m[2m=[0m3
-> ollama:gemma4:e2b+ablate:constrained-tools :: distractor_selection_debug_config (rep 3/5)
[2m2026-07-12T23:08:02.105108Z[0m [32m INFO[0m [1mturn[0m[1m{[0m[3msession[0m[2m=[0m735bc772-7800-48e1-80fb-e41454996803[1m}[0m[2m:[0m [2mbraze_engine::hooks[0m[2m:[0m prompt budget breakdown (PromptBudgetAuditHook) [3msystem_tokens_est[0m[2m=[0m234 [3mtools_tokens_est[0m[2m=[0m850 [3mhistory_tokens_est[0m[2m=[0m28 [3mtotal_tokens_est[0m[2m=[0m1113 [3mmessage_count[0m[2m=[0m1
[2m2026-07-12T23:08:06.382114Z[0m [32m INFO[0m [1mturn[0m[1m{[0m[3msession[0m[2m=[0m735bc772-7800-48e1-80fb-e41454996803[1m}[0m[2m:[0m [2mbraze_engine::engine[0m[2m:[0m parsed a prompt-tools envelope tool call [3mtool[0m[2m=[0mread_file
[2m2026-07-12T23:08:06.387657Z[0m [32m INFO[0m [1mturn[0m[1m{[0m[3msession[0m[2m=[0m735bc772-7800-48e1-80fb-e41454996803[1m}[0m[2m:[0m [2mbraze_engine::hooks[0m[2m:[0m prompt budget breakdown (PromptBudgetAuditHook) [3msystem_tokens_est[0m[2m=[0m234 [3mtools_tokens_est[0m[2m=[0m850 [3mhistory_tokens_est[0m[2m=[0m75 [3mtotal_tokens_est[0m[2m=[0m1159 [3mmessage_count[0m[2m=[0m3
-> ollama:gemma4:e2b+ablate:constrained-tools :: distractor_selection_debug_config (rep 4/5)
[2m2026-07-12T23:08:07.206793Z[0m [32m INFO[0m [1mturn[0m[1m{[0m[3msession[0m[2m=[0m5ce59b0d-1096-42b5-9138-1f1e28407d1a[1m}[0m[2m:[0m [2mbraze_engine::hooks[0m[2m:[0m prompt budget breakdown (PromptBudgetAuditHook) [3msystem_tokens_est[0m[2m=[0m234 [3mtools_tokens_est[0m[2m=[0m850 [3mhistory_tokens_est[0m[2m=[0m28 [3mtotal_tokens_est[0m[2m=[0m1113 [3mmessage_count[0m[2m=[0m1
[2m2026-07-12T23:08:12.175494Z[0m [32m INFO[0m [1mturn[0m[1m{[0m[3msession[0m[2m=[0m5ce59b0d-1096-42b5-9138-1f1e28407d1a[1m}[0m[2m:[0m [2mbraze_engine::engine[0m[2m:[0m parsed a prompt-tools envelope tool call [3mtool[0m[2m=[0mread_file
[2m2026-07-12T23:08:12.180718Z[0m [32m INFO[0m [1mturn[0m[1m{[0m[3msession[0m[2m=[0m5ce59b0d-1096-42b5-9138-1f1e28407d1a[1m}[0m[2m:[0m [2mbraze_engine::hooks[0m[2m:[0m prompt budget breakdown (PromptBudgetAuditHook) [3msystem_tokens_est[0m[2m=[0m234 [3mtools_tokens_est[0m[2m=[0m850 [3mhistory_tokens_est[0m[2m=[0m72 [3mtotal_tokens_est[0m[2m=[0m1157 [3mmessage_count[0m[2m=[0m3
[2m2026-07-12T23:08:14.765717Z[0m [32m INFO[0m [1mturn[0m[1m{[0m[3msession[0m[2m=[0m5ce59b0d-1096-42b5-9138-1f1e28407d1a[1m}[0m[2m:[0m [2mbraze_engine::engine[0m[2m:[0m parsed a prompt-tools envelope final answer
-> ollama:gemma4:e2b+ablate:constrained-tools :: distractor_selection_debug_config (rep 5/5)
[2m2026-07-12T23:08:14.773208Z[0m [32m INFO[0m [1mturn[0m[1m{[0m[3msession[0m[2m=[0m9cb2aea1-7548-46e6-999e-71f8ea6c1112[1m}[0m[2m:[0m [2mbraze_engine::hooks[0m[2m:[0m prompt budget breakdown (PromptBudgetAuditHook) [3msystem_tokens_est[0m[2m=[0m234 [3mtools_tokens_est[0m[2m=[0m850 [3mhistory_tokens_est[0m[2m=[0m28 [3mtotal_tokens_est[0m[2m=[0m1113 [3mmessage_count[0m[2m=[0m1
[2m2026-07-12T23:08:19.631917Z[0m [32m INFO[0m [1mturn[0m[1m{[0m[3msession[0m[2m=[0m9cb2aea1-7548-46e6-999e-71f8ea6c1112[1m}[0m[2m:[0m [2mbraze_engine::engine[0m[2m:[0m parsed a prompt-tools envelope tool call [3mtool[0m[2m=[0mread_file
[2m2026-07-12T23:08:19.638999Z[0m [32m INFO[0m [1mturn[0m[1m{[0m[3msession[0m[2m=[0m9cb2aea1-7548-46e6-999e-71f8ea6c1112[1m}[0m[2m:[0m [2mbraze_engine::hooks[0m[2m:[0m prompt budget breakdown (PromptBudgetAuditHook) [3msystem_tokens_est[0m[2m=[0m234 [3mtools_tokens_est[0m[2m=[0m850 [3mhistory_tokens_est[0m[2m=[0m72 [3mtotal_tokens_est[0m[2m=[0m1157 [3mmessage_count[0m[2m=[0m3
[2m2026-07-12T23:08:24.890585Z[0m [32m INFO[0m [1mturn[0m[1m{[0m[3msession[0m[2m=[0m9cb2aea1-7548-46e6-999e-71f8ea6c1112[1m}[0m[2m:[0m [2mbraze_engine::engine[0m[2m:[0m parsed a prompt-tools envelope final answer
-> ollama:qwen2.5:3b+ablate:constrained-tools :: read_file_basic (rep 1/5)
[2m2026-07-12T23:08:27.676826Z[0m [32m INFO[0m [1mturn[0m[1m{[0m[3msession[0m[2m=[0mbbde9f18-0e02-46a6-afdc-f7f046017f09[1m}[0m[2m:[0m [2mbraze_engine::hooks[0m[2m:[0m prompt budget breakdown (PromptBudgetAuditHook) [3msystem_tokens_est[0m[2m=[0m269 [3mtools_tokens_est[0m[2m=[0m850 [3mhistory_tokens_est[0m[2m=[0m19 [3mtotal_tokens_est[0m[2m=[0m1139 [3mmessage_count[0m[2m=[0m1
[2m2026-07-12T23:08:36.529049Z[0m [32m INFO[0m [1mturn[0m[1m{[0m[3msession[0m[2m=[0mbbde9f18-0e02-46a6-afdc-f7f046017f09[1m}[0m[2m:[0m [2mbraze_engine::engine[0m[2m:[0m parsed a prompt-tools envelope tool call [3mtool[0m[2m=[0mread_file
[2m2026-07-12T23:08:36.537100Z[0m [32m INFO[0m [1mturn[0m[1m{[0m[3msession[0m[2m=[0mbbde9f18-0e02-46a6-afdc-f7f046017f09[1m}[0m[2m:[0m [2mbraze_engine::hooks[0m[2m:[0m prompt budget breakdown (PromptBudgetAuditHook) [3msystem_tokens_est[0m[2m=[0m269 [3mtools_tokens_est[0m[2m=[0m850 [3mhistory_tokens_est[0m[2m=[0m34 [3mtotal_tokens_est[0m[2m=[0m1154 [3mmessage_count[0m[2m=[0m3
[2m2026-07-12T23:08:37.166846Z[0m [32m INFO[0m [1mturn[0m[1m{[0m[3msession[0m[2m=[0mbbde9f18-0e02-46a6-afdc-f7f046017f09[1m}[0m[2m:[0m [2mbraze_engine::engine[0m[2m:[0m parsed a prompt-tools envelope final answer
-> ollama:qwen2.5:3b+ablate:constrained-tools :: read_file_basic (rep 2/5)
[2m2026-07-12T23:08:37.182688Z[0m [32m INFO[0m [1mturn[0m[1m{[0m[3msession[0m[2m=[0m0ce1bf53-e045-43f8-b97b-1efa6ffb6b19[1m}[0m[2m:[0m [2mbraze_engine::hooks[0m[2m:[0m prompt budget breakdown (PromptBudgetAuditHook) [3msystem_tokens_est[0m[2m=[0m269 [3mtools_tokens_est[0m[2m=[0m850 [3mhistory_tokens_est[0m[2m=[0m19 [3mtotal_tokens_est[0m[2m=[0m1139 [3mmessage_count[0m[2m=[0m1
[2m2026-07-12T23:08:38.331094Z[0m [32m INFO[0m [1mturn[0m[1m{[0m[3msession[0m[2m=[0m0ce1bf53-e045-43f8-b97b-1efa6ffb6b19[1m}[0m[2m:[0m [2mbraze_engine::engine[0m[2m:[0m parsed a prompt-tools envelope tool call [3mtool[0m[2m=[0mread_file
[2m2026-07-12T23:08:38.336026Z[0m [32m INFO[0m [1mturn[0m[1m{[0m[3msession[0m[2m=[0m0ce1bf53-e045-43f8-b97b-1efa6ffb6b19[1m}[0m[2m:[0m [2mbraze_engine::hooks[0m[2m:[0m prompt budget breakdown (PromptBudgetAuditHook) [3msystem_tokens_est[0m[2m=[0m269 [3mtools_tokens_est[0m[2m=[0m850 [3mhistory_tokens_est[0m[2m=[0m34 [3mtotal_tokens_est[0m[2m=[0m1154 [3mmessage_count[0m[2m=[0m3
[2m2026-07-12T23:08:38.962356Z[0m [32m INFO[0m [1mturn[0m[1m{[0m[3msession[0m[2m=[0m0ce1bf53-e045-43f8-b97b-1efa6ffb6b19[1m}[0m[2m:[0m [2mbraze_engine::engine[0m[2m:[0m parsed a prompt-tools envelope final answer
-> ollama:qwen2.5:3b+ablate:constrained-tools :: read_file_basic (rep 3/5)
[2m2026-07-12T23:08:38.967490Z[0m [32m INFO[0m [1mturn[0m[1m{[0m[3msession[0m[2m=[0m7081c23b-ce39-44a4-93ff-bb709e434989[1m}[0m[2m:[0m [2mbraze_engine::hooks[0m[2m:[0m prompt budget breakdown (PromptBudgetAuditHook) [3msystem_tokens_est[0m[2m=[0m269 [3mtools_tokens_est[0m[2m=[0m850 [3mhistory_tokens_est[0m[2m=[0m19 [3mtotal_tokens_est[0m[2m=[0m1139 [3mmessage_count[0m[2m=[0m1
[2m2026-07-12T23:08:40.098284Z[0m [32m INFO[0m [1mturn[0m[1m{[0m[3msession[0m[2m=[0m7081c23b-ce39-44a4-93ff-bb709e434989[1m}[0m[2m:[0m [2mbraze_engine::engine[0m[2m:[0m parsed a prompt-tools envelope tool call [3mtool[0m[2m=[0mread_file
[2m2026-07-12T23:08:40.105011Z[0m [32m INFO[0m [1mturn[0m[1m{[0m[3msession[0m[2m=[0m7081c23b-ce39-44a4-93ff-bb709e434989[1m}[0m[2m:[0m [2mbraze_engine::hooks[0m[2m:[0m prompt budget breakdown (PromptBudgetAuditHook) [3msystem_tokens_est[0m[2m=[0m269 [3mtools_tokens_est[0m[2m=[0m850 [3mhistory_tokens_est[0m[2m=[0m34 [3mtotal_tokens_est[0m[2m=[0m1154 [3mmessage_count[0m[2m=[0m3
[2m2026-07-12T23:08:40.737432Z[0m [32m INFO[0m [1mturn[0m[1m{[0m[3msession[0m[2m=[0m7081c23b-ce39-44a4-93ff-bb709e434989[1m}[0m[2m:[0m [2mbraze_engine::engine[0m[2m:[0m parsed a prompt-tools envelope final answer
-> ollama:qwen2.5:3b+ablate:constrained-tools :: read_file_basic (rep 4/5)
[2m2026-07-12T23:08:40.751286Z[0m [32m INFO[0m [1mturn[0m[1m{[0m[3msession[0m[2m=[0m3df510fa-12a7-45c2-beb9-1522d300fb7e[1m}[0m[2m:[0m [2mbraze_engine::hooks[0m[2m:[0m prompt budget breakdown (PromptBudgetAuditHook) [3msystem_tokens_est[0m[2m=[0m269 [3mtools_tokens_est[0m[2m=[0m850 [3mhistory_tokens_est[0m[2m=[0m19 [3mtotal_tokens_est[0m[2m=[0m1139 [3mmessage_count[0m[2m=[0m1
[2m2026-07-12T23:08:41.879002Z[0m [32m INFO[0m [1mturn[0m[1m{[0m[3msession[0m[2m=[0m3df510fa-12a7-45c2-beb9-1522d300fb7e[1m}[0m[2m:[0m [2mbraze_engine::engine[0m[2m:[0m parsed a prompt-tools envelope tool call [3mtool[0m[2m=[0mread_file
[2m2026-07-12T23:08:41.886161Z[0m [32m INFO[0m [1mturn[0m[1m{[0m[3msession[0m[2m=[0m3df510fa-12a7-45c2-beb9-1522d300fb7e[1m}[0m[2m:[0m [2mbraze_engine::hooks[0m[2m:[0m prompt budget breakdown (PromptBudgetAuditHook) [3msystem_tokens_est[0m[2m=[0m269 [3mtools_tokens_est[0m[2m=[0m850 [3mhistory_tokens_est[0m[2m=[0m34 [3mtotal_tokens_est[0m[2m=[0m1154 [3mmessage_count[0m[2m=[0m3
[2m2026-07-12T23:08:42.511409Z[0m [32m INFO[0m [1mturn[0m[1m{[0m[3msession[0m[2m=[0m3df510fa-12a7-45c2-beb9-1522d300fb7e[1m}[0m[2m:[0m [2mbraze_engine::engine[0m[2m:[0m parsed a prompt-tools envelope final answer
-> ollama:qwen2.5:3b+ablate:constrained-tools :: read_file_basic (rep 5/5)
[2m2026-07-12T23:08:42.519598Z[0m [32m INFO[0m [1mturn[0m[1m{[0m[3msession[0m[2m=[0mcc4ffd48-d7dd-4ff1-9f5e-deb447a42890[1m}[0m[2m:[0m [2mbraze_engine::hooks[0m[2m:[0m prompt budget breakdown (PromptBudgetAuditHook) [3msystem_tokens_est[0m[2m=[0m269 [3mtools_tokens_est[0m[2m=[0m850 [3mhistory_tokens_est[0m[2m=[0m19 [3mtotal_tokens_est[0m[2m=[0m1139 [3mmessage_count[0m[2m=[0m1
[2m2026-07-12T23:08:43.647348Z[0m [32m INFO[0m [1mturn[0m[1m{[0m[3msession[0m[2m=[0mcc4ffd48-d7dd-4ff1-9f5e-deb447a42890[1m}[0m[2m:[0m [2mbraze_engine::engine[0m[2m:[0m parsed a prompt-tools envelope tool call [3mtool[0m[2m=[0mread_file
[2m2026-07-12T23:08:43.652335Z[0m [32m INFO[0m [1mturn[0m[1m{[0m[3msession[0m[2m=[0mcc4ffd48-d7dd-4ff1-9f5e-deb447a42890[1m}[0m[2m:[0m [2mbraze_engine::hooks[0m[2m:[0m prompt budget breakdown (PromptBudgetAuditHook) [3msystem_tokens_est[0m[2m=[0m269 [3mtools_tokens_est[0m[2m=[0m850 [3mhistory_tokens_est[0m[2m=[0m34 [3mtotal_tokens_est[0m[2m=[0m1154 [3mmessage_count[0m[2m=[0m3
[2m2026-07-12T23:08:44.287349Z[0m [32m INFO[0m [1mturn[0m[1m{[0m[3msession[0m[2m=[0mcc4ffd48-d7dd-4ff1-9f5e-deb447a42890[1m}[0m[2m:[0m [2mbraze_engine::engine[0m[2m:[0m parsed a prompt-tools envelope final answer
-> ollama:qwen2.5:3b+ablate:constrained-tools :: grep_basic (rep 1/5)
[2m2026-07-12T23:08:44.295455Z[0m [32m INFO[0m [1mturn[0m[1m{[0m[3msession[0m[2m=[0mc1ca3eab-b2b1-4bec-8e67-3bfbebdb578b[1m}[0m[2m:[0m [2mbraze_engine::hooks[0m[2m:[0m prompt budget breakdown (PromptBudgetAuditHook) [3msystem_tokens_est[0m[2m=[0m268 [3mtools_tokens_est[0m[2m=[0m850 [3mhistory_tokens_est[0m[2m=[0m19 [3mtotal_tokens_est[0m[2m=[0m1138 [3mmessage_count[0m[2m=[0m1
[2m2026-07-12T23:08:46.006867Z[0m [32m INFO[0m [1mturn[0m[1m{[0m[3msession[0m[2m=[0mc1ca3eab-b2b1-4bec-8e67-3bfbebdb578b[1m}[0m[2m:[0m [2mbraze_engine::engine[0m[2m:[0m parsed a prompt-tools envelope tool call [3mtool[0m[2m=[0mread_file
[2m2026-07-12T23:08:46.011749Z[0m [32m INFO[0m [1mturn[0m[1m{[0m[3msession[0m[2m=[0mc1ca3eab-b2b1-4bec-8e67-3bfbebdb578b[1m}[0m[2m:[0m [2mbraze_engine::hooks[0m[2m:[0m prompt budget breakdown (PromptBudgetAuditHook) [3msystem_tokens_est[0m[2m=[0m268 [3mtools_tokens_est[0m[2m=[0m850 [3mhistory_tokens_est[0m[2m=[0m60 [3mtotal_tokens_est[0m[2m=[0m1180 [3mmessage_count[0m[2m=[0m3
[2m2026-07-12T23:08:46.769079Z[0m [32m INFO[0m [1mturn[0m[1m{[0m[3msession[0m[2m=[0mc1ca3eab-b2b1-4bec-8e67-3bfbebdb578b[1m}[0m[2m:[0m [2mbraze_engine::engine[0m[2m:[0m parsed a prompt-tools envelope final answer
-> ollama:qwen2.5:3b+ablate:constrained-tools :: grep_basic (rep 2/5)
[2m2026-07-12T23:08:46.782520Z[0m [32m INFO[0m [1mturn[0m[1m{[0m[3msession[0m[2m=[0m8bba6d34-c9f1-4d1c-a0cb-5cc487f7c857[1m}[0m[2m:[0m [2mbraze_engine::hooks[0m[2m:[0m prompt budget breakdown (PromptBudgetAuditHook) [3msystem_tokens_est[0m[2m=[0m268 [3mtools_tokens_est[0m[2m=[0m850 [3mhistory_tokens_est[0m[2m=[0m19 [3mtotal_tokens_est[0m[2m=[0m1138 [3mmessage_count[0m[2m=[0m1
[2m2026-07-12T23:08:48.140592Z[0m [32m INFO[0m [1mturn[0m[1m{[0m[3msession[0m[2m=[0m8bba6d34-c9f1-4d1c-a0cb-5cc487f7c857[1m}[0m[2m:[0m [2mbraze_engine::engine[0m[2m:[0m parsed a prompt-tools envelope tool call [3mtool[0m[2m=[0mread_file
[2m2026-07-12T23:08:48.145645Z[0m [32m INFO[0m [1mturn[0m[1m{[0m[3msession[0m[2m=[0m8bba6d34-c9f1-4d1c-a0cb-5cc487f7c857[1m}[0m[2m:[0m [2mbraze_engine::hooks[0m[2m:[0m prompt budget breakdown (PromptBudgetAuditHook) [3msystem_tokens_est[0m[2m=[0m268 [3mtools_tokens_est[0m[2m=[0m850 [3mhistory_tokens_est[0m[2m=[0m56 [3mtotal_tokens_est[0m[2m=[0m1175 [3mmessage_count[0m[2m=[0m3
[2m2026-07-12T23:08:49.996738Z[0m [32m INFO[0m [1mturn[0m[1m{[0m[3msession[0m[2m=[0m8bba6d34-c9f1-4d1c-a0cb-5cc487f7c857[1m}[0m[2m:[0m [2mbraze_engine::engine[0m[2m:[0m parsed a prompt-tools envelope tool call [3mtool[0m[2m=[0mshell_exec
[2m2026-07-12T23:08:50.016878Z[0m [32m INFO[0m [1mturn[0m[1m{[0m[3msession[0m[2m=[0m8bba6d34-c9f1-4d1c-a0cb-5cc487f7c857[1m}[0m[2m:[0m [2mbraze_engine::hooks[0m[2m:[0m prompt budget breakdown (PromptBudgetAuditHook) [3msystem_tokens_est[0m[2m=[0m268 [3mtools_tokens_est[0m[2m=[0m850 [3mhistory_tokens_est[0m[2m=[0m149 [3mtotal_tokens_est[0m[2m=[0m1268 [3mmessage_count[0m[2m=[0m6
[2m2026-07-12T23:08:51.159542Z[0m [32m INFO[0m [1mturn[0m[1m{[0m[3msession[0m[2m=[0m8bba6d34-c9f1-4d1c-a0cb-5cc487f7c857[1m}[0m[2m:[0m [2mbraze_engine::engine[0m[2m:[0m parsed a prompt-tools envelope final answer
-> ollama:qwen2.5:3b+ablate:constrained-tools :: grep_basic (rep 3/5)
[2m2026-07-12T23:08:51.165678Z[0m [32m INFO[0m [1mturn[0m[1m{[0m[3msession[0m[2m=[0m6c8b5280-e81d-4ea4-b8bb-45bbd33ea56d[1m}[0m[2m:[0m [2mbraze_engine::hooks[0m[2m:[0m prompt budget breakdown (PromptBudgetAuditHook) [3msystem_tokens_est[0m[2m=[0m268 [3mtools_tokens_est[0m[2m=[0m850 [3mhistory_tokens_est[0m[2m=[0m19 [3mtotal_tokens_est[0m[2m=[0m1138 [3mmessage_count[0m[2m=[0m1
[2m2026-07-12T23:08:52.417078Z[0m [32m INFO[0m [1mturn[0m[1m{[0m[3msession[0m[2m=[0m6c8b5280-e81d-4ea4-b8bb-45bbd33ea56d[1m}[0m[2m:[0m [2mbraze_engine::engine[0m[2m:[0m parsed a prompt-tools envelope tool call [3mtool[0m[2m=[0mread_file
[2m2026-07-12T23:08:52.423068Z[0m [32m INFO[0m [1mturn[0m[1m{[0m[3msession[0m[2m=[0m6c8b5280-e81d-4ea4-b8bb-45bbd33ea56d[1m}[0m[2m:[0m [2mbraze_engine::hooks[0m[2m:[0m prompt budget breakdown (PromptBudgetAuditHook) [3msystem_tokens_est[0m[2m=[0m268 [3mtools_tokens_est[0m[2m=[0m850 [3mhistory_tokens_est[0m[2m=[0m49 [3mtotal_tokens_est[0m[2m=[0m1168 [3mmessage_count[0m[2m=[0m3
[2m2026-07-12T23:08:53.177941Z[0m [32m INFO[0m [1mturn[0m[1m{[0m[3msession[0m[2m=[0m6c8b5280-e81d-4ea4-b8bb-45bbd33ea56d[1m}[0m[2m:[0m [2mbraze_engine::engine[0m[2m:[0m parsed a prompt-tools envelope final answer
-> ollama:qwen2.5:3b+ablate:constrained-tools :: grep_basic (rep 4/5)
[2m2026-07-12T23:08:53.184915Z[0m [32m INFO[0m [1mturn[0m[1m{[0m[3msession[0m[2m=[0m2c262888-8304-482d-8988-fc794c7a5145[1m}[0m[2m:[0m [2mbraze_engine::hooks[0m[2m:[0m prompt budget breakdown (PromptBudgetAuditHook) [3msystem_tokens_est[0m[2m=[0m268 [3mtools_tokens_est[0m[2m=[0m850 [3mhistory_tokens_est[0m[2m=[0m19 [3mtotal_tokens_est[0m[2m=[0m1138 [3mmessage_count[0m[2m=[0m1
[2m2026-07-12T23:08:54.865970Z[0m [32m INFO[0m [1mturn[0m[1m{[0m[3msession[0m[2m=[0m2c262888-8304-482d-8988-fc794c7a5145[1m}[0m[2m:[0m [2mbraze_engine::engine[0m[2m:[0m parsed a prompt-tools envelope tool call [3mtool[0m[2m=[0mread_file
[2m2026-07-12T23:08:54.875349Z[0m [32m INFO[0m [1mturn[0m[1m{[0m[3msession[0m[2m=[0m2c262888-8304-482d-8988-fc794c7a5145[1m}[0m[2m:[0m [2mbraze_engine::hooks[0m[2m:[0m prompt budget breakdown (PromptBudgetAuditHook) [3msystem_tokens_est[0m[2m=[0m268 [3mtools_tokens_est[0m[2m=[0m850 [3mhistory_tokens_est[0m[2m=[0m60 [3mtotal_tokens_est[0m[2m=[0m1180 [3mmessage_count[0m[2m=[0m3
[2m2026-07-12T23:08:55.636617Z[0m [32m INFO[0m [1mturn[0m[1m{[0m[3msession[0m[2m=[0m2c262888-8304-482d-8988-fc794c7a5145[1m}[0m[2m:[0m [2mbraze_engine::engine[0m[2m:[0m parsed a prompt-tools envelope final answer
-> ollama:qwen2.5:3b+ablate:constrained-tools :: grep_basic (rep 5/5)
[2m2026-07-12T23:08:55.644939Z[0m [32m INFO[0m [1mturn[0m[1m{[0m[3msession[0m[2m=[0m7bf356fe-12bb-460d-bdf8-1454963d2581[1m}[0m[2m:[0m [2mbraze_engine::hooks[0m[2m:[0m prompt budget breakdown (PromptBudgetAuditHook) [3msystem_tokens_est[0m[2m=[0m268 [3mtools_tokens_est[0m[2m=[0m850 [3mhistory_tokens_est[0m[2m=[0m19 [3mtotal_tokens_est[0m[2m=[0m1138 [3mmessage_count[0m[2m=[0m1
[2m2026-07-12T23:08:56.924008Z[0m [32m INFO[0m [1mturn[0m[1m{[0m[3msession[0m[2m=[0m7bf356fe-12bb-460d-bdf8-1454963d2581[1m}[0m[2m:[0m [2mbraze_engine::engine[0m[2m:[0m parsed a prompt-tools envelope tool call [3mtool[0m[2m=[0mread_file
[2m2026-07-12T23:08:56.935432Z[0m [32m INFO[0m [1mturn[0m[1m{[0m[3msession[0m[2m=[0m7bf356fe-12bb-460d-bdf8-1454963d2581[1m}[0m[2m:[0m [2mbraze_engine::hooks[0m[2m:[0m prompt budget breakdown (PromptBudgetAuditHook) [3msystem_tokens_est[0m[2m=[0m268 [3mtools_tokens_est[0m[2m=[0m850 [3mhistory_tokens_est[0m[2m=[0m49 [3mtotal_tokens_est[0m[2m=[0m1168 [3mmessage_count[0m[2m=[0m3
[2m2026-07-12T23:08:57.709867Z[0m [32m INFO[0m [1mturn[0m[1m{[0m[3msession[0m[2m=[0m7bf356fe-12bb-460d-bdf8-1454963d2581[1m}[0m[2m:[0m [2mbraze_engine::engine[0m[2m:[0m parsed a prompt-tools envelope final answer
-> ollama:qwen2.5:3b+ablate:constrained-tools :: glob_basic (rep 1/5)
[2m2026-07-12T23:08:57.716330Z[0m [32m INFO[0m [1mturn[0m[1m{[0m[3msession[0m[2m=[0m7478d9ec-a0d4-4c5c-9205-b40b55363b0b[1m}[0m[2m:[0m [2mbraze_engine::hooks[0m[2m:[0m prompt budget breakdown (PromptBudgetAuditHook) [3msystem_tokens_est[0m[2m=[0m268 [3mtools_tokens_est[0m[2m=[0m850 [3mhistory_tokens_est[0m[2m=[0m17 [3mtotal_tokens_est[0m[2m=[0m1136 [3mmessage_count[0m[2m=[0m1
[2m2026-07-12T23:08:59.889004Z[0m [32m INFO[0m [1mturn[0m[1m{[0m[3msession[0m[2m=[0m7478d9ec-a0d4-4c5c-9205-b40b55363b0b[1m}[0m[2m:[0m [2mbraze_engine::engine[0m[2m:[0m parsed a prompt-tools envelope tool call [3mtool[0m[2m=[0mread_file
[2m2026-07-12T23:08:59.900755Z[0m [32m INFO[0m [1mturn[0m[1m{[0m[3msession[0m[2m=[0m7478d9ec-a0d4-4c5c-9205-b40b55363b0b[1m}[0m[2m:[0m [2mbraze_engine::hooks[0m[2m:[0m prompt budget breakdown (PromptBudgetAuditHook) [3msystem_tokens_est[0m[2m=[0m268 [3mtools_tokens_est[0m[2m=[0m850 [3mhistory_tokens_est[0m[2m=[0m74 [3mtotal_tokens_est[0m[2m=[0m1193 [3mmessage_count[0m[2m=[0m4
[2m2026-07-12T23:09:00.679057Z[0m [32m INFO[0m [1mturn[0m[1m{[0m[3msession[0m[2m=[0m7478d9ec-a0d4-4c5c-9205-b40b55363b0b[1m}[0m[2m:[0m [2mbraze_engine::engine[0m[2m:[0m parsed a prompt-tools envelope final answer
-> ollama:qwen2.5:3b+ablate:constrained-tools :: glob_basic (rep 2/5)
[2m2026-07-12T23:09:00.688346Z[0m [32m INFO[0m [1mturn[0m[1m{[0m[3msession[0m[2m=[0macb81698-a3e2-4d46-8e20-126fd2e9c054[1m}[0m[2m:[0m [2mbraze_engine::hooks[0m[2m:[0m prompt budget breakdown (PromptBudgetAuditHook) [3msystem_tokens_est[0m[2m=[0m268 [3mtools_tokens_est[0m[2m=[0m850 [3mhistory_tokens_est[0m[2m=[0m17 [3mtotal_tokens_est[0m[2m=[0m1136 [3mmessage_count[0m[2m=[0m1
[2m2026-07-12T23:09:02.833700Z[0m [32m INFO[0m [1mturn[0m[1m{[0m[3msession[0m[2m=[0macb81698-a3e2-4d46-8e20-126fd2e9c054[1m}[0m[2m:[0m [2mbraze_engine::engine[0m[2m:[0m parsed a prompt-tools envelope tool call [3mtool[0m[2m=[0mread_file
[2m2026-07-12T23:09:02.843389Z[0m [32m INFO[0m [1mturn[0m[1m{[0m[3msession[0m[2m=[0macb81698-a3e2-4d46-8e20-126fd2e9c054[1m}[0m[2m:[0m [2mbraze_engine::hooks[0m[2m:[0m prompt budget breakdown (PromptBudgetAuditHook) [3msystem_tokens_est[0m[2m=[0m268 [3mtools_tokens_est[0m[2m=[0m850 [3mhistory_tokens_est[0m[2m=[0m74 [3mtotal_tokens_est[0m[2m=[0m1193 [3mmessage_count[0m[2m=[0m4
[2m2026-07-12T23:09:04.045513Z[0m [32m INFO[0m [1mturn[0m[1m{[0m[3msession[0m[2m=[0macb81698-a3e2-4d46-8e20-126fd2e9c054[1m}[0m[2m:[0m [2mbraze_engine::engine[0m[2m:[0m parsed a prompt-tools envelope final answer
-> ollama:qwen2.5:3b+ablate:constrained-tools :: glob_basic (rep 3/5)
[2m2026-07-12T23:09:04.059603Z[0m [32m INFO[0m [1mturn[0m[1m{[0m[3msession[0m[2m=[0me12c95c3-1e57-4bc1-be3c-c118a288f640[1m}[0m[2m:[0m [2mbraze_engine::hooks[0m[2m:[0m prompt budget breakdown (PromptBudgetAuditHook) [3msystem_tokens_est[0m[2m=[0m268 [3mtools_tokens_est[0m[2m=[0m850 [3mhistory_tokens_est[0m[2m=[0m17 [3mtotal_tokens_est[0m[2m=[0m1136 [3mmessage_count[0m[2m=[0m1
[2m2026-07-12T23:09:05.659034Z[0m [32m INFO[0m [1mturn[0m[1m{[0m[3msession[0m[2m=[0me12c95c3-1e57-4bc1-be3c-c118a288f640[1m}[0m[2m:[0m [2mbraze_engine::engine[0m[2m:[0m parsed a prompt-tools envelope tool call [3mtool[0m[2m=[0mread_file
[2m2026-07-12T23:09:05.666839Z[0m [32m INFO[0m [1mturn[0m[1m{[0m[3msession[0m[2m=[0me12c95c3-1e57-4bc1-be3c-c118a288f640[1m}[0m[2m:[0m [2mbraze_engine::hooks[0m[2m:[0m prompt budget breakdown (PromptBudgetAuditHook) [3msystem_tokens_est[0m[2m=[0m268 [3mtools_tokens_est[0m[2m=[0m850 [3mhistory_tokens_est[0m[2m=[0m67 [3mtotal_tokens_est[0m[2m=[0m1186 [3mmessage_count[0m[2m=[0m4
[2m2026-07-12T23:09:06.560053Z[0m [32m INFO[0m [1mturn[0m[1m{[0m[3msession[0m[2m=[0me12c95c3-1e57-4bc1-be3c-c118a288f640[1m}[0m[2m:[0m [2mbraze_engine::engine[0m[2m:[0m parsed a prompt-tools envelope final answer
-> ollama:qwen2.5:3b+ablate:constrained-tools :: glob_basic (rep 4/5)
[2m2026-07-12T23:09:06.571735Z[0m [32m INFO[0m [1mturn[0m[1m{[0m[3msession[0m[2m=[0m8f42e5f9-9762-4cf2-aa92-5c1872ad9e6c[1m}[0m[2m:[0m [2mbraze_engine::hooks[0m[2m:[0m prompt budget breakdown (PromptBudgetAuditHook) [3msystem_tokens_est[0m[2m=[0m268 [3mtools_tokens_est[0m[2m=[0m850 [3mhistory_tokens_est[0m[2m=[0m17 [3mtotal_tokens_est[0m[2m=[0m1136 [3mmessage_count[0m[2m=[0m1
[2m2026-07-12T23:09:08.561253Z[0m [32m INFO[0m [1mturn[0m[1m{[0m[3msession[0m[2m=[0m8f42e5f9-9762-4cf2-aa92-5c1872ad9e6c[1m}[0m[2m:[0m [2mbraze_engine::engine[0m[2m:[0m parsed a prompt-tools envelope tool call [3mtool[0m[2m=[0mread_file
[2m2026-07-12T23:09:08.571970Z[0m [32m INFO[0m [1mturn[0m[1m{[0m[3msession[0m[2m=[0m8f42e5f9-9762-4cf2-aa92-5c1872ad9e6c[1m}[0m[2m:[0m [2mbraze_engine::hooks[0m[2m:[0m prompt budget breakdown (PromptBudgetAuditHook) [3msystem_tokens_est[0m[2m=[0m268 [3mtools_tokens_est[0m[2m=[0m850 [3mhistory_tokens_est[0m[2m=[0m74 [3mtotal_tokens_est[0m[2m=[0m1193 [3mmessage_count[0m[2m=[0m4
[2m2026-07-12T23:09:09.371861Z[0m [32m INFO[0m [1mturn[0m[1m{[0m[3msession[0m[2m=[0m8f42e5f9-9762-4cf2-aa92-5c1872ad9e6c[1m}[0m[2m:[0m [2mbraze_engine::engine[0m[2m:[0m parsed a prompt-tools envelope final answer
-> ollama:qwen2.5:3b+ablate:constrained-tools :: glob_basic (rep 5/5)
[2m2026-07-12T23:09:09.379053Z[0m [32m INFO[0m [1mturn[0m[1m{[0m[3msession[0m[2m=[0m25f5a976-23cd-4898-8d85-0fbb2cdddbd4[1m}[0m[2m:[0m [2mbraze_engine::hooks[0m[2m:[0m prompt budget breakdown (PromptBudgetAuditHook) [3msystem_tokens_est[0m[2m=[0m268 [3mtools_tokens_est[0m[2m=[0m850 [3mhistory_tokens_est[0m[2m=[0m17 [3mtotal_tokens_est[0m[2m=[0m1136 [3mmessage_count[0m[2m=[0m1
[2m2026-07-12T23:09:11.553537Z[0m [32m INFO[0m [1mturn[0m[1m{[0m[3msession[0m[2m=[0m25f5a976-23cd-4898-8d85-0fbb2cdddbd4[1m}[0m[2m:[0m [2mbraze_engine::engine[0m[2m:[0m parsed a prompt-tools envelope tool call [3mtool[0m[2m=[0mread_file
[2m2026-07-12T23:09:11.602040Z[0m [32m INFO[0m [1mturn[0m[1m{[0m[3msession[0m[2m=[0m25f5a976-23cd-4898-8d85-0fbb2cdddbd4[1m}[0m[2m:[0m [2mbraze_engine::hooks[0m[2m:[0m prompt budget breakdown (PromptBudgetAuditHook) [3msystem_tokens_est[0m[2m=[0m268 [3mtools_tokens_est[0m[2m=[0m850 [3mhistory_tokens_est[0m[2m=[0m74 [3mtotal_tokens_est[0m[2m=[0m1193 [3mmessage_count[0m[2m=[0m4
[2m2026-07-12T23:09:12.572825Z[0m [32m INFO[0m [1mturn[0m[1m{[0m[3msession[0m[2m=[0m25f5a976-23cd-4898-8d85-0fbb2cdddbd4[1m}[0m[2m:[0m [2mbraze_engine::engine[0m[2m:[0m parsed a prompt-tools envelope final answer
-> ollama:qwen2.5:3b+ablate:constrained-tools :: write_file_basic (rep 1/5)
[2m2026-07-12T23:09:12.580458Z[0m [32m INFO[0m [1mturn[0m[1m{[0m[3msession[0m[2m=[0mbc25fcda-432d-42ed-84d5-dd9dcfeef763[1m}[0m[2m:[0m [2mbraze_engine::hooks[0m[2m:[0m prompt budget breakdown (PromptBudgetAuditHook) [3msystem_tokens_est[0m[2m=[0m270 [3mtools_tokens_est[0m[2m=[0m850 [3mhistory_tokens_est[0m[2m=[0m22 [3mtotal_tokens_est[0m[2m=[0m1143 [3mmessage_count[0m[2m=[0m1
[2m2026-07-12T23:09:14.785460Z[0m [32m INFO[0m [1mturn[0m[1m{[0m[3msession[0m[2m=[0mbc25fcda-432d-42ed-84d5-dd9dcfeef763[1m}[0m[2m:[0m [2mbraze_engine::engine[0m[2m:[0m parsed a prompt-tools envelope tool call [3mtool[0m[2m=[0mread_file
[2m2026-07-12T23:09:14.798747Z[0m [32m INFO[0m [1mturn[0m[1m{[0m[3msession[0m[2m=[0mbc25fcda-432d-42ed-84d5-dd9dcfeef763[1m}[0m[2m:[0m [2mbraze_engine::hooks[0m[2m:[0m prompt budget breakdown (PromptBudgetAuditHook) [3msystem_tokens_est[0m[2m=[0m270 [3mtools_tokens_est[0m[2m=[0m850 [3mhistory_tokens_est[0m[2m=[0m102 [3mtotal_tokens_est[0m[2m=[0m1223 [3mmessage_count[0m[2m=[0m4
[2m2026-07-12T23:09:15.941294Z[0m [32m INFO[0m [1mturn[0m[1m{[0m[3msession[0m[2m=[0mbc25fcda-432d-42ed-84d5-dd9dcfeef763[1m}[0m[2m:[0m [2mbraze_engine::engine[0m[2m:[0m parsed a prompt-tools envelope final answer
-> ollama:qwen2.5:3b+ablate:constrained-tools :: write_file_basic (rep 2/5)
[2m2026-07-12T23:09:15.951108Z[0m [32m INFO[0m [1mturn[0m[1m{[0m[3msession[0m[2m=[0m11649808-b224-43a8-9cfc-0d04216081be[1m}[0m[2m:[0m [2mbraze_engine::hooks[0m[2m:[0m prompt budget breakdown (PromptBudgetAuditHook) [3msystem_tokens_est[0m[2m=[0m270 [3mtools_tokens_est[0m[2m=[0m850 [3mhistory_tokens_est[0m[2m=[0m22 [3mtotal_tokens_est[0m[2m=[0m1143 [3mmessage_count[0m[2m=[0m1
[2m2026-07-12T23:09:18.135393Z[0m [32m INFO[0m [1mturn[0m[1m{[0m[3msession[0m[2m=[0m11649808-b224-43a8-9cfc-0d04216081be[1m}[0m[2m:[0m [2mbraze_engine::engine[0m[2m:[0m parsed a prompt-tools envelope tool call [3mtool[0m[2m=[0mread_file
[2m2026-07-12T23:09:18.143456Z[0m [32m INFO[0m [1mturn[0m[1m{[0m[3msession[0m[2m=[0m11649808-b224-43a8-9cfc-0d04216081be[1m}[0m[2m:[0m [2mbraze_engine::hooks[0m[2m:[0m prompt budget breakdown (PromptBudgetAuditHook) [3msystem_tokens_est[0m[2m=[0m270 [3mtools_tokens_est[0m[2m=[0m850 [3mhistory_tokens_est[0m[2m=[0m102 [3mtotal_tokens_est[0m[2m=[0m1223 [3mmessage_count[0m[2m=[0m4
[2m2026-07-12T23:09:19.186913Z[0m [32m INFO[0m [1mturn[0m[1m{[0m[3msession[0m[2m=[0m11649808-b224-43a8-9cfc-0d04216081be[1m}[0m[2m:[0m [2mbraze_engine::engine[0m[2m:[0m parsed a prompt-tools envelope final answer
-> ollama:qwen2.5:3b+ablate:constrained-tools :: write_file_basic (rep 3/5)
[2m2026-07-12T23:09:19.195358Z[0m [32m INFO[0m [1mturn[0m[1m{[0m[3msession[0m[2m=[0m93a3e158-610b-4668-a859-044a97e0a320[1m}[0m[2m:[0m [2mbraze_engine::hooks[0m[2m:[0m prompt budget breakdown (PromptBudgetAuditHook) [3msystem_tokens_est[0m[2m=[0m270 [3mtools_tokens_est[0m[2m=[0m850 [3mhistory_tokens_est[0m[2m=[0m22 [3mtotal_tokens_est[0m[2m=[0m1143 [3mmessage_count[0m[2m=[0m1
[2m2026-07-12T23:09:21.548285Z[0m [32m INFO[0m [1mturn[0m[1m{[0m[3msession[0m[2m=[0m93a3e158-610b-4668-a859-044a97e0a320[1m}[0m[2m:[0m [2mbraze_engine::engine[0m[2m:[0m parsed a prompt-tools envelope tool call [3mtool[0m[2m=[0mread_file
[2m2026-07-12T23:09:21.559850Z[0m [32m INFO[0m [1mturn[0m[1m{[0m[3msession[0m[2m=[0m93a3e158-610b-4668-a859-044a97e0a320[1m}[0m[2m:[0m [2mbraze_engine::hooks[0m[2m:[0m prompt budget breakdown (PromptBudgetAuditHook) [3msystem_tokens_est[0m[2m=[0m270 [3mtools_tokens_est[0m[2m=[0m850 [3mhistory_tokens_est[0m[2m=[0m111 [3mtotal_tokens_est[0m[2m=[0m1231 [3mmessage_count[0m[2m=[0m4
[2m2026-07-12T23:09:22.914806Z[0m [32m INFO[0m [1mturn[0m[1m{[0m[3msession[0m[2m=[0m93a3e158-610b-4668-a859-044a97e0a320[1m}[0m[2m:[0m [2mbraze_engine::engine[0m[2m:[0m parsed a prompt-tools envelope final answer
-> ollama:qwen2.5:3b+ablate:constrained-tools :: write_file_basic (rep 4/5)
[2m2026-07-12T23:09:22.920445Z[0m [32m INFO[0m [1mturn[0m[1m{[0m[3msession[0m[2m=[0md6a335e1-75f0-4b91-9bd1-7c1db78680fc[1m}[0m[2m:[0m [2mbraze_engine::hooks[0m[2m:[0m prompt budget breakdown (PromptBudgetAuditHook) [3msystem_tokens_est[0m[2m=[0m270 [3mtools_tokens_est[0m[2m=[0m850 [3mhistory_tokens_est[0m[2m=[0m22 [3mtotal_tokens_est[0m[2m=[0m1143 [3mmessage_count[0m[2m=[0m1
[2m2026-07-12T23:09:25.127901Z[0m [32m INFO[0m [1mturn[0m[1m{[0m[3msession[0m[2m=[0md6a335e1-75f0-4b91-9bd1-7c1db78680fc[1m}[0m[2m:[0m [2mbraze_engine::engine[0m[2m:[0m parsed a prompt-tools envelope tool call [3mtool[0m[2m=[0mread_file
[2m2026-07-12T23:09:25.134643Z[0m [32m INFO[0m [1mturn[0m[1m{[0m[3msession[0m[2m=[0md6a335e1-75f0-4b91-9bd1-7c1db78680fc[1m}[0m[2m:[0m [2mbraze_engine::hooks[0m[2m:[0m prompt budget breakdown (PromptBudgetAuditHook) [3msystem_tokens_est[0m[2m=[0m270 [3mtools_tokens_est[0m[2m=[0m850 [3mhistory_tokens_est[0m[2m=[0m102 [3mtotal_tokens_est[0m[2m=[0m1223 [3mmessage_count[0m[2m=[0m4
[2m2026-07-12T23:09:26.253298Z[0m [32m INFO[0m [1mturn[0m[1m{[0m[3msession[0m[2m=[0md6a335e1-75f0-4b91-9bd1-7c1db78680fc[1m}[0m[2m:[0m [2mbraze_engine::engine[0m[2m:[0m parsed a prompt-tools envelope final answer
-> ollama:qwen2.5:3b+ablate:constrained-tools :: write_file_basic (rep 5/5)
[2m2026-07-12T23:09:26.263872Z[0m [32m INFO[0m [1mturn[0m[1m{[0m[3msession[0m[2m=[0m61bee03b-f5bf-4903-a398-b39956b6f647[1m}[0m[2m:[0m [2mbraze_engine::hooks[0m[2m:[0m prompt budget breakdown (PromptBudgetAuditHook) [3msystem_tokens_est[0m[2m=[0m270 [3mtools_tokens_est[0m[2m=[0m850 [3mhistory_tokens_est[0m[2m=[0m22 [3mtotal_tokens_est[0m[2m=[0m1143 [3mmessage_count[0m[2m=[0m1
[2m2026-07-12T23:09:28.046786Z[0m [32m INFO[0m [1mturn[0m[1m{[0m[3msession[0m[2m=[0m61bee03b-f5bf-4903-a398-b39956b6f647[1m}[0m[2m:[0m [2mbraze_engine::engine[0m[2m:[0m parsed a prompt-tools envelope tool call [3mtool[0m[2m=[0mread_file
[2m2026-07-12T23:09:28.054109Z[0m [32m INFO[0m [1mturn[0m[1m{[0m[3msession[0m[2m=[0m61bee03b-f5bf-4903-a398-b39956b6f647[1m}[0m[2m:[0m [2mbraze_engine::hooks[0m[2m:[0m prompt budget breakdown (PromptBudgetAuditHook) [3msystem_tokens_est[0m[2m=[0m270 [3mtools_tokens_est[0m[2m=[0m850 [3mhistory_tokens_est[0m[2m=[0m66 [3mtotal_tokens_est[0m[2m=[0m1187 [3mmessage_count[0m[2m=[0m3
[2m2026-07-12T23:09:28.957600Z[0m [32m INFO[0m [1mturn[0m[1m{[0m[3msession[0m[2m=[0m61bee03b-f5bf-4903-a398-b39956b6f647[1m}[0m[2m:[0m [2mbraze_engine::engine[0m[2m:[0m parsed a prompt-tools envelope tool call [3mtool[0m[2m=[0mread_file
[2m2026-07-12T23:09:28.963840Z[0m [32m INFO[0m [1mturn[0m[1m{[0m[3msession[0m[2m=[0m61bee03b-f5bf-4903-a398-b39956b6f647[1m}[0m[2m:[0m [2mbraze_engine::hooks[0m[2m:[0m prompt budget breakdown (PromptBudgetAuditHook) [3msystem_tokens_est[0m[2m=[0m270 [3mtools_tokens_est[0m[2m=[0m850 [3mhistory_tokens_est[0m[2m=[0m106 [3mtotal_tokens_est[0m[2m=[0m1227 [3mmessage_count[0m[2m=[0m5
[2m2026-07-12T23:09:29.781832Z[0m [32m INFO[0m [1mturn[0m[1m{[0m[3msession[0m[2m=[0m61bee03b-f5bf-4903-a398-b39956b6f647[1m}[0m[2m:[0m [2mbraze_engine::engine[0m[2m:[0m parsed a prompt-tools envelope final answer
-> ollama:qwen2.5:3b+ablate:constrained-tools :: edit_file_basic (rep 1/5)
[2m2026-07-12T23:09:29.792630Z[0m [32m INFO[0m [1mturn[0m[1m{[0m[3msession[0m[2m=[0m75327b78-966c-40c8-8cf9-484b7a273686[1m}[0m[2m:[0m [2mbraze_engine::hooks[0m[2m:[0m prompt budget breakdown (PromptBudgetAuditHook) [3msystem_tokens_est[0m[2m=[0m269 [3mtools_tokens_est[0m[2m=[0m850 [3mhistory_tokens_est[0m[2m=[0m21 [3mtotal_tokens_est[0m[2m=[0m1142 [3mmessage_count[0m[2m=[0m1
[2m2026-07-12T23:09:31.976791Z[0m [32m INFO[0m [1mturn[0m[1m{[0m[3msession[0m[2m=[0m75327b78-966c-40c8-8cf9-484b7a273686[1m}[0m[2m:[0m [2mbraze_engine::engine[0m[2m:[0m parsed a prompt-tools envelope tool call [3mtool[0m[2m=[0mread_file
[2m2026-07-12T23:09:31.981920Z[0m [32m INFO[0m [1mturn[0m[1m{[0m[3msession[0m[2m=[0m75327b78-966c-40c8-8cf9-484b7a273686[1m}[0m[2m:[0m [2mbraze_engine::hooks[0m[2m:[0m prompt budget breakdown (PromptBudgetAuditHook) [3msystem_tokens_est[0m[2m=[0m269 [3mtools_tokens_est[0m[2m=[0m850 [3mhistory_tokens_est[0m[2m=[0m79 [3mtotal_tokens_est[0m[2m=[0m1200 [3mmessage_count[0m[2m=[0m3
[2m2026-07-12T23:09:32.976077Z[0m [32m INFO[0m [1mturn[0m[1m{[0m[3msession[0m[2m=[0m75327b78-966c-40c8-8cf9-484b7a273686[1m}[0m[2m:[0m [2mbraze_engine::engine[0m[2m:[0m parsed a prompt-tools envelope final answer
-> ollama:qwen2.5:3b+ablate:constrained-tools :: edit_file_basic (rep 2/5)
[2m2026-07-12T23:09:32.981531Z[0m [32m INFO[0m [1mturn[0m[1m{[0m[3msession[0m[2m=[0m0998da27-b1b1-4062-8d03-f1ab3336f627[1m}[0m[2m:[0m [2mbraze_engine::hooks[0m[2m:[0m prompt budget breakdown (PromptBudgetAuditHook) [3msystem_tokens_est[0m[2m=[0m269 [3mtools_tokens_est[0m[2m=[0m850 [3mhistory_tokens_est[0m[2m=[0m21 [3mtotal_tokens_est[0m[2m=[0m1142 [3mmessage_count[0m[2m=[0m1
[2m2026-07-12T23:09:35.157157Z[0m [32m INFO[0m [1mturn[0m[1m{[0m[3msession[0m[2m=[0m0998da27-b1b1-4062-8d03-f1ab3336f627[1m}[0m[2m:[0m [2mbraze_engine::engine[0m[2m:[0m parsed a prompt-tools envelope tool call [3mtool[0m[2m=[0mread_file
[2m2026-07-12T23:09:35.165315Z[0m [32m INFO[0m [1mturn[0m[1m{[0m[3msession[0m[2m=[0m0998da27-b1b1-4062-8d03-f1ab3336f627[1m}[0m[2m:[0m [2mbraze_engine::hooks[0m[2m:[0m prompt budget breakdown (PromptBudgetAuditHook) [3msystem_tokens_est[0m[2m=[0m269 [3mtools_tokens_est[0m[2m=[0m850 [3mhistory_tokens_est[0m[2m=[0m79 [3mtotal_tokens_est[0m[2m=[0m1200 [3mmessage_count[0m[2m=[0m3
[2m2026-07-12T23:09:36.455863Z[0m [32m INFO[0m [1mturn[0m[1m{[0m[3msession[0m[2m=[0m0998da27-b1b1-4062-8d03-f1ab3336f627[1m}[0m[2m:[0m [2mbraze_engine::engine[0m[2m:[0m parsed a prompt-tools envelope tool call [3mtool[0m[2m=[0mread_file
[2m2026-07-12T23:09:36.463230Z[0m [32m INFO[0m [1mturn[0m[1m{[0m[3msession[0m[2m=[0m0998da27-b1b1-4062-8d03-f1ab3336f627[1m}[0m[2m:[0m [2mbraze_engine::hooks[0m[2m:[0m prompt budget breakdown (PromptBudgetAuditHook) [3msystem_tokens_est[0m[2m=[0m269 [3mtools_tokens_est[0m[2m=[0m850 [3mhistory_tokens_est[0m[2m=[0m102 [3mtotal_tokens_est[0m[2m=[0m1223 [3mmessage_count[0m[2m=[0m5
[2m2026-07-12T23:09:37.088929Z[0m [32m INFO[0m [1mturn[0m[1m{[0m[3msession[0m[2m=[0m0998da27-b1b1-4062-8d03-f1ab3336f627[1m}[0m[2m:[0m [2mbraze_engine::engine[0m[2m:[0m parsed a prompt-tools envelope final answer
-> ollama:qwen2.5:3b+ablate:constrained-tools :: edit_file_basic (rep 3/5)
[2m2026-07-12T23:09:37.093863Z[0m [32m INFO[0m [1mturn[0m[1m{[0m[3msession[0m[2m=[0m1b7d3c91-8a88-448a-a956-238aa3b09c0f[1m}[0m[2m:[0m [2mbraze_engine::hooks[0m[2m:[0m prompt budget breakdown (PromptBudgetAuditHook) [3msystem_tokens_est[0m[2m=[0m269 [3mtools_tokens_est[0m[2m=[0m850 [3mhistory_tokens_est[0m[2m=[0m21 [3mtotal_tokens_est[0m[2m=[0m1142 [3mmessage_count[0m[2m=[0m1
[2m2026-07-12T23:09:39.260525Z[0m [32m INFO[0m [1mturn[0m[1m{[0m[3msession[0m[2m=[0m1b7d3c91-8a88-448a-a956-238aa3b09c0f[1m}[0m[2m:[0m [2mbraze_engine::engine[0m[2m:[0m parsed a prompt-tools envelope tool call [3mtool[0m[2m=[0mread_file
[2m2026-07-12T23:09:39.267025Z[0m [32m INFO[0m [1mturn[0m[1m{[0m[3msession[0m[2m=[0m1b7d3c91-8a88-448a-a956-238aa3b09c0f[1m}[0m[2m:[0m [2mbraze_engine::hooks[0m[2m:[0m prompt budget breakdown (PromptBudgetAuditHook) [3msystem_tokens_est[0m[2m=[0m269 [3mtools_tokens_est[0m[2m=[0m850 [3mhistory_tokens_est[0m[2m=[0m79 [3mtotal_tokens_est[0m[2m=[0m1200 [3mmessage_count[0m[2m=[0m3
[2m2026-07-12T23:09:40.340521Z[0m [32m INFO[0m [1mturn[0m[1m{[0m[3msession[0m[2m=[0m1b7d3c91-8a88-448a-a956-238aa3b09c0f[1m}[0m[2m:[0m [2mbraze_engine::engine[0m[2m:[0m parsed a prompt-tools envelope final answer
-> ollama:qwen2.5:3b+ablate:constrained-tools :: edit_file_basic (rep 4/5)
[2m2026-07-12T23:09:40.353281Z[0m [32m INFO[0m [1mturn[0m[1m{[0m[3msession[0m[2m=[0m54c9cd1d-746e-4401-be50-5a31e915274e[1m}[0m[2m:[0m [2mbraze_engine::hooks[0m[2m:[0m prompt budget breakdown (PromptBudgetAuditHook) [3msystem_tokens_est[0m[2m=[0m269 [3mtools_tokens_est[0m[2m=[0m850 [3mhistory_tokens_est[0m[2m=[0m21 [3mtotal_tokens_est[0m[2m=[0m1142 [3mmessage_count[0m[2m=[0m1
[2m2026-07-12T23:09:42.549413Z[0m [32m INFO[0m [1mturn[0m[1m{[0m[3msession[0m[2m=[0m54c9cd1d-746e-4401-be50-5a31e915274e[1m}[0m[2m:[0m [2mbraze_engine::engine[0m[2m:[0m parsed a prompt-tools envelope tool call [3mtool[0m[2m=[0mread_file
[2m2026-07-12T23:09:42.557219Z[0m [32m INFO[0m [1mturn[0m[1m{[0m[3msession[0m[2m=[0m54c9cd1d-746e-4401-be50-5a31e915274e[1m}[0m[2m:[0m [2mbraze_engine::hooks[0m[2m:[0m prompt budget breakdown (PromptBudgetAuditHook) [3msystem_tokens_est[0m[2m=[0m269 [3mtools_tokens_est[0m[2m=[0m850 [3mhistory_tokens_est[0m[2m=[0m79 [3mtotal_tokens_est[0m[2m=[0m1200 [3mmessage_count[0m[2m=[0m3
[2m2026-07-12T23:09:43.952167Z[0m [32m INFO[0m [1mturn[0m[1m{[0m[3msession[0m[2m=[0m54c9cd1d-746e-4401-be50-5a31e915274e[1m}[0m[2m:[0m [2mbraze_engine::engine[0m[2m:[0m parsed a prompt-tools envelope final answer
-> ollama:qwen2.5:3b+ablate:constrained-tools :: edit_file_basic (rep 5/5)
[2m2026-07-12T23:09:43.960215Z[0m [32m INFO[0m [1mturn[0m[1m{[0m[3msession[0m[2m=[0mb2977a00-27ff-4691-beab-369fbc792126[1m}[0m[2m:[0m [2mbraze_engine::hooks[0m[2m:[0m prompt budget breakdown (PromptBudgetAuditHook) [3msystem_tokens_est[0m[2m=[0m269 [3mtools_tokens_est[0m[2m=[0m850 [3mhistory_tokens_est[0m[2m=[0m21 [3mtotal_tokens_est[0m[2m=[0m1142 [3mmessage_count[0m[2m=[0m1
[2m2026-07-12T23:09:46.106315Z[0m [32m INFO[0m [1mturn[0m[1m{[0m[3msession[0m[2m=[0mb2977a00-27ff-4691-beab-369fbc792126[1m}[0m[2m:[0m [2mbraze_engine::engine[0m[2m:[0m parsed a prompt-tools envelope tool call [3mtool[0m[2m=[0mread_file
[2m2026-07-12T23:09:46.111350Z[0m [32m INFO[0m [1mturn[0m[1m{[0m[3msession[0m[2m=[0mb2977a00-27ff-4691-beab-369fbc792126[1m}[0m[2m:[0m [2mbraze_engine::hooks[0m[2m:[0m prompt budget breakdown (PromptBudgetAuditHook) [3msystem_tokens_est[0m[2m=[0m269 [3mtools_tokens_est[0m[2m=[0m850 [3mhistory_tokens_est[0m[2m=[0m79 [3mtotal_tokens_est[0m[2m=[0m1200 [3mmessage_count[0m[2m=[0m3
[2m2026-07-12T23:09:46.751197Z[0m [32m INFO[0m [1mturn[0m[1m{[0m[3msession[0m[2m=[0mb2977a00-27ff-4691-beab-369fbc792126[1m}[0m[2m:[0m [2mbraze_engine::engine[0m[2m:[0m parsed a prompt-tools envelope final answer
-> ollama:qwen2.5:3b+ablate:constrained-tools :: shell_exec_basic (rep 1/5)
[2m2026-07-12T23:09:46.756187Z[0m [32m INFO[0m [1mturn[0m[1m{[0m[3msession[0m[2m=[0m6e24d5b2-9758-4e07-a5d7-5ff78421aebb[1m}[0m[2m:[0m [2mbraze_engine::hooks[0m[2m:[0m prompt budget breakdown (PromptBudgetAuditHook) [3msystem_tokens_est[0m[2m=[0m270 [3mtools_tokens_est[0m[2m=[0m850 [3mhistory_tokens_est[0m[2m=[0m18 [3mtotal_tokens_est[0m[2m=[0m1139 [3mmessage_count[0m[2m=[0m1
[2m2026-07-12T23:09:47.947943Z[0m [32m INFO[0m [1mturn[0m[1m{[0m[3msession[0m[2m=[0m6e24d5b2-9758-4e07-a5d7-5ff78421aebb[1m}[0m[2m:[0m [2mbraze_engine::engine[0m[2m:[0m parsed a prompt-tools envelope tool call [3mtool[0m[2m=[0mshell_exec
[2m2026-07-12T23:09:47.967078Z[0m [32m INFO[0m [1mturn[0m[1m{[0m[3msession[0m[2m=[0m6e24d5b2-9758-4e07-a5d7-5ff78421aebb[1m}[0m[2m:[0m [2mbraze_engine::hooks[0m[2m:[0m prompt budget breakdown (PromptBudgetAuditHook) [3msystem_tokens_est[0m[2m=[0m270 [3mtools_tokens_est[0m[2m=[0m850 [3mhistory_tokens_est[0m[2m=[0m39 [3mtotal_tokens_est[0m[2m=[0m1160 [3mmessage_count[0m[2m=[0m3
[2m2026-07-12T23:09:48.858881Z[0m [32m INFO[0m [1mturn[0m[1m{[0m[3msession[0m[2m=[0m6e24d5b2-9758-4e07-a5d7-5ff78421aebb[1m}[0m[2m:[0m [2mbraze_engine::engine[0m[2m:[0m parsed a prompt-tools envelope final answer
-> ollama:qwen2.5:3b+ablate:constrained-tools :: shell_exec_basic (rep 2/5)
[2m2026-07-12T23:09:48.865911Z[0m [32m INFO[0m [1mturn[0m[1m{[0m[3msession[0m[2m=[0m24934a08-2c5a-4648-a6ff-c1e125624247[1m}[0m[2m:[0m [2mbraze_engine::hooks[0m[2m:[0m prompt budget breakdown (PromptBudgetAuditHook) [3msystem_tokens_est[0m[2m=[0m270 [3mtools_tokens_est[0m[2m=[0m850 [3mhistory_tokens_est[0m[2m=[0m18 [3mtotal_tokens_est[0m[2m=[0m1139 [3mmessage_count[0m[2m=[0m1
[2m2026-07-12T23:09:50.022857Z[0m [32m INFO[0m [1mturn[0m[1m{[0m[3msession[0m[2m=[0m24934a08-2c5a-4648-a6ff-c1e125624247[1m}[0m[2m:[0m [2mbraze_engine::engine[0m[2m:[0m parsed a prompt-tools envelope tool call [3mtool[0m[2m=[0mshell_exec
[2m2026-07-12T23:09:50.038390Z[0m [32m INFO[0m [1mturn[0m[1m{[0m[3msession[0m[2m=[0m24934a08-2c5a-4648-a6ff-c1e125624247[1m}[0m[2m:[0m [2mbraze_engine::hooks[0m[2m:[0m prompt budget breakdown (PromptBudgetAuditHook) [3msystem_tokens_est[0m[2m=[0m270 [3mtools_tokens_est[0m[2m=[0m850 [3mhistory_tokens_est[0m[2m=[0m39 [3mtotal_tokens_est[0m[2m=[0m1160 [3mmessage_count[0m[2m=[0m3
[2m2026-07-12T23:09:50.935021Z[0m [32m INFO[0m [1mturn[0m[1m{[0m[3msession[0m[2m=[0m24934a08-2c5a-4648-a6ff-c1e125624247[1m}[0m[2m:[0m [2mbraze_engine::engine[0m[2m:[0m parsed a prompt-tools envelope final answer
-> ollama:qwen2.5:3b+ablate:constrained-tools :: shell_exec_basic (rep 3/5)
[2m2026-07-12T23:09:50.944551Z[0m [32m INFO[0m [1mturn[0m[1m{[0m[3msession[0m[2m=[0mdda2b27a-51ac-4cb1-9918-982cdd6b329a[1m}[0m[2m:[0m [2mbraze_engine::hooks[0m[2m:[0m prompt budget breakdown (PromptBudgetAuditHook) [3msystem_tokens_est[0m[2m=[0m270 [3mtools_tokens_est[0m[2m=[0m850 [3mhistory_tokens_est[0m[2m=[0m18 [3mtotal_tokens_est[0m[2m=[0m1139 [3mmessage_count[0m[2m=[0m1
[2m2026-07-12T23:09:52.116269Z[0m [32m INFO[0m [1mturn[0m[1m{[0m[3msession[0m[2m=[0mdda2b27a-51ac-4cb1-9918-982cdd6b329a[1m}[0m[2m:[0m [2mbraze_engine::engine[0m[2m:[0m parsed a prompt-tools envelope tool call [3mtool[0m[2m=[0mshell_exec
[2m2026-07-12T23:09:52.127928Z[0m [32m INFO[0m [1mturn[0m[1m{[0m[3msession[0m[2m=[0mdda2b27a-51ac-4cb1-9918-982cdd6b329a[1m}[0m[2m:[0m [2mbraze_engine::hooks[0m[2m:[0m prompt budget breakdown (PromptBudgetAuditHook) [3msystem_tokens_est[0m[2m=[0m270 [3mtools_tokens_est[0m[2m=[0m850 [3mhistory_tokens_est[0m[2m=[0m39 [3mtotal_tokens_est[0m[2m=[0m1160 [3mmessage_count[0m[2m=[0m3
[2m2026-07-12T23:09:53.016842Z[0m [32m INFO[0m [1mturn[0m[1m{[0m[3msession[0m[2m=[0mdda2b27a-51ac-4cb1-9918-982cdd6b329a[1m}[0m[2m:[0m [2mbraze_engine::engine[0m[2m:[0m parsed a prompt-tools envelope final answer
-> ollama:qwen2.5:3b+ablate:constrained-tools :: shell_exec_basic (rep 4/5)
[2m2026-07-12T23:09:53.024567Z[0m [32m INFO[0m [1mturn[0m[1m{[0m[3msession[0m[2m=[0mb010fc31-397d-4e0f-8032-9d90ab42fe89[1m}[0m[2m:[0m [2mbraze_engine::hooks[0m[2m:[0m prompt budget breakdown (PromptBudgetAuditHook) [3msystem_tokens_est[0m[2m=[0m270 [3mtools_tokens_est[0m[2m=[0m850 [3mhistory_tokens_est[0m[2m=[0m18 [3mtotal_tokens_est[0m[2m=[0m1139 [3mmessage_count[0m[2m=[0m1
[2m2026-07-12T23:09:54.029471Z[0m [32m INFO[0m [1mturn[0m[1m{[0m[3msession[0m[2m=[0mb010fc31-397d-4e0f-8032-9d90ab42fe89[1m}[0m[2m:[0m [2mbraze_engine::engine[0m[2m:[0m parsed a prompt-tools envelope final answer
-> ollama:qwen2.5:3b+ablate:constrained-tools :: shell_exec_basic (rep 5/5)
[2m2026-07-12T23:09:54.037912Z[0m [32m INFO[0m [1mturn[0m[1m{[0m[3msession[0m[2m=[0mc051ed76-6112-46f8-9588-e59799d1b8b7[1m}[0m[2m:[0m [2mbraze_engine::hooks[0m[2m:[0m prompt budget breakdown (PromptBudgetAuditHook) [3msystem_tokens_est[0m[2m=[0m270 [3mtools_tokens_est[0m[2m=[0m850 [3mhistory_tokens_est[0m[2m=[0m18 [3mtotal_tokens_est[0m[2m=[0m1139 [3mmessage_count[0m[2m=[0m1
[2m2026-07-12T23:09:55.058661Z[0m [32m INFO[0m [1mturn[0m[1m{[0m[3msession[0m[2m=[0mc051ed76-6112-46f8-9588-e59799d1b8b7[1m}[0m[2m:[0m [2mbraze_engine::engine[0m[2m:[0m parsed a prompt-tools envelope final answer
-> ollama:qwen2.5:3b+ablate:constrained-tools :: no_tool_qa (rep 1/5)
[2m2026-07-12T23:09:55.067683Z[0m [32m INFO[0m [1mturn[0m[1m{[0m[3msession[0m[2m=[0md776b129-4320-4d25-919f-5c95e67296b2[1m}[0m[2m:[0m [2mbraze_engine::hooks[0m[2m:[0m prompt budget breakdown (PromptBudgetAuditHook) [3msystem_tokens_est[0m[2m=[0m268 [3mtools_tokens_est[0m[2m=[0m850 [3mhistory_tokens_est[0m[2m=[0m19 [3mtotal_tokens_est[0m[2m=[0m1138 [3mmessage_count[0m[2m=[0m1
[2m2026-07-12T23:09:56.012439Z[0m [32m INFO[0m [1mturn[0m[1m{[0m[3msession[0m[2m=[0md776b129-4320-4d25-919f-5c95e67296b2[1m}[0m[2m:[0m [2mbraze_engine::engine[0m[2m:[0m parsed a prompt-tools envelope final answer
-> ollama:qwen2.5:3b+ablate:constrained-tools :: no_tool_qa (rep 2/5)
[2m2026-07-12T23:09:56.032091Z[0m [32m INFO[0m [1mturn[0m[1m{[0m[3msession[0m[2m=[0m42790d57-bb1f-4607-8713-d287caad16e7[1m}[0m[2m:[0m [2mbraze_engine::hooks[0m[2m:[0m prompt budget breakdown (PromptBudgetAuditHook) [3msystem_tokens_est[0m[2m=[0m268 [3mtools_tokens_est[0m[2m=[0m850 [3mhistory_tokens_est[0m[2m=[0m19 [3mtotal_tokens_est[0m[2m=[0m1138 [3mmessage_count[0m[2m=[0m1
[2m2026-07-12T23:09:56.990061Z[0m [32m INFO[0m [1mturn[0m[1m{[0m[3msession[0m[2m=[0m42790d57-bb1f-4607-8713-d287caad16e7[1m}[0m[2m:[0m [2mbraze_engine::engine[0m[2m:[0m parsed a prompt-tools envelope final answer
-> ollama:qwen2.5:3b+ablate:constrained-tools :: no_tool_qa (rep 3/5)
[2m2026-07-12T23:09:56.995721Z[0m [32m INFO[0m [1mturn[0m[1m{[0m[3msession[0m[2m=[0mfd48b45b-e828-45de-ab60-54546f22edc8[1m}[0m[2m:[0m [2mbraze_engine::hooks[0m[2m:[0m prompt budget breakdown (PromptBudgetAuditHook) [3msystem_tokens_est[0m[2m=[0m268 [3mtools_tokens_est[0m[2m=[0m850 [3mhistory_tokens_est[0m[2m=[0m19 [3mtotal_tokens_est[0m[2m=[0m1138 [3mmessage_count[0m[2m=[0m1
[2m2026-07-12T23:09:57.939633Z[0m [32m INFO[0m [1mturn[0m[1m{[0m[3msession[0m[2m=[0mfd48b45b-e828-45de-ab60-54546f22edc8[1m}[0m[2m:[0m [2mbraze_engine::engine[0m[2m:[0m parsed a prompt-tools envelope final answer
-> ollama:qwen2.5:3b+ablate:constrained-tools :: no_tool_qa (rep 4/5)
[2m2026-07-12T23:09:57.945894Z[0m [32m INFO[0m [1mturn[0m[1m{[0m[3msession[0m[2m=[0m1bbc7b2a-fac2-4fa8-9d40-e0d0e22c7887[1m}[0m[2m:[0m [2mbraze_engine::hooks[0m[2m:[0m prompt budget breakdown (PromptBudgetAuditHook) [3msystem_tokens_est[0m[2m=[0m268 [3mtools_tokens_est[0m[2m=[0m850 [3mhistory_tokens_est[0m[2m=[0m19 [3mtotal_tokens_est[0m[2m=[0m1138 [3mmessage_count[0m[2m=[0m1
[2m2026-07-12T23:09:58.873091Z[0m [32m INFO[0m [1mturn[0m[1m{[0m[3msession[0m[2m=[0m1bbc7b2a-fac2-4fa8-9d40-e0d0e22c7887[1m}[0m[2m:[0m [2mbraze_engine::engine[0m[2m:[0m parsed a prompt-tools envelope final answer
-> ollama:qwen2.5:3b+ablate:constrained-tools :: no_tool_qa (rep 5/5)
[2m2026-07-12T23:09:58.880295Z[0m [32m INFO[0m [1mturn[0m[1m{[0m[3msession[0m[2m=[0mb9065c75-37d7-4bba-83e2-ad14f01dbe10[1m}[0m[2m:[0m [2mbraze_engine::hooks[0m[2m:[0m prompt budget breakdown (PromptBudgetAuditHook) [3msystem_tokens_est[0m[2m=[0m268 [3mtools_tokens_est[0m[2m=[0m850 [3mhistory_tokens_est[0m[2m=[0m19 [3mtotal_tokens_est[0m[2m=[0m1138 [3mmessage_count[0m[2m=[0m1
[2m2026-07-12T23:09:59.829280Z[0m [32m INFO[0m [1mturn[0m[1m{[0m[3msession[0m[2m=[0mb9065c75-37d7-4bba-83e2-ad14f01dbe10[1m}[0m[2m:[0m [2mbraze_engine::engine[0m[2m:[0m parsed a prompt-tools envelope final answer
-> ollama:qwen2.5:3b+ablate:constrained-tools :: multi_step_read_count_write (rep 1/5)
[2m2026-07-12T23:09:59.837243Z[0m [32m INFO[0m [1mturn[0m[1m{[0m[3msession[0m[2m=[0m0041bcf4-6ae9-4963-bdc9-c049ce6f611e[1m}[0m[2m:[0m [2mbraze_engine::hooks[0m[2m:[0m prompt budget breakdown (PromptBudgetAuditHook) [3msystem_tokens_est[0m[2m=[0m272 [3mtools_tokens_est[0m[2m=[0m850 [3mhistory_tokens_est[0m[2m=[0m45 [3mtotal_tokens_est[0m[2m=[0m1168 [3mmessage_count[0m[2m=[0m1
[2m2026-07-12T23:10:01.009220Z[0m [32m INFO[0m [1mturn[0m[1m{[0m[3msession[0m[2m=[0m0041bcf4-6ae9-4963-bdc9-c049ce6f611e[1m}[0m[2m:[0m [2mbraze_engine::engine[0m[2m:[0m parsed a prompt-tools envelope tool call [3mtool[0m[2m=[0mread_file
[2m2026-07-12T23:10:01.014387Z[0m [32m INFO[0m [1mturn[0m[1m{[0m[3msession[0m[2m=[0m0041bcf4-6ae9-4963-bdc9-c049ce6f611e[1m}[0m[2m:[0m [2mbraze_engine::hooks[0m[2m:[0m prompt budget breakdown (PromptBudgetAuditHook) [3msystem_tokens_est[0m[2m=[0m272 [3mtools_tokens_est[0m[2m=[0m850 [3mhistory_tokens_est[0m[2m=[0m59 [3mtotal_tokens_est[0m[2m=[0m1182 [3mmessage_count[0m[2m=[0m3
[2m2026-07-12T23:10:01.526152Z[0m [32m INFO[0m [1mturn[0m[1m{[0m[3msession[0m[2m=[0m0041bcf4-6ae9-4963-bdc9-c049ce6f611e[1m}[0m[2m:[0m [2mbraze_engine::engine[0m[2m:[0m parsed a prompt-tools envelope final answer
-> ollama:qwen2.5:3b+ablate:constrained-tools :: multi_step_read_count_write (rep 2/5)
[2m2026-07-12T23:10:01.532104Z[0m [32m INFO[0m [1mturn[0m[1m{[0m[3msession[0m[2m=[0m5ffca80b-bc2c-4d9f-aec8-d573c349a06f[1m}[0m[2m:[0m [2mbraze_engine::hooks[0m[2m:[0m prompt budget breakdown (PromptBudgetAuditHook) [3msystem_tokens_est[0m[2m=[0m272 [3mtools_tokens_est[0m[2m=[0m850 [3mhistory_tokens_est[0m[2m=[0m45 [3mtotal_tokens_est[0m[2m=[0m1168 [3mmessage_count[0m[2m=[0m1
[2m2026-07-12T23:10:02.679208Z[0m [32m INFO[0m [1mturn[0m[1m{[0m[3msession[0m[2m=[0m5ffca80b-bc2c-4d9f-aec8-d573c349a06f[1m}[0m[2m:[0m [2mbraze_engine::engine[0m[2m:[0m parsed a prompt-tools envelope tool call [3mtool[0m[2m=[0mread_file
[2m2026-07-12T23:10:02.686872Z[0m [32m INFO[0m [1mturn[0m[1m{[0m[3msession[0m[2m=[0m5ffca80b-bc2c-4d9f-aec8-d573c349a06f[1m}[0m[2m:[0m [2mbraze_engine::hooks[0m[2m:[0m prompt budget breakdown (PromptBudgetAuditHook) [3msystem_tokens_est[0m[2m=[0m272 [3mtools_tokens_est[0m[2m=[0m850 [3mhistory_tokens_est[0m[2m=[0m59 [3mtotal_tokens_est[0m[2m=[0m1182 [3mmessage_count[0m[2m=[0m3
[2m2026-07-12T23:10:03.204362Z[0m [32m INFO[0m [1mturn[0m[1m{[0m[3msession[0m[2m=[0m5ffca80b-bc2c-4d9f-aec8-d573c349a06f[1m}[0m[2m:[0m [2mbraze_engine::engine[0m[2m:[0m parsed a prompt-tools envelope final answer
-> ollama:qwen2.5:3b+ablate:constrained-tools :: multi_step_read_count_write (rep 3/5)
[2m2026-07-12T23:10:03.219257Z[0m [32m INFO[0m [1mturn[0m[1m{[0m[3msession[0m[2m=[0md6231ea1-8324-4989-9925-a331a3a53a5c[1m}[0m[2m:[0m [2mbraze_engine::hooks[0m[2m:[0m prompt budget breakdown (PromptBudgetAuditHook) [3msystem_tokens_est[0m[2m=[0m272 [3mtools_tokens_est[0m[2m=[0m850 [3mhistory_tokens_est[0m[2m=[0m45 [3mtotal_tokens_est[0m[2m=[0m1168 [3mmessage_count[0m[2m=[0m1
[2m2026-07-12T23:10:04.375085Z[0m [32m INFO[0m [1mturn[0m[1m{[0m[3msession[0m[2m=[0md6231ea1-8324-4989-9925-a331a3a53a5c[1m}[0m[2m:[0m [2mbraze_engine::engine[0m[2m:[0m parsed a prompt-tools envelope tool call [3mtool[0m[2m=[0mread_file
[2m2026-07-12T23:10:04.381025Z[0m [32m INFO[0m [1mturn[0m[1m{[0m[3msession[0m[2m=[0md6231ea1-8324-4989-9925-a331a3a53a5c[1m}[0m[2m:[0m [2mbraze_engine::hooks[0m[2m:[0m prompt budget breakdown (PromptBudgetAuditHook) [3msystem_tokens_est[0m[2m=[0m272 [3mtools_tokens_est[0m[2m=[0m850 [3mhistory_tokens_est[0m[2m=[0m59 [3mtotal_tokens_est[0m[2m=[0m1182 [3mmessage_count[0m[2m=[0m3
[2m2026-07-12T23:10:04.901337Z[0m [32m INFO[0m [1mturn[0m[1m{[0m[3msession[0m[2m=[0md6231ea1-8324-4989-9925-a331a3a53a5c[1m}[0m[2m:[0m [2mbraze_engine::engine[0m[2m:[0m parsed a prompt-tools envelope final answer
-> ollama:qwen2.5:3b+ablate:constrained-tools :: multi_step_read_count_write (rep 4/5)
[2m2026-07-12T23:10:04.909703Z[0m [32m INFO[0m [1mturn[0m[1m{[0m[3msession[0m[2m=[0m49c257b9-a94f-4fd0-a2e5-4b63bb4bc8cf[1m}[0m[2m:[0m [2mbraze_engine::hooks[0m[2m:[0m prompt budget breakdown (PromptBudgetAuditHook) [3msystem_tokens_est[0m[2m=[0m272 [3mtools_tokens_est[0m[2m=[0m850 [3mhistory_tokens_est[0m[2m=[0m45 [3mtotal_tokens_est[0m[2m=[0m1168 [3mmessage_count[0m[2m=[0m1
[2m2026-07-12T23:10:06.069668Z[0m [32m INFO[0m [1mturn[0m[1m{[0m[3msession[0m[2m=[0m49c257b9-a94f-4fd0-a2e5-4b63bb4bc8cf[1m}[0m[2m:[0m [2mbraze_engine::engine[0m[2m:[0m parsed a prompt-tools envelope tool call [3mtool[0m[2m=[0mread_file
[2m2026-07-12T23:10:06.076267Z[0m [32m INFO[0m [1mturn[0m[1m{[0m[3msession[0m[2m=[0m49c257b9-a94f-4fd0-a2e5-4b63bb4bc8cf[1m}[0m[2m:[0m [2mbraze_engine::hooks[0m[2m:[0m prompt budget breakdown (PromptBudgetAuditHook) [3msystem_tokens_est[0m[2m=[0m272 [3mtools_tokens_est[0m[2m=[0m850 [3mhistory_tokens_est[0m[2m=[0m59 [3mtotal_tokens_est[0m[2m=[0m1182 [3mmessage_count[0m[2m=[0m3
[2m2026-07-12T23:10:06.579791Z[0m [32m INFO[0m [1mturn[0m[1m{[0m[3msession[0m[2m=[0m49c257b9-a94f-4fd0-a2e5-4b63bb4bc8cf[1m}[0m[2m:[0m [2mbraze_engine::engine[0m[2m:[0m parsed a prompt-tools envelope final answer
-> ollama:qwen2.5:3b+ablate:constrained-tools :: multi_step_read_count_write (rep 5/5)
[2m2026-07-12T23:10:06.588292Z[0m [32m INFO[0m [1mturn[0m[1m{[0m[3msession[0m[2m=[0m7330972b-0b8c-4d4e-b8bc-917fe63b5dcc[1m}[0m[2m:[0m [2mbraze_engine::hooks[0m[2m:[0m prompt budget breakdown (PromptBudgetAuditHook) [3msystem_tokens_est[0m[2m=[0m272 [3mtools_tokens_est[0m[2m=[0m850 [3mhistory_tokens_est[0m[2m=[0m45 [3mtotal_tokens_est[0m[2m=[0m1168 [3mmessage_count[0m[2m=[0m1
[2m2026-07-12T23:10:07.758555Z[0m [32m INFO[0m [1mturn[0m[1m{[0m[3msession[0m[2m=[0m7330972b-0b8c-4d4e-b8bc-917fe63b5dcc[1m}[0m[2m:[0m [2mbraze_engine::engine[0m[2m:[0m parsed a prompt-tools envelope tool call [3mtool[0m[2m=[0mread_file
[2m2026-07-12T23:10:07.764635Z[0m [32m INFO[0m [1mturn[0m[1m{[0m[3msession[0m[2m=[0m7330972b-0b8c-4d4e-b8bc-917fe63b5dcc[1m}[0m[2m:[0m [2mbraze_engine::hooks[0m[2m:[0m prompt budget breakdown (PromptBudgetAuditHook) [3msystem_tokens_est[0m[2m=[0m272 [3mtools_tokens_est[0m[2m=[0m850 [3mhistory_tokens_est[0m[2m=[0m59 [3mtotal_tokens_est[0m[2m=[0m1182 [3mmessage_count[0m[2m=[0m3
[2m2026-07-12T23:10:08.278889Z[0m [32m INFO[0m [1mturn[0m[1m{[0m[3msession[0m[2m=[0m7330972b-0b8c-4d4e-b8bc-917fe63b5dcc[1m}[0m[2m:[0m [2mbraze_engine::engine[0m[2m:[0m parsed a prompt-tools envelope final answer
-> ollama:qwen2.5:3b+ablate:constrained-tools :: error_recovery_wrong_filename (rep 1/5)
[2m2026-07-12T23:10:08.289516Z[0m [32m INFO[0m [1mturn[0m[1m{[0m[3msession[0m[2m=[0m0d32ca8a-b357-4e8a-ac37-c247ba2e6088[1m}[0m[2m:[0m [2mbraze_engine::hooks[0m[2m:[0m prompt budget breakdown (PromptBudgetAuditHook) [3msystem_tokens_est[0m[2m=[0m273 [3mtools_tokens_est[0m[2m=[0m850 [3mhistory_tokens_est[0m[2m=[0m34 [3mtotal_tokens_est[0m[2m=[0m1158 [3mmessage_count[0m[2m=[0m1
[2m2026-07-12T23:10:09.907357Z[0m [32m INFO[0m [1mturn[0m[1m{[0m[3msession[0m[2m=[0m0d32ca8a-b357-4e8a-ac37-c247ba2e6088[1m}[0m[2m:[0m [2mbraze_engine::engine[0m[2m:[0m parsed a prompt-tools envelope tool call [3mtool[0m[2m=[0mread_file
[2m2026-07-12T23:10:09.917005Z[0m [32m INFO[0m [1mturn[0m[1m{[0m[3msession[0m[2m=[0m0d32ca8a-b357-4e8a-ac37-c247ba2e6088[1m}[0m[2m:[0m [2mbraze_engine::hooks[0m[2m:[0m prompt budget breakdown (PromptBudgetAuditHook) [3msystem_tokens_est[0m[2m=[0m273 [3mtools_tokens_est[0m[2m=[0m850 [3mhistory_tokens_est[0m[2m=[0m90 [3mtotal_tokens_est[0m[2m=[0m1214 [3mmessage_count[0m[2m=[0m3
[2m2026-07-12T23:10:10.868491Z[0m [32m INFO[0m [1mturn[0m[1m{[0m[3msession[0m[2m=[0m0d32ca8a-b357-4e8a-ac37-c247ba2e6088[1m}[0m[2m:[0m [2mbraze_engine::engine[0m[2m:[0m parsed a prompt-tools envelope final answer
-> ollama:qwen2.5:3b+ablate:constrained-tools :: error_recovery_wrong_filename (rep 2/5)
[2m2026-07-12T23:10:10.875338Z[0m [32m INFO[0m [1mturn[0m[1m{[0m[3msession[0m[2m=[0m1d29490c-5051-4e0e-b60d-1ee76bce4322[1m}[0m[2m:[0m [2mbraze_engine::hooks[0m[2m:[0m prompt budget breakdown (PromptBudgetAuditHook) [3msystem_tokens_est[0m[2m=[0m273 [3mtools_tokens_est[0m[2m=[0m850 [3mhistory_tokens_est[0m[2m=[0m34 [3mtotal_tokens_est[0m[2m=[0m1158 [3mmessage_count[0m[2m=[0m1
[2m2026-07-12T23:10:12.480003Z[0m [32m INFO[0m [1mturn[0m[1m{[0m[3msession[0m[2m=[0m1d29490c-5051-4e0e-b60d-1ee76bce4322[1m}[0m[2m:[0m [2mbraze_engine::engine[0m[2m:[0m parsed a prompt-tools envelope tool call [3mtool[0m[2m=[0mread_file
[2m2026-07-12T23:10:12.486655Z[0m [32m INFO[0m [1mturn[0m[1m{[0m[3msession[0m[2m=[0m1d29490c-5051-4e0e-b60d-1ee76bce4322[1m}[0m[2m:[0m [2mbraze_engine::hooks[0m[2m:[0m prompt budget breakdown (PromptBudgetAuditHook) [3msystem_tokens_est[0m[2m=[0m273 [3mtools_tokens_est[0m[2m=[0m850 [3mhistory_tokens_est[0m[2m=[0m90 [3mtotal_tokens_est[0m[2m=[0m1214 [3mmessage_count[0m[2m=[0m3
[2m2026-07-12T23:10:13.719191Z[0m [32m INFO[0m [1mturn[0m[1m{[0m[3msession[0m[2m=[0m1d29490c-5051-4e0e-b60d-1ee76bce4322[1m}[0m[2m:[0m [2mbraze_engine::engine[0m[2m:[0m parsed a prompt-tools envelope final answer
-> ollama:qwen2.5:3b+ablate:constrained-tools :: error_recovery_wrong_filename (rep 3/5)
[2m2026-07-12T23:10:13.726876Z[0m [32m INFO[0m [1mturn[0m[1m{[0m[3msession[0m[2m=[0m8ea7fd47-3039-4b44-b631-c76a93bdddbb[1m}[0m[2m:[0m [2mbraze_engine::hooks[0m[2m:[0m prompt budget breakdown (PromptBudgetAuditHook) [3msystem_tokens_est[0m[2m=[0m273 [3mtools_tokens_est[0m[2m=[0m850 [3mhistory_tokens_est[0m[2m=[0m34 [3mtotal_tokens_est[0m[2m=[0m1158 [3mmessage_count[0m[2m=[0m1
[2m2026-07-12T23:10:15.455212Z[0m [32m INFO[0m [1mturn[0m[1m{[0m[3msession[0m[2m=[0m8ea7fd47-3039-4b44-b631-c76a93bdddbb[1m}[0m[2m:[0m [2mbraze_engine::engine[0m[2m:[0m parsed a prompt-tools envelope tool call [3mtool[0m[2m=[0mread_file
[2m2026-07-12T23:10:15.460845Z[0m [32m INFO[0m [1mturn[0m[1m{[0m[3msession[0m[2m=[0m8ea7fd47-3039-4b44-b631-c76a93bdddbb[1m}[0m[2m:[0m [2mbraze_engine::hooks[0m[2m:[0m prompt budget breakdown (PromptBudgetAuditHook) [3msystem_tokens_est[0m[2m=[0m273 [3mtools_tokens_est[0m[2m=[0m850 [3mhistory_tokens_est[0m[2m=[0m90 [3mtotal_tokens_est[0m[2m=[0m1214 [3mmessage_count[0m[2m=[0m3
[2m2026-07-12T23:10:16.422546Z[0m [32m INFO[0m [1mturn[0m[1m{[0m[3msession[0m[2m=[0m8ea7fd47-3039-4b44-b631-c76a93bdddbb[1m}[0m[2m:[0m [2mbraze_engine::engine[0m[2m:[0m parsed a prompt-tools envelope final answer
-> ollama:qwen2.5:3b+ablate:constrained-tools :: error_recovery_wrong_filename (rep 4/5)
[2m2026-07-12T23:10:16.433212Z[0m [32m INFO[0m [1mturn[0m[1m{[0m[3msession[0m[2m=[0me0e9c4e8-2f77-4125-a272-24701fb99948[1m}[0m[2m:[0m [2mbraze_engine::hooks[0m[2m:[0m prompt budget breakdown (PromptBudgetAuditHook) [3msystem_tokens_est[0m[2m=[0m273 [3mtools_tokens_est[0m[2m=[0m850 [3mhistory_tokens_est[0m[2m=[0m34 [3mtotal_tokens_est[0m[2m=[0m1158 [3mmessage_count[0m[2m=[0m1
[2m2026-07-12T23:10:18.133085Z[0m [32m INFO[0m [1mturn[0m[1m{[0m[3msession[0m[2m=[0me0e9c4e8-2f77-4125-a272-24701fb99948[1m}[0m[2m:[0m [2mbraze_engine::engine[0m[2m:[0m parsed a prompt-tools envelope tool call [3mtool[0m[2m=[0mread_file
[2m2026-07-12T23:10:18.138208Z[0m [32m INFO[0m [1mturn[0m[1m{[0m[3msession[0m[2m=[0me0e9c4e8-2f77-4125-a272-24701fb99948[1m}[0m[2m:[0m [2mbraze_engine::hooks[0m[2m:[0m prompt budget breakdown (PromptBudgetAuditHook) [3msystem_tokens_est[0m[2m=[0m273 [3mtools_tokens_est[0m[2m=[0m850 [3mhistory_tokens_est[0m[2m=[0m90 [3mtotal_tokens_est[0m[2m=[0m1214 [3mmessage_count[0m[2m=[0m3
[2m2026-07-12T23:10:19.381384Z[0m [32m INFO[0m [1mturn[0m[1m{[0m[3msession[0m[2m=[0me0e9c4e8-2f77-4125-a272-24701fb99948[1m}[0m[2m:[0m [2mbraze_engine::engine[0m[2m:[0m parsed a prompt-tools envelope final answer
-> ollama:qwen2.5:3b+ablate:constrained-tools :: error_recovery_wrong_filename (rep 5/5)
[2m2026-07-12T23:10:19.387538Z[0m [32m INFO[0m [1mturn[0m[1m{[0m[3msession[0m[2m=[0m70a2c971-b643-42aa-be97-491739e9b922[1m}[0m[2m:[0m [2mbraze_engine::hooks[0m[2m:[0m prompt budget breakdown (PromptBudgetAuditHook) [3msystem_tokens_est[0m[2m=[0m273 [3mtools_tokens_est[0m[2m=[0m850 [3mhistory_tokens_est[0m[2m=[0m34 [3mtotal_tokens_est[0m[2m=[0m1158 [3mmessage_count[0m[2m=[0m1
[2m2026-07-12T23:10:21.065533Z[0m [32m INFO[0m [1mturn[0m[1m{[0m[3msession[0m[2m=[0m70a2c971-b643-42aa-be97-491739e9b922[1m}[0m[2m:[0m [2mbraze_engine::engine[0m[2m:[0m parsed a prompt-tools envelope tool call [3mtool[0m[2m=[0mread_file
[2m2026-07-12T23:10:21.070257Z[0m [32m INFO[0m [1mturn[0m[1m{[0m[3msession[0m[2m=[0m70a2c971-b643-42aa-be97-491739e9b922[1m}[0m[2m:[0m [2mbraze_engine::hooks[0m[2m:[0m prompt budget breakdown (PromptBudgetAuditHook) [3msystem_tokens_est[0m[2m=[0m273 [3mtools_tokens_est[0m[2m=[0m850 [3mhistory_tokens_est[0m[2m=[0m90 [3mtotal_tokens_est[0m[2m=[0m1214 [3mmessage_count[0m[2m=[0m3
[2m2026-07-12T23:10:22.502481Z[0m [32m INFO[0m [1mturn[0m[1m{[0m[3msession[0m[2m=[0m70a2c971-b643-42aa-be97-491739e9b922[1m}[0m[2m:[0m [2mbraze_engine::engine[0m[2m:[0m parsed a prompt-tools envelope final answer
-> ollama:qwen2.5:3b+ablate:constrained-tools :: distractor_selection_among_files (rep 1/5)
[2m2026-07-12T23:10:22.508506Z[0m [32m INFO[0m [1mturn[0m[1m{[0m[3msession[0m[2m=[0mc763dd66-49d5-4ef9-93c2-5b1533a587ed[1m}[0m[2m:[0m [2mbraze_engine::hooks[0m[2m:[0m prompt budget breakdown (PromptBudgetAuditHook) [3msystem_tokens_est[0m[2m=[0m274 [3mtools_tokens_est[0m[2m=[0m850 [3mhistory_tokens_est[0m[2m=[0m34 [3mtotal_tokens_est[0m[2m=[0m1159 [3mmessage_count[0m[2m=[0m1
[2m2026-07-12T23:10:24.281773Z[0m [32m INFO[0m [1mturn[0m[1m{[0m[3msession[0m[2m=[0mc763dd66-49d5-4ef9-93c2-5b1533a587ed[1m}[0m[2m:[0m [2mbraze_engine::engine[0m[2m:[0m parsed a prompt-tools envelope tool call [3mtool[0m[2m=[0mread_file
[2m2026-07-12T23:10:24.288672Z[0m [32m INFO[0m [1mturn[0m[1m{[0m[3msession[0m[2m=[0mc763dd66-49d5-4ef9-93c2-5b1533a587ed[1m}[0m[2m:[0m [2mbraze_engine::hooks[0m[2m:[0m prompt budget breakdown (PromptBudgetAuditHook) [3msystem_tokens_est[0m[2m=[0m274 [3mtools_tokens_est[0m[2m=[0m850 [3mhistory_tokens_est[0m[2m=[0m75 [3mtotal_tokens_est[0m[2m=[0m1200 [3mmessage_count[0m[2m=[0m3
[2m2026-07-12T23:10:25.358931Z[0m [32m INFO[0m [1mturn[0m[1m{[0m[3msession[0m[2m=[0mc763dd66-49d5-4ef9-93c2-5b1533a587ed[1m}[0m[2m:[0m [2mbraze_engine::engine[0m[2m:[0m parsed a prompt-tools envelope final answer
-> ollama:qwen2.5:3b+ablate:constrained-tools :: distractor_selection_among_files (rep 2/5)
[2m2026-07-12T23:10:25.367527Z[0m [32m INFO[0m [1mturn[0m[1m{[0m[3msession[0m[2m=[0m6ab950d8-738f-4174-9037-141d56300c52[1m}[0m[2m:[0m [2mbraze_engine::hooks[0m[2m:[0m prompt budget breakdown (PromptBudgetAuditHook) [3msystem_tokens_est[0m[2m=[0m274 [3mtools_tokens_est[0m[2m=[0m850 [3mhistory_tokens_est[0m[2m=[0m34 [3mtotal_tokens_est[0m[2m=[0m1159 [3mmessage_count[0m[2m=[0m1
[2m2026-07-12T23:10:26.858491Z[0m [32m INFO[0m [1mturn[0m[1m{[0m[3msession[0m[2m=[0m6ab950d8-738f-4174-9037-141d56300c52[1m}[0m[2m:[0m [2mbraze_engine::engine[0m[2m:[0m parsed a prompt-tools envelope tool call [3mtool[0m[2m=[0mread_file
[2m2026-07-12T23:10:26.865308Z[0m [32m INFO[0m [1mturn[0m[1m{[0m[3msession[0m[2m=[0m6ab950d8-738f-4174-9037-141d56300c52[1m}[0m[2m:[0m [2mbraze_engine::hooks[0m[2m:[0m prompt budget breakdown (PromptBudgetAuditHook) [3msystem_tokens_est[0m[2m=[0m274 [3mtools_tokens_est[0m[2m=[0m850 [3mhistory_tokens_est[0m[2m=[0m73 [3mtotal_tokens_est[0m[2m=[0m1198 [3mmessage_count[0m[2m=[0m3
[2m2026-07-12T23:10:28.488111Z[0m [32m INFO[0m [1mturn[0m[1m{[0m[3msession[0m[2m=[0m6ab950d8-738f-4174-9037-141d56300c52[1m}[0m[2m:[0m [2mbraze_engine::engine[0m[2m:[0m parsed a prompt-tools envelope tool call [3mtool[0m[2m=[0mread_file
[2m2026-07-12T23:10:28.493613Z[0m [32m INFO[0m [1mturn[0m[1m{[0m[3msession[0m[2m=[0m6ab950d8-738f-4174-9037-141d56300c52[1m}[0m[2m:[0m [2mbraze_engine::hooks[0m[2m:[0m prompt budget breakdown (PromptBudgetAuditHook) [3msystem_tokens_est[0m[2m=[0m274 [3mtools_tokens_est[0m[2m=[0m850 [3mhistory_tokens_est[0m[2m=[0m149 [3mtotal_tokens_est[0m[2m=[0m1274 [3mmessage_count[0m[2m=[0m6
[2m2026-07-12T23:10:29.622164Z[0m [32m INFO[0m [1mturn[0m[1m{[0m[3msession[0m[2m=[0m6ab950d8-738f-4174-9037-141d56300c52[1m}[0m[2m:[0m [2mbraze_engine::engine[0m[2m:[0m parsed a prompt-tools envelope final answer
-> ollama:qwen2.5:3b+ablate:constrained-tools :: distractor_selection_among_files (rep 3/5)
[2m2026-07-12T23:10:29.647987Z[0m [32m INFO[0m [1mturn[0m[1m{[0m[3msession[0m[2m=[0m2f06d45a-5987-42d7-9292-a98dbedd1c19[1m}[0m[2m:[0m [2mbraze_engine::hooks[0m[2m:[0m prompt budget breakdown (PromptBudgetAuditHook) [3msystem_tokens_est[0m[2m=[0m274 [3mtools_tokens_est[0m[2m=[0m850 [3mhistory_tokens_est[0m[2m=[0m34 [3mtotal_tokens_est[0m[2m=[0m1159 [3mmessage_count[0m[2m=[0m1
[2m2026-07-12T23:10:31.153283Z[0m [32m INFO[0m [1mturn[0m[1m{[0m[3msession[0m[2m=[0m2f06d45a-5987-42d7-9292-a98dbedd1c19[1m}[0m[2m:[0m [2mbraze_engine::engine[0m[2m:[0m parsed a prompt-tools envelope tool call [3mtool[0m[2m=[0mread_file
[2m2026-07-12T23:10:31.159160Z[0m [32m INFO[0m [1mturn[0m[1m{[0m[3msession[0m[2m=[0m2f06d45a-5987-42d7-9292-a98dbedd1c19[1m}[0m[2m:[0m [2mbraze_engine::hooks[0m[2m:[0m prompt budget breakdown (PromptBudgetAuditHook) [3msystem_tokens_est[0m[2m=[0m274 [3mtools_tokens_est[0m[2m=[0m850 [3mhistory_tokens_est[0m[2m=[0m73 [3mtotal_tokens_est[0m[2m=[0m1198 [3mmessage_count[0m[2m=[0m3
[2m2026-07-12T23:10:32.252698Z[0m [32m INFO[0m [1mturn[0m[1m{[0m[3msession[0m[2m=[0m2f06d45a-5987-42d7-9292-a98dbedd1c19[1m}[0m[2m:[0m [2mbraze_engine::engine[0m[2m:[0m parsed a prompt-tools envelope final answer
-> ollama:qwen2.5:3b+ablate:constrained-tools :: distractor_selection_among_files (rep 4/5)
[2m2026-07-12T23:10:32.263100Z[0m [32m INFO[0m [1mturn[0m[1m{[0m[3msession[0m[2m=[0m8e45232e-affc-463a-82f2-57e8643d6aa9[1m}[0m[2m:[0m [2mbraze_engine::hooks[0m[2m:[0m prompt budget breakdown (PromptBudgetAuditHook) [3msystem_tokens_est[0m[2m=[0m274 [3mtools_tokens_est[0m[2m=[0m850 [3mhistory_tokens_est[0m[2m=[0m34 [3mtotal_tokens_est[0m[2m=[0m1159 [3mmessage_count[0m[2m=[0m1
[2m2026-07-12T23:10:33.762942Z[0m [32m INFO[0m [1mturn[0m[1m{[0m[3msession[0m[2m=[0m8e45232e-affc-463a-82f2-57e8643d6aa9[1m}[0m[2m:[0m [2mbraze_engine::engine[0m[2m:[0m parsed a prompt-tools envelope tool call [3mtool[0m[2m=[0mread_file
[2m2026-07-12T23:10:33.770785Z[0m [32m INFO[0m [1mturn[0m[1m{[0m[3msession[0m[2m=[0m8e45232e-affc-463a-82f2-57e8643d6aa9[1m}[0m[2m:[0m [2mbraze_engine::hooks[0m[2m:[0m prompt budget breakdown (PromptBudgetAuditHook) [3msystem_tokens_est[0m[2m=[0m274 [3mtools_tokens_est[0m[2m=[0m850 [3mhistory_tokens_est[0m[2m=[0m73 [3mtotal_tokens_est[0m[2m=[0m1198 [3mmessage_count[0m[2m=[0m3
[2m2026-07-12T23:10:34.887786Z[0m [32m INFO[0m [1mturn[0m[1m{[0m[3msession[0m[2m=[0m8e45232e-affc-463a-82f2-57e8643d6aa9[1m}[0m[2m:[0m [2mbraze_engine::engine[0m[2m:[0m parsed a prompt-tools envelope final answer
-> ollama:qwen2.5:3b+ablate:constrained-tools :: distractor_selection_among_files (rep 5/5)
[2m2026-07-12T23:10:34.893238Z[0m [32m INFO[0m [1mturn[0m[1m{[0m[3msession[0m[2m=[0m2d320462-5f7b-4c2d-bd8d-429198e94cc6[1m}[0m[2m:[0m [2mbraze_engine::hooks[0m[2m:[0m prompt budget breakdown (PromptBudgetAuditHook) [3msystem_tokens_est[0m[2m=[0m274 [3mtools_tokens_est[0m[2m=[0m850 [3mhistory_tokens_est[0m[2m=[0m34 [3mtotal_tokens_est[0m[2m=[0m1159 [3mmessage_count[0m[2m=[0m1
[2m2026-07-12T23:10:36.557272Z[0m [32m INFO[0m [1mturn[0m[1m{[0m[3msession[0m[2m=[0m2d320462-5f7b-4c2d-bd8d-429198e94cc6[1m}[0m[2m:[0m [2mbraze_engine::engine[0m[2m:[0m parsed a prompt-tools envelope tool call [3mtool[0m[2m=[0mread_file
[2m2026-07-12T23:10:36.562728Z[0m [32m INFO[0m [1mturn[0m[1m{[0m[3msession[0m[2m=[0m2d320462-5f7b-4c2d-bd8d-429198e94cc6[1m}[0m[2m:[0m [2mbraze_engine::hooks[0m[2m:[0m prompt budget breakdown (PromptBudgetAuditHook) [3msystem_tokens_est[0m[2m=[0m274 [3mtools_tokens_est[0m[2m=[0m850 [3mhistory_tokens_est[0m[2m=[0m75 [3mtotal_tokens_est[0m[2m=[0m1200 [3mmessage_count[0m[2m=[0m3
[2m2026-07-12T23:10:38.178436Z[0m [32m INFO[0m [1mturn[0m[1m{[0m[3msession[0m[2m=[0m2d320462-5f7b-4c2d-bd8d-429198e94cc6[1m}[0m[2m:[0m [2mbraze_engine::engine[0m[2m:[0m parsed a prompt-tools envelope tool call [3mtool[0m[2m=[0mread_file
[2m2026-07-12T23:10:38.190421Z[0m [32m INFO[0m [1mturn[0m[1m{[0m[3msession[0m[2m=[0m2d320462-5f7b-4c2d-bd8d-429198e94cc6[1m}[0m[2m:[0m [2mbraze_engine::hooks[0m[2m:[0m prompt budget breakdown (PromptBudgetAuditHook) [3msystem_tokens_est[0m[2m=[0m274 [3mtools_tokens_est[0m[2m=[0m850 [3mhistory_tokens_est[0m[2m=[0m152 [3mtotal_tokens_est[0m[2m=[0m1277 [3mmessage_count[0m[2m=[0m6
[2m2026-07-12T23:10:39.410284Z[0m [32m INFO[0m [1mturn[0m[1m{[0m[3msession[0m[2m=[0m2d320462-5f7b-4c2d-bd8d-429198e94cc6[1m}[0m[2m:[0m [2mbraze_engine::engine[0m[2m:[0m parsed a prompt-tools envelope final answer
-> ollama:qwen2.5:3b+ablate:constrained-tools :: edit_file_function_body (rep 1/5)
[2m2026-07-12T23:10:39.420087Z[0m [32m INFO[0m [1mturn[0m[1m{[0m[3msession[0m[2m=[0m02078911-bdd7-4c89-b6ad-8756f5fce517[1m}[0m[2m:[0m [2mbraze_engine::hooks[0m[2m:[0m prompt budget breakdown (PromptBudgetAuditHook) [3msystem_tokens_est[0m[2m=[0m271 [3mtools_tokens_est[0m[2m=[0m850 [3mhistory_tokens_est[0m[2m=[0m28 [3mtotal_tokens_est[0m[2m=[0m1150 [3mmessage_count[0m[2m=[0m1
[2m2026-07-12T23:10:41.674025Z[0m [32m INFO[0m [1mturn[0m[1m{[0m[3msession[0m[2m=[0m02078911-bdd7-4c89-b6ad-8756f5fce517[1m}[0m[2m:[0m [2mbraze_engine::engine[0m[2m:[0m parsed a prompt-tools envelope tool call [3mtool[0m[2m=[0mread_file
[2m2026-07-12T23:10:41.678548Z[0m [32m INFO[0m [1mturn[0m[1m{[0m[3msession[0m[2m=[0m02078911-bdd7-4c89-b6ad-8756f5fce517[1m}[0m[2m:[0m [2mbraze_engine::hooks[0m[2m:[0m prompt budget breakdown (PromptBudgetAuditHook) [3msystem_tokens_est[0m[2m=[0m271 [3mtools_tokens_est[0m[2m=[0m850 [3mhistory_tokens_est[0m[2m=[0m89 [3mtotal_tokens_est[0m[2m=[0m1212 [3mmessage_count[0m[2m=[0m3
[2m2026-07-12T23:10:42.998706Z[0m [32m INFO[0m [1mturn[0m[1m{[0m[3msession[0m[2m=[0m02078911-bdd7-4c89-b6ad-8756f5fce517[1m}[0m[2m:[0m [2mbraze_engine::engine[0m[2m:[0m parsed a prompt-tools envelope final answer
-> ollama:qwen2.5:3b+ablate:constrained-tools :: edit_file_function_body (rep 2/5)
[2m2026-07-12T23:10:43.015058Z[0m [32m INFO[0m [1mturn[0m[1m{[0m[3msession[0m[2m=[0mee909b3e-88db-4331-bb74-378e459a2c1f[1m}[0m[2m:[0m [2mbraze_engine::hooks[0m[2m:[0m prompt budget breakdown (PromptBudgetAuditHook) [3msystem_tokens_est[0m[2m=[0m271 [3mtools_tokens_est[0m[2m=[0m850 [3mhistory_tokens_est[0m[2m=[0m28 [3mtotal_tokens_est[0m[2m=[0m1150 [3mmessage_count[0m[2m=[0m1
[2m2026-07-12T23:10:45.247703Z[0m [32m INFO[0m [1mturn[0m[1m{[0m[3msession[0m[2m=[0mee909b3e-88db-4331-bb74-378e459a2c1f[1m}[0m[2m:[0m [2mbraze_engine::engine[0m[2m:[0m parsed a prompt-tools envelope tool call [3mtool[0m[2m=[0mread_file
[2m2026-07-12T23:10:45.254826Z[0m [32m INFO[0m [1mturn[0m[1m{[0m[3msession[0m[2m=[0mee909b3e-88db-4331-bb74-378e459a2c1f[1m}[0m[2m:[0m [2mbraze_engine::hooks[0m[2m:[0m prompt budget breakdown (PromptBudgetAuditHook) [3msystem_tokens_est[0m[2m=[0m271 [3mtools_tokens_est[0m[2m=[0m850 [3mhistory_tokens_est[0m[2m=[0m89 [3mtotal_tokens_est[0m[2m=[0m1212 [3mmessage_count[0m[2m=[0m3
[2m2026-07-12T23:10:46.438989Z[0m [32m INFO[0m [1mturn[0m[1m{[0m[3msession[0m[2m=[0mee909b3e-88db-4331-bb74-378e459a2c1f[1m}[0m[2m:[0m [2mbraze_engine::engine[0m[2m:[0m parsed a prompt-tools envelope final answer
-> ollama:qwen2.5:3b+ablate:constrained-tools :: edit_file_function_body (rep 3/5)
[2m2026-07-12T23:10:46.449232Z[0m [32m INFO[0m [1mturn[0m[1m{[0m[3msession[0m[2m=[0md103a9ba-17ec-45ec-b147-498f12752da8[1m}[0m[2m:[0m [2mbraze_engine::hooks[0m[2m:[0m prompt budget breakdown (PromptBudgetAuditHook) [3msystem_tokens_est[0m[2m=[0m271 [3mtools_tokens_est[0m[2m=[0m850 [3mhistory_tokens_est[0m[2m=[0m28 [3mtotal_tokens_est[0m[2m=[0m1150 [3mmessage_count[0m[2m=[0m1
[2m2026-07-12T23:10:48.683818Z[0m [32m INFO[0m [1mturn[0m[1m{[0m[3msession[0m[2m=[0md103a9ba-17ec-45ec-b147-498f12752da8[1m}[0m[2m:[0m [2mbraze_engine::engine[0m[2m:[0m parsed a prompt-tools envelope tool call [3mtool[0m[2m=[0mread_file
[2m2026-07-12T23:10:48.691775Z[0m [32m INFO[0m [1mturn[0m[1m{[0m[3msession[0m[2m=[0md103a9ba-17ec-45ec-b147-498f12752da8[1m}[0m[2m:[0m [2mbraze_engine::hooks[0m[2m:[0m prompt budget breakdown (PromptBudgetAuditHook) [3msystem_tokens_est[0m[2m=[0m271 [3mtools_tokens_est[0m[2m=[0m850 [3mhistory_tokens_est[0m[2m=[0m89 [3mtotal_tokens_est[0m[2m=[0m1212 [3mmessage_count[0m[2m=[0m3
[2m2026-07-12T23:10:49.790624Z[0m [32m INFO[0m [1mturn[0m[1m{[0m[3msession[0m[2m=[0md103a9ba-17ec-45ec-b147-498f12752da8[1m}[0m[2m:[0m [2mbraze_engine::engine[0m[2m:[0m parsed a prompt-tools envelope final answer
-> ollama:qwen2.5:3b+ablate:constrained-tools :: edit_file_function_body (rep 4/5)
[2m2026-07-12T23:10:49.805547Z[0m [32m INFO[0m [1mturn[0m[1m{[0m[3msession[0m[2m=[0mf0089cc4-1c4c-4fa2-8fc5-e25ecf26d844[1m}[0m[2m:[0m [2mbraze_engine::hooks[0m[2m:[0m prompt budget breakdown (PromptBudgetAuditHook) [3msystem_tokens_est[0m[2m=[0m271 [3mtools_tokens_est[0m[2m=[0m850 [3mhistory_tokens_est[0m[2m=[0m28 [3mtotal_tokens_est[0m[2m=[0m1150 [3mmessage_count[0m[2m=[0m1
[2m2026-07-12T23:10:52.034478Z[0m [32m INFO[0m [1mturn[0m[1m{[0m[3msession[0m[2m=[0mf0089cc4-1c4c-4fa2-8fc5-e25ecf26d844[1m}[0m[2m:[0m [2mbraze_engine::engine[0m[2m:[0m parsed a prompt-tools envelope tool call [3mtool[0m[2m=[0mread_file
[2m2026-07-12T23:10:52.042822Z[0m [32m INFO[0m [1mturn[0m[1m{[0m[3msession[0m[2m=[0mf0089cc4-1c4c-4fa2-8fc5-e25ecf26d844[1m}[0m[2m:[0m [2mbraze_engine::hooks[0m[2m:[0m prompt budget breakdown (PromptBudgetAuditHook) [3msystem_tokens_est[0m[2m=[0m271 [3mtools_tokens_est[0m[2m=[0m850 [3mhistory_tokens_est[0m[2m=[0m89 [3mtotal_tokens_est[0m[2m=[0m1212 [3mmessage_count[0m[2m=[0m3
[2m2026-07-12T23:10:53.383301Z[0m [32m INFO[0m [1mturn[0m[1m{[0m[3msession[0m[2m=[0mf0089cc4-1c4c-4fa2-8fc5-e25ecf26d844[1m}[0m[2m:[0m [2mbraze_engine::engine[0m[2m:[0m parsed a prompt-tools envelope final answer
-> ollama:qwen2.5:3b+ablate:constrained-tools :: edit_file_function_body (rep 5/5)
[2m2026-07-12T23:10:53.392292Z[0m [32m INFO[0m [1mturn[0m[1m{[0m[3msession[0m[2m=[0maf11c16f-aee5-488f-8c2a-afb772584125[1m}[0m[2m:[0m [2mbraze_engine::hooks[0m[2m:[0m prompt budget breakdown (PromptBudgetAuditHook) [3msystem_tokens_est[0m[2m=[0m271 [3mtools_tokens_est[0m[2m=[0m850 [3mhistory_tokens_est[0m[2m=[0m28 [3mtotal_tokens_est[0m[2m=[0m1150 [3mmessage_count[0m[2m=[0m1
[2m2026-07-12T23:10:55.617865Z[0m [32m INFO[0m [1mturn[0m[1m{[0m[3msession[0m[2m=[0maf11c16f-aee5-488f-8c2a-afb772584125[1m}[0m[2m:[0m [2mbraze_engine::engine[0m[2m:[0m parsed a prompt-tools envelope tool call [3mtool[0m[2m=[0mread_file
[2m2026-07-12T23:10:55.625332Z[0m [32m INFO[0m [1mturn[0m[1m{[0m[3msession[0m[2m=[0maf11c16f-aee5-488f-8c2a-afb772584125[1m}[0m[2m:[0m [2mbraze_engine::hooks[0m[2m:[0m prompt budget breakdown (PromptBudgetAuditHook) [3msystem_tokens_est[0m[2m=[0m271 [3mtools_tokens_est[0m[2m=[0m850 [3mhistory_tokens_est[0m[2m=[0m89 [3mtotal_tokens_est[0m[2m=[0m1212 [3mmessage_count[0m[2m=[0m3
[2m2026-07-12T23:10:56.968420Z[0m [32m INFO[0m [1mturn[0m[1m{[0m[3msession[0m[2m=[0maf11c16f-aee5-488f-8c2a-afb772584125[1m}[0m[2m:[0m [2mbraze_engine::engine[0m[2m:[0m parsed a prompt-tools envelope final answer
-> ollama:qwen2.5:3b+ablate:constrained-tools :: no_tool_capital_question (rep 1/5)
[2m2026-07-12T23:10:56.978620Z[0m [32m INFO[0m [1mturn[0m[1m{[0m[3msession[0m[2m=[0m58079746-e1a8-491e-9e39-ed9abf7e192e[1m}[0m[2m:[0m [2mbraze_engine::hooks[0m[2m:[0m prompt budget breakdown (PromptBudgetAuditHook) [3msystem_tokens_est[0m[2m=[0m272 [3mtools_tokens_est[0m[2m=[0m850 [3mhistory_tokens_est[0m[2m=[0m25 [3mtotal_tokens_est[0m[2m=[0m1148 [3mmessage_count[0m[2m=[0m1
[2m2026-07-12T23:10:57.993571Z[0m [32m INFO[0m [1mturn[0m[1m{[0m[3msession[0m[2m=[0m58079746-e1a8-491e-9e39-ed9abf7e192e[1m}[0m[2m:[0m [2mbraze_engine::engine[0m[2m:[0m parsed a prompt-tools envelope final answer
-> ollama:qwen2.5:3b+ablate:constrained-tools :: no_tool_capital_question (rep 2/5)
[2m2026-07-12T23:10:57.999569Z[0m [32m INFO[0m [1mturn[0m[1m{[0m[3msession[0m[2m=[0m5c5ed89a-0d3d-468b-b4f6-091753e52531[1m}[0m[2m:[0m [2mbraze_engine::hooks[0m[2m:[0m prompt budget breakdown (PromptBudgetAuditHook) [3msystem_tokens_est[0m[2m=[0m272 [3mtools_tokens_est[0m[2m=[0m850 [3mhistory_tokens_est[0m[2m=[0m25 [3mtotal_tokens_est[0m[2m=[0m1148 [3mmessage_count[0m[2m=[0m1
[2m2026-07-12T23:10:58.989892Z[0m [32m INFO[0m [1mturn[0m[1m{[0m[3msession[0m[2m=[0m5c5ed89a-0d3d-468b-b4f6-091753e52531[1m}[0m[2m:[0m [2mbraze_engine::engine[0m[2m:[0m parsed a prompt-tools envelope final answer
-> ollama:qwen2.5:3b+ablate:constrained-tools :: no_tool_capital_question (rep 3/5)
[2m2026-07-12T23:10:58.996084Z[0m [32m INFO[0m [1mturn[0m[1m{[0m[3msession[0m[2m=[0mbcd9704b-5dcb-421b-ba0d-ebe7e217f9b1[1m}[0m[2m:[0m [2mbraze_engine::hooks[0m[2m:[0m prompt budget breakdown (PromptBudgetAuditHook) [3msystem_tokens_est[0m[2m=[0m272 [3mtools_tokens_est[0m[2m=[0m850 [3mhistory_tokens_est[0m[2m=[0m25 [3mtotal_tokens_est[0m[2m=[0m1148 [3mmessage_count[0m[2m=[0m1
[2m2026-07-12T23:10:59.999087Z[0m [32m INFO[0m [1mturn[0m[1m{[0m[3msession[0m[2m=[0mbcd9704b-5dcb-421b-ba0d-ebe7e217f9b1[1m}[0m[2m:[0m [2mbraze_engine::engine[0m[2m:[0m parsed a prompt-tools envelope final answer
-> ollama:qwen2.5:3b+ablate:constrained-tools :: no_tool_capital_question (rep 4/5)
[2m2026-07-12T23:11:00.005506Z[0m [32m INFO[0m [1mturn[0m[1m{[0m[3msession[0m[2m=[0m5e181a90-6799-4fe7-8275-f12ddaa58055[1m}[0m[2m:[0m [2mbraze_engine::hooks[0m[2m:[0m prompt budget breakdown (PromptBudgetAuditHook) [3msystem_tokens_est[0m[2m=[0m272 [3mtools_tokens_est[0m[2m=[0m850 [3mhistory_tokens_est[0m[2m=[0m25 [3mtotal_tokens_est[0m[2m=[0m1148 [3mmessage_count[0m[2m=[0m1
[2m2026-07-12T23:11:00.997287Z[0m [32m INFO[0m [1mturn[0m[1m{[0m[3msession[0m[2m=[0m5e181a90-6799-4fe7-8275-f12ddaa58055[1m}[0m[2m:[0m [2mbraze_engine::engine[0m[2m:[0m parsed a prompt-tools envelope final answer
-> ollama:qwen2.5:3b+ablate:constrained-tools :: no_tool_capital_question (rep 5/5)
[2m2026-07-12T23:11:01.011421Z[0m [32m INFO[0m [1mturn[0m[1m{[0m[3msession[0m[2m=[0me8116876-0a0e-4e69-8c01-4036dee5d524[1m}[0m[2m:[0m [2mbraze_engine::hooks[0m[2m:[0m prompt budget breakdown (PromptBudgetAuditHook) [3msystem_tokens_est[0m[2m=[0m272 [3mtools_tokens_est[0m[2m=[0m850 [3mhistory_tokens_est[0m[2m=[0m25 [3mtotal_tokens_est[0m[2m=[0m1148 [3mmessage_count[0m[2m=[0m1
[2m2026-07-12T23:11:01.990967Z[0m [32m INFO[0m [1mturn[0m[1m{[0m[3msession[0m[2m=[0me8116876-0a0e-4e69-8c01-4036dee5d524[1m}[0m[2m:[0m [2mbraze_engine::engine[0m[2m:[0m parsed a prompt-tools envelope final answer
-> ollama:qwen2.5:3b+ablate:constrained-tools :: no_tool_subtraction (rep 1/5)
[2m2026-07-12T23:11:02.000240Z[0m [32m INFO[0m [1mturn[0m[1m{[0m[3msession[0m[2m=[0m36bfbc76-a960-4c94-8552-a8db2fac2f47[1m}[0m[2m:[0m [2mbraze_engine::hooks[0m[2m:[0m prompt budget breakdown (PromptBudgetAuditHook) [3msystem_tokens_est[0m[2m=[0m270 [3mtools_tokens_est[0m[2m=[0m850 [3mhistory_tokens_est[0m[2m=[0m21 [3mtotal_tokens_est[0m[2m=[0m1142 [3mmessage_count[0m[2m=[0m1
[2m2026-07-12T23:11:02.914371Z[0m [32m INFO[0m [1mturn[0m[1m{[0m[3msession[0m[2m=[0m36bfbc76-a960-4c94-8552-a8db2fac2f47[1m}[0m[2m:[0m [2mbraze_engine::engine[0m[2m:[0m parsed a prompt-tools envelope final answer
-> ollama:qwen2.5:3b+ablate:constrained-tools :: no_tool_subtraction (rep 2/5)
[2m2026-07-12T23:11:02.924067Z[0m [32m INFO[0m [1mturn[0m[1m{[0m[3msession[0m[2m=[0m8235010a-75a9-468c-aef5-860ed772dba2[1m}[0m[2m:[0m [2mbraze_engine::hooks[0m[2m:[0m prompt budget breakdown (PromptBudgetAuditHook) [3msystem_tokens_est[0m[2m=[0m270 [3mtools_tokens_est[0m[2m=[0m850 [3mhistory_tokens_est[0m[2m=[0m21 [3mtotal_tokens_est[0m[2m=[0m1142 [3mmessage_count[0m[2m=[0m1
[2m2026-07-12T23:11:03.826149Z[0m [32m INFO[0m [1mturn[0m[1m{[0m[3msession[0m[2m=[0m8235010a-75a9-468c-aef5-860ed772dba2[1m}[0m[2m:[0m [2mbraze_engine::engine[0m[2m:[0m parsed a prompt-tools envelope final answer
-> ollama:qwen2.5:3b+ablate:constrained-tools :: no_tool_subtraction (rep 3/5)
[2m2026-07-12T23:11:03.835746Z[0m [32m INFO[0m [1mturn[0m[1m{[0m[3msession[0m[2m=[0m23308a29-d085-45a5-b2d1-c588a1a574f7[1m}[0m[2m:[0m [2mbraze_engine::hooks[0m[2m:[0m prompt budget breakdown (PromptBudgetAuditHook) [3msystem_tokens_est[0m[2m=[0m270 [3mtools_tokens_est[0m[2m=[0m850 [3mhistory_tokens_est[0m[2m=[0m21 [3mtotal_tokens_est[0m[2m=[0m1142 [3mmessage_count[0m[2m=[0m1
[2m2026-07-12T23:11:04.741669Z[0m [32m INFO[0m [1mturn[0m[1m{[0m[3msession[0m[2m=[0m23308a29-d085-45a5-b2d1-c588a1a574f7[1m}[0m[2m:[0m [2mbraze_engine::engine[0m[2m:[0m parsed a prompt-tools envelope final answer
-> ollama:qwen2.5:3b+ablate:constrained-tools :: no_tool_subtraction (rep 4/5)
[2m2026-07-12T23:11:04.751209Z[0m [32m INFO[0m [1mturn[0m[1m{[0m[3msession[0m[2m=[0mdeb78f96-7ff5-464e-85f9-e8b2f21b55fc[1m}[0m[2m:[0m [2mbraze_engine::hooks[0m[2m:[0m prompt budget breakdown (PromptBudgetAuditHook) [3msystem_tokens_est[0m[2m=[0m270 [3mtools_tokens_est[0m[2m=[0m850 [3mhistory_tokens_est[0m[2m=[0m21 [3mtotal_tokens_est[0m[2m=[0m1142 [3mmessage_count[0m[2m=[0m1
[2m2026-07-12T23:11:05.672967Z[0m [32m INFO[0m [1mturn[0m[1m{[0m[3msession[0m[2m=[0mdeb78f96-7ff5-464e-85f9-e8b2f21b55fc[1m}[0m[2m:[0m [2mbraze_engine::engine[0m[2m:[0m parsed a prompt-tools envelope final answer
-> ollama:qwen2.5:3b+ablate:constrained-tools :: no_tool_subtraction (rep 5/5)
[2m2026-07-12T23:11:05.678417Z[0m [32m INFO[0m [1mturn[0m[1m{[0m[3msession[0m[2m=[0md92e2a8d-5899-42ba-892d-c5c67b804463[1m}[0m[2m:[0m [2mbraze_engine::hooks[0m[2m:[0m prompt budget breakdown (PromptBudgetAuditHook) [3msystem_tokens_est[0m[2m=[0m270 [3mtools_tokens_est[0m[2m=[0m850 [3mhistory_tokens_est[0m[2m=[0m21 [3mtotal_tokens_est[0m[2m=[0m1142 [3mmessage_count[0m[2m=[0m1
[2m2026-07-12T23:11:06.582365Z[0m [32m INFO[0m [1mturn[0m[1m{[0m[3msession[0m[2m=[0md92e2a8d-5899-42ba-892d-c5c67b804463[1m}[0m[2m:[0m [2mbraze_engine::engine[0m[2m:[0m parsed a prompt-tools envelope final answer
-> ollama:qwen2.5:3b+ablate:constrained-tools :: multi_step_sum_two_files (rep 1/5)
[2m2026-07-12T23:11:06.590073Z[0m [32m INFO[0m [1mturn[0m[1m{[0m[3msession[0m[2m=[0mfe6eb4c4-fcf9-4301-b0f8-e146d429f835[1m}[0m[2m:[0m [2mbraze_engine::hooks[0m[2m:[0m prompt budget breakdown (PromptBudgetAuditHook) [3msystem_tokens_est[0m[2m=[0m272 [3mtools_tokens_est[0m[2m=[0m850 [3mhistory_tokens_est[0m[2m=[0m49 [3mtotal_tokens_est[0m[2m=[0m1172 [3mmessage_count[0m[2m=[0m1
[2m2026-07-12T23:11:07.989409Z[0m [32m INFO[0m [1mturn[0m[1m{[0m[3msession[0m[2m=[0mfe6eb4c4-fcf9-4301-b0f8-e146d429f835[1m}[0m[2m:[0m [2mbraze_engine::engine[0m[2m:[0m parsed a prompt-tools envelope tool call [3mtool[0m[2m=[0mshell_exec
[2m2026-07-12T23:11:08.012074Z[0m [32m INFO[0m [1mturn[0m[1m{[0m[3msession[0m[2m=[0mfe6eb4c4-fcf9-4301-b0f8-e146d429f835[1m}[0m[2m:[0m [2mbraze_engine::hooks[0m[2m:[0m prompt budget breakdown (PromptBudgetAuditHook) [3msystem_tokens_est[0m[2m=[0m272 [3mtools_tokens_est[0m[2m=[0m850 [3mhistory_tokens_est[0m[2m=[0m79 [3mtotal_tokens_est[0m[2m=[0m1202 [3mmessage_count[0m[2m=[0m3
[2m2026-07-12T23:11:08.785400Z[0m [32m INFO[0m [1mturn[0m[1m{[0m[3msession[0m[2m=[0mfe6eb4c4-fcf9-4301-b0f8-e146d429f835[1m}[0m[2m:[0m [2mbraze_engine::engine[0m[2m:[0m parsed a prompt-tools envelope final answer
-> ollama:qwen2.5:3b+ablate:constrained-tools :: multi_step_sum_two_files (rep 2/5)
[2m2026-07-12T23:11:08.792702Z[0m [32m INFO[0m [1mturn[0m[1m{[0m[3msession[0m[2m=[0m22d3997e-d91e-435d-97b0-7dee2e93ad02[1m}[0m[2m:[0m [2mbraze_engine::hooks[0m[2m:[0m prompt budget breakdown (PromptBudgetAuditHook) [3msystem_tokens_est[0m[2m=[0m272 [3mtools_tokens_est[0m[2m=[0m850 [3mhistory_tokens_est[0m[2m=[0m49 [3mtotal_tokens_est[0m[2m=[0m1172 [3mmessage_count[0m[2m=[0m1
[2m2026-07-12T23:11:10.202243Z[0m [32m INFO[0m [1mturn[0m[1m{[0m[3msession[0m[2m=[0m22d3997e-d91e-435d-97b0-7dee2e93ad02[1m}[0m[2m:[0m [2mbraze_engine::engine[0m[2m:[0m parsed a prompt-tools envelope tool call [3mtool[0m[2m=[0mshell_exec
[2m2026-07-12T23:11:10.215151Z[0m [32m INFO[0m [1mturn[0m[1m{[0m[3msession[0m[2m=[0m22d3997e-d91e-435d-97b0-7dee2e93ad02[1m}[0m[2m:[0m [2mbraze_engine::hooks[0m[2m:[0m prompt budget breakdown (PromptBudgetAuditHook) [3msystem_tokens_est[0m[2m=[0m272 [3mtools_tokens_est[0m[2m=[0m850 [3mhistory_tokens_est[0m[2m=[0m79 [3mtotal_tokens_est[0m[2m=[0m1202 [3mmessage_count[0m[2m=[0m3
[2m2026-07-12T23:11:11.201513Z[0m [32m INFO[0m [1mturn[0m[1m{[0m[3msession[0m[2m=[0m22d3997e-d91e-435d-97b0-7dee2e93ad02[1m}[0m[2m:[0m [2mbraze_engine::engine[0m[2m:[0m parsed a prompt-tools envelope final answer
-> ollama:qwen2.5:3b+ablate:constrained-tools :: multi_step_sum_two_files (rep 3/5)
[2m2026-07-12T23:11:11.212556Z[0m [32m INFO[0m [1mturn[0m[1m{[0m[3msession[0m[2m=[0m8f6e11a0-0c88-4a46-9734-601f8e90ccd6[1m}[0m[2m:[0m [2mbraze_engine::hooks[0m[2m:[0m prompt budget breakdown (PromptBudgetAuditHook) [3msystem_tokens_est[0m[2m=[0m272 [3mtools_tokens_est[0m[2m=[0m850 [3mhistory_tokens_est[0m[2m=[0m49 [3mtotal_tokens_est[0m[2m=[0m1172 [3mmessage_count[0m[2m=[0m1
[2m2026-07-12T23:11:12.629194Z[0m [32m INFO[0m [1mturn[0m[1m{[0m[3msession[0m[2m=[0m8f6e11a0-0c88-4a46-9734-601f8e90ccd6[1m}[0m[2m:[0m [2mbraze_engine::engine[0m[2m:[0m parsed a prompt-tools envelope tool call [3mtool[0m[2m=[0mshell_exec
[2m2026-07-12T23:11:12.647176Z[0m [32m INFO[0m [1mturn[0m[1m{[0m[3msession[0m[2m=[0m8f6e11a0-0c88-4a46-9734-601f8e90ccd6[1m}[0m[2m:[0m [2mbraze_engine::hooks[0m[2m:[0m prompt budget breakdown (PromptBudgetAuditHook) [3msystem_tokens_est[0m[2m=[0m272 [3mtools_tokens_est[0m[2m=[0m850 [3mhistory_tokens_est[0m[2m=[0m79 [3mtotal_tokens_est[0m[2m=[0m1202 [3mmessage_count[0m[2m=[0m3
[2m2026-07-12T23:11:13.433101Z[0m [32m INFO[0m [1mturn[0m[1m{[0m[3msession[0m[2m=[0m8f6e11a0-0c88-4a46-9734-601f8e90ccd6[1m}[0m[2m:[0m [2mbraze_engine::engine[0m[2m:[0m parsed a prompt-tools envelope final answer
-> ollama:qwen2.5:3b+ablate:constrained-tools :: multi_step_sum_two_files (rep 4/5)
[2m2026-07-12T23:11:13.440866Z[0m [32m INFO[0m [1mturn[0m[1m{[0m[3msession[0m[2m=[0m70a9cf86-00ca-4cd1-87bd-d34e98f0837c[1m}[0m[2m:[0m [2mbraze_engine::hooks[0m[2m:[0m prompt budget breakdown (PromptBudgetAuditHook) [3msystem_tokens_est[0m[2m=[0m272 [3mtools_tokens_est[0m[2m=[0m850 [3mhistory_tokens_est[0m[2m=[0m49 [3mtotal_tokens_est[0m[2m=[0m1172 [3mmessage_count[0m[2m=[0m1
[2m2026-07-12T23:11:14.837023Z[0m [32m INFO[0m [1mturn[0m[1m{[0m[3msession[0m[2m=[0m70a9cf86-00ca-4cd1-87bd-d34e98f0837c[1m}[0m[2m:[0m [2mbraze_engine::engine[0m[2m:[0m parsed a prompt-tools envelope tool call [3mtool[0m[2m=[0mshell_exec
[2m2026-07-12T23:11:14.848945Z[0m [32m INFO[0m [1mturn[0m[1m{[0m[3msession[0m[2m=[0m70a9cf86-00ca-4cd1-87bd-d34e98f0837c[1m}[0m[2m:[0m [2mbraze_engine::hooks[0m[2m:[0m prompt budget breakdown (PromptBudgetAuditHook) [3msystem_tokens_est[0m[2m=[0m272 [3mtools_tokens_est[0m[2m=[0m850 [3mhistory_tokens_est[0m[2m=[0m79 [3mtotal_tokens_est[0m[2m=[0m1202 [3mmessage_count[0m[2m=[0m3
[2m2026-07-12T23:11:15.637173Z[0m [32m INFO[0m [1mturn[0m[1m{[0m[3msession[0m[2m=[0m70a9cf86-00ca-4cd1-87bd-d34e98f0837c[1m}[0m[2m:[0m [2mbraze_engine::engine[0m[2m:[0m parsed a prompt-tools envelope final answer
-> ollama:qwen2.5:3b+ablate:constrained-tools :: multi_step_sum_two_files (rep 5/5)
[2m2026-07-12T23:11:15.646956Z[0m [32m INFO[0m [1mturn[0m[1m{[0m[3msession[0m[2m=[0m5d1b93cc-7223-4190-b7bb-b3d3a48cb3bf[1m}[0m[2m:[0m [2mbraze_engine::hooks[0m[2m:[0m prompt budget breakdown (PromptBudgetAuditHook) [3msystem_tokens_est[0m[2m=[0m272 [3mtools_tokens_est[0m[2m=[0m850 [3mhistory_tokens_est[0m[2m=[0m49 [3mtotal_tokens_est[0m[2m=[0m1172 [3mmessage_count[0m[2m=[0m1
[2m2026-07-12T23:11:16.907001Z[0m [32m INFO[0m [1mturn[0m[1m{[0m[3msession[0m[2m=[0m5d1b93cc-7223-4190-b7bb-b3d3a48cb3bf[1m}[0m[2m:[0m [2mbraze_engine::engine[0m[2m:[0m parsed a prompt-tools envelope tool call [3mtool[0m[2m=[0mread_file
[2m2026-07-12T23:11:16.912394Z[0m [32m INFO[0m [1mturn[0m[1m{[0m[3msession[0m[2m=[0m5d1b93cc-7223-4190-b7bb-b3d3a48cb3bf[1m}[0m[2m:[0m [2mbraze_engine::hooks[0m[2m:[0m prompt budget breakdown (PromptBudgetAuditHook) [3msystem_tokens_est[0m[2m=[0m272 [3mtools_tokens_est[0m[2m=[0m850 [3mhistory_tokens_est[0m[2m=[0m67 [3mtotal_tokens_est[0m[2m=[0m1190 [3mmessage_count[0m[2m=[0m3
[2m2026-07-12T23:11:17.432400Z[0m [32m INFO[0m [1mturn[0m[1m{[0m[3msession[0m[2m=[0m5d1b93cc-7223-4190-b7bb-b3d3a48cb3bf[1m}[0m[2m:[0m [2mbraze_engine::engine[0m[2m:[0m parsed a prompt-tools envelope final answer
-> ollama:qwen2.5:3b+ablate:constrained-tools :: multi_step_multiply_and_write (rep 1/5)
[2m2026-07-12T23:11:17.439914Z[0m [32m INFO[0m [1mturn[0m[1m{[0m[3msession[0m[2m=[0m4a2ac210-142f-400c-a9b6-bf6311b57a90[1m}[0m[2m:[0m [2mbraze_engine::hooks[0m[2m:[0m prompt budget breakdown (PromptBudgetAuditHook) [3msystem_tokens_est[0m[2m=[0m273 [3mtools_tokens_est[0m[2m=[0m850 [3mhistory_tokens_est[0m[2m=[0m53 [3mtotal_tokens_est[0m[2m=[0m1177 [3mmessage_count[0m[2m=[0m1
[2m2026-07-12T23:11:18.769878Z[0m [32m INFO[0m [1mturn[0m[1m{[0m[3msession[0m[2m=[0m4a2ac210-142f-400c-a9b6-bf6311b57a90[1m}[0m[2m:[0m [2mbraze_engine::engine[0m[2m:[0m parsed a prompt-tools envelope tool call [3mtool[0m[2m=[0mread_file
[2m2026-07-12T23:11:18.777304Z[0m [32m INFO[0m [1mturn[0m[1m{[0m[3msession[0m[2m=[0m4a2ac210-142f-400c-a9b6-bf6311b57a90[1m}[0m[2m:[0m [2mbraze_engine::hooks[0m[2m:[0m prompt budget breakdown (PromptBudgetAuditHook) [3msystem_tokens_est[0m[2m=[0m273 [3mtools_tokens_est[0m[2m=[0m850 [3mhistory_tokens_est[0m[2m=[0m68 [3mtotal_tokens_est[0m[2m=[0m1192 [3mmessage_count[0m[2m=[0m3
[2m2026-07-12T23:11:19.463445Z[0m [32m INFO[0m [1mturn[0m[1m{[0m[3msession[0m[2m=[0m4a2ac210-142f-400c-a9b6-bf6311b57a90[1m}[0m[2m:[0m [2mbraze_engine::engine[0m[2m:[0m parsed a prompt-tools envelope final answer
-> ollama:qwen2.5:3b+ablate:constrained-tools :: multi_step_multiply_and_write (rep 2/5)
[2m2026-07-12T23:11:19.473665Z[0m [32m INFO[0m [1mturn[0m[1m{[0m[3msession[0m[2m=[0mde154226-6dbb-49d6-ac02-1c0d2fd350f7[1m}[0m[2m:[0m [2mbraze_engine::hooks[0m[2m:[0m prompt budget breakdown (PromptBudgetAuditHook) [3msystem_tokens_est[0m[2m=[0m273 [3mtools_tokens_est[0m[2m=[0m850 [3mhistory_tokens_est[0m[2m=[0m53 [3mtotal_tokens_est[0m[2m=[0m1177 [3mmessage_count[0m[2m=[0m1
[2m2026-07-12T23:11:20.613455Z[0m [32m INFO[0m [1mturn[0m[1m{[0m[3msession[0m[2m=[0mde154226-6dbb-49d6-ac02-1c0d2fd350f7[1m}[0m[2m:[0m [2mbraze_engine::engine[0m[2m:[0m parsed a prompt-tools envelope tool call [3mtool[0m[2m=[0mread_file
[2m2026-07-12T23:11:20.618415Z[0m [32m INFO[0m [1mturn[0m[1m{[0m[3msession[0m[2m=[0mde154226-6dbb-49d6-ac02-1c0d2fd350f7[1m}[0m[2m:[0m [2mbraze_engine::hooks[0m[2m:[0m prompt budget breakdown (PromptBudgetAuditHook) [3msystem_tokens_est[0m[2m=[0m273 [3mtools_tokens_est[0m[2m=[0m850 [3mhistory_tokens_est[0m[2m=[0m61 [3mtotal_tokens_est[0m[2m=[0m1185 [3mmessage_count[0m[2m=[0m3
[2m2026-07-12T23:11:21.319327Z[0m [32m INFO[0m [1mturn[0m[1m{[0m[3msession[0m[2m=[0mde154226-6dbb-49d6-ac02-1c0d2fd350f7[1m}[0m[2m:[0m [2mbraze_engine::engine[0m[2m:[0m parsed a prompt-tools envelope final answer
-> ollama:qwen2.5:3b+ablate:constrained-tools :: multi_step_multiply_and_write (rep 3/5)
[2m2026-07-12T23:11:21.330645Z[0m [32m INFO[0m [1mturn[0m[1m{[0m[3msession[0m[2m=[0m54efa97e-765a-41ee-a6ff-4cb41027ecde[1m}[0m[2m:[0m [2mbraze_engine::hooks[0m[2m:[0m prompt budget breakdown (PromptBudgetAuditHook) [3msystem_tokens_est[0m[2m=[0m273 [3mtools_tokens_est[0m[2m=[0m850 [3mhistory_tokens_est[0m[2m=[0m53 [3mtotal_tokens_est[0m[2m=[0m1177 [3mmessage_count[0m[2m=[0m1
[2m2026-07-12T23:11:22.457326Z[0m [32m INFO[0m [1mturn[0m[1m{[0m[3msession[0m[2m=[0m54efa97e-765a-41ee-a6ff-4cb41027ecde[1m}[0m[2m:[0m [2mbraze_engine::engine[0m[2m:[0m parsed a prompt-tools envelope tool call [3mtool[0m[2m=[0mread_file
[2m2026-07-12T23:11:22.464070Z[0m [32m INFO[0m [1mturn[0m[1m{[0m[3msession[0m[2m=[0m54efa97e-765a-41ee-a6ff-4cb41027ecde[1m}[0m[2m:[0m [2mbraze_engine::hooks[0m[2m:[0m prompt budget breakdown (PromptBudgetAuditHook) [3msystem_tokens_est[0m[2m=[0m273 [3mtools_tokens_est[0m[2m=[0m850 [3mhistory_tokens_est[0m[2m=[0m61 [3mtotal_tokens_est[0m[2m=[0m1185 [3mmessage_count[0m[2m=[0m3
[2m2026-07-12T23:11:23.156365Z[0m [32m INFO[0m [1mturn[0m[1m{[0m[3msession[0m[2m=[0m54efa97e-765a-41ee-a6ff-4cb41027ecde[1m}[0m[2m:[0m [2mbraze_engine::engine[0m[2m:[0m parsed a prompt-tools envelope final answer
-> ollama:qwen2.5:3b+ablate:constrained-tools :: multi_step_multiply_and_write (rep 4/5)
[2m2026-07-12T23:11:23.163861Z[0m [32m INFO[0m [1mturn[0m[1m{[0m[3msession[0m[2m=[0m25a19906-808d-4424-80c1-6d724fdb72b5[1m}[0m[2m:[0m [2mbraze_engine::hooks[0m[2m:[0m prompt budget breakdown (PromptBudgetAuditHook) [3msystem_tokens_est[0m[2m=[0m273 [3mtools_tokens_est[0m[2m=[0m850 [3mhistory_tokens_est[0m[2m=[0m53 [3mtotal_tokens_est[0m[2m=[0m1177 [3mmessage_count[0m[2m=[0m1
[2m2026-07-12T23:11:24.308588Z[0m [32m INFO[0m [1mturn[0m[1m{[0m[3msession[0m[2m=[0m25a19906-808d-4424-80c1-6d724fdb72b5[1m}[0m[2m:[0m [2mbraze_engine::engine[0m[2m:[0m parsed a prompt-tools envelope tool call [3mtool[0m[2m=[0mread_file
[2m2026-07-12T23:11:24.313464Z[0m [32m INFO[0m [1mturn[0m[1m{[0m[3msession[0m[2m=[0m25a19906-808d-4424-80c1-6d724fdb72b5[1m}[0m[2m:[0m [2mbraze_engine::hooks[0m[2m:[0m prompt budget breakdown (PromptBudgetAuditHook) [3msystem_tokens_est[0m[2m=[0m273 [3mtools_tokens_est[0m[2m=[0m850 [3mhistory_tokens_est[0m[2m=[0m61 [3mtotal_tokens_est[0m[2m=[0m1185 [3mmessage_count[0m[2m=[0m3
[2m2026-07-12T23:11:25.009408Z[0m [32m INFO[0m [1mturn[0m[1m{[0m[3msession[0m[2m=[0m25a19906-808d-4424-80c1-6d724fdb72b5[1m}[0m[2m:[0m [2mbraze_engine::engine[0m[2m:[0m parsed a prompt-tools envelope final answer
-> ollama:qwen2.5:3b+ablate:constrained-tools :: multi_step_multiply_and_write (rep 5/5)
[2m2026-07-12T23:11:25.015858Z[0m [32m INFO[0m [1mturn[0m[1m{[0m[3msession[0m[2m=[0md79151cf-9c1a-43fd-9f95-2dbfadeea4ee[1m}[0m[2m:[0m [2mbraze_engine::hooks[0m[2m:[0m prompt budget breakdown (PromptBudgetAuditHook) [3msystem_tokens_est[0m[2m=[0m273 [3mtools_tokens_est[0m[2m=[0m850 [3mhistory_tokens_est[0m[2m=[0m53 [3mtotal_tokens_est[0m[2m=[0m1177 [3mmessage_count[0m[2m=[0m1
[2m2026-07-12T23:11:26.358819Z[0m [32m INFO[0m [1mturn[0m[1m{[0m[3msession[0m[2m=[0md79151cf-9c1a-43fd-9f95-2dbfadeea4ee[1m}[0m[2m:[0m [2mbraze_engine::engine[0m[2m:[0m parsed a prompt-tools envelope tool call [3mtool[0m[2m=[0mread_file
[2m2026-07-12T23:11:26.365723Z[0m [32m INFO[0m [1mturn[0m[1m{[0m[3msession[0m[2m=[0md79151cf-9c1a-43fd-9f95-2dbfadeea4ee[1m}[0m[2m:[0m [2mbraze_engine::hooks[0m[2m:[0m prompt budget breakdown (PromptBudgetAuditHook) [3msystem_tokens_est[0m[2m=[0m273 [3mtools_tokens_est[0m[2m=[0m850 [3mhistory_tokens_est[0m[2m=[0m68 [3mtotal_tokens_est[0m[2m=[0m1192 [3mmessage_count[0m[2m=[0m3
[2m2026-07-12T23:11:27.056976Z[0m [32m INFO[0m [1mturn[0m[1m{[0m[3msession[0m[2m=[0md79151cf-9c1a-43fd-9f95-2dbfadeea4ee[1m}[0m[2m:[0m [2mbraze_engine::engine[0m[2m:[0m parsed a prompt-tools envelope final answer
-> ollama:qwen2.5:3b+ablate:constrained-tools :: error_recovery_wrong_config_extension (rep 1/5)
[2m2026-07-12T23:11:27.064178Z[0m [32m INFO[0m [1mturn[0m[1m{[0m[3msession[0m[2m=[0mfebfb62b-facc-492d-b7f7-f882bad81219[1m}[0m[2m:[0m [2mbraze_engine::hooks[0m[2m:[0m prompt budget breakdown (PromptBudgetAuditHook) [3msystem_tokens_est[0m[2m=[0m275 [3mtools_tokens_est[0m[2m=[0m850 [3mhistory_tokens_est[0m[2m=[0m39 [3mtotal_tokens_est[0m[2m=[0m1165 [3mmessage_count[0m[2m=[0m1
[2m2026-07-12T23:11:28.677252Z[0m [32m INFO[0m [1mturn[0m[1m{[0m[3msession[0m[2m=[0mfebfb62b-facc-492d-b7f7-f882bad81219[1m}[0m[2m:[0m [2mbraze_engine::engine[0m[2m:[0m parsed a prompt-tools envelope tool call [3mtool[0m[2m=[0mread_file
[2m2026-07-12T23:11:28.682008Z[0m [32m INFO[0m [1mturn[0m[1m{[0m[3msession[0m[2m=[0mfebfb62b-facc-492d-b7f7-f882bad81219[1m}[0m[2m:[0m [2mbraze_engine::hooks[0m[2m:[0m prompt budget breakdown (PromptBudgetAuditHook) [3msystem_tokens_est[0m[2m=[0m275 [3mtools_tokens_est[0m[2m=[0m850 [3mhistory_tokens_est[0m[2m=[0m100 [3mtotal_tokens_est[0m[2m=[0m1226 [3mmessage_count[0m[2m=[0m3
[2m2026-07-12T23:11:29.929339Z[0m [32m INFO[0m [1mturn[0m[1m{[0m[3msession[0m[2m=[0mfebfb62b-facc-492d-b7f7-f882bad81219[1m}[0m[2m:[0m [2mbraze_engine::engine[0m[2m:[0m parsed a prompt-tools envelope final answer
-> ollama:qwen2.5:3b+ablate:constrained-tools :: error_recovery_wrong_config_extension (rep 2/5)
[2m2026-07-12T23:11:29.936712Z[0m [32m INFO[0m [1mturn[0m[1m{[0m[3msession[0m[2m=[0md5456166-b14b-4b5d-be03-3296cc15ce44[1m}[0m[2m:[0m [2mbraze_engine::hooks[0m[2m:[0m prompt budget breakdown (PromptBudgetAuditHook) [3msystem_tokens_est[0m[2m=[0m275 [3mtools_tokens_est[0m[2m=[0m850 [3mhistory_tokens_est[0m[2m=[0m39 [3mtotal_tokens_est[0m[2m=[0m1165 [3mmessage_count[0m[2m=[0m1
[2m2026-07-12T23:11:31.551029Z[0m [32m INFO[0m [1mturn[0m[1m{[0m[3msession[0m[2m=[0md5456166-b14b-4b5d-be03-3296cc15ce44[1m}[0m[2m:[0m [2mbraze_engine::engine[0m[2m:[0m parsed a prompt-tools envelope tool call [3mtool[0m[2m=[0mread_file
[2m2026-07-12T23:11:31.557176Z[0m [32m INFO[0m [1mturn[0m[1m{[0m[3msession[0m[2m=[0md5456166-b14b-4b5d-be03-3296cc15ce44[1m}[0m[2m:[0m [2mbraze_engine::hooks[0m[2m:[0m prompt budget breakdown (PromptBudgetAuditHook) [3msystem_tokens_est[0m[2m=[0m275 [3mtools_tokens_est[0m[2m=[0m850 [3mhistory_tokens_est[0m[2m=[0m100 [3mtotal_tokens_est[0m[2m=[0m1226 [3mmessage_count[0m[2m=[0m3
[2m2026-07-12T23:11:32.579181Z[0m [32m INFO[0m [1mturn[0m[1m{[0m[3msession[0m[2m=[0md5456166-b14b-4b5d-be03-3296cc15ce44[1m}[0m[2m:[0m [2mbraze_engine::engine[0m[2m:[0m parsed a prompt-tools envelope final answer
-> ollama:qwen2.5:3b+ablate:constrained-tools :: error_recovery_wrong_config_extension (rep 3/5)
[2m2026-07-12T23:11:32.588042Z[0m [32m INFO[0m [1mturn[0m[1m{[0m[3msession[0m[2m=[0mda82af58-f288-40e2-839e-fb086e945994[1m}[0m[2m:[0m [2mbraze_engine::hooks[0m[2m:[0m prompt budget breakdown (PromptBudgetAuditHook) [3msystem_tokens_est[0m[2m=[0m275 [3mtools_tokens_est[0m[2m=[0m850 [3mhistory_tokens_est[0m[2m=[0m39 [3mtotal_tokens_est[0m[2m=[0m1165 [3mmessage_count[0m[2m=[0m1
[2m2026-07-12T23:11:34.182274Z[0m [32m INFO[0m [1mturn[0m[1m{[0m[3msession[0m[2m=[0mda82af58-f288-40e2-839e-fb086e945994[1m}[0m[2m:[0m [2mbraze_engine::engine[0m[2m:[0m parsed a prompt-tools envelope tool call [3mtool[0m[2m=[0mread_file
[2m2026-07-12T23:11:34.187631Z[0m [32m INFO[0m [1mturn[0m[1m{[0m[3msession[0m[2m=[0mda82af58-f288-40e2-839e-fb086e945994[1m}[0m[2m:[0m [2mbraze_engine::hooks[0m[2m:[0m prompt budget breakdown (PromptBudgetAuditHook) [3msystem_tokens_est[0m[2m=[0m275 [3mtools_tokens_est[0m[2m=[0m850 [3mhistory_tokens_est[0m[2m=[0m100 [3mtotal_tokens_est[0m[2m=[0m1226 [3mmessage_count[0m[2m=[0m3
[2m2026-07-12T23:11:35.643712Z[0m [32m INFO[0m [1mturn[0m[1m{[0m[3msession[0m[2m=[0mda82af58-f288-40e2-839e-fb086e945994[1m}[0m[2m:[0m [2mbraze_engine::engine[0m[2m:[0m parsed a prompt-tools envelope final answer
-> ollama:qwen2.5:3b+ablate:constrained-tools :: error_recovery_wrong_config_extension (rep 4/5)
[2m2026-07-12T23:11:35.651530Z[0m [32m INFO[0m [1mturn[0m[1m{[0m[3msession[0m[2m=[0m3a409d28-0456-43e2-b5b4-25373f14c219[1m}[0m[2m:[0m [2mbraze_engine::hooks[0m[2m:[0m prompt budget breakdown (PromptBudgetAuditHook) [3msystem_tokens_est[0m[2m=[0m275 [3mtools_tokens_est[0m[2m=[0m850 [3mhistory_tokens_est[0m[2m=[0m39 [3mtotal_tokens_est[0m[2m=[0m1165 [3mmessage_count[0m[2m=[0m1
[2m2026-07-12T23:11:37.254420Z[0m [32m INFO[0m [1mturn[0m[1m{[0m[3msession[0m[2m=[0m3a409d28-0456-43e2-b5b4-25373f14c219[1m}[0m[2m:[0m [2mbraze_engine::engine[0m[2m:[0m parsed a prompt-tools envelope tool call [3mtool[0m[2m=[0mread_file
[2m2026-07-12T23:11:37.262318Z[0m [32m INFO[0m [1mturn[0m[1m{[0m[3msession[0m[2m=[0m3a409d28-0456-43e2-b5b4-25373f14c219[1m}[0m[2m:[0m [2mbraze_engine::hooks[0m[2m:[0m prompt budget breakdown (PromptBudgetAuditHook) [3msystem_tokens_est[0m[2m=[0m275 [3mtools_tokens_est[0m[2m=[0m850 [3mhistory_tokens_est[0m[2m=[0m100 [3mtotal_tokens_est[0m[2m=[0m1226 [3mmessage_count[0m[2m=[0m3
[2m2026-07-12T23:11:38.543412Z[0m [32m INFO[0m [1mturn[0m[1m{[0m[3msession[0m[2m=[0m3a409d28-0456-43e2-b5b4-25373f14c219[1m}[0m[2m:[0m [2mbraze_engine::engine[0m[2m:[0m parsed a prompt-tools envelope final answer
-> ollama:qwen2.5:3b+ablate:constrained-tools :: error_recovery_wrong_config_extension (rep 5/5)
[2m2026-07-12T23:11:38.551814Z[0m [32m INFO[0m [1mturn[0m[1m{[0m[3msession[0m[2m=[0mdad4461a-a2a4-4258-8420-6532359c6f46[1m}[0m[2m:[0m [2mbraze_engine::hooks[0m[2m:[0m prompt budget breakdown (PromptBudgetAuditHook) [3msystem_tokens_est[0m[2m=[0m275 [3mtools_tokens_est[0m[2m=[0m850 [3mhistory_tokens_est[0m[2m=[0m39 [3mtotal_tokens_est[0m[2m=[0m1165 [3mmessage_count[0m[2m=[0m1
[2m2026-07-12T23:11:40.178063Z[0m [32m INFO[0m [1mturn[0m[1m{[0m[3msession[0m[2m=[0mdad4461a-a2a4-4258-8420-6532359c6f46[1m}[0m[2m:[0m [2mbraze_engine::engine[0m[2m:[0m parsed a prompt-tools envelope tool call [3mtool[0m[2m=[0mread_file
[2m2026-07-12T23:11:40.185324Z[0m [32m INFO[0m [1mturn[0m[1m{[0m[3msession[0m[2m=[0mdad4461a-a2a4-4258-8420-6532359c6f46[1m}[0m[2m:[0m [2mbraze_engine::hooks[0m[2m:[0m prompt budget breakdown (PromptBudgetAuditHook) [3msystem_tokens_est[0m[2m=[0m275 [3mtools_tokens_est[0m[2m=[0m850 [3mhistory_tokens_est[0m[2m=[0m100 [3mtotal_tokens_est[0m[2m=[0m1226 [3mmessage_count[0m[2m=[0m3
[2m2026-07-12T23:11:41.430448Z[0m [32m INFO[0m [1mturn[0m[1m{[0m[3msession[0m[2m=[0mdad4461a-a2a4-4258-8420-6532359c6f46[1m}[0m[2m:[0m [2mbraze_engine::engine[0m[2m:[0m parsed a prompt-tools envelope final answer
-> ollama:qwen2.5:3b+ablate:constrained-tools :: error_recovery_edit_wrong_filename (rep 1/5)
[2m2026-07-12T23:11:41.439794Z[0m [32m INFO[0m [1mturn[0m[1m{[0m[3msession[0m[2m=[0m0eb86ac8-7ca0-44ae-9d41-5eeef5dc1089[1m}[0m[2m:[0m [2mbraze_engine::hooks[0m[2m:[0m prompt budget breakdown (PromptBudgetAuditHook) [3msystem_tokens_est[0m[2m=[0m274 [3mtools_tokens_est[0m[2m=[0m850 [3mhistory_tokens_est[0m[2m=[0m40 [3mtotal_tokens_est[0m[2m=[0m1166 [3mmessage_count[0m[2m=[0m1
[2m2026-07-12T23:11:43.673247Z[0m [32m INFO[0m [1mturn[0m[1m{[0m[3msession[0m[2m=[0m0eb86ac8-7ca0-44ae-9d41-5eeef5dc1089[1m}[0m[2m:[0m [2mbraze_engine::engine[0m[2m:[0m parsed a prompt-tools envelope tool call [3mtool[0m[2m=[0mread_file
[2m2026-07-12T23:11:43.681204Z[0m [32m INFO[0m [1mturn[0m[1m{[0m[3msession[0m[2m=[0m0eb86ac8-7ca0-44ae-9d41-5eeef5dc1089[1m}[0m[2m:[0m [2mbraze_engine::hooks[0m[2m:[0m prompt budget breakdown (PromptBudgetAuditHook) [3msystem_tokens_est[0m[2m=[0m274 [3mtools_tokens_est[0m[2m=[0m850 [3mhistory_tokens_est[0m[2m=[0m110 [3mtotal_tokens_est[0m[2m=[0m1235 [3mmessage_count[0m[2m=[0m3
[2m2026-07-12T23:11:44.729378Z[0m [32m INFO[0m [1mturn[0m[1m{[0m[3msession[0m[2m=[0m0eb86ac8-7ca0-44ae-9d41-5eeef5dc1089[1m}[0m[2m:[0m [2mbraze_engine::engine[0m[2m:[0m parsed a prompt-tools envelope final answer
-> ollama:qwen2.5:3b+ablate:constrained-tools :: error_recovery_edit_wrong_filename (rep 2/5)
[2m2026-07-12T23:11:44.739447Z[0m [32m INFO[0m [1mturn[0m[1m{[0m[3msession[0m[2m=[0ma490241a-5e8e-43ad-9dda-0b8436aa9c43[1m}[0m[2m:[0m [2mbraze_engine::hooks[0m[2m:[0m prompt budget breakdown (PromptBudgetAuditHook) [3msystem_tokens_est[0m[2m=[0m274 [3mtools_tokens_est[0m[2m=[0m850 [3mhistory_tokens_est[0m[2m=[0m40 [3mtotal_tokens_est[0m[2m=[0m1166 [3mmessage_count[0m[2m=[0m1
[2m2026-07-12T23:11:46.985544Z[0m [32m INFO[0m [1mturn[0m[1m{[0m[3msession[0m[2m=[0ma490241a-5e8e-43ad-9dda-0b8436aa9c43[1m}[0m[2m:[0m [2mbraze_engine::engine[0m[2m:[0m parsed a prompt-tools envelope tool call [3mtool[0m[2m=[0mread_file
[2m2026-07-12T23:11:46.991370Z[0m [32m INFO[0m [1mturn[0m[1m{[0m[3msession[0m[2m=[0ma490241a-5e8e-43ad-9dda-0b8436aa9c43[1m}[0m[2m:[0m [2mbraze_engine::hooks[0m[2m:[0m prompt budget breakdown (PromptBudgetAuditHook) [3msystem_tokens_est[0m[2m=[0m274 [3mtools_tokens_est[0m[2m=[0m850 [3mhistory_tokens_est[0m[2m=[0m110 [3mtotal_tokens_est[0m[2m=[0m1235 [3mmessage_count[0m[2m=[0m3
[2m2026-07-12T23:11:48.091428Z[0m [32m INFO[0m [1mturn[0m[1m{[0m[3msession[0m[2m=[0ma490241a-5e8e-43ad-9dda-0b8436aa9c43[1m}[0m[2m:[0m [2mbraze_engine::engine[0m[2m:[0m parsed a prompt-tools envelope final answer
-> ollama:qwen2.5:3b+ablate:constrained-tools :: error_recovery_edit_wrong_filename (rep 3/5)
[2m2026-07-12T23:11:48.101416Z[0m [32m INFO[0m [1mturn[0m[1m{[0m[3msession[0m[2m=[0m6508394a-726f-4978-9efa-018357310f20[1m}[0m[2m:[0m [2mbraze_engine::hooks[0m[2m:[0m prompt budget breakdown (PromptBudgetAuditHook) [3msystem_tokens_est[0m[2m=[0m274 [3mtools_tokens_est[0m[2m=[0m850 [3mhistory_tokens_est[0m[2m=[0m40 [3mtotal_tokens_est[0m[2m=[0m1166 [3mmessage_count[0m[2m=[0m1
[2m2026-07-12T23:11:50.387000Z[0m [32m INFO[0m [1mturn[0m[1m{[0m[3msession[0m[2m=[0m6508394a-726f-4978-9efa-018357310f20[1m}[0m[2m:[0m [2mbraze_engine::engine[0m[2m:[0m parsed a prompt-tools envelope tool call [3mtool[0m[2m=[0mread_file
[2m2026-07-12T23:11:50.394126Z[0m [32m INFO[0m [1mturn[0m[1m{[0m[3msession[0m[2m=[0m6508394a-726f-4978-9efa-018357310f20[1m}[0m[2m:[0m [2mbraze_engine::hooks[0m[2m:[0m prompt budget breakdown (PromptBudgetAuditHook) [3msystem_tokens_est[0m[2m=[0m274 [3mtools_tokens_est[0m[2m=[0m850 [3mhistory_tokens_est[0m[2m=[0m115 [3mtotal_tokens_est[0m[2m=[0m1240 [3mmessage_count[0m[2m=[0m3
[2m2026-07-12T23:11:51.446001Z[0m [32m INFO[0m [1mturn[0m[1m{[0m[3msession[0m[2m=[0m6508394a-726f-4978-9efa-018357310f20[1m}[0m[2m:[0m [2mbraze_engine::engine[0m[2m:[0m parsed a prompt-tools envelope final answer
-> ollama:qwen2.5:3b+ablate:constrained-tools :: error_recovery_edit_wrong_filename (rep 4/5)
[2m2026-07-12T23:11:51.453865Z[0m [32m INFO[0m [1mturn[0m[1m{[0m[3msession[0m[2m=[0mc905e71c-6299-43fd-98bb-c6a23a9c8084[1m}[0m[2m:[0m [2mbraze_engine::hooks[0m[2m:[0m prompt budget breakdown (PromptBudgetAuditHook) [3msystem_tokens_est[0m[2m=[0m274 [3mtools_tokens_est[0m[2m=[0m850 [3mhistory_tokens_est[0m[2m=[0m40 [3mtotal_tokens_est[0m[2m=[0m1166 [3mmessage_count[0m[2m=[0m1
[2m2026-07-12T23:11:53.718909Z[0m [32m INFO[0m [1mturn[0m[1m{[0m[3msession[0m[2m=[0mc905e71c-6299-43fd-98bb-c6a23a9c8084[1m}[0m[2m:[0m [2mbraze_engine::engine[0m[2m:[0m parsed a prompt-tools envelope tool call [3mtool[0m[2m=[0mread_file
[2m2026-07-12T23:11:53.723771Z[0m [32m INFO[0m [1mturn[0m[1m{[0m[3msession[0m[2m=[0mc905e71c-6299-43fd-98bb-c6a23a9c8084[1m}[0m[2m:[0m [2mbraze_engine::hooks[0m[2m:[0m prompt budget breakdown (PromptBudgetAuditHook) [3msystem_tokens_est[0m[2m=[0m274 [3mtools_tokens_est[0m[2m=[0m850 [3mhistory_tokens_est[0m[2m=[0m110 [3mtotal_tokens_est[0m[2m=[0m1235 [3mmessage_count[0m[2m=[0m3
[2m2026-07-12T23:11:54.909340Z[0m [32m INFO[0m [1mturn[0m[1m{[0m[3msession[0m[2m=[0mc905e71c-6299-43fd-98bb-c6a23a9c8084[1m}[0m[2m:[0m [2mbraze_engine::engine[0m[2m:[0m parsed a prompt-tools envelope final answer
-> ollama:qwen2.5:3b+ablate:constrained-tools :: error_recovery_edit_wrong_filename (rep 5/5)
[2m2026-07-12T23:11:54.919357Z[0m [32m INFO[0m [1mturn[0m[1m{[0m[3msession[0m[2m=[0m215a45bc-18b6-48c7-b853-0d35aa6ad61e[1m}[0m[2m:[0m [2mbraze_engine::hooks[0m[2m:[0m prompt budget breakdown (PromptBudgetAuditHook) [3msystem_tokens_est[0m[2m=[0m274 [3mtools_tokens_est[0m[2m=[0m850 [3mhistory_tokens_est[0m[2m=[0m40 [3mtotal_tokens_est[0m[2m=[0m1166 [3mmessage_count[0m[2m=[0m1
[2m2026-07-12T23:11:57.176632Z[0m [32m INFO[0m [1mturn[0m[1m{[0m[3msession[0m[2m=[0m215a45bc-18b6-48c7-b853-0d35aa6ad61e[1m}[0m[2m:[0m [2mbraze_engine::engine[0m[2m:[0m parsed a prompt-tools envelope tool call [3mtool[0m[2m=[0mread_file
[2m2026-07-12T23:11:57.190522Z[0m [32m INFO[0m [1mturn[0m[1m{[0m[3msession[0m[2m=[0m215a45bc-18b6-48c7-b853-0d35aa6ad61e[1m}[0m[2m:[0m [2mbraze_engine::hooks[0m[2m:[0m prompt budget breakdown (PromptBudgetAuditHook) [3msystem_tokens_est[0m[2m=[0m274 [3mtools_tokens_est[0m[2m=[0m850 [3mhistory_tokens_est[0m[2m=[0m112 [3mtotal_tokens_est[0m[2m=[0m1237 [3mmessage_count[0m[2m=[0m3
[2m2026-07-12T23:11:58.590520Z[0m [32m INFO[0m [1mturn[0m[1m{[0m[3msession[0m[2m=[0m215a45bc-18b6-48c7-b853-0d35aa6ad61e[1m}[0m[2m:[0m [2mbraze_engine::engine[0m[2m:[0m parsed a prompt-tools envelope final answer
-> ollama:qwen2.5:3b+ablate:constrained-tools :: distractor_selection_log_with_error (rep 1/5)
[2m2026-07-12T23:11:58.604301Z[0m [32m INFO[0m [1mturn[0m[1m{[0m[3msession[0m[2m=[0mc85f7f36-5c8e-421b-ac0b-8e223d2d14da[1m}[0m[2m:[0m [2mbraze_engine::hooks[0m[2m:[0m prompt budget breakdown (PromptBudgetAuditHook) [3msystem_tokens_est[0m[2m=[0m274 [3mtools_tokens_est[0m[2m=[0m850 [3mhistory_tokens_est[0m[2m=[0m32 [3mtotal_tokens_est[0m[2m=[0m1158 [3mmessage_count[0m[2m=[0m1
[2m2026-07-12T23:12:00.308533Z[0m [32m INFO[0m [1mturn[0m[1m{[0m[3msession[0m[2m=[0mc85f7f36-5c8e-421b-ac0b-8e223d2d14da[1m}[0m[2m:[0m [2mbraze_engine::engine[0m[2m:[0m parsed a prompt-tools envelope tool call [3mtool[0m[2m=[0mread_file
[2m2026-07-12T23:12:00.314844Z[0m [32m INFO[0m [1mturn[0m[1m{[0m[3msession[0m[2m=[0mc85f7f36-5c8e-421b-ac0b-8e223d2d14da[1m}[0m[2m:[0m [2mbraze_engine::hooks[0m[2m:[0m prompt budget breakdown (PromptBudgetAuditHook) [3msystem_tokens_est[0m[2m=[0m274 [3mtools_tokens_est[0m[2m=[0m850 [3mhistory_tokens_est[0m[2m=[0m74 [3mtotal_tokens_est[0m[2m=[0m1200 [3mmessage_count[0m[2m=[0m3
[2m2026-07-12T23:12:01.379270Z[0m [32m INFO[0m [1mturn[0m[1m{[0m[3msession[0m[2m=[0mc85f7f36-5c8e-421b-ac0b-8e223d2d14da[1m}[0m[2m:[0m [2mbraze_engine::engine[0m[2m:[0m parsed a prompt-tools envelope final answer
-> ollama:qwen2.5:3b+ablate:constrained-tools :: distractor_selection_log_with_error (rep 2/5)
[2m2026-07-12T23:12:01.387974Z[0m [32m INFO[0m [1mturn[0m[1m{[0m[3msession[0m[2m=[0m784d1919-9d9e-4e6a-868e-3f34a812434b[1m}[0m[2m:[0m [2mbraze_engine::hooks[0m[2m:[0m prompt budget breakdown (PromptBudgetAuditHook) [3msystem_tokens_est[0m[2m=[0m274 [3mtools_tokens_est[0m[2m=[0m850 [3mhistory_tokens_est[0m[2m=[0m32 [3mtotal_tokens_est[0m[2m=[0m1158 [3mmessage_count[0m[2m=[0m1
[2m2026-07-12T23:12:02.881613Z[0m [32m INFO[0m [1mturn[0m[1m{[0m[3msession[0m[2m=[0m784d1919-9d9e-4e6a-868e-3f34a812434b[1m}[0m[2m:[0m [2mbraze_engine::engine[0m[2m:[0m parsed a prompt-tools envelope tool call [3mtool[0m[2m=[0mread_file
[2m2026-07-12T23:12:02.888025Z[0m [32m INFO[0m [1mturn[0m[1m{[0m[3msession[0m[2m=[0m784d1919-9d9e-4e6a-868e-3f34a812434b[1m}[0m[2m:[0m [2mbraze_engine::hooks[0m[2m:[0m prompt budget breakdown (PromptBudgetAuditHook) [3msystem_tokens_est[0m[2m=[0m274 [3mtools_tokens_est[0m[2m=[0m850 [3mhistory_tokens_est[0m[2m=[0m73 [3mtotal_tokens_est[0m[2m=[0m1198 [3mmessage_count[0m[2m=[0m3
[2m2026-07-12T23:12:03.934051Z[0m [32m INFO[0m [1mturn[0m[1m{[0m[3msession[0m[2m=[0m784d1919-9d9e-4e6a-868e-3f34a812434b[1m}[0m[2m:[0m [2mbraze_engine::engine[0m[2m:[0m parsed a prompt-tools envelope final answer
-> ollama:qwen2.5:3b+ablate:constrained-tools :: distractor_selection_log_with_error (rep 3/5)
[2m2026-07-12T23:12:03.943406Z[0m [32m INFO[0m [1mturn[0m[1m{[0m[3msession[0m[2m=[0m924e3c63-7276-4294-838c-2bbe688fcc4e[1m}[0m[2m:[0m [2mbraze_engine::hooks[0m[2m:[0m prompt budget breakdown (PromptBudgetAuditHook) [3msystem_tokens_est[0m[2m=[0m274 [3mtools_tokens_est[0m[2m=[0m850 [3mhistory_tokens_est[0m[2m=[0m32 [3mtotal_tokens_est[0m[2m=[0m1158 [3mmessage_count[0m[2m=[0m1
[2m2026-07-12T23:12:05.660956Z[0m [32m INFO[0m [1mturn[0m[1m{[0m[3msession[0m[2m=[0m924e3c63-7276-4294-838c-2bbe688fcc4e[1m}[0m[2m:[0m [2mbraze_engine::engine[0m[2m:[0m parsed a prompt-tools envelope tool call [3mtool[0m[2m=[0mread_file
[2m2026-07-12T23:12:05.668048Z[0m [32m INFO[0m [1mturn[0m[1m{[0m[3msession[0m[2m=[0m924e3c63-7276-4294-838c-2bbe688fcc4e[1m}[0m[2m:[0m [2mbraze_engine::hooks[0m[2m:[0m prompt budget breakdown (PromptBudgetAuditHook) [3msystem_tokens_est[0m[2m=[0m274 [3mtools_tokens_est[0m[2m=[0m850 [3mhistory_tokens_est[0m[2m=[0m74 [3mtotal_tokens_est[0m[2m=[0m1200 [3mmessage_count[0m[2m=[0m3
[2m2026-07-12T23:12:06.699830Z[0m [32m INFO[0m [1mturn[0m[1m{[0m[3msession[0m[2m=[0m924e3c63-7276-4294-838c-2bbe688fcc4e[1m}[0m[2m:[0m [2mbraze_engine::engine[0m[2m:[0m parsed a prompt-tools envelope final answer
-> ollama:qwen2.5:3b+ablate:constrained-tools :: distractor_selection_log_with_error (rep 4/5)
[2m2026-07-12T23:12:06.709240Z[0m [32m INFO[0m [1mturn[0m[1m{[0m[3msession[0m[2m=[0m90df5e2d-76b8-408a-aa0d-c6f2e8bf9af4[1m}[0m[2m:[0m [2mbraze_engine::hooks[0m[2m:[0m prompt budget breakdown (PromptBudgetAuditHook) [3msystem_tokens_est[0m[2m=[0m274 [3mtools_tokens_est[0m[2m=[0m850 [3mhistory_tokens_est[0m[2m=[0m32 [3mtotal_tokens_est[0m[2m=[0m1158 [3mmessage_count[0m[2m=[0m1
[2m2026-07-12T23:12:08.207504Z[0m [32m INFO[0m [1mturn[0m[1m{[0m[3msession[0m[2m=[0m90df5e2d-76b8-408a-aa0d-c6f2e8bf9af4[1m}[0m[2m:[0m [2mbraze_engine::engine[0m[2m:[0m parsed a prompt-tools envelope tool call [3mtool[0m[2m=[0mread_file
[2m2026-07-12T23:12:08.215089Z[0m [32m INFO[0m [1mturn[0m[1m{[0m[3msession[0m[2m=[0m90df5e2d-76b8-408a-aa0d-c6f2e8bf9af4[1m}[0m[2m:[0m [2mbraze_engine::hooks[0m[2m:[0m prompt budget breakdown (PromptBudgetAuditHook) [3msystem_tokens_est[0m[2m=[0m274 [3mtools_tokens_est[0m[2m=[0m850 [3mhistory_tokens_est[0m[2m=[0m73 [3mtotal_tokens_est[0m[2m=[0m1198 [3mmessage_count[0m[2m=[0m3
[2m2026-07-12T23:12:09.157101Z[0m [32m INFO[0m [1mturn[0m[1m{[0m[3msession[0m[2m=[0m90df5e2d-76b8-408a-aa0d-c6f2e8bf9af4[1m}[0m[2m:[0m [2mbraze_engine::engine[0m[2m:[0m parsed a prompt-tools envelope final answer
-> ollama:qwen2.5:3b+ablate:constrained-tools :: distractor_selection_log_with_error (rep 5/5)
[2m2026-07-12T23:12:09.166262Z[0m [32m INFO[0m [1mturn[0m[1m{[0m[3msession[0m[2m=[0m8e3a2aae-bbfe-404e-8355-8e82da87a449[1m}[0m[2m:[0m [2mbraze_engine::hooks[0m[2m:[0m prompt budget breakdown (PromptBudgetAuditHook) [3msystem_tokens_est[0m[2m=[0m274 [3mtools_tokens_est[0m[2m=[0m850 [3mhistory_tokens_est[0m[2m=[0m32 [3mtotal_tokens_est[0m[2m=[0m1158 [3mmessage_count[0m[2m=[0m1
[2m2026-07-12T23:12:10.901436Z[0m [32m INFO[0m [1mturn[0m[1m{[0m[3msession[0m[2m=[0m8e3a2aae-bbfe-404e-8355-8e82da87a449[1m}[0m[2m:[0m [2mbraze_engine::engine[0m[2m:[0m parsed a prompt-tools envelope tool call [3mtool[0m[2m=[0mread_file
[2m2026-07-12T23:12:10.906475Z[0m [32m INFO[0m [1mturn[0m[1m{[0m[3msession[0m[2m=[0m8e3a2aae-bbfe-404e-8355-8e82da87a449[1m}[0m[2m:[0m [2mbraze_engine::hooks[0m[2m:[0m prompt budget breakdown (PromptBudgetAuditHook) [3msystem_tokens_est[0m[2m=[0m274 [3mtools_tokens_est[0m[2m=[0m850 [3mhistory_tokens_est[0m[2m=[0m74 [3mtotal_tokens_est[0m[2m=[0m1200 [3mmessage_count[0m[2m=[0m3
[2m2026-07-12T23:12:12.013802Z[0m [32m INFO[0m [1mturn[0m[1m{[0m[3msession[0m[2m=[0m8e3a2aae-bbfe-404e-8355-8e82da87a449[1m}[0m[2m:[0m [2mbraze_engine::engine[0m[2m:[0m parsed a prompt-tools envelope final answer
-> ollama:qwen2.5:3b+ablate:constrained-tools :: distractor_selection_debug_config (rep 1/5)
[2m2026-07-12T23:12:12.025282Z[0m [32m INFO[0m [1mturn[0m[1m{[0m[3msession[0m[2m=[0m9140dd0c-a927-405a-bcd3-b4e73f6a9892[1m}[0m[2m:[0m [2mbraze_engine::hooks[0m[2m:[0m prompt budget breakdown (PromptBudgetAuditHook) [3msystem_tokens_est[0m[2m=[0m274 [3mtools_tokens_est[0m[2m=[0m850 [3mhistory_tokens_est[0m[2m=[0m28 [3mtotal_tokens_est[0m[2m=[0m1153 [3mmessage_count[0m[2m=[0m1
[2m2026-07-12T23:12:13.620202Z[0m [32m INFO[0m [1mturn[0m[1m{[0m[3msession[0m[2m=[0m9140dd0c-a927-405a-bcd3-b4e73f6a9892[1m}[0m[2m:[0m [2mbraze_engine::engine[0m[2m:[0m parsed a prompt-tools envelope tool call [3mtool[0m[2m=[0mread_file
[2m2026-07-12T23:12:13.625045Z[0m [32m INFO[0m [1mturn[0m[1m{[0m[3msession[0m[2m=[0m9140dd0c-a927-405a-bcd3-b4e73f6a9892[1m}[0m[2m:[0m [2mbraze_engine::hooks[0m[2m:[0m prompt budget breakdown (PromptBudgetAuditHook) [3msystem_tokens_est[0m[2m=[0m274 [3mtools_tokens_est[0m[2m=[0m850 [3mhistory_tokens_est[0m[2m=[0m85 [3mtotal_tokens_est[0m[2m=[0m1210 [3mmessage_count[0m[2m=[0m3
[2m2026-07-12T23:12:14.630443Z[0m [32m INFO[0m [1mturn[0m[1m{[0m[3msession[0m[2m=[0m9140dd0c-a927-405a-bcd3-b4e73f6a9892[1m}[0m[2m:[0m [2mbraze_engine::engine[0m[2m:[0m parsed a prompt-tools envelope final answer
-> ollama:qwen2.5:3b+ablate:constrained-tools :: distractor_selection_debug_config (rep 2/5)
[2m2026-07-12T23:12:14.640048Z[0m [32m INFO[0m [1mturn[0m[1m{[0m[3msession[0m[2m=[0m2cd1881c-9045-47f0-8695-e982e0c1d087[1m}[0m[2m:[0m [2mbraze_engine::hooks[0m[2m:[0m prompt budget breakdown (PromptBudgetAuditHook) [3msystem_tokens_est[0m[2m=[0m274 [3mtools_tokens_est[0m[2m=[0m850 [3mhistory_tokens_est[0m[2m=[0m28 [3mtotal_tokens_est[0m[2m=[0m1153 [3mmessage_count[0m[2m=[0m1
[2m2026-07-12T23:12:16.232206Z[0m [32m INFO[0m [1mturn[0m[1m{[0m[3msession[0m[2m=[0m2cd1881c-9045-47f0-8695-e982e0c1d087[1m}[0m[2m:[0m [2mbraze_engine::engine[0m[2m:[0m parsed a prompt-tools envelope tool call [3mtool[0m[2m=[0mread_file
[2m2026-07-12T23:12:16.237997Z[0m [32m INFO[0m [1mturn[0m[1m{[0m[3msession[0m[2m=[0m2cd1881c-9045-47f0-8695-e982e0c1d087[1m}[0m[2m:[0m [2mbraze_engine::hooks[0m[2m:[0m prompt budget breakdown (PromptBudgetAuditHook) [3msystem_tokens_est[0m[2m=[0m274 [3mtools_tokens_est[0m[2m=[0m850 [3mhistory_tokens_est[0m[2m=[0m85 [3mtotal_tokens_est[0m[2m=[0m1210 [3mmessage_count[0m[2m=[0m3
[2m2026-07-12T23:12:17.111400Z[0m [32m INFO[0m [1mturn[0m[1m{[0m[3msession[0m[2m=[0m2cd1881c-9045-47f0-8695-e982e0c1d087[1m}[0m[2m:[0m [2mbraze_engine::engine[0m[2m:[0m parsed a prompt-tools envelope final answer
-> ollama:qwen2.5:3b+ablate:constrained-tools :: distractor_selection_debug_config (rep 3/5)
[2m2026-07-12T23:12:17.119645Z[0m [32m INFO[0m [1mturn[0m[1m{[0m[3msession[0m[2m=[0mc291a954-9a13-491d-89fc-62251d1ac3ef[1m}[0m[2m:[0m [2mbraze_engine::hooks[0m[2m:[0m prompt budget breakdown (PromptBudgetAuditHook) [3msystem_tokens_est[0m[2m=[0m274 [3mtools_tokens_est[0m[2m=[0m850 [3mhistory_tokens_est[0m[2m=[0m28 [3mtotal_tokens_est[0m[2m=[0m1153 [3mmessage_count[0m[2m=[0m1
[2m2026-07-12T23:12:18.706715Z[0m [32m INFO[0m [1mturn[0m[1m{[0m[3msession[0m[2m=[0mc291a954-9a13-491d-89fc-62251d1ac3ef[1m}[0m[2m:[0m [2mbraze_engine::engine[0m[2m:[0m parsed a prompt-tools envelope tool call [3mtool[0m[2m=[0mread_file
[2m2026-07-12T23:12:18.714400Z[0m [32m INFO[0m [1mturn[0m[1m{[0m[3msession[0m[2m=[0mc291a954-9a13-491d-89fc-62251d1ac3ef[1m}[0m[2m:[0m [2mbraze_engine::hooks[0m[2m:[0m prompt budget breakdown (PromptBudgetAuditHook) [3msystem_tokens_est[0m[2m=[0m274 [3mtools_tokens_est[0m[2m=[0m850 [3mhistory_tokens_est[0m[2m=[0m85 [3mtotal_tokens_est[0m[2m=[0m1210 [3mmessage_count[0m[2m=[0m3
[2m2026-07-12T23:12:19.658902Z[0m [32m INFO[0m [1mturn[0m[1m{[0m[3msession[0m[2m=[0mc291a954-9a13-491d-89fc-62251d1ac3ef[1m}[0m[2m:[0m [2mbraze_engine::engine[0m[2m:[0m parsed a prompt-tools envelope final answer
-> ollama:qwen2.5:3b+ablate:constrained-tools :: distractor_selection_debug_config (rep 4/5)
[2m2026-07-12T23:12:19.665172Z[0m [32m INFO[0m [1mturn[0m[1m{[0m[3msession[0m[2m=[0md0fdd237-f546-44c7-86bf-1111b554a7b3[1m}[0m[2m:[0m [2mbraze_engine::hooks[0m[2m:[0m prompt budget breakdown (PromptBudgetAuditHook) [3msystem_tokens_est[0m[2m=[0m274 [3mtools_tokens_est[0m[2m=[0m850 [3mhistory_tokens_est[0m[2m=[0m28 [3mtotal_tokens_est[0m[2m=[0m1153 [3mmessage_count[0m[2m=[0m1
[2m2026-07-12T23:12:21.415812Z[0m [32m INFO[0m [1mturn[0m[1m{[0m[3msession[0m[2m=[0md0fdd237-f546-44c7-86bf-1111b554a7b3[1m}[0m[2m:[0m [2mbraze_engine::engine[0m[2m:[0m parsed a prompt-tools envelope tool call [3mtool[0m[2m=[0mread_file
[2m2026-07-12T23:12:21.423070Z[0m [32m INFO[0m [1mturn[0m[1m{[0m[3msession[0m[2m=[0md0fdd237-f546-44c7-86bf-1111b554a7b3[1m}[0m[2m:[0m [2mbraze_engine::hooks[0m[2m:[0m prompt budget breakdown (PromptBudgetAuditHook) [3msystem_tokens_est[0m[2m=[0m274 [3mtools_tokens_est[0m[2m=[0m850 [3mhistory_tokens_est[0m[2m=[0m88 [3mtotal_tokens_est[0m[2m=[0m1213 [3mmessage_count[0m[2m=[0m3
[2m2026-07-12T23:12:22.485326Z[0m [32m INFO[0m [1mturn[0m[1m{[0m[3msession[0m[2m=[0md0fdd237-f546-44c7-86bf-1111b554a7b3[1m}[0m[2m:[0m [2mbraze_engine::engine[0m[2m:[0m parsed a prompt-tools envelope final answer
-> ollama:qwen2.5:3b+ablate:constrained-tools :: distractor_selection_debug_config (rep 5/5)
[2m2026-07-12T23:12:22.495125Z[0m [32m INFO[0m [1mturn[0m[1m{[0m[3msession[0m[2m=[0m9fd69185-cac3-46e6-afc5-61d17ea48f68[1m}[0m[2m:[0m [2mbraze_engine::hooks[0m[2m:[0m prompt budget breakdown (PromptBudgetAuditHook) [3msystem_tokens_est[0m[2m=[0m274 [3mtools_tokens_est[0m[2m=[0m850 [3mhistory_tokens_est[0m[2m=[0m28 [3mtotal_tokens_est[0m[2m=[0m1153 [3mmessage_count[0m[2m=[0m1
[2m2026-07-12T23:12:24.088488Z[0m [32m INFO[0m [1mturn[0m[1m{[0m[3msession[0m[2m=[0m9fd69185-cac3-46e6-afc5-61d17ea48f68[1m}[0m[2m:[0m [2mbraze_engine::engine[0m[2m:[0m parsed a prompt-tools envelope tool call [3mtool[0m[2m=[0mread_file
[2m2026-07-12T23:12:24.100313Z[0m [32m INFO[0m [1mturn[0m[1m{[0m[3msession[0m[2m=[0m9fd69185-cac3-46e6-afc5-61d17ea48f68[1m}[0m[2m:[0m [2mbraze_engine::hooks[0m[2m:[0m prompt budget breakdown (PromptBudgetAuditHook) [3msystem_tokens_est[0m[2m=[0m274 [3mtools_tokens_est[0m[2m=[0m850 [3mhistory_tokens_est[0m[2m=[0m85 [3mtotal_tokens_est[0m[2m=[0m1210 [3mmessage_count[0m[2m=[0m3
[2m2026-07-12T23:12:24.883816Z[0m [32m INFO[0m [1mturn[0m[1m{[0m[3msession[0m[2m=[0m9fd69185-cac3-46e6-afc5-61d17ea48f68[1m}[0m[2m:[0m [2mbraze_engine::engine[0m[2m:[0m parsed a prompt-tools envelope final answer
-> ollama:gemma3:1b+ablate:constrained-tools :: read_file_basic (rep 1/5)
[2m2026-07-12T23:12:30.298369Z[0m [32m INFO[0m [1mturn[0m[1m{[0m[3msession[0m[2m=[0mb09cb078-e5fe-40a0-96ea-a922761442eb[1m}[0m[2m:[0m [2mbraze_engine::hooks[0m[2m:[0m prompt budget breakdown (PromptBudgetAuditHook) [3msystem_tokens_est[0m[2m=[0m229 [3mtools_tokens_est[0m[2m=[0m850 [3mhistory_tokens_est[0m[2m=[0m19 [3mtotal_tokens_est[0m[2m=[0m1099 [3mmessage_count[0m[2m=[0m1
[2m2026-07-12T23:12:41.106246Z[0m [32m INFO[0m [1mturn[0m[1m{[0m[3msession[0m[2m=[0mb09cb078-e5fe-40a0-96ea-a922761442eb[1m}[0m[2m:[0m [2mbraze_engine::engine[0m[2m:[0m parsed a prompt-tools envelope final answer
-> ollama:gemma3:1b+ablate:constrained-tools :: read_file_basic (rep 2/5)
[2m2026-07-12T23:12:41.116731Z[0m [32m INFO[0m [1mturn[0m[1m{[0m[3msession[0m[2m=[0mab6d8b36-fa79-42c6-a18f-58d2d7112d73[1m}[0m[2m:[0m [2mbraze_engine::hooks[0m[2m:[0m prompt budget breakdown (PromptBudgetAuditHook) [3msystem_tokens_est[0m[2m=[0m229 [3mtools_tokens_est[0m[2m=[0m850 [3mhistory_tokens_est[0m[2m=[0m19 [3mtotal_tokens_est[0m[2m=[0m1099 [3mmessage_count[0m[2m=[0m1
[2m2026-07-12T23:12:42.338447Z[0m [32m INFO[0m [1mturn[0m[1m{[0m[3msession[0m[2m=[0mab6d8b36-fa79-42c6-a18f-58d2d7112d73[1m}[0m[2m:[0m [2mbraze_engine::engine[0m[2m:[0m parsed a prompt-tools envelope final answer
-> ollama:gemma3:1b+ablate:constrained-tools :: read_file_basic (rep 3/5)
[2m2026-07-12T23:12:42.343227Z[0m [32m INFO[0m [1mturn[0m[1m{[0m[3msession[0m[2m=[0m359a8993-5c75-4f83-8cf3-ad5474113be0[1m}[0m[2m:[0m [2mbraze_engine::hooks[0m[2m:[0m prompt budget breakdown (PromptBudgetAuditHook) [3msystem_tokens_est[0m[2m=[0m229 [3mtools_tokens_est[0m[2m=[0m850 [3mhistory_tokens_est[0m[2m=[0m19 [3mtotal_tokens_est[0m[2m=[0m1099 [3mmessage_count[0m[2m=[0m1
[2m2026-07-12T23:12:43.564821Z[0m [32m INFO[0m [1mturn[0m[1m{[0m[3msession[0m[2m=[0m359a8993-5c75-4f83-8cf3-ad5474113be0[1m}[0m[2m:[0m [2mbraze_engine::engine[0m[2m:[0m parsed a prompt-tools envelope final answer
-> ollama:gemma3:1b+ablate:constrained-tools :: read_file_basic (rep 4/5)
[2m2026-07-12T23:12:43.572957Z[0m [32m INFO[0m [1mturn[0m[1m{[0m[3msession[0m[2m=[0mc11ee785-dc58-4cde-b599-cdc2ce98dac9[1m}[0m[2m:[0m [2mbraze_engine::hooks[0m[2m:[0m prompt budget breakdown (PromptBudgetAuditHook) [3msystem_tokens_est[0m[2m=[0m229 [3mtools_tokens_est[0m[2m=[0m850 [3mhistory_tokens_est[0m[2m=[0m19 [3mtotal_tokens_est[0m[2m=[0m1099 [3mmessage_count[0m[2m=[0m1
[2m2026-07-12T23:12:44.797658Z[0m [32m INFO[0m [1mturn[0m[1m{[0m[3msession[0m[2m=[0mc11ee785-dc58-4cde-b599-cdc2ce98dac9[1m}[0m[2m:[0m [2mbraze_engine::engine[0m[2m:[0m parsed a prompt-tools envelope final answer
-> ollama:gemma3:1b+ablate:constrained-tools :: read_file_basic (rep 5/5)
[2m2026-07-12T23:12:44.807521Z[0m [32m INFO[0m [1mturn[0m[1m{[0m[3msession[0m[2m=[0m651c315b-cc68-44d2-90ea-1b0f8c37e55c[1m}[0m[2m:[0m [2mbraze_engine::hooks[0m[2m:[0m prompt budget breakdown (PromptBudgetAuditHook) [3msystem_tokens_est[0m[2m=[0m229 [3mtools_tokens_est[0m[2m=[0m850 [3mhistory_tokens_est[0m[2m=[0m19 [3mtotal_tokens_est[0m[2m=[0m1099 [3mmessage_count[0m[2m=[0m1
[2m2026-07-12T23:12:46.036693Z[0m [32m INFO[0m [1mturn[0m[1m{[0m[3msession[0m[2m=[0m651c315b-cc68-44d2-90ea-1b0f8c37e55c[1m}[0m[2m:[0m [2mbraze_engine::engine[0m[2m:[0m parsed a prompt-tools envelope final answer
-> ollama:gemma3:1b+ablate:constrained-tools :: grep_basic (rep 1/5)
[2m2026-07-12T23:12:46.045356Z[0m [32m INFO[0m [1mturn[0m[1m{[0m[3msession[0m[2m=[0m80ca3b20-869f-4686-992e-073fc41175a8[1m}[0m[2m:[0m [2mbraze_engine::hooks[0m[2m:[0m prompt budget breakdown (PromptBudgetAuditHook) [3msystem_tokens_est[0m[2m=[0m228 [3mtools_tokens_est[0m[2m=[0m850 [3mhistory_tokens_est[0m[2m=[0m19 [3mtotal_tokens_est[0m[2m=[0m1098 [3mmessage_count[0m[2m=[0m1
[2m2026-07-12T23:12:47.320857Z[0m [32m INFO[0m [1mturn[0m[1m{[0m[3msession[0m[2m=[0m80ca3b20-869f-4686-992e-073fc41175a8[1m}[0m[2m:[0m [2mbraze_engine::engine[0m[2m:[0m parsed a prompt-tools envelope final answer
-> ollama:gemma3:1b+ablate:constrained-tools :: grep_basic (rep 2/5)
[2m2026-07-12T23:12:47.329431Z[0m [32m INFO[0m [1mturn[0m[1m{[0m[3msession[0m[2m=[0m7add6b4d-7d55-44b2-a55a-08be4878d4a5[1m}[0m[2m:[0m [2mbraze_engine::hooks[0m[2m:[0m prompt budget breakdown (PromptBudgetAuditHook) [3msystem_tokens_est[0m[2m=[0m228 [3mtools_tokens_est[0m[2m=[0m850 [3mhistory_tokens_est[0m[2m=[0m19 [3mtotal_tokens_est[0m[2m=[0m1098 [3mmessage_count[0m[2m=[0m1
[2m2026-07-12T23:12:48.593215Z[0m [32m INFO[0m [1mturn[0m[1m{[0m[3msession[0m[2m=[0m7add6b4d-7d55-44b2-a55a-08be4878d4a5[1m}[0m[2m:[0m [2mbraze_engine::engine[0m[2m:[0m parsed a prompt-tools envelope final answer
-> ollama:gemma3:1b+ablate:constrained-tools :: grep_basic (rep 3/5)
[2m2026-07-12T23:12:48.603859Z[0m [32m INFO[0m [1mturn[0m[1m{[0m[3msession[0m[2m=[0m60bab178-d49e-4623-803b-fd2490548473[1m}[0m[2m:[0m [2mbraze_engine::hooks[0m[2m:[0m prompt budget breakdown (PromptBudgetAuditHook) [3msystem_tokens_est[0m[2m=[0m228 [3mtools_tokens_est[0m[2m=[0m850 [3mhistory_tokens_est[0m[2m=[0m19 [3mtotal_tokens_est[0m[2m=[0m1098 [3mmessage_count[0m[2m=[0m1
[2m2026-07-12T23:12:49.838901Z[0m [32m INFO[0m [1mturn[0m[1m{[0m[3msession[0m[2m=[0m60bab178-d49e-4623-803b-fd2490548473[1m}[0m[2m:[0m [2mbraze_engine::engine[0m[2m:[0m parsed a prompt-tools envelope final answer
-> ollama:gemma3:1b+ablate:constrained-tools :: grep_basic (rep 4/5)
[2m2026-07-12T23:12:49.845314Z[0m [32m INFO[0m [1mturn[0m[1m{[0m[3msession[0m[2m=[0m9d044821-941b-483b-93bd-1f4540943958[1m}[0m[2m:[0m [2mbraze_engine::hooks[0m[2m:[0m prompt budget breakdown (PromptBudgetAuditHook) [3msystem_tokens_est[0m[2m=[0m228 [3mtools_tokens_est[0m[2m=[0m850 [3mhistory_tokens_est[0m[2m=[0m19 [3mtotal_tokens_est[0m[2m=[0m1098 [3mmessage_count[0m[2m=[0m1
[2m2026-07-12T23:12:51.216485Z[0m [32m INFO[0m [1mturn[0m[1m{[0m[3msession[0m[2m=[0m9d044821-941b-483b-93bd-1f4540943958[1m}[0m[2m:[0m [2mbraze_engine::engine[0m[2m:[0m parsed a prompt-tools envelope final answer
-> ollama:gemma3:1b+ablate:constrained-tools :: grep_basic (rep 5/5)
[2m2026-07-12T23:12:51.224208Z[0m [32m INFO[0m [1mturn[0m[1m{[0m[3msession[0m[2m=[0m9d90a061-46f0-4d30-9b5c-3a52fb8b34da[1m}[0m[2m:[0m [2mbraze_engine::hooks[0m[2m:[0m prompt budget breakdown (PromptBudgetAuditHook) [3msystem_tokens_est[0m[2m=[0m228 [3mtools_tokens_est[0m[2m=[0m850 [3mhistory_tokens_est[0m[2m=[0m19 [3mtotal_tokens_est[0m[2m=[0m1098 [3mmessage_count[0m[2m=[0m1
[2m2026-07-12T23:12:52.501359Z[0m [32m INFO[0m [1mturn[0m[1m{[0m[3msession[0m[2m=[0m9d90a061-46f0-4d30-9b5c-3a52fb8b34da[1m}[0m[2m:[0m [2mbraze_engine::engine[0m[2m:[0m parsed a prompt-tools envelope final answer
-> ollama:gemma3:1b+ablate:constrained-tools :: glob_basic (rep 1/5)
[2m2026-07-12T23:12:52.506764Z[0m [32m INFO[0m [1mturn[0m[1m{[0m[3msession[0m[2m=[0m0902cf7b-c611-4383-8a56-33446eb27835[1m}[0m[2m:[0m [2mbraze_engine::hooks[0m[2m:[0m prompt budget breakdown (PromptBudgetAuditHook) [3msystem_tokens_est[0m[2m=[0m228 [3mtools_tokens_est[0m[2m=[0m850 [3mhistory_tokens_est[0m[2m=[0m17 [3mtotal_tokens_est[0m[2m=[0m1096 [3mmessage_count[0m[2m=[0m1
[2m2026-07-12T23:12:53.919635Z[0m [32m INFO[0m [1mturn[0m[1m{[0m[3msession[0m[2m=[0m0902cf7b-c611-4383-8a56-33446eb27835[1m}[0m[2m:[0m [2mbraze_engine::engine[0m[2m:[0m parsed a prompt-tools envelope final answer
-> ollama:gemma3:1b+ablate:constrained-tools :: glob_basic (rep 2/5)
[2m2026-07-12T23:12:53.985154Z[0m [32m INFO[0m [1mturn[0m[1m{[0m[3msession[0m[2m=[0m2a5ee736-e05f-4e29-9e41-7acbb979b1af[1m}[0m[2m:[0m [2mbraze_engine::hooks[0m[2m:[0m prompt budget breakdown (PromptBudgetAuditHook) [3msystem_tokens_est[0m[2m=[0m228 [3mtools_tokens_est[0m[2m=[0m850 [3mhistory_tokens_est[0m[2m=[0m17 [3mtotal_tokens_est[0m[2m=[0m1096 [3mmessage_count[0m[2m=[0m1
[2m2026-07-12T23:12:57.334462Z[0m [32m INFO[0m [1mturn[0m[1m{[0m[3msession[0m[2m=[0m2a5ee736-e05f-4e29-9e41-7acbb979b1af[1m}[0m[2m:[0m [2mbraze_engine::engine[0m[2m:[0m parsed a prompt-tools envelope tool call [3mtool[0m[2m=[0mread_file
[2m2026-07-12T23:12:57.405285Z[0m [32m INFO[0m [1mturn[0m[1m{[0m[3msession[0m[2m=[0m2a5ee736-e05f-4e29-9e41-7acbb979b1af[1m}[0m[2m:[0m [2mbraze_engine::hooks[0m[2m:[0m prompt budget breakdown (PromptBudgetAuditHook) [3msystem_tokens_est[0m[2m=[0m228 [3mtools_tokens_est[0m[2m=[0m850 [3mhistory_tokens_est[0m[2m=[0m104 [3mtotal_tokens_est[0m[2m=[0m1183 [3mmessage_count[0m[2m=[0m4
[2m2026-07-12T23:12:58.792442Z[0m [32m INFO[0m [1mturn[0m[1m{[0m[3msession[0m[2m=[0m2a5ee736-e05f-4e29-9e41-7acbb979b1af[1m}[0m[2m:[0m [2mbraze_engine::engine[0m[2m:[0m parsed a prompt-tools envelope final answer
-> ollama:gemma3:1b+ablate:constrained-tools :: glob_basic (rep 3/5)
[2m2026-07-12T23:12:58.798182Z[0m [32m INFO[0m [1mturn[0m[1m{[0m[3msession[0m[2m=[0m7f83cfa2-de32-492e-b8e2-12aa2d5370e0[1m}[0m[2m:[0m [2mbraze_engine::hooks[0m[2m:[0m prompt budget breakdown (PromptBudgetAuditHook) [3msystem_tokens_est[0m[2m=[0m228 [3mtools_tokens_est[0m[2m=[0m850 [3mhistory_tokens_est[0m[2m=[0m17 [3mtotal_tokens_est[0m[2m=[0m1096 [3mmessage_count[0m[2m=[0m1
[2m2026-07-12T23:13:00.058331Z[0m [32m INFO[0m [1mturn[0m[1m{[0m[3msession[0m[2m=[0m7f83cfa2-de32-492e-b8e2-12aa2d5370e0[1m}[0m[2m:[0m [2mbraze_engine::engine[0m[2m:[0m parsed a prompt-tools envelope final answer
-> ollama:gemma3:1b+ablate:constrained-tools :: glob_basic (rep 4/5)
[2m2026-07-12T23:13:00.080635Z[0m [32m INFO[0m [1mturn[0m[1m{[0m[3msession[0m[2m=[0m61850933-967d-4f49-ad1a-d775c1d80426[1m}[0m[2m:[0m [2mbraze_engine::hooks[0m[2m:[0m prompt budget breakdown (PromptBudgetAuditHook) [3msystem_tokens_est[0m[2m=[0m228 [3mtools_tokens_est[0m[2m=[0m850 [3mhistory_tokens_est[0m[2m=[0m17 [3mtotal_tokens_est[0m[2m=[0m1096 [3mmessage_count[0m[2m=[0m1
[2m2026-07-12T23:13:02.153427Z[0m [32m INFO[0m [1mturn[0m[1m{[0m[3msession[0m[2m=[0m61850933-967d-4f49-ad1a-d775c1d80426[1m}[0m[2m:[0m [2mbraze_engine::engine[0m[2m:[0m parsed a prompt-tools envelope tool call [3mtool[0m[2m=[0mread_file
[2m2026-07-12T23:13:02.169083Z[0m [32m INFO[0m [1mturn[0m[1m{[0m[3msession[0m[2m=[0m61850933-967d-4f49-ad1a-d775c1d80426[1m}[0m[2m:[0m [2mbraze_engine::hooks[0m[2m:[0m prompt budget breakdown (PromptBudgetAuditHook) [3msystem_tokens_est[0m[2m=[0m228 [3mtools_tokens_est[0m[2m=[0m850 [3mhistory_tokens_est[0m[2m=[0m60 [3mtotal_tokens_est[0m[2m=[0m1139 [3mmessage_count[0m[2m=[0m4
[2m2026-07-12T23:13:03.757560Z[0m [32m INFO[0m [1mturn[0m[1m{[0m[3msession[0m[2m=[0m61850933-967d-4f49-ad1a-d775c1d80426[1m}[0m[2m:[0m [2mbraze_engine::engine[0m[2m:[0m parsed a prompt-tools envelope final answer
-> ollama:gemma3:1b+ablate:constrained-tools :: glob_basic (rep 5/5)
[2m2026-07-12T23:13:03.764840Z[0m [32m INFO[0m [1mturn[0m[1m{[0m[3msession[0m[2m=[0m3f81c5b9-1fa0-474c-ade0-738e055bce89[1m}[0m[2m:[0m [2mbraze_engine::hooks[0m[2m:[0m prompt budget breakdown (PromptBudgetAuditHook) [3msystem_tokens_est[0m[2m=[0m228 [3mtools_tokens_est[0m[2m=[0m850 [3mhistory_tokens_est[0m[2m=[0m17 [3mtotal_tokens_est[0m[2m=[0m1096 [3mmessage_count[0m[2m=[0m1
[2m2026-07-12T23:13:05.445476Z[0m [32m INFO[0m [1mturn[0m[1m{[0m[3msession[0m[2m=[0m3f81c5b9-1fa0-474c-ade0-738e055bce89[1m}[0m[2m:[0m [2mbraze_engine::engine[0m[2m:[0m parsed a prompt-tools envelope final answer
-> ollama:gemma3:1b+ablate:constrained-tools :: write_file_basic (rep 1/5)
[2m2026-07-12T23:13:05.454501Z[0m [32m INFO[0m [1mturn[0m[1m{[0m[3msession[0m[2m=[0m1f0779d2-3b26-4307-acbd-22543039d416[1m}[0m[2m:[0m [2mbraze_engine::hooks[0m[2m:[0m prompt budget breakdown (PromptBudgetAuditHook) [3msystem_tokens_est[0m[2m=[0m229 [3mtools_tokens_est[0m[2m=[0m850 [3mhistory_tokens_est[0m[2m=[0m22 [3mtotal_tokens_est[0m[2m=[0m1102 [3mmessage_count[0m[2m=[0m1
[2m2026-07-12T23:13:06.694224Z[0m [32m INFO[0m [1mturn[0m[1m{[0m[3msession[0m[2m=[0m1f0779d2-3b26-4307-acbd-22543039d416[1m}[0m[2m:[0m [2mbraze_engine::engine[0m[2m:[0m parsed a prompt-tools envelope final answer
-> ollama:gemma3:1b+ablate:constrained-tools :: write_file_basic (rep 2/5)
[2m2026-07-12T23:13:06.706787Z[0m [32m INFO[0m [1mturn[0m[1m{[0m[3msession[0m[2m=[0m47ceb90e-948f-4b79-98ac-9d8bc66f64d4[1m}[0m[2m:[0m [2mbraze_engine::hooks[0m[2m:[0m prompt budget breakdown (PromptBudgetAuditHook) [3msystem_tokens_est[0m[2m=[0m229 [3mtools_tokens_est[0m[2m=[0m850 [3mhistory_tokens_est[0m[2m=[0m22 [3mtotal_tokens_est[0m[2m=[0m1102 [3mmessage_count[0m[2m=[0m1
[2m2026-07-12T23:13:07.975317Z[0m [32m INFO[0m [1mturn[0m[1m{[0m[3msession[0m[2m=[0m47ceb90e-948f-4b79-98ac-9d8bc66f64d4[1m}[0m[2m:[0m [2mbraze_engine::engine[0m[2m:[0m parsed a prompt-tools envelope final answer
-> ollama:gemma3:1b+ablate:constrained-tools :: write_file_basic (rep 3/5)
[2m2026-07-12T23:13:08.022126Z[0m [32m INFO[0m [1mturn[0m[1m{[0m[3msession[0m[2m=[0mb8c36418-71a0-4511-bb6e-da8c56b18a39[1m}[0m[2m:[0m [2mbraze_engine::hooks[0m[2m:[0m prompt budget breakdown (PromptBudgetAuditHook) [3msystem_tokens_est[0m[2m=[0m229 [3mtools_tokens_est[0m[2m=[0m850 [3mhistory_tokens_est[0m[2m=[0m22 [3mtotal_tokens_est[0m[2m=[0m1102 [3mmessage_count[0m[2m=[0m1
[2m2026-07-12T23:13:09.325722Z[0m [32m INFO[0m [1mturn[0m[1m{[0m[3msession[0m[2m=[0mb8c36418-71a0-4511-bb6e-da8c56b18a39[1m}[0m[2m:[0m [2mbraze_engine::engine[0m[2m:[0m parsed a prompt-tools envelope final answer
-> ollama:gemma3:1b+ablate:constrained-tools :: write_file_basic (rep 4/5)
[2m2026-07-12T23:13:09.348920Z[0m [32m INFO[0m [1mturn[0m[1m{[0m[3msession[0m[2m=[0m0a6b8805-1104-4076-be1d-d6c92585fc87[1m}[0m[2m:[0m [2mbraze_engine::hooks[0m[2m:[0m prompt budget breakdown (PromptBudgetAuditHook) [3msystem_tokens_est[0m[2m=[0m229 [3mtools_tokens_est[0m[2m=[0m850 [3mhistory_tokens_est[0m[2m=[0m22 [3mtotal_tokens_est[0m[2m=[0m1102 [3mmessage_count[0m[2m=[0m1
[2m2026-07-12T23:13:10.633456Z[0m [32m INFO[0m [1mturn[0m[1m{[0m[3msession[0m[2m=[0m0a6b8805-1104-4076-be1d-d6c92585fc87[1m}[0m[2m:[0m [2mbraze_engine::engine[0m[2m:[0m parsed a prompt-tools envelope final answer
-> ollama:gemma3:1b+ablate:constrained-tools :: write_file_basic (rep 5/5)
[2m2026-07-12T23:13:10.649150Z[0m [32m INFO[0m [1mturn[0m[1m{[0m[3msession[0m[2m=[0mbcd27fcc-4ee7-4d21-8a83-d031f8cd5d87[1m}[0m[2m:[0m [2mbraze_engine::hooks[0m[2m:[0m prompt budget breakdown (PromptBudgetAuditHook) [3msystem_tokens_est[0m[2m=[0m229 [3mtools_tokens_est[0m[2m=[0m850 [3mhistory_tokens_est[0m[2m=[0m22 [3mtotal_tokens_est[0m[2m=[0m1102 [3mmessage_count[0m[2m=[0m1
[2m2026-07-12T23:13:11.918924Z[0m [32m INFO[0m [1mturn[0m[1m{[0m[3msession[0m[2m=[0mbcd27fcc-4ee7-4d21-8a83-d031f8cd5d87[1m}[0m[2m:[0m [2mbraze_engine::engine[0m[2m:[0m parsed a prompt-tools envelope final answer
-> ollama:gemma3:1b+ablate:constrained-tools :: edit_file_basic (rep 1/5)
[2m2026-07-12T23:13:11.931689Z[0m [32m INFO[0m [1mturn[0m[1m{[0m[3msession[0m[2m=[0mb92f600a-4ec7-4741-8f56-0b3379483bc4[1m}[0m[2m:[0m [2mbraze_engine::hooks[0m[2m:[0m prompt budget breakdown (PromptBudgetAuditHook) [3msystem_tokens_est[0m[2m=[0m229 [3mtools_tokens_est[0m[2m=[0m850 [3mhistory_tokens_est[0m[2m=[0m21 [3mtotal_tokens_est[0m[2m=[0m1102 [3mmessage_count[0m[2m=[0m1
[2m2026-07-12T23:13:13.351841Z[0m [32m INFO[0m [1mturn[0m[1m{[0m[3msession[0m[2m=[0mb92f600a-4ec7-4741-8f56-0b3379483bc4[1m}[0m[2m:[0m [2mbraze_engine::engine[0m[2m:[0m parsed a prompt-tools envelope final answer
-> ollama:gemma3:1b+ablate:constrained-tools :: edit_file_basic (rep 2/5)
[2m2026-07-12T23:13:13.375666Z[0m [32m INFO[0m [1mturn[0m[1m{[0m[3msession[0m[2m=[0m7f4007ed-09f2-44b0-87d2-4503c967a3a2[1m}[0m[2m:[0m [2mbraze_engine::hooks[0m[2m:[0m prompt budget breakdown (PromptBudgetAuditHook) [3msystem_tokens_est[0m[2m=[0m229 [3mtools_tokens_est[0m[2m=[0m850 [3mhistory_tokens_est[0m[2m=[0m21 [3mtotal_tokens_est[0m[2m=[0m1102 [3mmessage_count[0m[2m=[0m1
[2m2026-07-12T23:13:14.593315Z[0m [32m INFO[0m [1mturn[0m[1m{[0m[3msession[0m[2m=[0m7f4007ed-09f2-44b0-87d2-4503c967a3a2[1m}[0m[2m:[0m [2mbraze_engine::engine[0m[2m:[0m parsed a prompt-tools envelope final answer
-> ollama:gemma3:1b+ablate:constrained-tools :: edit_file_basic (rep 3/5)
[2m2026-07-12T23:13:14.613851Z[0m [32m INFO[0m [1mturn[0m[1m{[0m[3msession[0m[2m=[0mb3c3540e-7ea2-4405-bc64-2d925b62c9d3[1m}[0m[2m:[0m [2mbraze_engine::hooks[0m[2m:[0m prompt budget breakdown (PromptBudgetAuditHook) [3msystem_tokens_est[0m[2m=[0m229 [3mtools_tokens_est[0m[2m=[0m850 [3mhistory_tokens_est[0m[2m=[0m21 [3mtotal_tokens_est[0m[2m=[0m1102 [3mmessage_count[0m[2m=[0m1
[2m2026-07-12T23:13:16.021056Z[0m [32m INFO[0m [1mturn[0m[1m{[0m[3msession[0m[2m=[0mb3c3540e-7ea2-4405-bc64-2d925b62c9d3[1m}[0m[2m:[0m [2mbraze_engine::engine[0m[2m:[0m parsed a prompt-tools envelope final answer
-> ollama:gemma3:1b+ablate:constrained-tools :: edit_file_basic (rep 4/5)
[2m2026-07-12T23:13:16.039906Z[0m [32m INFO[0m [1mturn[0m[1m{[0m[3msession[0m[2m=[0m3bc2b85d-c6d8-4c02-9340-fcd11323ab99[1m}[0m[2m:[0m [2mbraze_engine::hooks[0m[2m:[0m prompt budget breakdown (PromptBudgetAuditHook) [3msystem_tokens_est[0m[2m=[0m229 [3mtools_tokens_est[0m[2m=[0m850 [3mhistory_tokens_est[0m[2m=[0m21 [3mtotal_tokens_est[0m[2m=[0m1102 [3mmessage_count[0m[2m=[0m1
[2m2026-07-12T23:13:17.307242Z[0m [32m INFO[0m [1mturn[0m[1m{[0m[3msession[0m[2m=[0m3bc2b85d-c6d8-4c02-9340-fcd11323ab99[1m}[0m[2m:[0m [2mbraze_engine::engine[0m[2m:[0m parsed a prompt-tools envelope final answer
-> ollama:gemma3:1b+ablate:constrained-tools :: edit_file_basic (rep 5/5)
[2m2026-07-12T23:13:17.379564Z[0m [32m INFO[0m [1mturn[0m[1m{[0m[3msession[0m[2m=[0md97dcc92-9a79-4acc-b3ae-9666778cf8e4[1m}[0m[2m:[0m [2mbraze_engine::hooks[0m[2m:[0m prompt budget breakdown (PromptBudgetAuditHook) [3msystem_tokens_est[0m[2m=[0m229 [3mtools_tokens_est[0m[2m=[0m850 [3mhistory_tokens_est[0m[2m=[0m21 [3mtotal_tokens_est[0m[2m=[0m1102 [3mmessage_count[0m[2m=[0m1
[2m2026-07-12T23:13:18.773620Z[0m [32m INFO[0m [1mturn[0m[1m{[0m[3msession[0m[2m=[0md97dcc92-9a79-4acc-b3ae-9666778cf8e4[1m}[0m[2m:[0m [2mbraze_engine::engine[0m[2m:[0m parsed a prompt-tools envelope final answer
-> ollama:gemma3:1b+ablate:constrained-tools :: shell_exec_basic (rep 1/5)
[2m2026-07-12T23:13:19.106401Z[0m [32m INFO[0m [1mturn[0m[1m{[0m[3msession[0m[2m=[0md76a29d3-076e-4fbb-9631-fd4f83263d4d[1m}[0m[2m:[0m [2mbraze_engine::hooks[0m[2m:[0m prompt budget breakdown (PromptBudgetAuditHook) [3msystem_tokens_est[0m[2m=[0m229 [3mtools_tokens_est[0m[2m=[0m850 [3mhistory_tokens_est[0m[2m=[0m18 [3mtotal_tokens_est[0m[2m=[0m1098 [3mmessage_count[0m[2m=[0m1
[2m2026-07-12T23:13:20.338217Z[0m [32m INFO[0m [1mturn[0m[1m{[0m[3msession[0m[2m=[0md76a29d3-076e-4fbb-9631-fd4f83263d4d[1m}[0m[2m:[0m [2mbraze_engine::engine[0m[2m:[0m parsed a prompt-tools envelope final answer
-> ollama:gemma3:1b+ablate:constrained-tools :: shell_exec_basic (rep 2/5)
[2m2026-07-12T23:13:21.646934Z[0m [32m INFO[0m [1mturn[0m[1m{[0m[3msession[0m[2m=[0m245b1034-da82-4b01-aadd-d3ec9f821666[1m}[0m[2m:[0m [2mbraze_engine::hooks[0m[2m:[0m prompt budget breakdown (PromptBudgetAuditHook) [3msystem_tokens_est[0m[2m=[0m229 [3mtools_tokens_est[0m[2m=[0m850 [3mhistory_tokens_est[0m[2m=[0m18 [3mtotal_tokens_est[0m[2m=[0m1098 [3mmessage_count[0m[2m=[0m1
[2m2026-07-12T23:13:25.052806Z[0m [32m INFO[0m [1mturn[0m[1m{[0m[3msession[0m[2m=[0m245b1034-da82-4b01-aadd-d3ec9f821666[1m}[0m[2m:[0m [2mbraze_engine::engine[0m[2m:[0m parsed a prompt-tools envelope final answer
-> ollama:gemma3:1b+ablate:constrained-tools :: shell_exec_basic (rep 3/5)
[2m2026-07-12T23:13:27.066719Z[0m [32m INFO[0m [1mturn[0m[1m{[0m[3msession[0m[2m=[0m7539656c-d638-4610-99ac-f78be9ca3907[1m}[0m[2m:[0m [2mbraze_engine::hooks[0m[2m:[0m prompt budget breakdown (PromptBudgetAuditHook) [3msystem_tokens_est[0m[2m=[0m229 [3mtools_tokens_est[0m[2m=[0m850 [3mhistory_tokens_est[0m[2m=[0m18 [3mtotal_tokens_est[0m[2m=[0m1098 [3mmessage_count[0m[2m=[0m1
[2m2026-07-12T23:13:28.263049Z[0m [32m INFO[0m [1mturn[0m[1m{[0m[3msession[0m[2m=[0m7539656c-d638-4610-99ac-f78be9ca3907[1m}[0m[2m:[0m [2mbraze_engine::engine[0m[2m:[0m parsed a prompt-tools envelope final answer
-> ollama:gemma3:1b+ablate:constrained-tools :: shell_exec_basic (rep 4/5)
[2m2026-07-12T23:13:28.273999Z[0m [32m INFO[0m [1mturn[0m[1m{[0m[3msession[0m[2m=[0m70721085-9595-40b8-9d73-482e04a8100b[1m}[0m[2m:[0m [2mbraze_engine::hooks[0m[2m:[0m prompt budget breakdown (PromptBudgetAuditHook) [3msystem_tokens_est[0m[2m=[0m229 [3mtools_tokens_est[0m[2m=[0m850 [3mhistory_tokens_est[0m[2m=[0m18 [3mtotal_tokens_est[0m[2m=[0m1098 [3mmessage_count[0m[2m=[0m1
[2m2026-07-12T23:13:31.340360Z[0m [32m INFO[0m [1mturn[0m[1m{[0m[3msession[0m[2m=[0m70721085-9595-40b8-9d73-482e04a8100b[1m}[0m[2m:[0m [2mbraze_engine::engine[0m[2m:[0m parsed a prompt-tools envelope final answer
-> ollama:gemma3:1b+ablate:constrained-tools :: shell_exec_basic (rep 5/5)
[2m2026-07-12T23:13:31.345834Z[0m [32m INFO[0m [1mturn[0m[1m{[0m[3msession[0m[2m=[0mce3c7cbc-c0e6-48b3-bee2-426b96ce4adf[1m}[0m[2m:[0m [2mbraze_engine::hooks[0m[2m:[0m prompt budget breakdown (PromptBudgetAuditHook) [3msystem_tokens_est[0m[2m=[0m229 [3mtools_tokens_est[0m[2m=[0m850 [3mhistory_tokens_est[0m[2m=[0m18 [3mtotal_tokens_est[0m[2m=[0m1098 [3mmessage_count[0m[2m=[0m1
[2m2026-07-12T23:13:32.523329Z[0m [32m INFO[0m [1mturn[0m[1m{[0m[3msession[0m[2m=[0mce3c7cbc-c0e6-48b3-bee2-426b96ce4adf[1m}[0m[2m:[0m [2mbraze_engine::engine[0m[2m:[0m parsed a prompt-tools envelope final answer
-> ollama:gemma3:1b+ablate:constrained-tools :: no_tool_qa (rep 1/5)
[2m2026-07-12T23:13:32.530541Z[0m [32m INFO[0m [1mturn[0m[1m{[0m[3msession[0m[2m=[0m22cbbfc1-416a-4a70-b1de-8eebf9f61541[1m}[0m[2m:[0m [2mbraze_engine::hooks[0m[2m:[0m prompt budget breakdown (PromptBudgetAuditHook) [3msystem_tokens_est[0m[2m=[0m228 [3mtools_tokens_est[0m[2m=[0m850 [3mhistory_tokens_est[0m[2m=[0m19 [3mtotal_tokens_est[0m[2m=[0m1098 [3mmessage_count[0m[2m=[0m1
[2m2026-07-12T23:13:33.883650Z[0m [32m INFO[0m [1mturn[0m[1m{[0m[3msession[0m[2m=[0m22cbbfc1-416a-4a70-b1de-8eebf9f61541[1m}[0m[2m:[0m [2mbraze_engine::engine[0m[2m:[0m parsed a prompt-tools envelope final answer
-> ollama:gemma3:1b+ablate:constrained-tools :: no_tool_qa (rep 2/5)
[2m2026-07-12T23:13:33.900665Z[0m [32m INFO[0m [1mturn[0m[1m{[0m[3msession[0m[2m=[0m41f742eb-038e-41c4-a4ee-e810c7b64611[1m}[0m[2m:[0m [2mbraze_engine::hooks[0m[2m:[0m prompt budget breakdown (PromptBudgetAuditHook) [3msystem_tokens_est[0m[2m=[0m228 [3mtools_tokens_est[0m[2m=[0m850 [3mhistory_tokens_est[0m[2m=[0m19 [3mtotal_tokens_est[0m[2m=[0m1098 [3mmessage_count[0m[2m=[0m1
[2m2026-07-12T23:13:35.063499Z[0m [32m INFO[0m [1mturn[0m[1m{[0m[3msession[0m[2m=[0m41f742eb-038e-41c4-a4ee-e810c7b64611[1m}[0m[2m:[0m [2mbraze_engine::engine[0m[2m:[0m parsed a prompt-tools envelope final answer
-> ollama:gemma3:1b+ablate:constrained-tools :: no_tool_qa (rep 3/5)
[2m2026-07-12T23:13:35.073068Z[0m [32m INFO[0m [1mturn[0m[1m{[0m[3msession[0m[2m=[0mb9e1af2b-85b7-47ee-8d36-6b18fec262b0[1m}[0m[2m:[0m [2mbraze_engine::hooks[0m[2m:[0m prompt budget breakdown (PromptBudgetAuditHook) [3msystem_tokens_est[0m[2m=[0m228 [3mtools_tokens_est[0m[2m=[0m850 [3mhistory_tokens_est[0m[2m=[0m19 [3mtotal_tokens_est[0m[2m=[0m1098 [3mmessage_count[0m[2m=[0m1
[2m2026-07-12T23:13:36.398068Z[0m [32m INFO[0m [1mturn[0m[1m{[0m[3msession[0m[2m=[0mb9e1af2b-85b7-47ee-8d36-6b18fec262b0[1m}[0m[2m:[0m [2mbraze_engine::engine[0m[2m:[0m parsed a prompt-tools envelope final answer
-> ollama:gemma3:1b+ablate:constrained-tools :: no_tool_qa (rep 4/5)
[2m2026-07-12T23:13:36.406113Z[0m [32m INFO[0m [1mturn[0m[1m{[0m[3msession[0m[2m=[0mb49bafba-b607-4198-9a46-0e0f946819f3[1m}[0m[2m:[0m [2mbraze_engine::hooks[0m[2m:[0m prompt budget breakdown (PromptBudgetAuditHook) [3msystem_tokens_est[0m[2m=[0m228 [3mtools_tokens_est[0m[2m=[0m850 [3mhistory_tokens_est[0m[2m=[0m19 [3mtotal_tokens_est[0m[2m=[0m1098 [3mmessage_count[0m[2m=[0m1
[2m2026-07-12T23:13:37.600017Z[0m [32m INFO[0m [1mturn[0m[1m{[0m[3msession[0m[2m=[0mb49bafba-b607-4198-9a46-0e0f946819f3[1m}[0m[2m:[0m [2mbraze_engine::engine[0m[2m:[0m parsed a prompt-tools envelope final answer
-> ollama:gemma3:1b+ablate:constrained-tools :: no_tool_qa (rep 5/5)
[2m2026-07-12T23:13:37.609004Z[0m [32m INFO[0m [1mturn[0m[1m{[0m[3msession[0m[2m=[0ma3c701af-d9f6-419c-8cf8-44428131862d[1m}[0m[2m:[0m [2mbraze_engine::hooks[0m[2m:[0m prompt budget breakdown (PromptBudgetAuditHook) [3msystem_tokens_est[0m[2m=[0m228 [3mtools_tokens_est[0m[2m=[0m850 [3mhistory_tokens_est[0m[2m=[0m19 [3mtotal_tokens_est[0m[2m=[0m1098 [3mmessage_count[0m[2m=[0m1
[2m2026-07-12T23:13:38.991179Z[0m [32m INFO[0m [1mturn[0m[1m{[0m[3msession[0m[2m=[0ma3c701af-d9f6-419c-8cf8-44428131862d[1m}[0m[2m:[0m [2mbraze_engine::engine[0m[2m:[0m parsed a prompt-tools envelope final answer
-> ollama:gemma3:1b+ablate:constrained-tools :: multi_step_read_count_write (rep 1/5)
[2m2026-07-12T23:13:38.998385Z[0m [32m INFO[0m [1mturn[0m[1m{[0m[3msession[0m[2m=[0m4aad554a-cf3a-4ed0-b528-0a3eff16dba4[1m}[0m[2m:[0m [2mbraze_engine::hooks[0m[2m:[0m prompt budget breakdown (PromptBudgetAuditHook) [3msystem_tokens_est[0m[2m=[0m232 [3mtools_tokens_est[0m[2m=[0m850 [3mhistory_tokens_est[0m[2m=[0m45 [3mtotal_tokens_est[0m[2m=[0m1128 [3mmessage_count[0m[2m=[0m1
[2m2026-07-12T23:13:40.175006Z[0m [32m INFO[0m [1mturn[0m[1m{[0m[3msession[0m[2m=[0m4aad554a-cf3a-4ed0-b528-0a3eff16dba4[1m}[0m[2m:[0m [2mbraze_engine::engine[0m[2m:[0m parsed a prompt-tools envelope final answer
-> ollama:gemma3:1b+ablate:constrained-tools :: multi_step_read_count_write (rep 2/5)
[2m2026-07-12T23:13:40.182856Z[0m [32m INFO[0m [1mturn[0m[1m{[0m[3msession[0m[2m=[0m0ac689c8-0f13-4b5e-8469-f22b1cc720ef[1m}[0m[2m:[0m [2mbraze_engine::hooks[0m[2m:[0m prompt budget breakdown (PromptBudgetAuditHook) [3msystem_tokens_est[0m[2m=[0m232 [3mtools_tokens_est[0m[2m=[0m850 [3mhistory_tokens_est[0m[2m=[0m45 [3mtotal_tokens_est[0m[2m=[0m1128 [3mmessage_count[0m[2m=[0m1
[2m2026-07-12T23:13:41.424015Z[0m [32m INFO[0m [1mturn[0m[1m{[0m[3msession[0m[2m=[0m0ac689c8-0f13-4b5e-8469-f22b1cc720ef[1m}[0m[2m:[0m [2mbraze_engine::engine[0m[2m:[0m parsed a prompt-tools envelope final answer
-> ollama:gemma3:1b+ablate:constrained-tools :: multi_step_read_count_write (rep 3/5)
[2m2026-07-12T23:13:41.431750Z[0m [32m INFO[0m [1mturn[0m[1m{[0m[3msession[0m[2m=[0mee75a08a-6dfc-452b-a3f6-bd2c5d21bde6[1m}[0m[2m:[0m [2mbraze_engine::hooks[0m[2m:[0m prompt budget breakdown (PromptBudgetAuditHook) [3msystem_tokens_est[0m[2m=[0m232 [3mtools_tokens_est[0m[2m=[0m850 [3mhistory_tokens_est[0m[2m=[0m45 [3mtotal_tokens_est[0m[2m=[0m1128 [3mmessage_count[0m[2m=[0m1
[2m2026-07-12T23:13:42.635540Z[0m [32m INFO[0m [1mturn[0m[1m{[0m[3msession[0m[2m=[0mee75a08a-6dfc-452b-a3f6-bd2c5d21bde6[1m}[0m[2m:[0m [2mbraze_engine::engine[0m[2m:[0m parsed a prompt-tools envelope final answer
-> ollama:gemma3:1b+ablate:constrained-tools :: multi_step_read_count_write (rep 4/5)
[2m2026-07-12T23:13:42.647847Z[0m [32m INFO[0m [1mturn[0m[1m{[0m[3msession[0m[2m=[0mdd2998a1-e4c4-4325-9943-bc8b17ebb66d[1m}[0m[2m:[0m [2mbraze_engine::hooks[0m[2m:[0m prompt budget breakdown (PromptBudgetAuditHook) [3msystem_tokens_est[0m[2m=[0m232 [3mtools_tokens_est[0m[2m=[0m850 [3mhistory_tokens_est[0m[2m=[0m45 [3mtotal_tokens_est[0m[2m=[0m1128 [3mmessage_count[0m[2m=[0m1
[2m2026-07-12T23:13:43.909666Z[0m [32m INFO[0m [1mturn[0m[1m{[0m[3msession[0m[2m=[0mdd2998a1-e4c4-4325-9943-bc8b17ebb66d[1m}[0m[2m:[0m [2mbraze_engine::engine[0m[2m:[0m parsed a prompt-tools envelope final answer
-> ollama:gemma3:1b+ablate:constrained-tools :: multi_step_read_count_write (rep 5/5)
[2m2026-07-12T23:13:43.916646Z[0m [32m INFO[0m [1mturn[0m[1m{[0m[3msession[0m[2m=[0mb78b907e-04b3-488c-b909-eca7c72297db[1m}[0m[2m:[0m [2mbraze_engine::hooks[0m[2m:[0m prompt budget breakdown (PromptBudgetAuditHook) [3msystem_tokens_est[0m[2m=[0m232 [3mtools_tokens_est[0m[2m=[0m850 [3mhistory_tokens_est[0m[2m=[0m45 [3mtotal_tokens_est[0m[2m=[0m1128 [3mmessage_count[0m[2m=[0m1
[2m2026-07-12T23:13:45.156881Z[0m [32m INFO[0m [1mturn[0m[1m{[0m[3msession[0m[2m=[0mb78b907e-04b3-488c-b909-eca7c72297db[1m}[0m[2m:[0m [2mbraze_engine::engine[0m[2m:[0m parsed a prompt-tools envelope final answer
-> ollama:gemma3:1b+ablate:constrained-tools :: error_recovery_wrong_filename (rep 1/5)
[2m2026-07-12T23:13:45.167103Z[0m [32m INFO[0m [1mturn[0m[1m{[0m[3msession[0m[2m=[0mef51bdd3-a2ae-49a2-9e99-d981ca325fd6[1m}[0m[2m:[0m [2mbraze_engine::hooks[0m[2m:[0m prompt budget breakdown (PromptBudgetAuditHook) [3msystem_tokens_est[0m[2m=[0m233 [3mtools_tokens_est[0m[2m=[0m850 [3mhistory_tokens_est[0m[2m=[0m34 [3mtotal_tokens_est[0m[2m=[0m1118 [3mmessage_count[0m[2m=[0m1
[2m2026-07-12T23:13:46.652640Z[0m [32m INFO[0m [1mturn[0m[1m{[0m[3msession[0m[2m=[0mef51bdd3-a2ae-49a2-9e99-d981ca325fd6[1m}[0m[2m:[0m [2mbraze_engine::engine[0m[2m:[0m parsed a prompt-tools envelope final answer
-> ollama:gemma3:1b+ablate:constrained-tools :: error_recovery_wrong_filename (rep 2/5)
[2m2026-07-12T23:13:46.658178Z[0m [32m INFO[0m [1mturn[0m[1m{[0m[3msession[0m[2m=[0m0b10b1ba-b9fc-4bc9-bbc7-65760fee7042[1m}[0m[2m:[0m [2mbraze_engine::hooks[0m[2m:[0m prompt budget breakdown (PromptBudgetAuditHook) [3msystem_tokens_est[0m[2m=[0m233 [3mtools_tokens_est[0m[2m=[0m850 [3mhistory_tokens_est[0m[2m=[0m34 [3mtotal_tokens_est[0m[2m=[0m1118 [3mmessage_count[0m[2m=[0m1
[2m2026-07-12T23:13:47.851556Z[0m [32m INFO[0m [1mturn[0m[1m{[0m[3msession[0m[2m=[0m0b10b1ba-b9fc-4bc9-bbc7-65760fee7042[1m}[0m[2m:[0m [2mbraze_engine::engine[0m[2m:[0m parsed a prompt-tools envelope final answer
-> ollama:gemma3:1b+ablate:constrained-tools :: error_recovery_wrong_filename (rep 3/5)
[2m2026-07-12T23:13:47.860598Z[0m [32m INFO[0m [1mturn[0m[1m{[0m[3msession[0m[2m=[0mf791af30-539c-48d2-9076-15a3631ff1c2[1m}[0m[2m:[0m [2mbraze_engine::hooks[0m[2m:[0m prompt budget breakdown (PromptBudgetAuditHook) [3msystem_tokens_est[0m[2m=[0m233 [3mtools_tokens_est[0m[2m=[0m850 [3mhistory_tokens_est[0m[2m=[0m34 [3mtotal_tokens_est[0m[2m=[0m1118 [3mmessage_count[0m[2m=[0m1
[2m2026-07-12T23:13:49.482517Z[0m [32m INFO[0m [1mturn[0m[1m{[0m[3msession[0m[2m=[0mf791af30-539c-48d2-9076-15a3631ff1c2[1m}[0m[2m:[0m [2mbraze_engine::engine[0m[2m:[0m parsed a prompt-tools envelope final answer
-> ollama:gemma3:1b+ablate:constrained-tools :: error_recovery_wrong_filename (rep 4/5)
[2m2026-07-12T23:13:49.489062Z[0m [32m INFO[0m [1mturn[0m[1m{[0m[3msession[0m[2m=[0mbfdf3da2-db08-4f81-ac23-a95db9c5d203[1m}[0m[2m:[0m [2mbraze_engine::hooks[0m[2m:[0m prompt budget breakdown (PromptBudgetAuditHook) [3msystem_tokens_est[0m[2m=[0m233 [3mtools_tokens_est[0m[2m=[0m850 [3mhistory_tokens_est[0m[2m=[0m34 [3mtotal_tokens_est[0m[2m=[0m1118 [3mmessage_count[0m[2m=[0m1
[2m2026-07-12T23:13:50.695689Z[0m [32m INFO[0m [1mturn[0m[1m{[0m[3msession[0m[2m=[0mbfdf3da2-db08-4f81-ac23-a95db9c5d203[1m}[0m[2m:[0m [2mbraze_engine::engine[0m[2m:[0m parsed a prompt-tools envelope final answer
-> ollama:gemma3:1b+ablate:constrained-tools :: error_recovery_wrong_filename (rep 5/5)
[2m2026-07-12T23:13:50.702590Z[0m [32m INFO[0m [1mturn[0m[1m{[0m[3msession[0m[2m=[0m5f241792-15b7-49fc-bc38-dd0802d69e0c[1m}[0m[2m:[0m [2mbraze_engine::hooks[0m[2m:[0m prompt budget breakdown (PromptBudgetAuditHook) [3msystem_tokens_est[0m[2m=[0m233 [3mtools_tokens_est[0m[2m=[0m850 [3mhistory_tokens_est[0m[2m=[0m34 [3mtotal_tokens_est[0m[2m=[0m1118 [3mmessage_count[0m[2m=[0m1
[2m2026-07-12T23:13:51.867849Z[0m [32m INFO[0m [1mturn[0m[1m{[0m[3msession[0m[2m=[0m5f241792-15b7-49fc-bc38-dd0802d69e0c[1m}[0m[2m:[0m [2mbraze_engine::engine[0m[2m:[0m parsed a prompt-tools envelope final answer
-> ollama:gemma3:1b+ablate:constrained-tools :: distractor_selection_among_files (rep 1/5)
[2m2026-07-12T23:13:51.876060Z[0m [32m INFO[0m [1mturn[0m[1m{[0m[3msession[0m[2m=[0m6bb4410a-e191-4009-b2d0-92f51aab308e[1m}[0m[2m:[0m [2mbraze_engine::hooks[0m[2m:[0m prompt budget breakdown (PromptBudgetAuditHook) [3msystem_tokens_est[0m[2m=[0m233 [3mtools_tokens_est[0m[2m=[0m850 [3mhistory_tokens_est[0m[2m=[0m34 [3mtotal_tokens_est[0m[2m=[0m1118 [3mmessage_count[0m[2m=[0m1
[2m2026-07-12T23:13:53.160847Z[0m [32m INFO[0m [1mturn[0m[1m{[0m[3msession[0m[2m=[0m6bb4410a-e191-4009-b2d0-92f51aab308e[1m}[0m[2m:[0m [2mbraze_engine::engine[0m[2m:[0m parsed a prompt-tools envelope final answer
-> ollama:gemma3:1b+ablate:constrained-tools :: distractor_selection_among_files (rep 2/5)
[2m2026-07-12T23:13:53.174543Z[0m [32m INFO[0m [1mturn[0m[1m{[0m[3msession[0m[2m=[0m143b7e5d-6260-4cd8-8c5f-64f3b92dc48d[1m}[0m[2m:[0m [2mbraze_engine::hooks[0m[2m:[0m prompt budget breakdown (PromptBudgetAuditHook) [3msystem_tokens_est[0m[2m=[0m233 [3mtools_tokens_est[0m[2m=[0m850 [3mhistory_tokens_est[0m[2m=[0m34 [3mtotal_tokens_est[0m[2m=[0m1118 [3mmessage_count[0m[2m=[0m1
[2m2026-07-12T23:13:54.423763Z[0m [32m INFO[0m [1mturn[0m[1m{[0m[3msession[0m[2m=[0m143b7e5d-6260-4cd8-8c5f-64f3b92dc48d[1m}[0m[2m:[0m [2mbraze_engine::engine[0m[2m:[0m parsed a prompt-tools envelope final answer
-> ollama:gemma3:1b+ablate:constrained-tools :: distractor_selection_among_files (rep 3/5)
[2m2026-07-12T23:13:54.434474Z[0m [32m INFO[0m [1mturn[0m[1m{[0m[3msession[0m[2m=[0mf0d5a7fa-52fc-45e0-8195-832ba48de5ce[1m}[0m[2m:[0m [2mbraze_engine::hooks[0m[2m:[0m prompt budget breakdown (PromptBudgetAuditHook) [3msystem_tokens_est[0m[2m=[0m233 [3mtools_tokens_est[0m[2m=[0m850 [3mhistory_tokens_est[0m[2m=[0m34 [3mtotal_tokens_est[0m[2m=[0m1118 [3mmessage_count[0m[2m=[0m1
[2m2026-07-12T23:13:55.658230Z[0m [32m INFO[0m [1mturn[0m[1m{[0m[3msession[0m[2m=[0mf0d5a7fa-52fc-45e0-8195-832ba48de5ce[1m}[0m[2m:[0m [2mbraze_engine::engine[0m[2m:[0m parsed a prompt-tools envelope final answer
-> ollama:gemma3:1b+ablate:constrained-tools :: distractor_selection_among_files (rep 4/5)
[2m2026-07-12T23:13:55.665148Z[0m [32m INFO[0m [1mturn[0m[1m{[0m[3msession[0m[2m=[0m4652d620-b01d-42ee-a2dc-3866d2a227d2[1m}[0m[2m:[0m [2mbraze_engine::hooks[0m[2m:[0m prompt budget breakdown (PromptBudgetAuditHook) [3msystem_tokens_est[0m[2m=[0m233 [3mtools_tokens_est[0m[2m=[0m850 [3mhistory_tokens_est[0m[2m=[0m34 [3mtotal_tokens_est[0m[2m=[0m1118 [3mmessage_count[0m[2m=[0m1
[2m2026-07-12T23:13:56.888592Z[0m [32m INFO[0m [1mturn[0m[1m{[0m[3msession[0m[2m=[0m4652d620-b01d-42ee-a2dc-3866d2a227d2[1m}[0m[2m:[0m [2mbraze_engine::engine[0m[2m:[0m parsed a prompt-tools envelope final answer
-> ollama:gemma3:1b+ablate:constrained-tools :: distractor_selection_among_files (rep 5/5)
[2m2026-07-12T23:13:56.905416Z[0m [32m INFO[0m [1mturn[0m[1m{[0m[3msession[0m[2m=[0m6e5c1a72-e81d-42e4-ba55-abd0749b1afb[1m}[0m[2m:[0m [2mbraze_engine::hooks[0m[2m:[0m prompt budget breakdown (PromptBudgetAuditHook) [3msystem_tokens_est[0m[2m=[0m233 [3mtools_tokens_est[0m[2m=[0m850 [3mhistory_tokens_est[0m[2m=[0m34 [3mtotal_tokens_est[0m[2m=[0m1118 [3mmessage_count[0m[2m=[0m1
[2m2026-07-12T23:13:58.151498Z[0m [32m INFO[0m [1mturn[0m[1m{[0m[3msession[0m[2m=[0m6e5c1a72-e81d-42e4-ba55-abd0749b1afb[1m}[0m[2m:[0m [2mbraze_engine::engine[0m[2m:[0m parsed a prompt-tools envelope final answer
-> ollama:gemma3:1b+ablate:constrained-tools :: edit_file_function_body (rep 1/5)
[2m2026-07-12T23:13:58.167734Z[0m [32m INFO[0m [1mturn[0m[1m{[0m[3msession[0m[2m=[0m60e0e081-b8f2-45cc-b2ed-d20f5367a4ba[1m}[0m[2m:[0m [2mbraze_engine::hooks[0m[2m:[0m prompt budget breakdown (PromptBudgetAuditHook) [3msystem_tokens_est[0m[2m=[0m231 [3mtools_tokens_est[0m[2m=[0m850 [3mhistory_tokens_est[0m[2m=[0m28 [3mtotal_tokens_est[0m[2m=[0m1110 [3mmessage_count[0m[2m=[0m1
[2m2026-07-12T23:13:59.403546Z[0m [32m INFO[0m [1mturn[0m[1m{[0m[3msession[0m[2m=[0m60e0e081-b8f2-45cc-b2ed-d20f5367a4ba[1m}[0m[2m:[0m [2mbraze_engine::engine[0m[2m:[0m parsed a prompt-tools envelope final answer
-> ollama:gemma3:1b+ablate:constrained-tools :: edit_file_function_body (rep 2/5)
[2m2026-07-12T23:13:59.411014Z[0m [32m INFO[0m [1mturn[0m[1m{[0m[3msession[0m[2m=[0m28f03a17-35bf-4021-9023-76e9aa9d3057[1m}[0m[2m:[0m [2mbraze_engine::hooks[0m[2m:[0m prompt budget breakdown (PromptBudgetAuditHook) [3msystem_tokens_est[0m[2m=[0m231 [3mtools_tokens_est[0m[2m=[0m850 [3mhistory_tokens_est[0m[2m=[0m28 [3mtotal_tokens_est[0m[2m=[0m1110 [3mmessage_count[0m[2m=[0m1
[2m2026-07-12T23:14:00.583843Z[0m [32m INFO[0m [1mturn[0m[1m{[0m[3msession[0m[2m=[0m28f03a17-35bf-4021-9023-76e9aa9d3057[1m}[0m[2m:[0m [2mbraze_engine::engine[0m[2m:[0m parsed a prompt-tools envelope final answer
-> ollama:gemma3:1b+ablate:constrained-tools :: edit_file_function_body (rep 3/5)
[2m2026-07-12T23:14:00.591045Z[0m [32m INFO[0m [1mturn[0m[1m{[0m[3msession[0m[2m=[0m5fa6a0d7-bae2-4097-bdf3-c613eecd075f[1m}[0m[2m:[0m [2mbraze_engine::hooks[0m[2m:[0m prompt budget breakdown (PromptBudgetAuditHook) [3msystem_tokens_est[0m[2m=[0m231 [3mtools_tokens_est[0m[2m=[0m850 [3mhistory_tokens_est[0m[2m=[0m28 [3mtotal_tokens_est[0m[2m=[0m1110 [3mmessage_count[0m[2m=[0m1
[2m2026-07-12T23:14:01.770287Z[0m [32m INFO[0m [1mturn[0m[1m{[0m[3msession[0m[2m=[0m5fa6a0d7-bae2-4097-bdf3-c613eecd075f[1m}[0m[2m:[0m [2mbraze_engine::engine[0m[2m:[0m parsed a prompt-tools envelope final answer
-> ollama:gemma3:1b+ablate:constrained-tools :: edit_file_function_body (rep 4/5)
[2m2026-07-12T23:14:01.777484Z[0m [32m INFO[0m [1mturn[0m[1m{[0m[3msession[0m[2m=[0mc0b680da-4ccf-417a-b7c3-209965d56cfc[1m}[0m[2m:[0m [2mbraze_engine::hooks[0m[2m:[0m prompt budget breakdown (PromptBudgetAuditHook) [3msystem_tokens_est[0m[2m=[0m231 [3mtools_tokens_est[0m[2m=[0m850 [3mhistory_tokens_est[0m[2m=[0m28 [3mtotal_tokens_est[0m[2m=[0m1110 [3mmessage_count[0m[2m=[0m1
[2m2026-07-12T23:14:03.002431Z[0m [32m INFO[0m [1mturn[0m[1m{[0m[3msession[0m[2m=[0mc0b680da-4ccf-417a-b7c3-209965d56cfc[1m}[0m[2m:[0m [2mbraze_engine::engine[0m[2m:[0m parsed a prompt-tools envelope final answer
-> ollama:gemma3:1b+ablate:constrained-tools :: edit_file_function_body (rep 5/5)
[2m2026-07-12T23:14:03.010793Z[0m [32m INFO[0m [1mturn[0m[1m{[0m[3msession[0m[2m=[0m9e6f4a1f-5d4c-4a4e-bc8d-d7252d1f087a[1m}[0m[2m:[0m [2mbraze_engine::hooks[0m[2m:[0m prompt budget breakdown (PromptBudgetAuditHook) [3msystem_tokens_est[0m[2m=[0m231 [3mtools_tokens_est[0m[2m=[0m850 [3mhistory_tokens_est[0m[2m=[0m28 [3mtotal_tokens_est[0m[2m=[0m1110 [3mmessage_count[0m[2m=[0m1
[2m2026-07-12T23:14:04.237553Z[0m [32m INFO[0m [1mturn[0m[1m{[0m[3msession[0m[2m=[0m9e6f4a1f-5d4c-4a4e-bc8d-d7252d1f087a[1m}[0m[2m:[0m [2mbraze_engine::engine[0m[2m:[0m parsed a prompt-tools envelope final answer
-> ollama:gemma3:1b+ablate:constrained-tools :: no_tool_capital_question (rep 1/5)
[2m2026-07-12T23:14:04.244215Z[0m [32m INFO[0m [1mturn[0m[1m{[0m[3msession[0m[2m=[0mf0f15b39-da08-4add-9cd8-9665cac5602c[1m}[0m[2m:[0m [2mbraze_engine::hooks[0m[2m:[0m prompt budget breakdown (PromptBudgetAuditHook) [3msystem_tokens_est[0m[2m=[0m231 [3mtools_tokens_est[0m[2m=[0m850 [3mhistory_tokens_est[0m[2m=[0m25 [3mtotal_tokens_est[0m[2m=[0m1108 [3mmessage_count[0m[2m=[0m1
[2m2026-07-12T23:14:05.790772Z[0m [32m INFO[0m [1mturn[0m[1m{[0m[3msession[0m[2m=[0mf0f15b39-da08-4add-9cd8-9665cac5602c[1m}[0m[2m:[0m [2mbraze_engine::engine[0m[2m:[0m parsed a prompt-tools envelope final answer
-> ollama:gemma3:1b+ablate:constrained-tools :: no_tool_capital_question (rep 2/5)
[2m2026-07-12T23:14:05.804642Z[0m [32m INFO[0m [1mturn[0m[1m{[0m[3msession[0m[2m=[0mbcd4ce19-be4f-42d5-8b7e-a3cd500fc52c[1m}[0m[2m:[0m [2mbraze_engine::hooks[0m[2m:[0m prompt budget breakdown (PromptBudgetAuditHook) [3msystem_tokens_est[0m[2m=[0m231 [3mtools_tokens_est[0m[2m=[0m850 [3mhistory_tokens_est[0m[2m=[0m25 [3mtotal_tokens_est[0m[2m=[0m1108 [3mmessage_count[0m[2m=[0m1
[2m2026-07-12T23:14:07.230225Z[0m [32m INFO[0m [1mturn[0m[1m{[0m[3msession[0m[2m=[0mbcd4ce19-be4f-42d5-8b7e-a3cd500fc52c[1m}[0m[2m:[0m [2mbraze_engine::engine[0m[2m:[0m parsed a prompt-tools envelope final answer
-> ollama:gemma3:1b+ablate:constrained-tools :: no_tool_capital_question (rep 3/5)
[2m2026-07-12T23:14:07.238369Z[0m [32m INFO[0m [1mturn[0m[1m{[0m[3msession[0m[2m=[0m74d1a81c-f418-4b7d-9135-e425f1a3cfff[1m}[0m[2m:[0m [2mbraze_engine::hooks[0m[2m:[0m prompt budget breakdown (PromptBudgetAuditHook) [3msystem_tokens_est[0m[2m=[0m231 [3mtools_tokens_est[0m[2m=[0m850 [3mhistory_tokens_est[0m[2m=[0m25 [3mtotal_tokens_est[0m[2m=[0m1108 [3mmessage_count[0m[2m=[0m1
[2m2026-07-12T23:14:08.672968Z[0m [32m INFO[0m [1mturn[0m[1m{[0m[3msession[0m[2m=[0m74d1a81c-f418-4b7d-9135-e425f1a3cfff[1m}[0m[2m:[0m [2mbraze_engine::engine[0m[2m:[0m parsed a prompt-tools envelope final answer
-> ollama:gemma3:1b+ablate:constrained-tools :: no_tool_capital_question (rep 4/5)
[2m2026-07-12T23:14:08.682592Z[0m [32m INFO[0m [1mturn[0m[1m{[0m[3msession[0m[2m=[0m8a99127d-3888-464a-8e36-14f0742db9ae[1m}[0m[2m:[0m [2mbraze_engine::hooks[0m[2m:[0m prompt budget breakdown (PromptBudgetAuditHook) [3msystem_tokens_est[0m[2m=[0m231 [3mtools_tokens_est[0m[2m=[0m850 [3mhistory_tokens_est[0m[2m=[0m25 [3mtotal_tokens_est[0m[2m=[0m1108 [3mmessage_count[0m[2m=[0m1
[2m2026-07-12T23:14:10.144188Z[0m [32m INFO[0m [1mturn[0m[1m{[0m[3msession[0m[2m=[0m8a99127d-3888-464a-8e36-14f0742db9ae[1m}[0m[2m:[0m [2mbraze_engine::engine[0m[2m:[0m parsed a prompt-tools envelope final answer
-> ollama:gemma3:1b+ablate:constrained-tools :: no_tool_capital_question (rep 5/5)
[2m2026-07-12T23:14:10.150748Z[0m [32m INFO[0m [1mturn[0m[1m{[0m[3msession[0m[2m=[0m7bbe203e-f23f-42d4-90f0-be32671c14ae[1m}[0m[2m:[0m [2mbraze_engine::hooks[0m[2m:[0m prompt budget breakdown (PromptBudgetAuditHook) [3msystem_tokens_est[0m[2m=[0m231 [3mtools_tokens_est[0m[2m=[0m850 [3mhistory_tokens_est[0m[2m=[0m25 [3mtotal_tokens_est[0m[2m=[0m1108 [3mmessage_count[0m[2m=[0m1
[2m2026-07-12T23:14:11.606452Z[0m [32m INFO[0m [1mturn[0m[1m{[0m[3msession[0m[2m=[0m7bbe203e-f23f-42d4-90f0-be32671c14ae[1m}[0m[2m:[0m [2mbraze_engine::engine[0m[2m:[0m parsed a prompt-tools envelope final answer
-> ollama:gemma3:1b+ablate:constrained-tools :: no_tool_subtraction (rep 1/5)
[2m2026-07-12T23:14:11.614597Z[0m [32m INFO[0m [1mturn[0m[1m{[0m[3msession[0m[2m=[0m2bab7b72-96d0-4cf6-9468-549375ea71d6[1m}[0m[2m:[0m [2mbraze_engine::hooks[0m[2m:[0m prompt budget breakdown (PromptBudgetAuditHook) [3msystem_tokens_est[0m[2m=[0m230 [3mtools_tokens_est[0m[2m=[0m850 [3mhistory_tokens_est[0m[2m=[0m21 [3mtotal_tokens_est[0m[2m=[0m1102 [3mmessage_count[0m[2m=[0m1
[2m2026-07-12T23:14:12.862499Z[0m [32m INFO[0m [1mturn[0m[1m{[0m[3msession[0m[2m=[0m2bab7b72-96d0-4cf6-9468-549375ea71d6[1m}[0m[2m:[0m [2mbraze_engine::engine[0m[2m:[0m parsed a prompt-tools envelope final answer
-> ollama:gemma3:1b+ablate:constrained-tools :: no_tool_subtraction (rep 2/5)
[2m2026-07-12T23:14:12.868520Z[0m [32m INFO[0m [1mturn[0m[1m{[0m[3msession[0m[2m=[0m17a62c5b-1c2f-452b-999c-546298318a58[1m}[0m[2m:[0m [2mbraze_engine::hooks[0m[2m:[0m prompt budget breakdown (PromptBudgetAuditHook) [3msystem_tokens_est[0m[2m=[0m230 [3mtools_tokens_est[0m[2m=[0m850 [3mhistory_tokens_est[0m[2m=[0m21 [3mtotal_tokens_est[0m[2m=[0m1102 [3mmessage_count[0m[2m=[0m1
[2m2026-07-12T23:14:14.095191Z[0m [32m INFO[0m [1mturn[0m[1m{[0m[3msession[0m[2m=[0m17a62c5b-1c2f-452b-999c-546298318a58[1m}[0m[2m:[0m [2mbraze_engine::engine[0m[2m:[0m parsed a prompt-tools envelope final answer
-> ollama:gemma3:1b+ablate:constrained-tools :: no_tool_subtraction (rep 3/5)
[2m2026-07-12T23:14:14.102856Z[0m [32m INFO[0m [1mturn[0m[1m{[0m[3msession[0m[2m=[0mfc442455-e3ca-4f13-8538-3355d8ac5429[1m}[0m[2m:[0m [2mbraze_engine::hooks[0m[2m:[0m prompt budget breakdown (PromptBudgetAuditHook) [3msystem_tokens_est[0m[2m=[0m230 [3mtools_tokens_est[0m[2m=[0m850 [3mhistory_tokens_est[0m[2m=[0m21 [3mtotal_tokens_est[0m[2m=[0m1102 [3mmessage_count[0m[2m=[0m1
[2m2026-07-12T23:14:15.359246Z[0m [32m INFO[0m [1mturn[0m[1m{[0m[3msession[0m[2m=[0mfc442455-e3ca-4f13-8538-3355d8ac5429[1m}[0m[2m:[0m [2mbraze_engine::engine[0m[2m:[0m parsed a prompt-tools envelope final answer
-> ollama:gemma3:1b+ablate:constrained-tools :: no_tool_subtraction (rep 4/5)
[2m2026-07-12T23:14:15.366907Z[0m [32m INFO[0m [1mturn[0m[1m{[0m[3msession[0m[2m=[0m2aefa040-2119-4b7e-99b9-07aa88ba6c69[1m}[0m[2m:[0m [2mbraze_engine::hooks[0m[2m:[0m prompt budget breakdown (PromptBudgetAuditHook) [3msystem_tokens_est[0m[2m=[0m230 [3mtools_tokens_est[0m[2m=[0m850 [3mhistory_tokens_est[0m[2m=[0m21 [3mtotal_tokens_est[0m[2m=[0m1102 [3mmessage_count[0m[2m=[0m1
[2m2026-07-12T23:14:16.648363Z[0m [32m INFO[0m [1mturn[0m[1m{[0m[3msession[0m[2m=[0m2aefa040-2119-4b7e-99b9-07aa88ba6c69[1m}[0m[2m:[0m [2mbraze_engine::engine[0m[2m:[0m parsed a prompt-tools envelope final answer
-> ollama:gemma3:1b+ablate:constrained-tools :: no_tool_subtraction (rep 5/5)
[2m2026-07-12T23:14:16.658888Z[0m [32m INFO[0m [1mturn[0m[1m{[0m[3msession[0m[2m=[0m04a1c7a1-4ec3-4884-9b03-9194ba8df00d[1m}[0m[2m:[0m [2mbraze_engine::hooks[0m[2m:[0m prompt budget breakdown (PromptBudgetAuditHook) [3msystem_tokens_est[0m[2m=[0m230 [3mtools_tokens_est[0m[2m=[0m850 [3mhistory_tokens_est[0m[2m=[0m21 [3mtotal_tokens_est[0m[2m=[0m1102 [3mmessage_count[0m[2m=[0m1
[2m2026-07-12T23:14:17.923243Z[0m [32m INFO[0m [1mturn[0m[1m{[0m[3msession[0m[2m=[0m04a1c7a1-4ec3-4884-9b03-9194ba8df00d[1m}[0m[2m:[0m [2mbraze_engine::engine[0m[2m:[0m parsed a prompt-tools envelope final answer
-> ollama:gemma3:1b+ablate:constrained-tools :: multi_step_sum_two_files (rep 1/5)
[2m2026-07-12T23:14:17.932296Z[0m [32m INFO[0m [1mturn[0m[1m{[0m[3msession[0m[2m=[0m608e8adc-5344-4c8f-bfe7-692d31f5d843[1m}[0m[2m:[0m [2mbraze_engine::hooks[0m[2m:[0m prompt budget breakdown (PromptBudgetAuditHook) [3msystem_tokens_est[0m[2m=[0m231 [3mtools_tokens_est[0m[2m=[0m850 [3mhistory_tokens_est[0m[2m=[0m49 [3mtotal_tokens_est[0m[2m=[0m1132 [3mmessage_count[0m[2m=[0m1
[2m2026-07-12T23:14:19.122974Z[0m [32m INFO[0m [1mturn[0m[1m{[0m[3msession[0m[2m=[0m608e8adc-5344-4c8f-bfe7-692d31f5d843[1m}[0m[2m:[0m [2mbraze_engine::engine[0m[2m:[0m parsed a prompt-tools envelope final answer
-> ollama:gemma3:1b+ablate:constrained-tools :: multi_step_sum_two_files (rep 2/5)
[2m2026-07-12T23:14:19.134316Z[0m [32m INFO[0m [1mturn[0m[1m{[0m[3msession[0m[2m=[0m22ea96cd-58e3-4457-88eb-2ce3e12ecf44[1m}[0m[2m:[0m [2mbraze_engine::hooks[0m[2m:[0m prompt budget breakdown (PromptBudgetAuditHook) [3msystem_tokens_est[0m[2m=[0m231 [3mtools_tokens_est[0m[2m=[0m850 [3mhistory_tokens_est[0m[2m=[0m49 [3mtotal_tokens_est[0m[2m=[0m1132 [3mmessage_count[0m[2m=[0m1
[2m2026-07-12T23:14:20.335318Z[0m [32m INFO[0m [1mturn[0m[1m{[0m[3msession[0m[2m=[0m22ea96cd-58e3-4457-88eb-2ce3e12ecf44[1m}[0m[2m:[0m [2mbraze_engine::engine[0m[2m:[0m parsed a prompt-tools envelope final answer
-> ollama:gemma3:1b+ablate:constrained-tools :: multi_step_sum_two_files (rep 3/5)
[2m2026-07-12T23:14:20.343101Z[0m [32m INFO[0m [1mturn[0m[1m{[0m[3msession[0m[2m=[0m99609e3c-9320-447f-bf26-90c608d78575[1m}[0m[2m:[0m [2mbraze_engine::hooks[0m[2m:[0m prompt budget breakdown (PromptBudgetAuditHook) [3msystem_tokens_est[0m[2m=[0m231 [3mtools_tokens_est[0m[2m=[0m850 [3mhistory_tokens_est[0m[2m=[0m49 [3mtotal_tokens_est[0m[2m=[0m1132 [3mmessage_count[0m[2m=[0m1
[2m2026-07-12T23:14:21.545320Z[0m [32m INFO[0m [1mturn[0m[1m{[0m[3msession[0m[2m=[0m99609e3c-9320-447f-bf26-90c608d78575[1m}[0m[2m:[0m [2mbraze_engine::engine[0m[2m:[0m parsed a prompt-tools envelope final answer
-> ollama:gemma3:1b+ablate:constrained-tools :: multi_step_sum_two_files (rep 4/5)
[2m2026-07-12T23:14:21.558784Z[0m [32m INFO[0m [1mturn[0m[1m{[0m[3msession[0m[2m=[0m0401f709-34f9-4f54-8f5a-c42c531350b5[1m}[0m[2m:[0m [2mbraze_engine::hooks[0m[2m:[0m prompt budget breakdown (PromptBudgetAuditHook) [3msystem_tokens_est[0m[2m=[0m231 [3mtools_tokens_est[0m[2m=[0m850 [3mhistory_tokens_est[0m[2m=[0m49 [3mtotal_tokens_est[0m[2m=[0m1132 [3mmessage_count[0m[2m=[0m1
[2m2026-07-12T23:14:22.759235Z[0m [32m INFO[0m [1mturn[0m[1m{[0m[3msession[0m[2m=[0m0401f709-34f9-4f54-8f5a-c42c531350b5[1m}[0m[2m:[0m [2mbraze_engine::engine[0m[2m:[0m parsed a prompt-tools envelope final answer
-> ollama:gemma3:1b+ablate:constrained-tools :: multi_step_sum_two_files (rep 5/5)
[2m2026-07-12T23:14:22.769223Z[0m [32m INFO[0m [1mturn[0m[1m{[0m[3msession[0m[2m=[0mcc9bffb6-940a-4ffb-b653-31bf4a038909[1m}[0m[2m:[0m [2mbraze_engine::hooks[0m[2m:[0m prompt budget breakdown (PromptBudgetAuditHook) [3msystem_tokens_est[0m[2m=[0m231 [3mtools_tokens_est[0m[2m=[0m850 [3mhistory_tokens_est[0m[2m=[0m49 [3mtotal_tokens_est[0m[2m=[0m1132 [3mmessage_count[0m[2m=[0m1
[2m2026-07-12T23:14:23.978643Z[0m [32m INFO[0m [1mturn[0m[1m{[0m[3msession[0m[2m=[0mcc9bffb6-940a-4ffb-b653-31bf4a038909[1m}[0m[2m:[0m [2mbraze_engine::engine[0m[2m:[0m parsed a prompt-tools envelope final answer
-> ollama:gemma3:1b+ablate:constrained-tools :: multi_step_multiply_and_write (rep 1/5)
[2m2026-07-12T23:14:23.986764Z[0m [32m INFO[0m [1mturn[0m[1m{[0m[3msession[0m[2m=[0mc84a2159-efe1-4609-90f6-1c6b06ebbf10[1m}[0m[2m:[0m [2mbraze_engine::hooks[0m[2m:[0m prompt budget breakdown (PromptBudgetAuditHook) [3msystem_tokens_est[0m[2m=[0m233 [3mtools_tokens_est[0m[2m=[0m850 [3mhistory_tokens_est[0m[2m=[0m53 [3mtotal_tokens_est[0m[2m=[0m1136 [3mmessage_count[0m[2m=[0m1
[2m2026-07-12T23:14:25.176260Z[0m [32m INFO[0m [1mturn[0m[1m{[0m[3msession[0m[2m=[0mc84a2159-efe1-4609-90f6-1c6b06ebbf10[1m}[0m[2m:[0m [2mbraze_engine::engine[0m[2m:[0m parsed a prompt-tools envelope final answer
-> ollama:gemma3:1b+ablate:constrained-tools :: multi_step_multiply_and_write (rep 2/5)
[2m2026-07-12T23:14:25.180729Z[0m [32m INFO[0m [1mturn[0m[1m{[0m[3msession[0m[2m=[0mace9b57a-8e86-4ae6-bd47-9aaf4a3895d0[1m}[0m[2m:[0m [2mbraze_engine::hooks[0m[2m:[0m prompt budget breakdown (PromptBudgetAuditHook) [3msystem_tokens_est[0m[2m=[0m233 [3mtools_tokens_est[0m[2m=[0m850 [3mhistory_tokens_est[0m[2m=[0m53 [3mtotal_tokens_est[0m[2m=[0m1136 [3mmessage_count[0m[2m=[0m1
[2m2026-07-12T23:14:26.385395Z[0m [32m INFO[0m [1mturn[0m[1m{[0m[3msession[0m[2m=[0mace9b57a-8e86-4ae6-bd47-9aaf4a3895d0[1m}[0m[2m:[0m [2mbraze_engine::engine[0m[2m:[0m parsed a prompt-tools envelope final answer
-> ollama:gemma3:1b+ablate:constrained-tools :: multi_step_multiply_and_write (rep 3/5)
[2m2026-07-12T23:14:26.394318Z[0m [32m INFO[0m [1mturn[0m[1m{[0m[3msession[0m[2m=[0maa477cf0-7aaa-422c-bc5e-f153d90ee435[1m}[0m[2m:[0m [2mbraze_engine::hooks[0m[2m:[0m prompt budget breakdown (PromptBudgetAuditHook) [3msystem_tokens_est[0m[2m=[0m233 [3mtools_tokens_est[0m[2m=[0m850 [3mhistory_tokens_est[0m[2m=[0m53 [3mtotal_tokens_est[0m[2m=[0m1136 [3mmessage_count[0m[2m=[0m1
[2m2026-07-12T23:14:27.562649Z[0m [32m INFO[0m [1mturn[0m[1m{[0m[3msession[0m[2m=[0maa477cf0-7aaa-422c-bc5e-f153d90ee435[1m}[0m[2m:[0m [2mbraze_engine::engine[0m[2m:[0m parsed a prompt-tools envelope final answer
-> ollama:gemma3:1b+ablate:constrained-tools :: multi_step_multiply_and_write (rep 4/5)
[2m2026-07-12T23:14:27.567929Z[0m [32m INFO[0m [1mturn[0m[1m{[0m[3msession[0m[2m=[0mc0870d6d-8c1c-41ba-994b-2a9f2645ef18[1m}[0m[2m:[0m [2mbraze_engine::hooks[0m[2m:[0m prompt budget breakdown (PromptBudgetAuditHook) [3msystem_tokens_est[0m[2m=[0m233 [3mtools_tokens_est[0m[2m=[0m850 [3mhistory_tokens_est[0m[2m=[0m53 [3mtotal_tokens_est[0m[2m=[0m1136 [3mmessage_count[0m[2m=[0m1
[2m2026-07-12T23:14:28.764627Z[0m [32m INFO[0m [1mturn[0m[1m{[0m[3msession[0m[2m=[0mc0870d6d-8c1c-41ba-994b-2a9f2645ef18[1m}[0m[2m:[0m [2mbraze_engine::engine[0m[2m:[0m parsed a prompt-tools envelope final answer
-> ollama:gemma3:1b+ablate:constrained-tools :: multi_step_multiply_and_write (rep 5/5)
[2m2026-07-12T23:14:28.778025Z[0m [32m INFO[0m [1mturn[0m[1m{[0m[3msession[0m[2m=[0m7f55c0c5-1dd7-4057-b1a4-548c1a054631[1m}[0m[2m:[0m [2mbraze_engine::hooks[0m[2m:[0m prompt budget breakdown (PromptBudgetAuditHook) [3msystem_tokens_est[0m[2m=[0m233 [3mtools_tokens_est[0m[2m=[0m850 [3mhistory_tokens_est[0m[2m=[0m53 [3mtotal_tokens_est[0m[2m=[0m1136 [3mmessage_count[0m[2m=[0m1
[2m2026-07-12T23:14:29.964751Z[0m [32m INFO[0m [1mturn[0m[1m{[0m[3msession[0m[2m=[0m7f55c0c5-1dd7-4057-b1a4-548c1a054631[1m}[0m[2m:[0m [2mbraze_engine::engine[0m[2m:[0m parsed a prompt-tools envelope final answer
-> ollama:gemma3:1b+ablate:constrained-tools :: error_recovery_wrong_config_extension (rep 1/5)
[2m2026-07-12T23:14:29.973939Z[0m [32m INFO[0m [1mturn[0m[1m{[0m[3msession[0m[2m=[0md78332b8-d0f0-442e-bccd-381a603e2481[1m}[0m[2m:[0m [2mbraze_engine::hooks[0m[2m:[0m prompt budget breakdown (PromptBudgetAuditHook) [3msystem_tokens_est[0m[2m=[0m235 [3mtools_tokens_est[0m[2m=[0m850 [3mhistory_tokens_est[0m[2m=[0m39 [3mtotal_tokens_est[0m[2m=[0m1125 [3mmessage_count[0m[2m=[0m1
[2m2026-07-12T23:14:31.274671Z[0m [32m INFO[0m [1mturn[0m[1m{[0m[3msession[0m[2m=[0md78332b8-d0f0-442e-bccd-381a603e2481[1m}[0m[2m:[0m [2mbraze_engine::engine[0m[2m:[0m parsed a prompt-tools envelope final answer
-> ollama:gemma3:1b+ablate:constrained-tools :: error_recovery_wrong_config_extension (rep 2/5)
[2m2026-07-12T23:14:31.282779Z[0m [32m INFO[0m [1mturn[0m[1m{[0m[3msession[0m[2m=[0mc30d7dc5-3bfc-441f-a9dd-20f4908e8bc6[1m}[0m[2m:[0m [2mbraze_engine::hooks[0m[2m:[0m prompt budget breakdown (PromptBudgetAuditHook) [3msystem_tokens_est[0m[2m=[0m235 [3mtools_tokens_est[0m[2m=[0m850 [3mhistory_tokens_est[0m[2m=[0m39 [3mtotal_tokens_est[0m[2m=[0m1125 [3mmessage_count[0m[2m=[0m1
[2m2026-07-12T23:14:32.621118Z[0m [32m INFO[0m [1mturn[0m[1m{[0m[3msession[0m[2m=[0mc30d7dc5-3bfc-441f-a9dd-20f4908e8bc6[1m}[0m[2m:[0m [2mbraze_engine::engine[0m[2m:[0m parsed a prompt-tools envelope final answer
-> ollama:gemma3:1b+ablate:constrained-tools :: error_recovery_wrong_config_extension (rep 3/5)
[2m2026-07-12T23:14:32.629058Z[0m [32m INFO[0m [1mturn[0m[1m{[0m[3msession[0m[2m=[0mf0716def-2a76-4c4e-bc44-994276659983[1m}[0m[2m:[0m [2mbraze_engine::hooks[0m[2m:[0m prompt budget breakdown (PromptBudgetAuditHook) [3msystem_tokens_est[0m[2m=[0m235 [3mtools_tokens_est[0m[2m=[0m850 [3mhistory_tokens_est[0m[2m=[0m39 [3mtotal_tokens_est[0m[2m=[0m1125 [3mmessage_count[0m[2m=[0m1
[2m2026-07-12T23:14:33.993980Z[0m [32m INFO[0m [1mturn[0m[1m{[0m[3msession[0m[2m=[0mf0716def-2a76-4c4e-bc44-994276659983[1m}[0m[2m:[0m [2mbraze_engine::engine[0m[2m:[0m parsed a prompt-tools envelope final answer
-> ollama:gemma3:1b+ablate:constrained-tools :: error_recovery_wrong_config_extension (rep 4/5)
[2m2026-07-12T23:14:34.005085Z[0m [32m INFO[0m [1mturn[0m[1m{[0m[3msession[0m[2m=[0m6a94129c-2505-431a-a1c1-a35830dbfba6[1m}[0m[2m:[0m [2mbraze_engine::hooks[0m[2m:[0m prompt budget breakdown (PromptBudgetAuditHook) [3msystem_tokens_est[0m[2m=[0m235 [3mtools_tokens_est[0m[2m=[0m850 [3mhistory_tokens_est[0m[2m=[0m39 [3mtotal_tokens_est[0m[2m=[0m1125 [3mmessage_count[0m[2m=[0m1
[2m2026-07-12T23:14:35.341896Z[0m [32m INFO[0m [1mturn[0m[1m{[0m[3msession[0m[2m=[0m6a94129c-2505-431a-a1c1-a35830dbfba6[1m}[0m[2m:[0m [2mbraze_engine::engine[0m[2m:[0m parsed a prompt-tools envelope final answer
-> ollama:gemma3:1b+ablate:constrained-tools :: error_recovery_wrong_config_extension (rep 5/5)
[2m2026-07-12T23:14:35.354287Z[0m [32m INFO[0m [1mturn[0m[1m{[0m[3msession[0m[2m=[0m65eac345-c61d-41ea-89c4-4105f2724de3[1m}[0m[2m:[0m [2mbraze_engine::hooks[0m[2m:[0m prompt budget breakdown (PromptBudgetAuditHook) [3msystem_tokens_est[0m[2m=[0m235 [3mtools_tokens_est[0m[2m=[0m850 [3mhistory_tokens_est[0m[2m=[0m39 [3mtotal_tokens_est[0m[2m=[0m1125 [3mmessage_count[0m[2m=[0m1
[2m2026-07-12T23:14:36.722369Z[0m [32m INFO[0m [1mturn[0m[1m{[0m[3msession[0m[2m=[0m65eac345-c61d-41ea-89c4-4105f2724de3[1m}[0m[2m:[0m [2mbraze_engine::engine[0m[2m:[0m parsed a prompt-tools envelope final answer
-> ollama:gemma3:1b+ablate:constrained-tools :: error_recovery_edit_wrong_filename (rep 1/5)
[2m2026-07-12T23:14:36.732019Z[0m [32m INFO[0m [1mturn[0m[1m{[0m[3msession[0m[2m=[0m5cb7d810-0321-4098-abb3-fa539c5a0697[1m}[0m[2m:[0m [2mbraze_engine::hooks[0m[2m:[0m prompt budget breakdown (PromptBudgetAuditHook) [3msystem_tokens_est[0m[2m=[0m234 [3mtools_tokens_est[0m[2m=[0m850 [3mhistory_tokens_est[0m[2m=[0m40 [3mtotal_tokens_est[0m[2m=[0m1125 [3mmessage_count[0m[2m=[0m1
[2m2026-07-12T23:14:38.283055Z[0m [32m INFO[0m [1mturn[0m[1m{[0m[3msession[0m[2m=[0m5cb7d810-0321-4098-abb3-fa539c5a0697[1m}[0m[2m:[0m [2mbraze_engine::engine[0m[2m:[0m parsed a prompt-tools envelope final answer
-> ollama:gemma3:1b+ablate:constrained-tools :: error_recovery_edit_wrong_filename (rep 2/5)
[2m2026-07-12T23:14:38.290093Z[0m [32m INFO[0m [1mturn[0m[1m{[0m[3msession[0m[2m=[0me3df31b1-f3a4-4a09-8682-3994bf4ac90a[1m}[0m[2m:[0m [2mbraze_engine::hooks[0m[2m:[0m prompt budget breakdown (PromptBudgetAuditHook) [3msystem_tokens_est[0m[2m=[0m234 [3mtools_tokens_est[0m[2m=[0m850 [3mhistory_tokens_est[0m[2m=[0m40 [3mtotal_tokens_est[0m[2m=[0m1125 [3mmessage_count[0m[2m=[0m1
[2m2026-07-12T23:14:39.883449Z[0m [32m INFO[0m [1mturn[0m[1m{[0m[3msession[0m[2m=[0me3df31b1-f3a4-4a09-8682-3994bf4ac90a[1m}[0m[2m:[0m [2mbraze_engine::engine[0m[2m:[0m parsed a prompt-tools envelope final answer
-> ollama:gemma3:1b+ablate:constrained-tools :: error_recovery_edit_wrong_filename (rep 3/5)
[2m2026-07-12T23:14:39.890087Z[0m [32m INFO[0m [1mturn[0m[1m{[0m[3msession[0m[2m=[0mcd1158e1-ce01-433a-bc2e-ae4f96f050b0[1m}[0m[2m:[0m [2mbraze_engine::hooks[0m[2m:[0m prompt budget breakdown (PromptBudgetAuditHook) [3msystem_tokens_est[0m[2m=[0m234 [3mtools_tokens_est[0m[2m=[0m850 [3mhistory_tokens_est[0m[2m=[0m40 [3mtotal_tokens_est[0m[2m=[0m1125 [3mmessage_count[0m[2m=[0m1
[2m2026-07-12T23:14:41.386614Z[0m [32m INFO[0m [1mturn[0m[1m{[0m[3msession[0m[2m=[0mcd1158e1-ce01-433a-bc2e-ae4f96f050b0[1m}[0m[2m:[0m [2mbraze_engine::engine[0m[2m:[0m parsed a prompt-tools envelope final answer
-> ollama:gemma3:1b+ablate:constrained-tools :: error_recovery_edit_wrong_filename (rep 4/5)
[2m2026-07-12T23:14:41.393424Z[0m [32m INFO[0m [1mturn[0m[1m{[0m[3msession[0m[2m=[0m4af4bcd3-51c4-4da4-a11f-5ba531ad7a5a[1m}[0m[2m:[0m [2mbraze_engine::hooks[0m[2m:[0m prompt budget breakdown (PromptBudgetAuditHook) [3msystem_tokens_est[0m[2m=[0m234 [3mtools_tokens_est[0m[2m=[0m850 [3mhistory_tokens_est[0m[2m=[0m40 [3mtotal_tokens_est[0m[2m=[0m1125 [3mmessage_count[0m[2m=[0m1
[2m2026-07-12T23:14:42.988672Z[0m [32m INFO[0m [1mturn[0m[1m{[0m[3msession[0m[2m=[0m4af4bcd3-51c4-4da4-a11f-5ba531ad7a5a[1m}[0m[2m:[0m [2mbraze_engine::engine[0m[2m:[0m parsed a prompt-tools envelope final answer
-> ollama:gemma3:1b+ablate:constrained-tools :: error_recovery_edit_wrong_filename (rep 5/5)
[2m2026-07-12T23:14:42.994993Z[0m [32m INFO[0m [1mturn[0m[1m{[0m[3msession[0m[2m=[0mb3061b3c-6a54-4bbd-b632-8d6349a34c8d[1m}[0m[2m:[0m [2mbraze_engine::hooks[0m[2m:[0m prompt budget breakdown (PromptBudgetAuditHook) [3msystem_tokens_est[0m[2m=[0m234 [3mtools_tokens_est[0m[2m=[0m850 [3mhistory_tokens_est[0m[2m=[0m40 [3mtotal_tokens_est[0m[2m=[0m1125 [3mmessage_count[0m[2m=[0m1
[2m2026-07-12T23:14:44.507442Z[0m [32m INFO[0m [1mturn[0m[1m{[0m[3msession[0m[2m=[0mb3061b3c-6a54-4bbd-b632-8d6349a34c8d[1m}[0m[2m:[0m [2mbraze_engine::engine[0m[2m:[0m parsed a prompt-tools envelope final answer
-> ollama:gemma3:1b+ablate:constrained-tools :: distractor_selection_log_with_error (rep 1/5)
[2m2026-07-12T23:14:44.513363Z[0m [32m INFO[0m [1mturn[0m[1m{[0m[3msession[0m[2m=[0mc42247c3-2442-492b-a601-fa338a4da8c5[1m}[0m[2m:[0m [2mbraze_engine::hooks[0m[2m:[0m prompt budget breakdown (PromptBudgetAuditHook) [3msystem_tokens_est[0m[2m=[0m234 [3mtools_tokens_est[0m[2m=[0m850 [3mhistory_tokens_est[0m[2m=[0m32 [3mtotal_tokens_est[0m[2m=[0m1118 [3mmessage_count[0m[2m=[0m1
[2m2026-07-12T23:14:45.733042Z[0m [32m INFO[0m [1mturn[0m[1m{[0m[3msession[0m[2m=[0mc42247c3-2442-492b-a601-fa338a4da8c5[1m}[0m[2m:[0m [2mbraze_engine::engine[0m[2m:[0m parsed a prompt-tools envelope final answer
-> ollama:gemma3:1b+ablate:constrained-tools :: distractor_selection_log_with_error (rep 2/5)
[2m2026-07-12T23:14:45.743473Z[0m [32m INFO[0m [1mturn[0m[1m{[0m[3msession[0m[2m=[0m7cd16d18-ab1b-447e-b4c7-9c788f42146e[1m}[0m[2m:[0m [2mbraze_engine::hooks[0m[2m:[0m prompt budget breakdown (PromptBudgetAuditHook) [3msystem_tokens_est[0m[2m=[0m234 [3mtools_tokens_est[0m[2m=[0m850 [3mhistory_tokens_est[0m[2m=[0m32 [3mtotal_tokens_est[0m[2m=[0m1118 [3mmessage_count[0m[2m=[0m1
[2m2026-07-12T23:14:46.974519Z[0m [32m INFO[0m [1mturn[0m[1m{[0m[3msession[0m[2m=[0m7cd16d18-ab1b-447e-b4c7-9c788f42146e[1m}[0m[2m:[0m [2mbraze_engine::engine[0m[2m:[0m parsed a prompt-tools envelope final answer
-> ollama:gemma3:1b+ablate:constrained-tools :: distractor_selection_log_with_error (rep 3/5)
[2m2026-07-12T23:14:46.988419Z[0m [32m INFO[0m [1mturn[0m[1m{[0m[3msession[0m[2m=[0mff63e35a-1199-47fe-8160-d40699420396[1m}[0m[2m:[0m [2mbraze_engine::hooks[0m[2m:[0m prompt budget breakdown (PromptBudgetAuditHook) [3msystem_tokens_est[0m[2m=[0m234 [3mtools_tokens_est[0m[2m=[0m850 [3mhistory_tokens_est[0m[2m=[0m32 [3mtotal_tokens_est[0m[2m=[0m1118 [3mmessage_count[0m[2m=[0m1
[2m2026-07-12T23:14:48.236302Z[0m [32m INFO[0m [1mturn[0m[1m{[0m[3msession[0m[2m=[0mff63e35a-1199-47fe-8160-d40699420396[1m}[0m[2m:[0m [2mbraze_engine::engine[0m[2m:[0m parsed a prompt-tools envelope final answer
-> ollama:gemma3:1b+ablate:constrained-tools :: distractor_selection_log_with_error (rep 4/5)
[2m2026-07-12T23:14:48.244784Z[0m [32m INFO[0m [1mturn[0m[1m{[0m[3msession[0m[2m=[0m52e2fd4f-6f00-4f1d-a619-ee745490440a[1m}[0m[2m:[0m [2mbraze_engine::hooks[0m[2m:[0m prompt budget breakdown (PromptBudgetAuditHook) [3msystem_tokens_est[0m[2m=[0m234 [3mtools_tokens_est[0m[2m=[0m850 [3mhistory_tokens_est[0m[2m=[0m32 [3mtotal_tokens_est[0m[2m=[0m1118 [3mmessage_count[0m[2m=[0m1
[2m2026-07-12T23:14:49.429193Z[0m [32m INFO[0m [1mturn[0m[1m{[0m[3msession[0m[2m=[0m52e2fd4f-6f00-4f1d-a619-ee745490440a[1m}[0m[2m:[0m [2mbraze_engine::engine[0m[2m:[0m parsed a prompt-tools envelope final answer
-> ollama:gemma3:1b+ablate:constrained-tools :: distractor_selection_log_with_error (rep 5/5)
[2m2026-07-12T23:14:49.437536Z[0m [32m INFO[0m [1mturn[0m[1m{[0m[3msession[0m[2m=[0mb95e27f8-7cdb-41f8-83d5-eef4b3c092e2[1m}[0m[2m:[0m [2mbraze_engine::hooks[0m[2m:[0m prompt budget breakdown (PromptBudgetAuditHook) [3msystem_tokens_est[0m[2m=[0m234 [3mtools_tokens_est[0m[2m=[0m850 [3mhistory_tokens_est[0m[2m=[0m32 [3mtotal_tokens_est[0m[2m=[0m1118 [3mmessage_count[0m[2m=[0m1
[2m2026-07-12T23:14:50.634332Z[0m [32m INFO[0m [1mturn[0m[1m{[0m[3msession[0m[2m=[0mb95e27f8-7cdb-41f8-83d5-eef4b3c092e2[1m}[0m[2m:[0m [2mbraze_engine::engine[0m[2m:[0m parsed a prompt-tools envelope final answer
-> ollama:gemma3:1b+ablate:constrained-tools :: distractor_selection_debug_config (rep 1/5)
[2m2026-07-12T23:14:50.643590Z[0m [32m INFO[0m [1mturn[0m[1m{[0m[3msession[0m[2m=[0m25e4fbd6-20e5-49a1-a6d8-18ef530ec268[1m}[0m[2m:[0m [2mbraze_engine::hooks[0m[2m:[0m prompt budget breakdown (PromptBudgetAuditHook) [3msystem_tokens_est[0m[2m=[0m234 [3mtools_tokens_est[0m[2m=[0m850 [3mhistory_tokens_est[0m[2m=[0m28 [3mtotal_tokens_est[0m[2m=[0m1113 [3mmessage_count[0m[2m=[0m1
[2m2026-07-12T23:14:52.112441Z[0m [32m INFO[0m [1mturn[0m[1m{[0m[3msession[0m[2m=[0m25e4fbd6-20e5-49a1-a6d8-18ef530ec268[1m}[0m[2m:[0m [2mbraze_engine::engine[0m[2m:[0m parsed a prompt-tools envelope final answer
-> ollama:gemma3:1b+ablate:constrained-tools :: distractor_selection_debug_config (rep 2/5)
[2m2026-07-12T23:14:52.125718Z[0m [32m INFO[0m [1mturn[0m[1m{[0m[3msession[0m[2m=[0m3e89f05c-b6d9-431c-a143-dbd7ea08ae03[1m}[0m[2m:[0m [2mbraze_engine::hooks[0m[2m:[0m prompt budget breakdown (PromptBudgetAuditHook) [3msystem_tokens_est[0m[2m=[0m234 [3mtools_tokens_est[0m[2m=[0m850 [3mhistory_tokens_est[0m[2m=[0m28 [3mtotal_tokens_est[0m[2m=[0m1113 [3mmessage_count[0m[2m=[0m1
[2m2026-07-12T23:14:53.574882Z[0m [32m INFO[0m [1mturn[0m[1m{[0m[3msession[0m[2m=[0m3e89f05c-b6d9-431c-a143-dbd7ea08ae03[1m}[0m[2m:[0m [2mbraze_engine::engine[0m[2m:[0m parsed a prompt-tools envelope final answer
-> ollama:gemma3:1b+ablate:constrained-tools :: distractor_selection_debug_config (rep 3/5)
[2m2026-07-12T23:14:53.585143Z[0m [32m INFO[0m [1mturn[0m[1m{[0m[3msession[0m[2m=[0mf6eb1814-c7da-451c-895a-96782d25f2f1[1m}[0m[2m:[0m [2mbraze_engine::hooks[0m[2m:[0m prompt budget breakdown (PromptBudgetAuditHook) [3msystem_tokens_est[0m[2m=[0m234 [3mtools_tokens_est[0m[2m=[0m850 [3mhistory_tokens_est[0m[2m=[0m28 [3mtotal_tokens_est[0m[2m=[0m1113 [3mmessage_count[0m[2m=[0m1
[2m2026-07-12T23:14:55.126262Z[0m [32m INFO[0m [1mturn[0m[1m{[0m[3msession[0m[2m=[0mf6eb1814-c7da-451c-895a-96782d25f2f1[1m}[0m[2m:[0m [2mbraze_engine::engine[0m[2m:[0m parsed a prompt-tools envelope final answer
-> ollama:gemma3:1b+ablate:constrained-tools :: distractor_selection_debug_config (rep 4/5)
[2m2026-07-12T23:14:55.133756Z[0m [32m INFO[0m [1mturn[0m[1m{[0m[3msession[0m[2m=[0m54c60344-e5aa-414e-9f49-b15e958d3309[1m}[0m[2m:[0m [2mbraze_engine::hooks[0m[2m:[0m prompt budget breakdown (PromptBudgetAuditHook) [3msystem_tokens_est[0m[2m=[0m234 [3mtools_tokens_est[0m[2m=[0m850 [3mhistory_tokens_est[0m[2m=[0m28 [3mtotal_tokens_est[0m[2m=[0m1113 [3mmessage_count[0m[2m=[0m1
[2m2026-07-12T23:14:56.598379Z[0m [32m INFO[0m [1mturn[0m[1m{[0m[3msession[0m[2m=[0m54c60344-e5aa-414e-9f49-b15e958d3309[1m}[0m[2m:[0m [2mbraze_engine::engine[0m[2m:[0m parsed a prompt-tools envelope final answer
-> ollama:gemma3:1b+ablate:constrained-tools :: distractor_selection_debug_config (rep 5/5)
[2m2026-07-12T23:14:56.605592Z[0m [32m INFO[0m [1mturn[0m[1m{[0m[3msession[0m[2m=[0mbad1a86e-a3d5-4b6d-8b1c-ea1616510a30[1m}[0m[2m:[0m [2mbraze_engine::hooks[0m[2m:[0m prompt budget breakdown (PromptBudgetAuditHook) [3msystem_tokens_est[0m[2m=[0m234 [3mtools_tokens_est[0m[2m=[0m850 [3mhistory_tokens_est[0m[2m=[0m28 [3mtotal_tokens_est[0m[2m=[0m1113 [3mmessage_count[0m[2m=[0m1
[2m2026-07-12T23:14:58.109101Z[0m [32m INFO[0m [1mturn[0m[1m{[0m[3msession[0m[2m=[0mbad1a86e-a3d5-4b6d-8b1c-ea1616510a30[1m}[0m[2m:[0m [2mbraze_engine::engine[0m[2m:[0m parsed a prompt-tools envelope final answer

== Resultados por tarea ==
[FAIL] read_file_basic          ollama:llama3.2:1b+ablate:constrained-tools   4904ms  rounds=2 tool_calls=1  schema_fail=0  exec_fail=1  denied=1  tokens_in=2320 tokens_out=103 [AssertionText]
[FAIL] read_file_basic          ollama:llama3.2:1b+ablate:constrained-tools (rep 2)   4488ms  rounds=2 tool_calls=1  schema_fail=0  exec_fail=1  denied=1  tokens_in=2516 tokens_out=297 [AssertionText]
[FAIL] read_file_basic          ollama:llama3.2:1b+ablate:constrained-tools (rep 3)   2361ms  rounds=2 tool_calls=1  schema_fail=0  exec_fail=1  denied=1  tokens_in=2359 tokens_out=134 [AssertionText]
[FAIL] read_file_basic          ollama:llama3.2:1b+ablate:constrained-tools (rep 4)   1755ms  rounds=2 tool_calls=1  schema_fail=0  exec_fail=1  denied=1  tokens_in=2319 tokens_out=90 [AssertionText]
[FAIL] read_file_basic          ollama:llama3.2:1b+ablate:constrained-tools (rep 5)   1781ms  rounds=2 tool_calls=1  schema_fail=0  exec_fail=1  denied=1  tokens_in=2317 tokens_out=87 [AssertionText]
[FAIL] grep_basic               ollama:llama3.2:1b+ablate:constrained-tools   2144ms  rounds=2 tool_calls=1  schema_fail=0  exec_fail=1  denied=0  tokens_in=2305 tokens_out=109 [AssertionToolCall]
[FAIL] grep_basic               ollama:llama3.2:1b+ablate:constrained-tools (rep 2)   2170ms  rounds=2 tool_calls=1  schema_fail=0  exec_fail=1  denied=0  tokens_in=2310 tokens_out=116 [AssertionToolCall]
[FAIL] grep_basic               ollama:llama3.2:1b+ablate:constrained-tools (rep 3)   2055ms  rounds=2 tool_calls=1  schema_fail=0  exec_fail=1  denied=0  tokens_in=2304 tokens_out=107 [AssertionToolCall]
[FAIL] grep_basic               ollama:llama3.2:1b+ablate:constrained-tools (rep 4)   1971ms  rounds=2 tool_calls=1  schema_fail=0  exec_fail=1  denied=0  tokens_in=2307 tokens_out=103 [AssertionToolCall]
[FAIL] grep_basic               ollama:llama3.2:1b+ablate:constrained-tools (rep 5)   2103ms  rounds=2 tool_calls=1  schema_fail=0  exec_fail=1  denied=0  tokens_in=2302 tokens_out=109 [AssertionToolCall]
[FAIL] glob_basic               ollama:llama3.2:1b+ablate:constrained-tools   1824ms  rounds=2 tool_calls=1  schema_fail=0  exec_fail=1  denied=0  tokens_in=2312 tokens_out=84 [AssertionToolCall]
[FAIL] glob_basic               ollama:llama3.2:1b+ablate:constrained-tools (rep 2)   1715ms  rounds=2 tool_calls=1  schema_fail=0  exec_fail=1  denied=0  tokens_in=2309 tokens_out=82 [AssertionToolCall]
[FAIL] glob_basic               ollama:llama3.2:1b+ablate:constrained-tools (rep 3)   2350ms  rounds=2 tool_calls=1  schema_fail=0  exec_fail=1  denied=0  tokens_in=2313 tokens_out=132 [AssertionToolCall]
[FAIL] glob_basic               ollama:llama3.2:1b+ablate:constrained-tools (rep 4)   2018ms  rounds=2 tool_calls=1  schema_fail=0  exec_fail=1  denied=0  tokens_in=2308 tokens_out=101 [AssertionToolCall]
[FAIL] glob_basic               ollama:llama3.2:1b+ablate:constrained-tools (rep 5)    844ms  rounds=1 tool_calls=0  schema_fail=0  exec_fail=0  denied=0  tokens_in=1110 tokens_out=30 [AssertionToolCall]
[FAIL] write_file_basic         ollama:llama3.2:1b+ablate:constrained-tools   2119ms  rounds=2 tool_calls=1  schema_fail=0  exec_fail=1  denied=1  tokens_in=2311 tokens_out=115 [AssertionToolCall]
[FAIL] write_file_basic         ollama:llama3.2:1b+ablate:constrained-tools (rep 2)   2361ms  rounds=2 tool_calls=1  schema_fail=0  exec_fail=1  denied=1  tokens_in=2311 tokens_out=135 [AssertionToolCall]
[FAIL] write_file_basic         ollama:llama3.2:1b+ablate:constrained-tools (rep 3)   2014ms  rounds=2 tool_calls=1  schema_fail=0  exec_fail=1  denied=1  tokens_in=2309 tokens_out=106 [AssertionToolCall]
[FAIL] write_file_basic         ollama:llama3.2:1b+ablate:constrained-tools (rep 4)   2068ms  rounds=2 tool_calls=1  schema_fail=0  exec_fail=1  denied=0  tokens_in=2345 tokens_out=110 [AssertionToolCall]
[FAIL] write_file_basic         ollama:llama3.2:1b+ablate:constrained-tools (rep 5)   2066ms  rounds=2 tool_calls=1  schema_fail=0  exec_fail=1  denied=1  tokens_in=2309 tokens_out=112 [AssertionToolCall]
[FAIL] edit_file_basic          ollama:llama3.2:1b+ablate:constrained-tools   2146ms  rounds=2 tool_calls=1  schema_fail=0  exec_fail=1  denied=1  tokens_in=2323 tokens_out=109 [AssertionToolCall]
[FAIL] edit_file_basic          ollama:llama3.2:1b+ablate:constrained-tools (rep 2)   2847ms  rounds=2 tool_calls=1  schema_fail=0  exec_fail=1  denied=1  tokens_in=2334 tokens_out=171 [AssertionToolCall]
[FAIL] edit_file_basic          ollama:llama3.2:1b+ablate:constrained-tools (rep 3)   2630ms  rounds=2 tool_calls=1  schema_fail=0  exec_fail=1  denied=1  tokens_in=2339 tokens_out=154 [AssertionToolCall]
[FAIL] edit_file_basic          ollama:llama3.2:1b+ablate:constrained-tools (rep 4)   2194ms  rounds=2 tool_calls=1  schema_fail=0  exec_fail=1  denied=1  tokens_in=2329 tokens_out=120 [AssertionToolCall]
[FAIL] edit_file_basic          ollama:llama3.2:1b+ablate:constrained-tools (rep 5)   2345ms  rounds=2 tool_calls=1  schema_fail=0  exec_fail=1  denied=1  tokens_in=2341 tokens_out=131 [AssertionToolCall]
[FAIL] shell_exec_basic         ollama:llama3.2:1b+ablate:constrained-tools   1893ms  rounds=1 tool_calls=0  schema_fail=0  exec_fail=0  denied=0  tokens_in=1113 tokens_out=122 [AssertionToolCall]
[FAIL] shell_exec_basic         ollama:llama3.2:1b+ablate:constrained-tools (rep 2)   1462ms  rounds=1 tool_calls=0  schema_fail=0  exec_fail=0  denied=0  tokens_in=1113 tokens_out=82 [AssertionToolCall]
[FAIL] shell_exec_basic         ollama:llama3.2:1b+ablate:constrained-tools (rep 3)   1937ms  rounds=1 tool_calls=0  schema_fail=0  exec_fail=0  denied=0  tokens_in=1113 tokens_out=124 [AssertionToolCall]
[PASS] shell_exec_basic         ollama:llama3.2:1b+ablate:constrained-tools (rep 4)   2302ms  rounds=2 tool_calls=1  schema_fail=0  exec_fail=0  denied=0  tokens_in=2372 tokens_out=122
[FAIL] shell_exec_basic         ollama:llama3.2:1b+ablate:constrained-tools (rep 5)   1818ms  rounds=1 tool_calls=0  schema_fail=0  exec_fail=0  denied=0  tokens_in=1113 tokens_out=110 [AssertionToolCall]
[PASS] no_tool_qa               ollama:llama3.2:1b+ablate:constrained-tools    584ms  rounds=1 tool_calls=0  schema_fail=0  exec_fail=0  denied=0  tokens_in=1118 tokens_out=16
[PASS] no_tool_qa               ollama:llama3.2:1b+ablate:constrained-tools (rep 2)    586ms  rounds=1 tool_calls=0  schema_fail=0  exec_fail=0  denied=0  tokens_in=1118 tokens_out=16
[PASS] no_tool_qa               ollama:llama3.2:1b+ablate:constrained-tools (rep 3)    591ms  rounds=1 tool_calls=0  schema_fail=0  exec_fail=0  denied=0  tokens_in=1118 tokens_out=16
[PASS] no_tool_qa               ollama:llama3.2:1b+ablate:constrained-tools (rep 4)    581ms  rounds=1 tool_calls=0  schema_fail=0  exec_fail=0  denied=0  tokens_in=1118 tokens_out=16
[PASS] no_tool_qa               ollama:llama3.2:1b+ablate:constrained-tools (rep 5)    578ms  rounds=1 tool_calls=0  schema_fail=0  exec_fail=0  denied=0  tokens_in=1118 tokens_out=16
[FAIL] multi_step_read_count_write ollama:llama3.2:1b+ablate:constrained-tools   3273ms  rounds=2 tool_calls=1  schema_fail=0  exec_fail=1  denied=1  tokens_in=2464 tokens_out=183 [AssertionFiles]
[FAIL] multi_step_read_count_write ollama:llama3.2:1b+ablate:constrained-tools (rep 2)   2242ms  rounds=2 tool_calls=1  schema_fail=0  exec_fail=1  denied=1  tokens_in=2372 tokens_out=116 [AssertionFiles]
[FAIL] multi_step_read_count_write ollama:llama3.2:1b+ablate:constrained-tools (rep 3)   1935ms  rounds=2 tool_calls=1  schema_fail=0  exec_fail=1  denied=1  tokens_in=2363 tokens_out=92 [AssertionFiles]
[FAIL] multi_step_read_count_write ollama:llama3.2:1b+ablate:constrained-tools (rep 4)   1878ms  rounds=2 tool_calls=1  schema_fail=0  exec_fail=0  denied=0  tokens_in=2352 tokens_out=92 [AssertionFiles]
[FAIL] multi_step_read_count_write ollama:llama3.2:1b+ablate:constrained-tools (rep 5)   2353ms  rounds=2 tool_calls=1  schema_fail=0  exec_fail=0  denied=0  tokens_in=2381 tokens_out=128 [AssertionFiles]
[FAIL] error_recovery_wrong_filename ollama:llama3.2:1b+ablate:constrained-tools   2162ms  rounds=2 tool_calls=1  schema_fail=0  exec_fail=1  denied=0  tokens_in=2358 tokens_out=119 [AssertionText]
[FAIL] error_recovery_wrong_filename ollama:llama3.2:1b+ablate:constrained-tools (rep 2)   2115ms  rounds=2 tool_calls=1  schema_fail=0  exec_fail=1  denied=0  tokens_in=2365 tokens_out=118 [AssertionText]
[FAIL] error_recovery_wrong_filename ollama:llama3.2:1b+ablate:constrained-tools (rep 3)   1757ms  rounds=2 tool_calls=1  schema_fail=0  exec_fail=1  denied=1  tokens_in=2354 tokens_out=86 [AssertionText]
[FAIL] error_recovery_wrong_filename ollama:llama3.2:1b+ablate:constrained-tools (rep 4)   2043ms  rounds=2 tool_calls=1  schema_fail=0  exec_fail=1  denied=0  tokens_in=2368 tokens_out=113 [AssertionText]
[FAIL] error_recovery_wrong_filename ollama:llama3.2:1b+ablate:constrained-tools (rep 5)   1853ms  rounds=2 tool_calls=1  schema_fail=0  exec_fail=1  denied=0  tokens_in=2357 tokens_out=93 [AssertionText]
[FAIL] distractor_selection_among_files ollama:llama3.2:1b+ablate:constrained-tools   1794ms  rounds=2 tool_calls=1  schema_fail=0  exec_fail=1  denied=0  tokens_in=2372 tokens_out=84 [AssertionText]
[FAIL] distractor_selection_among_files ollama:llama3.2:1b+ablate:constrained-tools (rep 2)   1861ms  rounds=2 tool_calls=1  schema_fail=0  exec_fail=1  denied=0  tokens_in=2375 tokens_out=93 [AssertionText]
[FAIL] distractor_selection_among_files ollama:llama3.2:1b+ablate:constrained-tools (rep 3)   1781ms  rounds=2 tool_calls=1  schema_fail=0  exec_fail=1  denied=0  tokens_in=2365 tokens_out=89 [AssertionText]
[FAIL] distractor_selection_among_files ollama:llama3.2:1b+ablate:constrained-tools (rep 4)   2350ms  rounds=2 tool_calls=1  schema_fail=0  exec_fail=1  denied=0  tokens_in=2373 tokens_out=131 [AssertionText]
[FAIL] distractor_selection_among_files ollama:llama3.2:1b+ablate:constrained-tools (rep 5)   2104ms  rounds=2 tool_calls=1  schema_fail=0  exec_fail=1  denied=0  tokens_in=2377 tokens_out=113 [AssertionText]
[FAIL] edit_file_function_body  ollama:llama3.2:1b+ablate:constrained-tools   1936ms  rounds=2 tool_calls=1  schema_fail=0  exec_fail=1  denied=1  tokens_in=2336 tokens_out=100 [AssertionToolCall]
[FAIL] edit_file_function_body  ollama:llama3.2:1b+ablate:constrained-tools (rep 2)   1820ms  rounds=2 tool_calls=1  schema_fail=0  exec_fail=1  denied=1  tokens_in=2328 tokens_out=89 [AssertionToolCall]
[FAIL] edit_file_function_body  ollama:llama3.2:1b+ablate:constrained-tools (rep 3)   1989ms  rounds=2 tool_calls=1  schema_fail=0  exec_fail=1  denied=1  tokens_in=2343 tokens_out=101 [AssertionToolCall]
[FAIL] edit_file_function_body  ollama:llama3.2:1b+ablate:constrained-tools (rep 4)   4510ms  rounds=2 tool_calls=1  schema_fail=0  exec_fail=1  denied=1  tokens_in=2330 tokens_out=298 [AssertionToolCall]
[FAIL] edit_file_function_body  ollama:llama3.2:1b+ablate:constrained-tools (rep 5)   2554ms  rounds=2 tool_calls=1  schema_fail=0  exec_fail=1  denied=1  tokens_in=2337 tokens_out=140 [AssertionToolCall]
[PASS] no_tool_capital_question ollama:llama3.2:1b+ablate:constrained-tools    629ms  rounds=1 tool_calls=0  schema_fail=0  exec_fail=0  denied=0  tokens_in=1122 tokens_out=17
[PASS] no_tool_capital_question ollama:llama3.2:1b+ablate:constrained-tools (rep 2)    644ms  rounds=1 tool_calls=0  schema_fail=0  exec_fail=0  denied=0  tokens_in=1122 tokens_out=17
[PASS] no_tool_capital_question ollama:llama3.2:1b+ablate:constrained-tools (rep 3)    628ms  rounds=1 tool_calls=0  schema_fail=0  exec_fail=0  denied=0  tokens_in=1122 tokens_out=17
[PASS] no_tool_capital_question ollama:llama3.2:1b+ablate:constrained-tools (rep 4)    627ms  rounds=1 tool_calls=0  schema_fail=0  exec_fail=0  denied=0  tokens_in=1122 tokens_out=17
[PASS] no_tool_capital_question ollama:llama3.2:1b+ablate:constrained-tools (rep 5)    624ms  rounds=1 tool_calls=0  schema_fail=0  exec_fail=0  denied=0  tokens_in=1122 tokens_out=17
[PASS] no_tool_subtraction      ollama:llama3.2:1b+ablate:constrained-tools    587ms  rounds=1 tool_calls=0  schema_fail=0  exec_fail=0  denied=0  tokens_in=1119 tokens_out=16
[PASS] no_tool_subtraction      ollama:llama3.2:1b+ablate:constrained-tools (rep 2)    590ms  rounds=1 tool_calls=0  schema_fail=0  exec_fail=0  denied=0  tokens_in=1119 tokens_out=16
[PASS] no_tool_subtraction      ollama:llama3.2:1b+ablate:constrained-tools (rep 3)    593ms  rounds=1 tool_calls=0  schema_fail=0  exec_fail=0  denied=0  tokens_in=1119 tokens_out=16
[PASS] no_tool_subtraction      ollama:llama3.2:1b+ablate:constrained-tools (rep 4)    582ms  rounds=1 tool_calls=0  schema_fail=0  exec_fail=0  denied=0  tokens_in=1119 tokens_out=16
[PASS] no_tool_subtraction      ollama:llama3.2:1b+ablate:constrained-tools (rep 5)    587ms  rounds=1 tool_calls=0  schema_fail=0  exec_fail=0  denied=0  tokens_in=1119 tokens_out=16
[FAIL] multi_step_sum_two_files ollama:llama3.2:1b+ablate:constrained-tools   2171ms  rounds=2 tool_calls=1  schema_fail=0  exec_fail=1  denied=0  tokens_in=2396 tokens_out=120 [AssertionFiles]
[FAIL] multi_step_sum_two_files ollama:llama3.2:1b+ablate:constrained-tools (rep 2)   1981ms  rounds=2 tool_calls=1  schema_fail=0  exec_fail=1  denied=0  tokens_in=2387 tokens_out=101 [AssertionFiles]
[FAIL] multi_step_sum_two_files ollama:llama3.2:1b+ablate:constrained-tools (rep 3)   2227ms  rounds=2 tool_calls=1  schema_fail=0  exec_fail=1  denied=0  tokens_in=2385 tokens_out=113 [AssertionFiles]
[FAIL] multi_step_sum_two_files ollama:llama3.2:1b+ablate:constrained-tools (rep 4)   1716ms  rounds=2 tool_calls=1  schema_fail=0  exec_fail=0  denied=0  tokens_in=2388 tokens_out=79 [AssertionFiles]
[FAIL] multi_step_sum_two_files ollama:llama3.2:1b+ablate:constrained-tools (rep 5)   1758ms  rounds=2 tool_calls=1  schema_fail=0  exec_fail=1  denied=0  tokens_in=2373 tokens_out=83 [AssertionFiles]
[FAIL] multi_step_multiply_and_write ollama:llama3.2:1b+ablate:constrained-tools   1927ms  rounds=2 tool_calls=1  schema_fail=0  exec_fail=0  denied=0  tokens_in=2354 tokens_out=104 [AssertionFiles]
[FAIL] multi_step_multiply_and_write ollama:llama3.2:1b+ablate:constrained-tools (rep 2)   1981ms  rounds=2 tool_calls=1  schema_fail=0  exec_fail=1  denied=1  tokens_in=2386 tokens_out=99 [AssertionFiles]
[FAIL] multi_step_multiply_and_write ollama:llama3.2:1b+ablate:constrained-tools (rep 3)   2627ms  rounds=3 tool_calls=2  schema_fail=0  exec_fail=0  denied=0  tokens_in=3629 tokens_out=130 [AssertionFiles]
[FAIL] multi_step_multiply_and_write ollama:llama3.2:1b+ablate:constrained-tools (rep 4)   2126ms  rounds=2 tool_calls=1  schema_fail=0  exec_fail=1  denied=1  tokens_in=2384 tokens_out=111 [AssertionFiles]
[FAIL] multi_step_multiply_and_write ollama:llama3.2:1b+ablate:constrained-tools (rep 5)   1876ms  rounds=2 tool_calls=1  schema_fail=0  exec_fail=1  denied=1  tokens_in=2382 tokens_out=93 [AssertionFiles]
[FAIL] error_recovery_wrong_config_extension ollama:llama3.2:1b+ablate:constrained-tools   2453ms  rounds=2 tool_calls=1  schema_fail=0  exec_fail=1  denied=0  tokens_in=2378 tokens_out=137 [AssertionText]
[FAIL] error_recovery_wrong_config_extension ollama:llama3.2:1b+ablate:constrained-tools (rep 2)   2657ms  rounds=2 tool_calls=1  schema_fail=0  exec_fail=1  denied=0  tokens_in=2397 tokens_out=147 [AssertionText]
[FAIL] error_recovery_wrong_config_extension ollama:llama3.2:1b+ablate:constrained-tools (rep 3)   2652ms  rounds=2 tool_calls=1  schema_fail=0  exec_fail=1  denied=0  tokens_in=2365 tokens_out=156 [AssertionText]
[FAIL] error_recovery_wrong_config_extension ollama:llama3.2:1b+ablate:constrained-tools (rep 4)   2400ms  rounds=2 tool_calls=1  schema_fail=0  exec_fail=1  denied=0  tokens_in=2374 tokens_out=130 [AssertionText]
[FAIL] error_recovery_wrong_config_extension ollama:llama3.2:1b+ablate:constrained-tools (rep 5)   2235ms  rounds=2 tool_calls=1  schema_fail=0  exec_fail=1  denied=0  tokens_in=2361 tokens_out=122 [AssertionText]
[FAIL] error_recovery_edit_wrong_filename ollama:llama3.2:1b+ablate:constrained-tools   2290ms  rounds=2 tool_calls=1  schema_fail=0  exec_fail=1  denied=1  tokens_in=2372 tokens_out=131 [AssertionFiles]
[FAIL] error_recovery_edit_wrong_filename ollama:llama3.2:1b+ablate:constrained-tools (rep 2)   2603ms  rounds=2 tool_calls=1  schema_fail=0  exec_fail=1  denied=1  tokens_in=2383 tokens_out=148 [AssertionFiles]
[FAIL] error_recovery_edit_wrong_filename ollama:llama3.2:1b+ablate:constrained-tools (rep 3)   2065ms  rounds=2 tool_calls=1  schema_fail=0  exec_fail=1  denied=1  tokens_in=2368 tokens_out=112 [AssertionFiles]
[FAIL] error_recovery_edit_wrong_filename ollama:llama3.2:1b+ablate:constrained-tools (rep 4)   2169ms  rounds=2 tool_calls=1  schema_fail=0  exec_fail=1  denied=1  tokens_in=2374 tokens_out=117 [AssertionFiles]
[FAIL] error_recovery_edit_wrong_filename ollama:llama3.2:1b+ablate:constrained-tools (rep 5)   2205ms  rounds=2 tool_calls=1  schema_fail=0  exec_fail=1  denied=1  tokens_in=2374 tokens_out=117 [AssertionFiles]
[FAIL] distractor_selection_log_with_error ollama:llama3.2:1b+ablate:constrained-tools   1879ms  rounds=2 tool_calls=1  schema_fail=0  exec_fail=1  denied=0  tokens_in=2338 tokens_out=89 [AssertionText]
[FAIL] distractor_selection_log_with_error ollama:llama3.2:1b+ablate:constrained-tools (rep 2)   2084ms  rounds=2 tool_calls=1  schema_fail=0  exec_fail=1  denied=0  tokens_in=2357 tokens_out=111 [AssertionText]
[FAIL] distractor_selection_log_with_error ollama:llama3.2:1b+ablate:constrained-tools (rep 3)   2276ms  rounds=2 tool_calls=1  schema_fail=0  exec_fail=1  denied=0  tokens_in=2355 tokens_out=114 [AssertionText]
[FAIL] distractor_selection_log_with_error ollama:llama3.2:1b+ablate:constrained-tools (rep 4)   2187ms  rounds=2 tool_calls=1  schema_fail=0  exec_fail=1  denied=0  tokens_in=2383 tokens_out=119 [AssertionText]
[FAIL] distractor_selection_log_with_error ollama:llama3.2:1b+ablate:constrained-tools (rep 5)   2202ms  rounds=2 tool_calls=1  schema_fail=0  exec_fail=1  denied=0  tokens_in=2353 tokens_out=106 [AssertionText]
[FAIL] distractor_selection_debug_config ollama:llama3.2:1b+ablate:constrained-tools   2331ms  rounds=2 tool_calls=1  schema_fail=0  exec_fail=1  denied=0  tokens_in=2361 tokens_out=124 [AssertionText]
[FAIL] distractor_selection_debug_config ollama:llama3.2:1b+ablate:constrained-tools (rep 2)   2261ms  rounds=2 tool_calls=1  schema_fail=0  exec_fail=1  denied=0  tokens_in=2336 tokens_out=124 [AssertionText]
[FAIL] distractor_selection_debug_config ollama:llama3.2:1b+ablate:constrained-tools (rep 3)   2236ms  rounds=2 tool_calls=1  schema_fail=0  exec_fail=1  denied=0  tokens_in=2340 tokens_out=116 [AssertionText]
[FAIL] distractor_selection_debug_config ollama:llama3.2:1b+ablate:constrained-tools (rep 4)   1988ms  rounds=2 tool_calls=1  schema_fail=0  exec_fail=1  denied=0  tokens_in=2353 tokens_out=101 [AssertionText]
[FAIL] distractor_selection_debug_config ollama:llama3.2:1b+ablate:constrained-tools (rep 5)   2070ms  rounds=2 tool_calls=1  schema_fail=0  exec_fail=1  denied=0  tokens_in=2343 tokens_out=106 [AssertionText]
[FAIL] read_file_basic          ollama:gemma4:e2b+ablate:constrained-tools  15155ms  rounds=2 tool_calls=1  schema_fail=0  exec_fail=1  denied=0  tokens_in=2486 tokens_out=96 [AssertionText]
[FAIL] read_file_basic          ollama:gemma4:e2b+ablate:constrained-tools (rep 2)   7164ms  rounds=1 tool_calls=0  schema_fail=0  exec_fail=0  denied=0  tokens_in=1188 tokens_out=165 [AssertionToolCall]
[FAIL] read_file_basic          ollama:gemma4:e2b+ablate:constrained-tools (rep 3)   6534ms  rounds=2 tool_calls=1  schema_fail=0  exec_fail=1  denied=0  tokens_in=2491 tokens_out=104 [AssertionText]
[FAIL] read_file_basic          ollama:gemma4:e2b+ablate:constrained-tools (rep 4)   7152ms  rounds=2 tool_calls=1  schema_fail=0  exec_fail=1  denied=0  tokens_in=2624 tokens_out=161 [AssertionText]
[PASS] read_file_basic          ollama:gemma4:e2b+ablate:constrained-tools (rep 5)   7084ms  rounds=2 tool_calls=1  schema_fail=0  exec_fail=0  denied=0  tokens_in=2458 tokens_out=74
[FAIL] grep_basic               ollama:gemma4:e2b+ablate:constrained-tools  13292ms  rounds=3 tool_calls=2  schema_fail=1  exec_fail=1  denied=0  tokens_in=3899 tokens_out=536 [AssertionToolCall]
[FAIL] grep_basic               ollama:gemma4:e2b+ablate:constrained-tools (rep 2)   7748ms  rounds=2 tool_calls=1  schema_fail=0  exec_fail=0  denied=0  tokens_in=2487 tokens_out=78 [AssertionToolCall]
[PASS] grep_basic               ollama:gemma4:e2b+ablate:constrained-tools (rep 3)  13351ms  rounds=4 tool_calls=3  schema_fail=0  exec_fail=1  denied=0  tokens_in=5487 tokens_out=501
[FAIL] grep_basic               ollama:gemma4:e2b+ablate:constrained-tools (rep 4)   9650ms  rounds=2 tool_calls=1  schema_fail=0  exec_fail=0  denied=0  tokens_in=2492 tokens_out=78 [AssertionToolCall]
[PASS] grep_basic               ollama:gemma4:e2b+ablate:constrained-tools (rep 5)  17538ms  rounds=3 tool_calls=2  schema_fail=0  exec_fail=1  denied=0  tokens_in=3845 tokens_out=421
[FAIL] glob_basic               ollama:gemma4:e2b+ablate:constrained-tools   4621ms  rounds=2 tool_calls=1  schema_fail=0  exec_fail=1  denied=0  tokens_in=2492 tokens_out=80 [AssertionToolCall]
[FAIL] glob_basic               ollama:gemma4:e2b+ablate:constrained-tools (rep 2)   7186ms  rounds=2 tool_calls=1  schema_fail=0  exec_fail=1  denied=0  tokens_in=2496 tokens_out=116 [AssertionToolCall]
[PASS] glob_basic               ollama:gemma4:e2b+ablate:constrained-tools (rep 3)   3508ms  rounds=2 tool_calls=1  schema_fail=0  exec_fail=0  denied=0  tokens_in=2493 tokens_out=68
[FAIL] glob_basic               ollama:gemma4:e2b+ablate:constrained-tools (rep 4)   6867ms  rounds=2 tool_calls=1  schema_fail=0  exec_fail=1  denied=0  tokens_in=2493 tokens_out=90 [AssertionToolCall]
[PASS] glob_basic               ollama:gemma4:e2b+ablate:constrained-tools (rep 5)   3819ms  rounds=2 tool_calls=1  schema_fail=0  exec_fail=0  denied=0  tokens_in=2492 tokens_out=76
[PASS] write_file_basic         ollama:gemma4:e2b+ablate:constrained-tools   5744ms  rounds=3 tool_calls=2  schema_fail=0  exec_fail=1  denied=0  tokens_in=3958 tokens_out=114
[PASS] write_file_basic         ollama:gemma4:e2b+ablate:constrained-tools (rep 2)   4908ms  rounds=3 tool_calls=2  schema_fail=0  exec_fail=1  denied=0  tokens_in=3930 tokens_out=124
[PASS] write_file_basic         ollama:gemma4:e2b+ablate:constrained-tools (rep 3)   5821ms  rounds=3 tool_calls=2  schema_fail=0  exec_fail=1  denied=0  tokens_in=3964 tokens_out=115
[PASS] write_file_basic         ollama:gemma4:e2b+ablate:constrained-tools (rep 4)   4923ms  rounds=3 tool_calls=2  schema_fail=0  exec_fail=1  denied=0  tokens_in=3922 tokens_out=124
[PASS] write_file_basic         ollama:gemma4:e2b+ablate:constrained-tools (rep 5)   5762ms  rounds=3 tool_calls=2  schema_fail=0  exec_fail=1  denied=0  tokens_in=3962 tokens_out=114
[FAIL] edit_file_basic          ollama:gemma4:e2b+ablate:constrained-tools   9266ms  rounds=2 tool_calls=1  schema_fail=0  exec_fail=1  denied=0  tokens_in=2546 tokens_out=110 [AssertionToolCall]
[PASS] edit_file_basic          ollama:gemma4:e2b+ablate:constrained-tools (rep 2)  13345ms  rounds=4 tool_calls=3  schema_fail=0  exec_fail=1  denied=0  tokens_in=5340 tokens_out=371
[FAIL] edit_file_basic          ollama:gemma4:e2b+ablate:constrained-tools (rep 3)   8179ms  rounds=2 tool_calls=1  schema_fail=0  exec_fail=1  denied=0  tokens_in=2541 tokens_out=105 [AssertionToolCall]
[PASS] edit_file_basic          ollama:gemma4:e2b+ablate:constrained-tools (rep 4)  14657ms  rounds=4 tool_calls=3  schema_fail=0  exec_fail=1  denied=0  tokens_in=5308 tokens_out=616
[FAIL] edit_file_basic          ollama:gemma4:e2b+ablate:constrained-tools (rep 5)   7219ms  rounds=2 tool_calls=1  schema_fail=0  exec_fail=1  denied=0  tokens_in=2545 tokens_out=110 [AssertionToolCall]
[PASS] shell_exec_basic         ollama:gemma4:e2b+ablate:constrained-tools   5623ms  rounds=2 tool_calls=1  schema_fail=0  exec_fail=0  denied=0  tokens_in=2488 tokens_out=141
[PASS] shell_exec_basic         ollama:gemma4:e2b+ablate:constrained-tools (rep 2)   4355ms  rounds=2 tool_calls=1  schema_fail=0  exec_fail=0  denied=0  tokens_in=2500 tokens_out=110
[PASS] shell_exec_basic         ollama:gemma4:e2b+ablate:constrained-tools (rep 3)   5635ms  rounds=2 tool_calls=1  schema_fail=0  exec_fail=0  denied=0  tokens_in=2500 tokens_out=106
[PASS] shell_exec_basic         ollama:gemma4:e2b+ablate:constrained-tools (rep 4)   3501ms  rounds=2 tool_calls=1  schema_fail=0  exec_fail=0  denied=0  tokens_in=2468 tokens_out=65
[PASS] shell_exec_basic         ollama:gemma4:e2b+ablate:constrained-tools (rep 5)   4573ms  rounds=2 tool_calls=1  schema_fail=0  exec_fail=0  denied=0  tokens_in=2500 tokens_out=106
[PASS] no_tool_qa               ollama:gemma4:e2b+ablate:constrained-tools   3470ms  rounds=1 tool_calls=0  schema_fail=0  exec_fail=0  denied=0  tokens_in=1193 tokens_out=15
[PASS] no_tool_qa               ollama:gemma4:e2b+ablate:constrained-tools (rep 2)   2187ms  rounds=1 tool_calls=0  schema_fail=0  exec_fail=0  denied=0  tokens_in=1193 tokens_out=15
[PASS] no_tool_qa               ollama:gemma4:e2b+ablate:constrained-tools (rep 3)   2348ms  rounds=1 tool_calls=0  schema_fail=0  exec_fail=0  denied=0  tokens_in=1193 tokens_out=15
[PASS] no_tool_qa               ollama:gemma4:e2b+ablate:constrained-tools (rep 4)   2187ms  rounds=1 tool_calls=0  schema_fail=0  exec_fail=0  denied=0  tokens_in=1193 tokens_out=15
[PASS] no_tool_qa               ollama:gemma4:e2b+ablate:constrained-tools (rep 5)   2391ms  rounds=1 tool_calls=0  schema_fail=0  exec_fail=0  denied=0  tokens_in=1193 tokens_out=15
[PASS] multi_step_read_count_write ollama:gemma4:e2b+ablate:constrained-tools   6807ms  rounds=3 tool_calls=2  schema_fail=0  exec_fail=0  denied=0  tokens_in=3951 tokens_out=106
[FAIL] multi_step_read_count_write ollama:gemma4:e2b+ablate:constrained-tools (rep 2)   6314ms  rounds=3 tool_calls=2  schema_fail=0  exec_fail=0  denied=0  tokens_in=3909 tokens_out=103 [AssertionFiles]
[FAIL] multi_step_read_count_write ollama:gemma4:e2b+ablate:constrained-tools (rep 3)  30061ms  rounds=7 tool_calls=6  schema_fail=5  exec_fail=1  denied=0  tokens_in=11282 tokens_out=1134 [AssertionFiles]
[FAIL] multi_step_read_count_write ollama:gemma4:e2b+ablate:constrained-tools (rep 4)   8026ms  rounds=2 tool_calls=1  schema_fail=0  exec_fail=1  denied=0  tokens_in=2536 tokens_out=92 [AssertionFiles]
[PASS] multi_step_read_count_write ollama:gemma4:e2b+ablate:constrained-tools (rep 5)  34132ms  rounds=8 tool_calls=7  schema_fail=3  exec_fail=2  denied=0  tokens_in=13248 tokens_out=1565
[FAIL] error_recovery_wrong_filename ollama:gemma4:e2b+ablate:constrained-tools   6771ms  rounds=2 tool_calls=1  schema_fail=0  exec_fail=1  denied=0  tokens_in=2541 tokens_out=83 [AssertionText]
[FAIL] error_recovery_wrong_filename ollama:gemma4:e2b+ablate:constrained-tools (rep 2)   5503ms  rounds=2 tool_calls=1  schema_fail=0  exec_fail=1  denied=0  tokens_in=2536 tokens_out=75 [AssertionText]
[FAIL] error_recovery_wrong_filename ollama:gemma4:e2b+ablate:constrained-tools (rep 3)   6665ms  rounds=2 tool_calls=1  schema_fail=0  exec_fail=1  denied=0  tokens_in=2540 tokens_out=84 [AssertionText]
[FAIL] error_recovery_wrong_filename ollama:gemma4:e2b+ablate:constrained-tools (rep 4)   6328ms  rounds=2 tool_calls=1  schema_fail=0  exec_fail=1  denied=0  tokens_in=2539 tokens_out=77 [AssertionText]
[FAIL] error_recovery_wrong_filename ollama:gemma4:e2b+ablate:constrained-tools (rep 5)   6779ms  rounds=2 tool_calls=1  schema_fail=0  exec_fail=1  denied=0  tokens_in=2544 tokens_out=81 [AssertionText]
[PASS] distractor_selection_among_files ollama:gemma4:e2b+ablate:constrained-tools   9775ms  rounds=2 tool_calls=1  schema_fail=0  exec_fail=0  denied=0  tokens_in=2657 tokens_out=191
[PASS] distractor_selection_among_files ollama:gemma4:e2b+ablate:constrained-tools (rep 2)   7864ms  rounds=2 tool_calls=1  schema_fail=0  exec_fail=0  denied=0  tokens_in=2540 tokens_out=79
[FAIL] distractor_selection_among_files ollama:gemma4:e2b+ablate:constrained-tools (rep 3)   5623ms  rounds=2 tool_calls=1  schema_fail=0  exec_fail=1  denied=0  tokens_in=2543 tokens_out=81 [AssertionText]
[PASS] distractor_selection_among_files ollama:gemma4:e2b+ablate:constrained-tools (rep 4)   4951ms  rounds=2 tool_calls=1  schema_fail=0  exec_fail=0  denied=0  tokens_in=2532 tokens_out=66
[PASS] distractor_selection_among_files ollama:gemma4:e2b+ablate:constrained-tools (rep 5)   7827ms  rounds=2 tool_calls=1  schema_fail=0  exec_fail=0  denied=0  tokens_in=2533 tokens_out=183
[FAIL] edit_file_function_body  ollama:gemma4:e2b+ablate:constrained-tools   6798ms  rounds=2 tool_calls=1  schema_fail=0  exec_fail=1  denied=0  tokens_in=2561 tokens_out=119 [AssertionToolCall]
[PASS] edit_file_function_body  ollama:gemma4:e2b+ablate:constrained-tools (rep 2)   9634ms  rounds=4 tool_calls=3  schema_fail=0  exec_fail=1  denied=0  tokens_in=5554 tokens_out=276
[FAIL] edit_file_function_body  ollama:gemma4:e2b+ablate:constrained-tools (rep 3)   6949ms  rounds=2 tool_calls=1  schema_fail=0  exec_fail=1  denied=0  tokens_in=2560 tokens_out=104 [AssertionToolCall]
[FAIL] edit_file_function_body  ollama:gemma4:e2b+ablate:constrained-tools (rep 4)   7685ms  rounds=2 tool_calls=1  schema_fail=0  exec_fail=1  denied=0  tokens_in=2560 tokens_out=99 [AssertionToolCall]
[FAIL] edit_file_function_body  ollama:gemma4:e2b+ablate:constrained-tools (rep 5)   6550ms  rounds=2 tool_calls=1  schema_fail=0  exec_fail=1  denied=0  tokens_in=2557 tokens_out=106 [AssertionToolCall]
[PASS] no_tool_capital_question ollama:gemma4:e2b+ablate:constrained-tools   3982ms  rounds=1 tool_calls=0  schema_fail=0  exec_fail=0  denied=0  tokens_in=1198 tokens_out=20
[PASS] no_tool_capital_question ollama:gemma4:e2b+ablate:constrained-tools (rep 2)   2235ms  rounds=1 tool_calls=0  schema_fail=0  exec_fail=0  denied=0  tokens_in=1198 tokens_out=20
[PASS] no_tool_capital_question ollama:gemma4:e2b+ablate:constrained-tools (rep 3)   3584ms  rounds=1 tool_calls=0  schema_fail=0  exec_fail=0  denied=0  tokens_in=1198 tokens_out=20
[PASS] no_tool_capital_question ollama:gemma4:e2b+ablate:constrained-tools (rep 4)   2139ms  rounds=1 tool_calls=0  schema_fail=0  exec_fail=0  denied=0  tokens_in=1198 tokens_out=15
[PASS] no_tool_capital_question ollama:gemma4:e2b+ablate:constrained-tools (rep 5)   4132ms  rounds=1 tool_calls=0  schema_fail=0  exec_fail=0  denied=0  tokens_in=1198 tokens_out=20
[PASS] no_tool_subtraction      ollama:gemma4:e2b+ablate:constrained-tools   2654ms  rounds=1 tool_calls=0  schema_fail=0  exec_fail=0  denied=0  tokens_in=1196 tokens_out=20
[PASS] no_tool_subtraction      ollama:gemma4:e2b+ablate:constrained-tools (rep 2)   2507ms  rounds=1 tool_calls=0  schema_fail=0  exec_fail=0  denied=0  tokens_in=1196 tokens_out=20
[PASS] no_tool_subtraction      ollama:gemma4:e2b+ablate:constrained-tools (rep 3)   2642ms  rounds=1 tool_calls=0  schema_fail=0  exec_fail=0  denied=0  tokens_in=1196 tokens_out=20
[PASS] no_tool_subtraction      ollama:gemma4:e2b+ablate:constrained-tools (rep 4)   3271ms  rounds=1 tool_calls=0  schema_fail=0  exec_fail=0  denied=0  tokens_in=1196 tokens_out=20
[PASS] no_tool_subtraction      ollama:gemma4:e2b+ablate:constrained-tools (rep 5)   2635ms  rounds=1 tool_calls=0  schema_fail=0  exec_fail=0  denied=0  tokens_in=1196 tokens_out=20
[PASS] multi_step_sum_two_files ollama:gemma4:e2b+ablate:constrained-tools   8685ms  rounds=5 tool_calls=3  schema_fail=0  exec_fail=0  denied=0  tokens_in=6118 tokens_out=88
[PASS] multi_step_sum_two_files ollama:gemma4:e2b+ablate:constrained-tools (rep 2)   9148ms  rounds=5 tool_calls=3  schema_fail=0  exec_fail=0  denied=0  tokens_in=6114 tokens_out=102
[PASS] multi_step_sum_two_files ollama:gemma4:e2b+ablate:constrained-tools (rep 3)  10966ms  rounds=5 tool_calls=3  schema_fail=0  exec_fail=0  denied=0  tokens_in=6118 tokens_out=216
[PASS] multi_step_sum_two_files ollama:gemma4:e2b+ablate:constrained-tools (rep 4)  10700ms  rounds=5 tool_calls=3  schema_fail=0  exec_fail=0  denied=0  tokens_in=6106 tokens_out=187
[PASS] multi_step_sum_two_files ollama:gemma4:e2b+ablate:constrained-tools (rep 5)  10643ms  rounds=5 tool_calls=3  schema_fail=0  exec_fail=0  denied=0  tokens_in=6102 tokens_out=222
[FAIL] multi_step_multiply_and_write ollama:gemma4:e2b+ablate:constrained-tools  20458ms  rounds=2 tool_calls=1  schema_fail=0  exec_fail=1  denied=0  tokens_in=2603 tokens_out=217 [AssertionFiles]
[PASS] multi_step_multiply_and_write ollama:gemma4:e2b+ablate:constrained-tools (rep 2)   9550ms  rounds=4 tool_calls=3  schema_fail=0  exec_fail=1  denied=0  tokens_in=5487 tokens_out=157
[FAIL] multi_step_multiply_and_write ollama:gemma4:e2b+ablate:constrained-tools (rep 3)  19193ms  rounds=2 tool_calls=1  schema_fail=0  exec_fail=1  denied=0  tokens_in=2616 tokens_out=205 [AssertionFiles]
[PASS] multi_step_multiply_and_write ollama:gemma4:e2b+ablate:constrained-tools (rep 4)   9304ms  rounds=4 tool_calls=3  schema_fail=0  exec_fail=1  denied=0  tokens_in=5490 tokens_out=158
[FAIL] multi_step_multiply_and_write ollama:gemma4:e2b+ablate:constrained-tools (rep 5)  22230ms  rounds=2 tool_calls=1  schema_fail=0  exec_fail=1  denied=0  tokens_in=2600 tokens_out=191 [AssertionFiles]
[FAIL] error_recovery_wrong_config_extension ollama:gemma4:e2b+ablate:constrained-tools   6638ms  rounds=2 tool_calls=1  schema_fail=0  exec_fail=1  denied=0  tokens_in=2577 tokens_out=103 [AssertionText]
[FAIL] error_recovery_wrong_config_extension ollama:gemma4:e2b+ablate:constrained-tools (rep 2)  11124ms  rounds=2 tool_calls=1  schema_fail=0  exec_fail=1  denied=0  tokens_in=2626 tokens_out=169 [AssertionText]
[FAIL] error_recovery_wrong_config_extension ollama:gemma4:e2b+ablate:constrained-tools (rep 3)   6451ms  rounds=2 tool_calls=1  schema_fail=0  exec_fail=1  denied=0  tokens_in=2567 tokens_out=103 [AssertionText]
[FAIL] error_recovery_wrong_config_extension ollama:gemma4:e2b+ablate:constrained-tools (rep 4)  69658ms  rounds=1 tool_calls=0  schema_fail=0  exec_fail=0  denied=0  tokens_in=1209 tokens_out=4096 [ModelBackendError] (error: model's final response was truncated by the token budget before it could finish)
[FAIL] error_recovery_wrong_config_extension ollama:gemma4:e2b+ablate:constrained-tools (rep 5)   6226ms  rounds=2 tool_calls=1  schema_fail=0  exec_fail=1  denied=0  tokens_in=2577 tokens_out=102 [AssertionText]
[FAIL] error_recovery_edit_wrong_filename ollama:gemma4:e2b+ablate:constrained-tools  11708ms  rounds=2 tool_calls=1  schema_fail=0  exec_fail=1  denied=0  tokens_in=2576 tokens_out=89 [AssertionFiles]
[FAIL] error_recovery_edit_wrong_filename ollama:gemma4:e2b+ablate:constrained-tools (rep 2)   8371ms  rounds=2 tool_calls=1  schema_fail=0  exec_fail=1  denied=0  tokens_in=2601 tokens_out=139 [AssertionFiles]
[FAIL] error_recovery_edit_wrong_filename ollama:gemma4:e2b+ablate:constrained-tools (rep 3)  15763ms  rounds=2 tool_calls=1  schema_fail=0  exec_fail=1  denied=0  tokens_in=2584 tokens_out=89 [AssertionFiles]
[FAIL] error_recovery_edit_wrong_filename ollama:gemma4:e2b+ablate:constrained-tools (rep 4)   8064ms  rounds=2 tool_calls=1  schema_fail=0  exec_fail=1  denied=0  tokens_in=2581 tokens_out=89 [AssertionFiles]
[FAIL] error_recovery_edit_wrong_filename ollama:gemma4:e2b+ablate:constrained-tools (rep 5)  14383ms  rounds=2 tool_calls=1  schema_fail=0  exec_fail=1  denied=0  tokens_in=2582 tokens_out=94 [AssertionFiles]
[PASS] distractor_selection_log_with_error ollama:gemma4:e2b+ablate:constrained-tools   6531ms  rounds=2 tool_calls=1  schema_fail=0  exec_fail=0  denied=0  tokens_in=2534 tokens_out=61
[PASS] distractor_selection_log_with_error ollama:gemma4:e2b+ablate:constrained-tools (rep 2)   9261ms  rounds=2 tool_calls=1  schema_fail=0  exec_fail=0  denied=0  tokens_in=2677 tokens_out=198
[PASS] distractor_selection_log_with_error ollama:gemma4:e2b+ablate:constrained-tools (rep 3)   7391ms  rounds=2 tool_calls=1  schema_fail=0  exec_fail=0  denied=0  tokens_in=2534 tokens_out=71
[PASS] distractor_selection_log_with_error ollama:gemma4:e2b+ablate:constrained-tools (rep 4)   9707ms  rounds=2 tool_calls=1  schema_fail=0  exec_fail=0  denied=0  tokens_in=2535 tokens_out=60
[PASS] distractor_selection_log_with_error ollama:gemma4:e2b+ablate:constrained-tools (rep 5)   8077ms  rounds=2 tool_calls=1  schema_fail=0  exec_fail=0  denied=0  tokens_in=2533 tokens_out=71
[FAIL] distractor_selection_debug_config ollama:gemma4:e2b+ablate:constrained-tools   4983ms  rounds=2 tool_calls=1  schema_fail=0  exec_fail=1  denied=0  tokens_in=2530 tokens_out=62 [AssertionText]
[FAIL] distractor_selection_debug_config ollama:gemma4:e2b+ablate:constrained-tools (rep 2)   6199ms  rounds=2 tool_calls=1  schema_fail=0  exec_fail=1  denied=0  tokens_in=2551 tokens_out=100 [AssertionText]
[FAIL] distractor_selection_debug_config ollama:gemma4:e2b+ablate:constrained-tools (rep 3)   5097ms  rounds=2 tool_calls=1  schema_fail=0  exec_fail=1  denied=0  tokens_in=2528 tokens_out=68 [AssertionText]
[FAIL] distractor_selection_debug_config ollama:gemma4:e2b+ablate:constrained-tools (rep 4)   7567ms  rounds=2 tool_calls=1  schema_fail=0  exec_fail=1  denied=0  tokens_in=2526 tokens_out=87 [AssertionText]
[FAIL] distractor_selection_debug_config ollama:gemma4:e2b+ablate:constrained-tools (rep 5)  10122ms  rounds=2 tool_calls=1  schema_fail=0  exec_fail=1  denied=0  tokens_in=2526 tokens_out=87 [AssertionText]
[PASS] read_file_basic          ollama:qwen2.5:3b+ablate:constrained-tools   9505ms  rounds=2 tool_calls=1  schema_fail=0  exec_fail=0  denied=0  tokens_in=2373 tokens_out=49
[PASS] read_file_basic          ollama:qwen2.5:3b+ablate:constrained-tools (rep 2)   1784ms  rounds=2 tool_calls=1  schema_fail=0  exec_fail=0  denied=0  tokens_in=2372 tokens_out=49
[PASS] read_file_basic          ollama:qwen2.5:3b+ablate:constrained-tools (rep 3)   1780ms  rounds=2 tool_calls=1  schema_fail=0  exec_fail=0  denied=0  tokens_in=2373 tokens_out=49
[PASS] read_file_basic          ollama:qwen2.5:3b+ablate:constrained-tools (rep 4)   1766ms  rounds=2 tool_calls=1  schema_fail=0  exec_fail=0  denied=0  tokens_in=2374 tokens_out=49
[PASS] read_file_basic          ollama:qwen2.5:3b+ablate:constrained-tools (rep 5)   1772ms  rounds=2 tool_calls=1  schema_fail=0  exec_fail=0  denied=0  tokens_in=2374 tokens_out=49
[FAIL] grep_basic               ollama:qwen2.5:3b+ablate:constrained-tools   2484ms  rounds=2 tool_calls=1  schema_fail=0  exec_fail=0  denied=0  tokens_in=2413 tokens_out=83 [AssertionToolCall]
[FAIL] grep_basic               ollama:qwen2.5:3b+ablate:constrained-tools (rep 2)   4384ms  rounds=3 tool_calls=2  schema_fail=0  exec_fail=2  denied=0  tokens_in=3831 tokens_out=167 [AssertionToolCall]
[FAIL] grep_basic               ollama:qwen2.5:3b+ablate:constrained-tools (rep 3)   2017ms  rounds=2 tool_calls=1  schema_fail=0  exec_fail=0  denied=0  tokens_in=2391 tokens_out=60 [AssertionToolCall]
[FAIL] grep_basic               ollama:qwen2.5:3b+ablate:constrained-tools (rep 4)   2458ms  rounds=2 tool_calls=1  schema_fail=0  exec_fail=0  denied=0  tokens_in=2412 tokens_out=83 [AssertionToolCall]
[FAIL] grep_basic               ollama:qwen2.5:3b+ablate:constrained-tools (rep 5)   2069ms  rounds=2 tool_calls=1  schema_fail=0  exec_fail=0  denied=0  tokens_in=2389 tokens_out=61 [AssertionToolCall]
[FAIL] glob_basic               ollama:qwen2.5:3b+ablate:constrained-tools   2969ms  rounds=2 tool_calls=1  schema_fail=0  exec_fail=1  denied=0  tokens_in=2400 tokens_out=98 [AssertionToolCall]
[FAIL] glob_basic               ollama:qwen2.5:3b+ablate:constrained-tools (rep 2)   3366ms  rounds=2 tool_calls=1  schema_fail=0  exec_fail=1  denied=0  tokens_in=2402 tokens_out=122 [AssertionToolCall]
[FAIL] glob_basic               ollama:qwen2.5:3b+ablate:constrained-tools (rep 3)   2507ms  rounds=2 tool_calls=1  schema_fail=0  exec_fail=1  denied=0  tokens_in=2398 tokens_out=84 [AssertionToolCall]
[FAIL] glob_basic               ollama:qwen2.5:3b+ablate:constrained-tools (rep 4)   2809ms  rounds=2 tool_calls=1  schema_fail=0  exec_fail=1  denied=0  tokens_in=2401 tokens_out=92 [AssertionToolCall]
[FAIL] glob_basic               ollama:qwen2.5:3b+ablate:constrained-tools (rep 5)   3198ms  rounds=2 tool_calls=1  schema_fail=0  exec_fail=1  denied=0  tokens_in=2401 tokens_out=109 [AssertionToolCall]
[FAIL] write_file_basic         ollama:qwen2.5:3b+ablate:constrained-tools   3367ms  rounds=2 tool_calls=1  schema_fail=0  exec_fail=1  denied=0  tokens_in=2416 tokens_out=130 [AssertionToolCall]
[FAIL] write_file_basic         ollama:qwen2.5:3b+ablate:constrained-tools (rep 2)   3242ms  rounds=2 tool_calls=1  schema_fail=0  exec_fail=1  denied=0  tokens_in=2422 tokens_out=126 [AssertionToolCall]
[FAIL] write_file_basic         ollama:qwen2.5:3b+ablate:constrained-tools (rep 3)   3725ms  rounds=2 tool_calls=1  schema_fail=0  exec_fail=1  denied=0  tokens_in=2422 tokens_out=150 [AssertionToolCall]
[FAIL] write_file_basic         ollama:qwen2.5:3b+ablate:constrained-tools (rep 4)   3338ms  rounds=2 tool_calls=1  schema_fail=0  exec_fail=1  denied=0  tokens_in=2416 tokens_out=130 [AssertionToolCall]
[FAIL] write_file_basic         ollama:qwen2.5:3b+ablate:constrained-tools (rep 5)   3527ms  rounds=3 tool_calls=2  schema_fail=0  exec_fail=2  denied=0  tokens_in=3848 tokens_out=110 [AssertionToolCall]
[FAIL] edit_file_basic          ollama:qwen2.5:3b+ablate:constrained-tools   3189ms  rounds=2 tool_calls=1  schema_fail=0  exec_fail=1  denied=0  tokens_in=2472 tokens_out=108 [AssertionToolCall]
[FAIL] edit_file_basic          ollama:qwen2.5:3b+ablate:constrained-tools (rep 2)   4111ms  rounds=3 tool_calls=2  schema_fail=0  exec_fail=1  denied=0  tokens_in=3900 tokens_out=145 [AssertionToolCall]
[FAIL] edit_file_basic          ollama:qwen2.5:3b+ablate:constrained-tools (rep 3)   3257ms  rounds=2 tool_calls=1  schema_fail=0  exec_fail=1  denied=0  tokens_in=2472 tokens_out=112 [AssertionToolCall]
[FAIL] edit_file_basic          ollama:qwen2.5:3b+ablate:constrained-tools (rep 4)   3604ms  rounds=2 tool_calls=1  schema_fail=0  exec_fail=1  denied=0  tokens_in=2473 tokens_out=129 [AssertionToolCall]
[FAIL] edit_file_basic          ollama:qwen2.5:3b+ablate:constrained-tools (rep 5)   2797ms  rounds=2 tool_calls=1  schema_fail=0  exec_fail=1  denied=0  tokens_in=2473 tokens_out=88 [AssertionToolCall]
[PASS] shell_exec_basic         ollama:qwen2.5:3b+ablate:constrained-tools   2107ms  rounds=2 tool_calls=1  schema_fail=0  exec_fail=0  denied=0  tokens_in=2378 tokens_out=61
[PASS] shell_exec_basic         ollama:qwen2.5:3b+ablate:constrained-tools (rep 2)   2078ms  rounds=2 tool_calls=1  schema_fail=0  exec_fail=0  denied=0  tokens_in=2379 tokens_out=61
[PASS] shell_exec_basic         ollama:qwen2.5:3b+ablate:constrained-tools (rep 3)   2076ms  rounds=2 tool_calls=1  schema_fail=0  exec_fail=0  denied=0  tokens_in=2381 tokens_out=61
[FAIL] shell_exec_basic         ollama:qwen2.5:3b+ablate:constrained-tools (rep 4)   1011ms  rounds=1 tool_calls=0  schema_fail=0  exec_fail=0  denied=0  tokens_in=1144 tokens_out=17 [AssertionToolCall]
[FAIL] shell_exec_basic         ollama:qwen2.5:3b+ablate:constrained-tools (rep 5)   1029ms  rounds=1 tool_calls=0  schema_fail=0  exec_fail=0  denied=0  tokens_in=1144 tokens_out=17 [AssertionToolCall]
[PASS] no_tool_qa               ollama:qwen2.5:3b+ablate:constrained-tools    963ms  rounds=1 tool_calls=0  schema_fail=0  exec_fail=0  denied=0  tokens_in=1149 tokens_out=16
[PASS] no_tool_qa               ollama:qwen2.5:3b+ablate:constrained-tools (rep 2)    963ms  rounds=1 tool_calls=0  schema_fail=0  exec_fail=0  denied=0  tokens_in=1149 tokens_out=16
[PASS] no_tool_qa               ollama:qwen2.5:3b+ablate:constrained-tools (rep 3)    949ms  rounds=1 tool_calls=0  schema_fail=0  exec_fail=0  denied=0  tokens_in=1149 tokens_out=16
[PASS] no_tool_qa               ollama:qwen2.5:3b+ablate:constrained-tools (rep 4)    931ms  rounds=1 tool_calls=0  schema_fail=0  exec_fail=0  denied=0  tokens_in=1149 tokens_out=16
[PASS] no_tool_qa               ollama:qwen2.5:3b+ablate:constrained-tools (rep 5)    954ms  rounds=1 tool_calls=0  schema_fail=0  exec_fail=0  denied=0  tokens_in=1149 tokens_out=16
[FAIL] multi_step_read_count_write ollama:qwen2.5:3b+ablate:constrained-tools   1692ms  rounds=2 tool_calls=1  schema_fail=0  exec_fail=0  denied=0  tokens_in=2431 tokens_out=40 [AssertionFiles]
[FAIL] multi_step_read_count_write ollama:qwen2.5:3b+ablate:constrained-tools (rep 2)   1677ms  rounds=2 tool_calls=1  schema_fail=0  exec_fail=0  denied=0  tokens_in=2431 tokens_out=40 [AssertionFiles]
[FAIL] multi_step_read_count_write ollama:qwen2.5:3b+ablate:constrained-tools (rep 3)   1692ms  rounds=2 tool_calls=1  schema_fail=0  exec_fail=0  denied=0  tokens_in=2433 tokens_out=40 [AssertionFiles]
[FAIL] multi_step_read_count_write ollama:qwen2.5:3b+ablate:constrained-tools (rep 4)   1674ms  rounds=2 tool_calls=1  schema_fail=0  exec_fail=0  denied=0  tokens_in=2433 tokens_out=40 [AssertionFiles]
[FAIL] multi_step_read_count_write ollama:qwen2.5:3b+ablate:constrained-tools (rep 5)   1698ms  rounds=2 tool_calls=1  schema_fail=0  exec_fail=0  denied=0  tokens_in=2433 tokens_out=40 [AssertionFiles]
[FAIL] error_recovery_wrong_filename ollama:qwen2.5:3b+ablate:constrained-tools   2585ms  rounds=2 tool_calls=1  schema_fail=0  exec_fail=1  denied=0  tokens_in=2472 tokens_out=87 [AssertionText]
[FAIL] error_recovery_wrong_filename ollama:qwen2.5:3b+ablate:constrained-tools (rep 2)   2849ms  rounds=2 tool_calls=1  schema_fail=0  exec_fail=1  denied=0  tokens_in=2472 tokens_out=101 [AssertionText]
[FAIL] error_recovery_wrong_filename ollama:qwen2.5:3b+ablate:constrained-tools (rep 3)   2701ms  rounds=2 tool_calls=1  schema_fail=0  exec_fail=1  denied=0  tokens_in=2475 tokens_out=80 [AssertionText]
[FAIL] error_recovery_wrong_filename ollama:qwen2.5:3b+ablate:constrained-tools (rep 4)   2956ms  rounds=2 tool_calls=1  schema_fail=0  exec_fail=1  denied=0  tokens_in=2471 tokens_out=103 [AssertionText]
[FAIL] error_recovery_wrong_filename ollama:qwen2.5:3b+ablate:constrained-tools (rep 5)   3119ms  rounds=2 tool_calls=1  schema_fail=0  exec_fail=1  denied=0  tokens_in=2473 tokens_out=103 [AssertionText]
[FAIL] distractor_selection_among_files ollama:qwen2.5:3b+ablate:constrained-tools   2855ms  rounds=2 tool_calls=1  schema_fail=0  exec_fail=1  denied=0  tokens_in=2466 tokens_out=88 [AssertionText]
[FAIL] distractor_selection_among_files ollama:qwen2.5:3b+ablate:constrained-tools (rep 2)   4279ms  rounds=3 tool_calls=2  schema_fail=0  exec_fail=2  denied=0  tokens_in=3895 tokens_out=157 [AssertionText]
[FAIL] distractor_selection_among_files ollama:qwen2.5:3b+ablate:constrained-tools (rep 3)   2611ms  rounds=2 tool_calls=1  schema_fail=0  exec_fail=1  denied=0  tokens_in=2461 tokens_out=83 [AssertionText]
[FAIL] distractor_selection_among_files ollama:qwen2.5:3b+ablate:constrained-tools (rep 4)   2628ms  rounds=2 tool_calls=1  schema_fail=0  exec_fail=1  denied=0  tokens_in=2457 tokens_out=84 [AssertionText]
[FAIL] distractor_selection_among_files ollama:qwen2.5:3b+ablate:constrained-tools (rep 5)   4522ms  rounds=3 tool_calls=2  schema_fail=0  exec_fail=2  denied=0  tokens_in=3905 tokens_out=170 [AssertionText]
[FAIL] edit_file_function_body  ollama:qwen2.5:3b+ablate:constrained-tools   3593ms  rounds=2 tool_calls=1  schema_fail=0  exec_fail=1  denied=0  tokens_in=2495 tokens_out=127 [AssertionToolCall]
[FAIL] edit_file_function_body  ollama:qwen2.5:3b+ablate:constrained-tools (rep 2)   3432ms  rounds=2 tool_calls=1  schema_fail=0  exec_fail=1  denied=0  tokens_in=2494 tokens_out=120 [AssertionToolCall]
[FAIL] edit_file_function_body  ollama:qwen2.5:3b+ablate:constrained-tools (rep 3)   3355ms  rounds=2 tool_calls=1  schema_fail=0  exec_fail=1  denied=0  tokens_in=2493 tokens_out=116 [AssertionToolCall]
[FAIL] edit_file_function_body  ollama:qwen2.5:3b+ablate:constrained-tools (rep 4)   3582ms  rounds=2 tool_calls=1  schema_fail=0  exec_fail=1  denied=0  tokens_in=2492 tokens_out=129 [AssertionToolCall]
[FAIL] edit_file_function_body  ollama:qwen2.5:3b+ablate:constrained-tools (rep 5)   3583ms  rounds=2 tool_calls=1  schema_fail=0  exec_fail=1  denied=0  tokens_in=2492 tokens_out=129 [AssertionToolCall]
[PASS] no_tool_capital_question ollama:qwen2.5:3b+ablate:constrained-tools   1022ms  rounds=1 tool_calls=0  schema_fail=0  exec_fail=0  denied=0  tokens_in=1153 tokens_out=18
[PASS] no_tool_capital_question ollama:qwen2.5:3b+ablate:constrained-tools (rep 2)    994ms  rounds=1 tool_calls=0  schema_fail=0  exec_fail=0  denied=0  tokens_in=1153 tokens_out=18
[PASS] no_tool_capital_question ollama:qwen2.5:3b+ablate:constrained-tools (rep 3)   1007ms  rounds=1 tool_calls=0  schema_fail=0  exec_fail=0  denied=0  tokens_in=1153 tokens_out=19
[PASS] no_tool_capital_question ollama:qwen2.5:3b+ablate:constrained-tools (rep 4)   1004ms  rounds=1 tool_calls=0  schema_fail=0  exec_fail=0  denied=0  tokens_in=1153 tokens_out=18
[PASS] no_tool_capital_question ollama:qwen2.5:3b+ablate:constrained-tools (rep 5)    985ms  rounds=1 tool_calls=0  schema_fail=0  exec_fail=0  denied=0  tokens_in=1153 tokens_out=19
[PASS] no_tool_subtraction      ollama:qwen2.5:3b+ablate:constrained-tools    922ms  rounds=1 tool_calls=0  schema_fail=0  exec_fail=0  denied=0  tokens_in=1151 tokens_out=14
[PASS] no_tool_subtraction      ollama:qwen2.5:3b+ablate:constrained-tools (rep 2)    914ms  rounds=1 tool_calls=0  schema_fail=0  exec_fail=0  denied=0  tokens_in=1151 tokens_out=14
[PASS] no_tool_subtraction      ollama:qwen2.5:3b+ablate:constrained-tools (rep 3)    913ms  rounds=1 tool_calls=0  schema_fail=0  exec_fail=0  denied=0  tokens_in=1151 tokens_out=14
[PASS] no_tool_subtraction      ollama:qwen2.5:3b+ablate:constrained-tools (rep 4)    927ms  rounds=1 tool_calls=0  schema_fail=0  exec_fail=0  denied=0  tokens_in=1151 tokens_out=14
[PASS] no_tool_subtraction      ollama:qwen2.5:3b+ablate:constrained-tools (rep 5)    908ms  rounds=1 tool_calls=0  schema_fail=0  exec_fail=0  denied=0  tokens_in=1151 tokens_out=14
[FAIL] multi_step_sum_two_files ollama:qwen2.5:3b+ablate:constrained-tools   2201ms  rounds=2 tool_calls=1  schema_fail=0  exec_fail=0  denied=0  tokens_in=2465 tokens_out=66 [AssertionFiles]
[FAIL] multi_step_sum_two_files ollama:qwen2.5:3b+ablate:constrained-tools (rep 2)   2413ms  rounds=2 tool_calls=1  schema_fail=0  exec_fail=0  denied=0  tokens_in=2463 tokens_out=77 [AssertionFiles]
[FAIL] multi_step_sum_two_files ollama:qwen2.5:3b+ablate:constrained-tools (rep 3)   2225ms  rounds=2 tool_calls=1  schema_fail=0  exec_fail=0  denied=0  tokens_in=2462 tokens_out=66 [AssertionFiles]
[FAIL] multi_step_sum_two_files ollama:qwen2.5:3b+ablate:constrained-tools (rep 4)   2203ms  rounds=2 tool_calls=1  schema_fail=0  exec_fail=0  denied=0  tokens_in=2461 tokens_out=66 [AssertionFiles]
[FAIL] multi_step_sum_two_files ollama:qwen2.5:3b+ablate:constrained-tools (rep 5)   1792ms  rounds=2 tool_calls=1  schema_fail=0  exec_fail=0  denied=0  tokens_in=2453 tokens_out=45 [AssertionFiles]
[FAIL] multi_step_multiply_and_write ollama:qwen2.5:3b+ablate:constrained-tools   2030ms  rounds=2 tool_calls=1  schema_fail=0  exec_fail=0  denied=0  tokens_in=2444 tokens_out=58 [AssertionFiles]
[FAIL] multi_step_multiply_and_write ollama:qwen2.5:3b+ablate:constrained-tools (rep 2)   1856ms  rounds=2 tool_calls=1  schema_fail=0  exec_fail=0  denied=0  tokens_in=2434 tokens_out=50 [AssertionFiles]
[FAIL] multi_step_multiply_and_write ollama:qwen2.5:3b+ablate:constrained-tools (rep 3)   1831ms  rounds=2 tool_calls=1  schema_fail=0  exec_fail=0  denied=0  tokens_in=2429 tokens_out=50 [AssertionFiles]
[FAIL] multi_step_multiply_and_write ollama:qwen2.5:3b+ablate:constrained-tools (rep 4)   1850ms  rounds=2 tool_calls=1  schema_fail=0  exec_fail=0  denied=0  tokens_in=2434 tokens_out=50 [AssertionFiles]
[FAIL] multi_step_multiply_and_write ollama:qwen2.5:3b+ablate:constrained-tools (rep 5)   2046ms  rounds=2 tool_calls=1  schema_fail=0  exec_fail=0  denied=0  tokens_in=2445 tokens_out=58 [AssertionFiles]
[FAIL] error_recovery_wrong_config_extension ollama:qwen2.5:3b+ablate:constrained-tools   2872ms  rounds=2 tool_calls=1  schema_fail=0  exec_fail=1  denied=0  tokens_in=2481 tokens_out=103 [AssertionText]
[FAIL] error_recovery_wrong_config_extension ollama:qwen2.5:3b+ablate:constrained-tools (rep 2)   2647ms  rounds=2 tool_calls=1  schema_fail=0  exec_fail=1  denied=0  tokens_in=2477 tokens_out=91 [AssertionText]
[FAIL] error_recovery_wrong_config_extension ollama:qwen2.5:3b+ablate:constrained-tools (rep 3)   3064ms  rounds=2 tool_calls=1  schema_fail=0  exec_fail=1  denied=0  tokens_in=2479 tokens_out=113 [AssertionText]
[FAIL] error_recovery_wrong_config_extension ollama:qwen2.5:3b+ablate:constrained-tools (rep 4)   2896ms  rounds=2 tool_calls=1  schema_fail=0  exec_fail=1  denied=0  tokens_in=2479 tokens_out=104 [AssertionText]
[FAIL] error_recovery_wrong_config_extension ollama:qwen2.5:3b+ablate:constrained-tools (rep 5)   2889ms  rounds=2 tool_calls=1  schema_fail=0  exec_fail=1  denied=0  tokens_in=2476 tokens_out=102 [AssertionText]
[FAIL] error_recovery_edit_wrong_filename ollama:qwen2.5:3b+ablate:constrained-tools   3293ms  rounds=2 tool_calls=1  schema_fail=0  exec_fail=1  denied=0  tokens_in=2510 tokens_out=113 [AssertionFiles]
[FAIL] error_recovery_edit_wrong_filename ollama:qwen2.5:3b+ablate:constrained-tools (rep 2)   3363ms  rounds=2 tool_calls=1  schema_fail=0  exec_fail=1  denied=0  tokens_in=2513 tokens_out=116 [AssertionFiles]
[FAIL] error_recovery_edit_wrong_filename ollama:qwen2.5:3b+ablate:constrained-tools (rep 3)   3350ms  rounds=2 tool_calls=1  schema_fail=0  exec_fail=1  denied=0  tokens_in=2518 tokens_out=116 [AssertionFiles]
[FAIL] error_recovery_edit_wrong_filename ollama:qwen2.5:3b+ablate:constrained-tools (rep 4)   3461ms  rounds=2 tool_calls=1  schema_fail=0  exec_fail=1  denied=0  tokens_in=2511 tokens_out=121 [AssertionFiles]
[FAIL] error_recovery_edit_wrong_filename ollama:qwen2.5:3b+ablate:constrained-tools (rep 5)   3679ms  rounds=2 tool_calls=1  schema_fail=0  exec_fail=1  denied=0  tokens_in=2512 tokens_out=131 [AssertionFiles]
[FAIL] distractor_selection_log_with_error ollama:qwen2.5:3b+ablate:constrained-tools   2785ms  rounds=2 tool_calls=1  schema_fail=0  exec_fail=1  denied=0  tokens_in=2460 tokens_out=87 [AssertionText]
[FAIL] distractor_selection_log_with_error ollama:qwen2.5:3b+ablate:constrained-tools (rep 2)   2551ms  rounds=2 tool_calls=1  schema_fail=0  exec_fail=1  denied=0  tokens_in=2454 tokens_out=80 [AssertionText]
[FAIL] distractor_selection_log_with_error ollama:qwen2.5:3b+ablate:constrained-tools (rep 3)   2764ms  rounds=2 tool_calls=1  schema_fail=0  exec_fail=1  denied=0  tokens_in=2457 tokens_out=85 [AssertionText]
[FAIL] distractor_selection_log_with_error ollama:qwen2.5:3b+ablate:constrained-tools (rep 4)   2454ms  rounds=2 tool_calls=1  schema_fail=0  exec_fail=1  denied=0  tokens_in=2449 tokens_out=74 [AssertionText]
[FAIL] distractor_selection_log_with_error ollama:qwen2.5:3b+ablate:constrained-tools (rep 5)   2853ms  rounds=2 tool_calls=1  schema_fail=0  exec_fail=1  denied=0  tokens_in=2463 tokens_out=89 [AssertionText]
[FAIL] distractor_selection_debug_config ollama:qwen2.5:3b+ablate:constrained-tools   2615ms  rounds=2 tool_calls=1  schema_fail=0  exec_fail=1  denied=0  tokens_in=2451 tokens_out=91 [AssertionText]
[FAIL] distractor_selection_debug_config ollama:qwen2.5:3b+ablate:constrained-tools (rep 2)   2477ms  rounds=2 tool_calls=1  schema_fail=0  exec_fail=1  denied=0  tokens_in=2454 tokens_out=84 [AssertionText]
[FAIL] distractor_selection_debug_config ollama:qwen2.5:3b+ablate:constrained-tools (rep 3)   2543ms  rounds=2 tool_calls=1  schema_fail=0  exec_fail=1  denied=0  tokens_in=2454 tokens_out=86 [AssertionText]
[FAIL] distractor_selection_debug_config ollama:qwen2.5:3b+ablate:constrained-tools (rep 4)   2824ms  rounds=2 tool_calls=1  schema_fail=0  exec_fail=1  denied=0  tokens_in=2460 tokens_out=101 [AssertionText]
[FAIL] distractor_selection_debug_config ollama:qwen2.5:3b+ablate:constrained-tools (rep 5)   2399ms  rounds=2 tool_calls=1  schema_fail=0  exec_fail=1  denied=0  tokens_in=2457 tokens_out=79 [AssertionText]
[FAIL] read_file_basic          ollama:gemma3:1b+ablate:constrained-tools  10816ms  rounds=1 tool_calls=0  schema_fail=0  exec_fail=0  denied=0  tokens_in=1185 tokens_out=16 [AssertionToolCall]
[FAIL] read_file_basic          ollama:gemma3:1b+ablate:constrained-tools (rep 2)   1228ms  rounds=1 tool_calls=0  schema_fail=0  exec_fail=0  denied=0  tokens_in=1185 tokens_out=16 [AssertionToolCall]
[FAIL] read_file_basic          ollama:gemma3:1b+ablate:constrained-tools (rep 3)   1226ms  rounds=1 tool_calls=0  schema_fail=0  exec_fail=0  denied=0  tokens_in=1185 tokens_out=16 [AssertionToolCall]
[FAIL] read_file_basic          ollama:gemma3:1b+ablate:constrained-tools (rep 4)   1231ms  rounds=1 tool_calls=0  schema_fail=0  exec_fail=0  denied=0  tokens_in=1185 tokens_out=16 [AssertionToolCall]
[FAIL] read_file_basic          ollama:gemma3:1b+ablate:constrained-tools (rep 5)   1238ms  rounds=1 tool_calls=0  schema_fail=0  exec_fail=0  denied=0  tokens_in=1185 tokens_out=16 [AssertionToolCall]
[FAIL] grep_basic               ollama:gemma3:1b+ablate:constrained-tools   1280ms  rounds=1 tool_calls=0  schema_fail=0  exec_fail=0  denied=0  tokens_in=1185 tokens_out=19 [AssertionToolCall]
[FAIL] grep_basic               ollama:gemma3:1b+ablate:constrained-tools (rep 2)   1268ms  rounds=1 tool_calls=0  schema_fail=0  exec_fail=0  denied=0  tokens_in=1185 tokens_out=19 [AssertionToolCall]
[FAIL] grep_basic               ollama:gemma3:1b+ablate:constrained-tools (rep 3)   1244ms  rounds=1 tool_calls=0  schema_fail=0  exec_fail=0  denied=0  tokens_in=1185 tokens_out=19 [AssertionToolCall]
[FAIL] grep_basic               ollama:gemma3:1b+ablate:constrained-tools (rep 4)   1378ms  rounds=1 tool_calls=0  schema_fail=0  exec_fail=0  denied=0  tokens_in=1185 tokens_out=24 [AssertionToolCall]
[FAIL] grep_basic               ollama:gemma3:1b+ablate:constrained-tools (rep 5)   1281ms  rounds=1 tool_calls=0  schema_fail=0  exec_fail=0  denied=0  tokens_in=1185 tokens_out=19 [AssertionToolCall]
[FAIL] glob_basic               ollama:gemma3:1b+ablate:constrained-tools   1477ms  rounds=1 tool_calls=0  schema_fail=0  exec_fail=0  denied=0  tokens_in=1180 tokens_out=28 [AssertionToolCall]
[FAIL] glob_basic               ollama:gemma3:1b+ablate:constrained-tools (rep 2)   4811ms  rounds=2 tool_calls=1  schema_fail=0  exec_fail=1  denied=1  tokens_in=2402 tokens_out=140 [AssertionToolCall]
[FAIL] glob_basic               ollama:gemma3:1b+ablate:constrained-tools (rep 3)   1279ms  rounds=1 tool_calls=0  schema_fail=0  exec_fail=0  denied=0  tokens_in=1180 tokens_out=19 [AssertionToolCall]
[FAIL] glob_basic               ollama:gemma3:1b+ablate:constrained-tools (rep 4)   3683ms  rounds=2 tool_calls=1  schema_fail=0  exec_fail=1  denied=0  tokens_in=2376 tokens_out=93 [AssertionToolCall]
[FAIL] glob_basic               ollama:gemma3:1b+ablate:constrained-tools (rep 5)   1687ms  rounds=1 tool_calls=0  schema_fail=0  exec_fail=0  denied=0  tokens_in=1180 tokens_out=43 [AssertionToolCall]
[FAIL] write_file_basic         ollama:gemma3:1b+ablate:constrained-tools   1249ms  rounds=1 tool_calls=0  schema_fail=0  exec_fail=0  denied=0  tokens_in=1188 tokens_out=18 [AssertionToolCall]
[FAIL] write_file_basic         ollama:gemma3:1b+ablate:constrained-tools (rep 2)   1317ms  rounds=1 tool_calls=0  schema_fail=0  exec_fail=0  denied=0  tokens_in=1188 tokens_out=18 [AssertionToolCall]
[FAIL] write_file_basic         ollama:gemma3:1b+ablate:constrained-tools (rep 3)   1324ms  rounds=1 tool_calls=0  schema_fail=0  exec_fail=0  denied=0  tokens_in=1188 tokens_out=18 [AssertionToolCall]
[FAIL] write_file_basic         ollama:gemma3:1b+ablate:constrained-tools (rep 4)   1299ms  rounds=1 tool_calls=0  schema_fail=0  exec_fail=0  denied=0  tokens_in=1188 tokens_out=18 [AssertionToolCall]
[FAIL] write_file_basic         ollama:gemma3:1b+ablate:constrained-tools (rep 5)   1277ms  rounds=1 tool_calls=0  schema_fail=0  exec_fail=0  denied=0  tokens_in=1188 tokens_out=18 [AssertionToolCall]
[FAIL] edit_file_basic          ollama:gemma3:1b+ablate:constrained-tools   1445ms  rounds=1 tool_calls=0  schema_fail=0  exec_fail=0  denied=0  tokens_in=1192 tokens_out=28 [AssertionToolCall]
[FAIL] edit_file_basic          ollama:gemma3:1b+ablate:constrained-tools (rep 2)   1235ms  rounds=1 tool_calls=0  schema_fail=0  exec_fail=0  denied=0  tokens_in=1192 tokens_out=18 [AssertionToolCall]
[FAIL] edit_file_basic          ollama:gemma3:1b+ablate:constrained-tools (rep 3)   1427ms  rounds=1 tool_calls=0  schema_fail=0  exec_fail=0  denied=0  tokens_in=1192 tokens_out=28 [AssertionToolCall]
[FAIL] edit_file_basic          ollama:gemma3:1b+ablate:constrained-tools (rep 4)   1271ms  rounds=1 tool_calls=0  schema_fail=0  exec_fail=0  denied=0  tokens_in=1192 tokens_out=18 [AssertionToolCall]
[FAIL] edit_file_basic          ollama:gemma3:1b+ablate:constrained-tools (rep 5)   1520ms  rounds=1 tool_calls=0  schema_fail=0  exec_fail=0  denied=0  tokens_in=1192 tokens_out=27 [AssertionToolCall]
[FAIL] shell_exec_basic         ollama:gemma3:1b+ablate:constrained-tools   1912ms  rounds=1 tool_calls=0  schema_fail=0  exec_fail=0  denied=0  tokens_in=1187 tokens_out=15 [AssertionToolCall]
[FAIL] shell_exec_basic         ollama:gemma3:1b+ablate:constrained-tools (rep 2)   5583ms  rounds=1 tool_calls=0  schema_fail=0  exec_fail=0  denied=0  tokens_in=1187 tokens_out=138 [AssertionToolCall]
[FAIL] shell_exec_basic         ollama:gemma3:1b+ablate:constrained-tools (rep 3)   1856ms  rounds=1 tool_calls=0  schema_fail=0  exec_fail=0  denied=0  tokens_in=1187 tokens_out=15 [AssertionToolCall]
[FAIL] shell_exec_basic         ollama:gemma3:1b+ablate:constrained-tools (rep 4)   3070ms  rounds=1 tool_calls=0  schema_fail=0  exec_fail=0  denied=0  tokens_in=1187 tokens_out=111 [AssertionToolCall]
[FAIL] shell_exec_basic         ollama:gemma3:1b+ablate:constrained-tools (rep 5)   1181ms  rounds=1 tool_calls=0  schema_fail=0  exec_fail=0  denied=0  tokens_in=1187 tokens_out=15 [AssertionToolCall]
[PASS] no_tool_qa               ollama:gemma3:1b+ablate:constrained-tools   1367ms  rounds=1 tool_calls=0  schema_fail=0  exec_fail=0  denied=0  tokens_in=1189 tokens_out=22
[PASS] no_tool_qa               ollama:gemma3:1b+ablate:constrained-tools (rep 2)   1169ms  rounds=1 tool_calls=0  schema_fail=0  exec_fail=0  denied=0  tokens_in=1189 tokens_out=15
[PASS] no_tool_qa               ollama:gemma3:1b+ablate:constrained-tools (rep 3)   1335ms  rounds=1 tool_calls=0  schema_fail=0  exec_fail=0  denied=0  tokens_in=1189 tokens_out=22
[PASS] no_tool_qa               ollama:gemma3:1b+ablate:constrained-tools (rep 4)   1198ms  rounds=1 tool_calls=0  schema_fail=0  exec_fail=0  denied=0  tokens_in=1189 tokens_out=15
[PASS] no_tool_qa               ollama:gemma3:1b+ablate:constrained-tools (rep 5)   1389ms  rounds=1 tool_calls=0  schema_fail=0  exec_fail=0  denied=0  tokens_in=1189 tokens_out=22
[FAIL] multi_step_read_count_write ollama:gemma3:1b+ablate:constrained-tools   1185ms  rounds=1 tool_calls=0  schema_fail=0  exec_fail=0  denied=0  tokens_in=1212 tokens_out=16 [AssertionFiles]
[FAIL] multi_step_read_count_write ollama:gemma3:1b+ablate:constrained-tools (rep 2)   1246ms  rounds=1 tool_calls=0  schema_fail=0  exec_fail=0  denied=0  tokens_in=1212 tokens_out=17 [AssertionFiles]
[FAIL] multi_step_read_count_write ollama:gemma3:1b+ablate:constrained-tools (rep 3)   1211ms  rounds=1 tool_calls=0  schema_fail=0  exec_fail=0  denied=0  tokens_in=1212 tokens_out=16 [AssertionFiles]
[FAIL] multi_step_read_count_write ollama:gemma3:1b+ablate:constrained-tools (rep 4)   1267ms  rounds=1 tool_calls=0  schema_fail=0  exec_fail=0  denied=0  tokens_in=1212 tokens_out=17 [AssertionFiles]
[FAIL] multi_step_read_count_write ollama:gemma3:1b+ablate:constrained-tools (rep 5)   1244ms  rounds=1 tool_calls=0  schema_fail=0  exec_fail=0  denied=0  tokens_in=1212 tokens_out=16 [AssertionFiles]
[FAIL] error_recovery_wrong_filename ollama:gemma3:1b+ablate:constrained-tools   1491ms  rounds=1 tool_calls=0  schema_fail=0  exec_fail=0  denied=0  tokens_in=1201 tokens_out=33 [AssertionText]
[FAIL] error_recovery_wrong_filename ollama:gemma3:1b+ablate:constrained-tools (rep 2)   1201ms  rounds=1 tool_calls=0  schema_fail=0  exec_fail=0  denied=0  tokens_in=1201 tokens_out=17 [AssertionText]
[FAIL] error_recovery_wrong_filename ollama:gemma3:1b+ablate:constrained-tools (rep 3)   1626ms  rounds=1 tool_calls=0  schema_fail=0  exec_fail=0  denied=0  tokens_in=1201 tokens_out=39 [AssertionText]
[FAIL] error_recovery_wrong_filename ollama:gemma3:1b+ablate:constrained-tools (rep 4)   1213ms  rounds=1 tool_calls=0  schema_fail=0  exec_fail=0  denied=0  tokens_in=1201 tokens_out=17 [AssertionText]
[FAIL] error_recovery_wrong_filename ollama:gemma3:1b+ablate:constrained-tools (rep 5)   1170ms  rounds=1 tool_calls=0  schema_fail=0  exec_fail=0  denied=0  tokens_in=1201 tokens_out=17 [AssertionText]
[FAIL] distractor_selection_among_files ollama:gemma3:1b+ablate:constrained-tools   1289ms  rounds=1 tool_calls=0  schema_fail=0  exec_fail=0  denied=0  tokens_in=1202 tokens_out=19 [AssertionText]
[FAIL] distractor_selection_among_files ollama:gemma3:1b+ablate:constrained-tools (rep 2)   1261ms  rounds=1 tool_calls=0  schema_fail=0  exec_fail=0  denied=0  tokens_in=1202 tokens_out=19 [AssertionText]
[FAIL] distractor_selection_among_files ollama:gemma3:1b+ablate:constrained-tools (rep 3)   1231ms  rounds=1 tool_calls=0  schema_fail=0  exec_fail=0  denied=0  tokens_in=1202 tokens_out=19 [AssertionText]
[FAIL] distractor_selection_among_files ollama:gemma3:1b+ablate:constrained-tools (rep 4)   1232ms  rounds=1 tool_calls=0  schema_fail=0  exec_fail=0  denied=0  tokens_in=1202 tokens_out=19 [AssertionText]
[FAIL] distractor_selection_among_files ollama:gemma3:1b+ablate:constrained-tools (rep 5)   1266ms  rounds=1 tool_calls=0  schema_fail=0  exec_fail=0  denied=0  tokens_in=1202 tokens_out=17 [AssertionText]
[FAIL] edit_file_function_body  ollama:gemma3:1b+ablate:constrained-tools   1240ms  rounds=1 tool_calls=0  schema_fail=0  exec_fail=0  denied=0  tokens_in=1198 tokens_out=16 [AssertionToolCall]
[FAIL] edit_file_function_body  ollama:gemma3:1b+ablate:constrained-tools (rep 2)   1176ms  rounds=1 tool_calls=0  schema_fail=0  exec_fail=0  denied=0  tokens_in=1198 tokens_out=16 [AssertionToolCall]
[FAIL] edit_file_function_body  ollama:gemma3:1b+ablate:constrained-tools (rep 3)   1186ms  rounds=1 tool_calls=0  schema_fail=0  exec_fail=0  denied=0  tokens_in=1198 tokens_out=16 [AssertionToolCall]
[FAIL] edit_file_function_body  ollama:gemma3:1b+ablate:constrained-tools (rep 4)   1230ms  rounds=1 tool_calls=0  schema_fail=0  exec_fail=0  denied=0  tokens_in=1198 tokens_out=16 [AssertionToolCall]
[FAIL] edit_file_function_body  ollama:gemma3:1b+ablate:constrained-tools (rep 5)   1232ms  rounds=1 tool_calls=0  schema_fail=0  exec_fail=0  denied=0  tokens_in=1198 tokens_out=16 [AssertionToolCall]
[PASS] no_tool_capital_question ollama:gemma3:1b+ablate:constrained-tools   1558ms  rounds=1 tool_calls=0  schema_fail=0  exec_fail=0  denied=0  tokens_in=1194 tokens_out=25
[PASS] no_tool_capital_question ollama:gemma3:1b+ablate:constrained-tools (rep 2)   1430ms  rounds=1 tool_calls=0  schema_fail=0  exec_fail=0  denied=0  tokens_in=1194 tokens_out=23
[PASS] no_tool_capital_question ollama:gemma3:1b+ablate:constrained-tools (rep 3)   1441ms  rounds=1 tool_calls=0  schema_fail=0  exec_fail=0  denied=0  tokens_in=1194 tokens_out=23
[PASS] no_tool_capital_question ollama:gemma3:1b+ablate:constrained-tools (rep 4)   1470ms  rounds=1 tool_calls=0  schema_fail=0  exec_fail=0  denied=0  tokens_in=1194 tokens_out=24
[PASS] no_tool_capital_question ollama:gemma3:1b+ablate:constrained-tools (rep 5)   1461ms  rounds=1 tool_calls=0  schema_fail=0  exec_fail=0  denied=0  tokens_in=1194 tokens_out=23
[PASS] no_tool_subtraction      ollama:gemma3:1b+ablate:constrained-tools   1253ms  rounds=1 tool_calls=0  schema_fail=0  exec_fail=0  denied=0  tokens_in=1192 tokens_out=17
[PASS] no_tool_subtraction      ollama:gemma3:1b+ablate:constrained-tools (rep 2)   1231ms  rounds=1 tool_calls=0  schema_fail=0  exec_fail=0  denied=0  tokens_in=1192 tokens_out=17
[PASS] no_tool_subtraction      ollama:gemma3:1b+ablate:constrained-tools (rep 3)   1263ms  rounds=1 tool_calls=0  schema_fail=0  exec_fail=0  denied=0  tokens_in=1192 tokens_out=17
[PASS] no_tool_subtraction      ollama:gemma3:1b+ablate:constrained-tools (rep 4)   1290ms  rounds=1 tool_calls=0  schema_fail=0  exec_fail=0  denied=0  tokens_in=1192 tokens_out=17
[PASS] no_tool_subtraction      ollama:gemma3:1b+ablate:constrained-tools (rep 5)   1269ms  rounds=1 tool_calls=0  schema_fail=0  exec_fail=0  denied=0  tokens_in=1192 tokens_out=17
[FAIL] multi_step_sum_two_files ollama:gemma3:1b+ablate:constrained-tools   1199ms  rounds=1 tool_calls=0  schema_fail=0  exec_fail=0  denied=0  tokens_in=1219 tokens_out=16 [AssertionFiles]
[FAIL] multi_step_sum_two_files ollama:gemma3:1b+ablate:constrained-tools (rep 2)   1208ms  rounds=1 tool_calls=0  schema_fail=0  exec_fail=0  denied=0  tokens_in=1219 tokens_out=16 [AssertionFiles]
[FAIL] multi_step_sum_two_files ollama:gemma3:1b+ablate:constrained-tools (rep 3)   1211ms  rounds=1 tool_calls=0  schema_fail=0  exec_fail=0  denied=0  tokens_in=1219 tokens_out=16 [AssertionFiles]
[FAIL] multi_step_sum_two_files ollama:gemma3:1b+ablate:constrained-tools (rep 4)   1207ms  rounds=1 tool_calls=0  schema_fail=0  exec_fail=0  denied=0  tokens_in=1219 tokens_out=16 [AssertionFiles]
[FAIL] multi_step_sum_two_files ollama:gemma3:1b+ablate:constrained-tools (rep 5)   1218ms  rounds=1 tool_calls=0  schema_fail=0  exec_fail=0  denied=0  tokens_in=1219 tokens_out=16 [AssertionFiles]
[FAIL] multi_step_multiply_and_write ollama:gemma3:1b+ablate:constrained-tools   1195ms  rounds=1 tool_calls=0  schema_fail=0  exec_fail=0  denied=0  tokens_in=1220 tokens_out=15 [AssertionFiles]
[FAIL] multi_step_multiply_and_write ollama:gemma3:1b+ablate:constrained-tools (rep 2)   1209ms  rounds=1 tool_calls=0  schema_fail=0  exec_fail=0  denied=0  tokens_in=1220 tokens_out=15 [AssertionFiles]
[FAIL] multi_step_multiply_and_write ollama:gemma3:1b+ablate:constrained-tools (rep 3)   1174ms  rounds=1 tool_calls=0  schema_fail=0  exec_fail=0  denied=0  tokens_in=1220 tokens_out=15 [AssertionFiles]
[FAIL] multi_step_multiply_and_write ollama:gemma3:1b+ablate:constrained-tools (rep 4)   1205ms  rounds=1 tool_calls=0  schema_fail=0  exec_fail=0  denied=0  tokens_in=1220 tokens_out=15 [AssertionFiles]
[FAIL] multi_step_multiply_and_write ollama:gemma3:1b+ablate:constrained-tools (rep 5)   1192ms  rounds=1 tool_calls=0  schema_fail=0  exec_fail=0  denied=0  tokens_in=1220 tokens_out=15 [AssertionFiles]
[FAIL] error_recovery_wrong_config_extension ollama:gemma3:1b+ablate:constrained-tools   1308ms  rounds=1 tool_calls=0  schema_fail=0  exec_fail=0  denied=0  tokens_in=1205 tokens_out=16 [AssertionText]
[FAIL] error_recovery_wrong_config_extension ollama:gemma3:1b+ablate:constrained-tools (rep 2)   1342ms  rounds=1 tool_calls=0  schema_fail=0  exec_fail=0  denied=0  tokens_in=1205 tokens_out=26 [AssertionText]
[FAIL] error_recovery_wrong_config_extension ollama:gemma3:1b+ablate:constrained-tools (rep 3)   1372ms  rounds=1 tool_calls=0  schema_fail=0  exec_fail=0  denied=0  tokens_in=1205 tokens_out=17 [AssertionText]
[FAIL] error_recovery_wrong_config_extension ollama:gemma3:1b+ablate:constrained-tools (rep 4)   1346ms  rounds=1 tool_calls=0  schema_fail=0  exec_fail=0  denied=0  tokens_in=1205 tokens_out=26 [AssertionText]
[FAIL] error_recovery_wrong_config_extension ollama:gemma3:1b+ablate:constrained-tools (rep 5)   1380ms  rounds=1 tool_calls=0  schema_fail=0  exec_fail=0  denied=0  tokens_in=1205 tokens_out=17 [AssertionText]
[FAIL] error_recovery_edit_wrong_filename ollama:gemma3:1b+ablate:constrained-tools   1556ms  rounds=1 tool_calls=0  schema_fail=0  exec_fail=0  denied=0  tokens_in=1215 tokens_out=31 [AssertionFiles]
[FAIL] error_recovery_edit_wrong_filename ollama:gemma3:1b+ablate:constrained-tools (rep 2)   1597ms  rounds=1 tool_calls=0  schema_fail=0  exec_fail=0  denied=0  tokens_in=1215 tokens_out=31 [AssertionFiles]
[FAIL] error_recovery_edit_wrong_filename ollama:gemma3:1b+ablate:constrained-tools (rep 3)   1504ms  rounds=1 tool_calls=0  schema_fail=0  exec_fail=0  denied=0  tokens_in=1215 tokens_out=31 [AssertionFiles]
[FAIL] error_recovery_edit_wrong_filename ollama:gemma3:1b+ablate:constrained-tools (rep 4)   1599ms  rounds=1 tool_calls=0  schema_fail=0  exec_fail=0  denied=0  tokens_in=1215 tokens_out=36 [AssertionFiles]
[FAIL] error_recovery_edit_wrong_filename ollama:gemma3:1b+ablate:constrained-tools (rep 5)   1517ms  rounds=1 tool_calls=0  schema_fail=0  exec_fail=0  denied=0  tokens_in=1215 tokens_out=34 [AssertionFiles]
[FAIL] distractor_selection_log_with_error ollama:gemma3:1b+ablate:constrained-tools   1225ms  rounds=1 tool_calls=0  schema_fail=0  exec_fail=0  denied=0  tokens_in=1202 tokens_out=17 [AssertionText]
[FAIL] distractor_selection_log_with_error ollama:gemma3:1b+ablate:constrained-tools (rep 2)   1241ms  rounds=1 tool_calls=0  schema_fail=0  exec_fail=0  denied=0  tokens_in=1202 tokens_out=19 [AssertionText]
[FAIL] distractor_selection_log_with_error ollama:gemma3:1b+ablate:constrained-tools (rep 3)   1257ms  rounds=1 tool_calls=0  schema_fail=0  exec_fail=0  denied=0  tokens_in=1202 tokens_out=19 [AssertionText]
[FAIL] distractor_selection_log_with_error ollama:gemma3:1b+ablate:constrained-tools (rep 4)   1192ms  rounds=1 tool_calls=0  schema_fail=0  exec_fail=0  denied=0  tokens_in=1202 tokens_out=19 [AssertionText]
[FAIL] distractor_selection_log_with_error ollama:gemma3:1b+ablate:constrained-tools (rep 5)   1201ms  rounds=1 tool_calls=0  schema_fail=0  exec_fail=0  denied=0  tokens_in=1202 tokens_out=17 [AssertionText]
[FAIL] distractor_selection_debug_config ollama:gemma3:1b+ablate:constrained-tools   1482ms  rounds=1 tool_calls=0  schema_fail=0  exec_fail=0  denied=0  tokens_in=1194 tokens_out=32 [AssertionText]
[FAIL] distractor_selection_debug_config ollama:gemma3:1b+ablate:constrained-tools (rep 2)   1454ms  rounds=1 tool_calls=0  schema_fail=0  exec_fail=0  denied=0  tokens_in=1194 tokens_out=28 [AssertionText]
[FAIL] distractor_selection_debug_config ollama:gemma3:1b+ablate:constrained-tools (rep 3)   1550ms  rounds=1 tool_calls=0  schema_fail=0  exec_fail=0  denied=0  tokens_in=1194 tokens_out=30 [AssertionText]
[FAIL] distractor_selection_debug_config ollama:gemma3:1b+ablate:constrained-tools (rep 4)   1469ms  rounds=1 tool_calls=0  schema_fail=0  exec_fail=0  denied=0  tokens_in=1194 tokens_out=28 [AssertionText]
[FAIL] distractor_selection_debug_config ollama:gemma3:1b+ablate:constrained-tools (rep 5)   1509ms  rounds=1 tool_calls=0  schema_fail=0  exec_fail=0  denied=0  tokens_in=1194 tokens_out=29 [AssertionText]

== Comparación por backend ==
backend                  pass_rate[95%CI] avg_rounds       avg_ms  median_ms     avg_tok_in      avg_tok_out       schema_fail      exec_fail     denied  harness_err   rescues   escalat   compact   sumfall   cost_usd
ollama:llama3.2:1b+ablate:constrained-tools   16/95 [11,26]%      1.8         1954       2065           2107              101                 0             69         31            0         0         0         0         0    $0.0000
ollama:gemma4:e2b+ablate:constrained-tools   51/95 [44,63]%      2.3         8756       6867           3009              187                 9             53          0            0         0         0         0         5    $0.0000
ollama:qwen2.5:3b+ablate:constrained-tools   23/95 [17,34]%      1.9         2495       2543           2289               77                 0             55          0            0         0         0         0         0    $0.0000
ollama:gemma3:1b+ablate:constrained-tools   15/95 [10,24]%      1.0         1553       1271           1223               25                 0              2          1            0         0         0         0         0    $0.0000

== Comparación por skill ==
backend                  skill                pass_rate avg_rounds     avg_ms  median_ms avg_tok_out   rescues   escalat   compact   sumfall   cost_usd
ollama:llama3.2:1b+ablate:constrained-tools single_tool               1/35      1.9       2271       2068         121         0         0         0         0    $0.0000
ollama:llama3.2:1b+ablate:constrained-tools no_tool                  15/15      1.0        601        590          16         0         0         0         0    $0.0000
ollama:llama3.2:1b+ablate:constrained-tools multi_step                0/15      2.1       2138       1981         110         0         0         0         0    $0.0000
ollama:llama3.2:1b+ablate:constrained-tools error_recovery            0/15      2.0       2244       2205         123         0         0         0         0    $0.0000
ollama:llama3.2:1b+ablate:constrained-tools distractor_selection      0/15      2.0       2094       2104         108         0         0         0         0    $0.0000
ollama:gemma4:e2b+ablate:constrained-tools single_tool              18/35      2.4       7766       6949         165         0         0         0         0    $0.0000
ollama:gemma4:e2b+ablate:constrained-tools no_tool                  15/15      1.0       2824       2635          18         0         0         0         0    $0.0000
ollama:gemma4:e2b+ablate:constrained-tools multi_step                9/15      4.1      14414      10643         316         0         0         0         5    $0.0000
ollama:gemma4:e2b+ablate:constrained-tools error_recovery            0/15      1.9      12695       6779         365         0         0         0         0    $0.0000
ollama:gemma4:e2b+ablate:constrained-tools distractor_selection      9/15      2.0       7398       7567          98         0         0         0         0    $0.0000
ollama:qwen2.5:3b+ablate:constrained-tools single_tool               8/35      2.0       2996       3189          93         0         0         0         0    $0.0000
ollama:qwen2.5:3b+ablate:constrained-tools no_tool                  15/15      1.0        957        954          16         0         0         0         0    $0.0000
ollama:qwen2.5:3b+ablate:constrained-tools multi_step                0/15      2.0       1925       1850          52         0         0         0         0    $0.0000
ollama:qwen2.5:3b+ablate:constrained-tools error_recovery            0/15      2.0       3048       2956         106         0         0         0         0    $0.0000
ollama:qwen2.5:3b+ablate:constrained-tools distractor_selection      0/15      2.1       2877       2628          96         0         0         0         0    $0.0000
ollama:gemma3:1b+ablate:constrained-tools single_tool               0/35      1.1       1947       1280          31         0         0         0         0    $0.0000
ollama:gemma3:1b+ablate:constrained-tools no_tool                  15/15      1.0       1342       1335          20         0         0         0         0    $0.0000
ollama:gemma3:1b+ablate:constrained-tools multi_step                0/15      1.0       1211       1208          16         0         0         0         0    $0.0000
ollama:gemma3:1b+ablate:constrained-tools error_recovery            0/15      1.0       1415       1380          26         0         0         0         0    $0.0000
ollama:gemma3:1b+ablate:constrained-tools distractor_selection      0/15      1.0       1324       1261          22         0         0         0         0    $0.0000

Resultados JSON escritos en docs/sweep-constrained-decoding-iteration-2026-07-12.json
